dataset,model,split,seed,version,threshold,best_val_f1,best_val_precision,best_val_recall,epochs_completed,best_validation_loss,best_monitor_name,best_monitor_value,pos_weight,loss_name,test_examples,anomaly_ratio_train,anomaly_ratio_val,anomaly_ratio_test,accuracy,precision,recall,f1_score,experiment_context,context_dataset_name,context_dataset_config_valve_folders,context_dataset_config_target_column,context_dataset_config_drop_columns,context_dataset_config_group_column,context_dataset_config_split_train,context_dataset_config_split_validation,context_dataset_config_split_test,context_preprocessing_missing_data_enabled,context_preprocessing_missing_data_strategy,context_preprocessing_scaler,context_preprocessing_pca_enabled,context_preprocessing_pca_n_components,context_preprocessing_sequence_length,context_preprocessing_sequence_stride,context_preprocessing_dataset_overrides_SKAB_pca_enabled,context_preprocessing_dataset_overrides_SKAB_sequence_length,context_noise_enabled,context_noise_gaussian_mean,context_noise_gaussian_std,context_project_device,context_project_random_seeds,context_training_batch_size,context_training_epochs,context_training_early_stopping_enabled,context_training_early_stopping_patience,context_training_early_stopping_monitor,context_training_early_stopping_mode,context_training_class_imbalance_use_pos_weight,context_training_class_imbalance_pos_weight_strategy,context_training_class_imbalance_loss_name,context_training_class_imbalance_focal_gamma,context_training_class_imbalance_dataset_overrides_SKAB_use_pos_weight,context_training_class_imbalance_dataset_model_overrides,context_training_threshold_tuning_enabled,context_training_threshold_tuning_metric,context_training_threshold_tuning_beta,context_training_threshold_tuning_start,context_training_threshold_tuning_end,context_training_threshold_tuning_step,context_training_threshold_tuning_dataset_overrides_BATADAL_metric,context_training_threshold_tuning_dataset_overrides_SKAB_metric,context_training_threshold_tuning_dataset_overrides_SKAB_min_threshold,context_training_optimizer,context_automata_anomaly_threshold,context_automata_paa_window_size,context_automata_sax_alphabet_size,context_automata_sliding_window_size,context_automata_sliding_window_stride,context_automata_unseen_pattern_enabled,context_automata_unseen_pattern_method,context_automata_probability_smoothing,context_automata_probability_epsilon,context_automata_decision_score_field,context_automata_decision_fallback_quantile,context_run_family,context_run_seed,context_run_split,context_model_name,context_model_config_architecture,context_model_config_enabled,context_model_config_input_size,context_model_config_hidden_size,context_model_config_num_layers,context_model_config_dropout,context_model_config_output_size,context_model_config_learning_rate,context_model_config_input_channels,context_model_config_num_filters,context_model_config_kernel_size,context_dataset_config_train_file,context_dataset_config_normal_label_value,context_dataset_config_anomaly_label_value
SKAB,LSTM,fold_0,42,baseline_0.5_threshold,0.5,0.6804046459348071,0.908908908908909,0.5437125748502994,6,0.5219140254263496,val_loss,0.5219140254263496,1.0,bce,4459,0.38106579339089014,0.37243532560214093,0.37138371832249384,0.9217313298945952,0.9808682855040471,0.8049516908212561,0.8842454394693201,"{""automata"": {""anomaly_threshold"": 0.1, ""decision"": {""fallback_quantile"": 0.05, ""score_field"": ""average_log_probability""}, ""paa"": {""window_size"": 4}, ""probability"": {""epsilon"": 0.0001, ""smoothing"": true}, ""sax"": {""alphabet_size"": 3}, ""sliding_window"": {""size"": 4, ""stride"": 1}, ""unseen_pattern"": {""enabled"": true, ""method"": ""levenshtein""}}, ""dataset"": {""config"": {""drop_columns"": [""datetime"", ""changepoint"", ""source_group"", ""source_file""], ""group_column"": ""source_file"", ""split"": {""test"": 0.2, ""train"": 0.6, ""validation"": 0.2}, ""target_column"": ""anomaly"", ""valve_folders"": [""valve1"", ""valve2""]}, ""name"": ""SKAB""}, ""model"": {""config"": {""architecture"": ""lstm"", ""dropout"": 0.2, ""enabled"": true, ""hidden_size"": 64, ""input_size"": 1, ""learning_rate"": 0.001, ""num_layers"": 2, ""output_size"": 1}, ""name"": ""LSTM""}, ""noise"": {""enabled"": true, ""gaussian_mean"": 0.0, ""gaussian_std"": 0.05}, ""preprocessing"": {""dataset_overrides"": {""SKAB"": {""pca"": {""enabled"": false}, ""sequence_length"": 32}}, ""missing_data"": {""enabled"": true, ""strategy"": ""mean""}, ""pca"": {""enabled"": true, ""n_components"": 1}, ""scaler"": ""standard"", ""sequence_length"": 16, ""sequence_stride"": 1}, ""project"": {""device"": ""cuda"", ""random_seeds"": [42]}, ""run"": {""family"": ""DEEP"", ""seed"": 42, ""split"": ""fold_0""}, ""training"": {""batch_size"": 32, ""class_imbalance"": {""dataset_model_overrides"": [{""dataset"": ""BATADAL"", ""focal_gamma"": 2.0, ""loss_name"": ""focal"", ""model"": ""GRU""}], ""dataset_overrides"": {""SKAB"": {""use_pos_weight"": false}}, ""focal_gamma"": 2.0, ""loss_name"": ""bce"", ""pos_weight_strategy"": ""neg_pos_ratio"", ""use_pos_weight"": true}, ""early_stopping"": {""enabled"": true, ""mode"": ""min"", ""monitor"": ""val_loss"", ""patience"": 5}, ""epochs"": 50, ""optimizer"": ""adam"", ""threshold_tuning"": {""beta"": 2.0, ""dataset_overrides"": {""BATADAL"": {""metric"": ""f2""}, ""SKAB"": {""metric"": ""f1"", ""min_threshold"": 0.1}}, ""enabled"": true, ""end"": 0.99, ""metric"": ""f1"", ""start"": 0.01, ""step"": 0.01}}}",SKAB,"[""valve1"", ""valve2""]",anomaly,"[""datetime"", ""changepoint"", ""source_group"", ""source_file""]",source_file,0.6,0.2,0.2,True,mean,standard,True,1,16,1,False,32,True,0.0,0.05,cuda,[42],32,50,True,5,val_loss,min,True,neg_pos_ratio,bce,2.0,False,"[{""dataset"": ""BATADAL"", ""focal_gamma"": 2.0, ""loss_name"": ""focal"", ""model"": ""GRU""}]",True,f1,2.0,0.01,0.99,0.01,f2,f1,0.1,adam,0.1,4,3,4,1,True,levenshtein,True,0.0001,average_log_probability,0.05,DEEP,42,fold_0,LSTM,lstm,True,1.0,64.0,2.0,0.2,1,0.001,,,,,,
SKAB,LSTM,fold_0,42,tuned_threshold_weighted_loss,0.22,0.6804046459348071,0.908908908908909,0.5437125748502994,6,0.5219140254263496,val_loss,0.5219140254263496,1.0,bce,4459,0.38106579339089014,0.37243532560214093,0.37138371832249384,0.8851760484413546,0.8522167487684729,0.8357487922705314,0.8439024390243902,"{""automata"": {""anomaly_threshold"": 0.1, ""decision"": {""fallback_quantile"": 0.05, ""score_field"": ""average_log_probability""}, ""paa"": {""window_size"": 4}, ""probability"": {""epsilon"": 0.0001, ""smoothing"": true}, ""sax"": {""alphabet_size"": 3}, ""sliding_window"": {""size"": 4, ""stride"": 1}, ""unseen_pattern"": {""enabled"": true, ""method"": ""levenshtein""}}, ""dataset"": {""config"": {""drop_columns"": [""datetime"", ""changepoint"", ""source_group"", ""source_file""], ""group_column"": ""source_file"", ""split"": {""test"": 0.2, ""train"": 0.6, ""validation"": 0.2}, ""target_column"": ""anomaly"", ""valve_folders"": [""valve1"", ""valve2""]}, ""name"": ""SKAB""}, ""model"": {""config"": {""architecture"": ""lstm"", ""dropout"": 0.2, ""enabled"": true, ""hidden_size"": 64, ""input_size"": 1, ""learning_rate"": 0.001, ""num_layers"": 2, ""output_size"": 1}, ""name"": ""LSTM""}, ""noise"": {""enabled"": true, ""gaussian_mean"": 0.0, ""gaussian_std"": 0.05}, ""preprocessing"": {""dataset_overrides"": {""SKAB"": {""pca"": {""enabled"": false}, ""sequence_length"": 32}}, ""missing_data"": {""enabled"": true, ""strategy"": ""mean""}, ""pca"": {""enabled"": true, ""n_components"": 1}, ""scaler"": ""standard"", ""sequence_length"": 16, ""sequence_stride"": 1}, ""project"": {""device"": ""cuda"", ""random_seeds"": [42]}, ""run"": {""family"": ""DEEP"", ""seed"": 42, ""split"": ""fold_0""}, ""training"": {""batch_size"": 32, ""class_imbalance"": {""dataset_model_overrides"": [{""dataset"": ""BATADAL"", ""focal_gamma"": 2.0, ""loss_name"": ""focal"", ""model"": ""GRU""}], ""dataset_overrides"": {""SKAB"": {""use_pos_weight"": false}}, ""focal_gamma"": 2.0, ""loss_name"": ""bce"", ""pos_weight_strategy"": ""neg_pos_ratio"", ""use_pos_weight"": true}, ""early_stopping"": {""enabled"": true, ""mode"": ""min"", ""monitor"": ""val_loss"", ""patience"": 5}, ""epochs"": 50, ""optimizer"": ""adam"", ""threshold_tuning"": {""beta"": 2.0, ""dataset_overrides"": {""BATADAL"": {""metric"": ""f2""}, ""SKAB"": {""metric"": ""f1"", ""min_threshold"": 0.1}}, ""enabled"": true, ""end"": 0.99, ""metric"": ""f1"", ""start"": 0.01, ""step"": 0.01}}}",SKAB,"[""valve1"", ""valve2""]",anomaly,"[""datetime"", ""changepoint"", ""source_group"", ""source_file""]",source_file,0.6,0.2,0.2,True,mean,standard,True,1,16,1,False,32,True,0.0,0.05,cuda,[42],32,50,True,5,val_loss,min,True,neg_pos_ratio,bce,2.0,False,"[{""dataset"": ""BATADAL"", ""focal_gamma"": 2.0, ""loss_name"": ""focal"", ""model"": ""GRU""}]",True,f1,2.0,0.01,0.99,0.01,f2,f1,0.1,adam,0.1,4,3,4,1,True,levenshtein,True,0.0001,average_log_probability,0.05,DEEP,42,fold_0,LSTM,lstm,True,1.0,64.0,2.0,0.2,1,0.001,,,,,,
SKAB,GRU,fold_0,42,baseline_0.5_threshold,0.5,0.803105151729005,0.9776632302405498,0.681437125748503,11,0.4867794028752094,val_loss,0.4867794028752094,1.0,bce,4459,0.38106579339089014,0.37243532560214093,0.37138371832249384,0.8833819241982507,0.8313885647607935,0.8605072463768116,0.8456973293768546,"{""automata"": {""anomaly_threshold"": 0.1, ""decision"": {""fallback_quantile"": 0.05, ""score_field"": ""average_log_probability""}, ""paa"": {""window_size"": 4}, ""probability"": {""epsilon"": 0.0001, ""smoothing"": true}, ""sax"": {""alphabet_size"": 3}, ""sliding_window"": {""size"": 4, ""stride"": 1}, ""unseen_pattern"": {""enabled"": true, ""method"": ""levenshtein""}}, ""dataset"": {""config"": {""drop_columns"": [""datetime"", ""changepoint"", ""source_group"", ""source_file""], ""group_column"": ""source_file"", ""split"": {""test"": 0.2, ""train"": 0.6, ""validation"": 0.2}, ""target_column"": ""anomaly"", ""valve_folders"": [""valve1"", ""valve2""]}, ""name"": ""SKAB""}, ""model"": {""config"": {""architecture"": ""gru"", ""dropout"": 0.2, ""enabled"": true, ""hidden_size"": 64, ""input_size"": 1, ""learning_rate"": 0.001, ""num_layers"": 2, ""output_size"": 1}, ""name"": ""GRU""}, ""noise"": {""enabled"": true, ""gaussian_mean"": 0.0, ""gaussian_std"": 0.05}, ""preprocessing"": {""dataset_overrides"": {""SKAB"": {""pca"": {""enabled"": false}, ""sequence_length"": 32}}, ""missing_data"": {""enabled"": true, ""strategy"": ""mean""}, ""pca"": {""enabled"": true, ""n_components"": 1}, ""scaler"": ""standard"", ""sequence_length"": 16, ""sequence_stride"": 1}, ""project"": {""device"": ""cuda"", ""random_seeds"": [42]}, ""run"": {""family"": ""DEEP"", ""seed"": 42, ""split"": ""fold_0""}, ""training"": {""batch_size"": 32, ""class_imbalance"": {""dataset_model_overrides"": [{""dataset"": ""BATADAL"", ""focal_gamma"": 2.0, ""loss_name"": ""focal"", ""model"": ""GRU""}], ""dataset_overrides"": {""SKAB"": {""use_pos_weight"": false}}, ""focal_gamma"": 2.0, ""loss_name"": ""bce"", ""pos_weight_strategy"": ""neg_pos_ratio"", ""use_pos_weight"": true}, ""early_stopping"": {""enabled"": true, ""mode"": ""min"", ""monitor"": ""val_loss"", ""patience"": 5}, ""epochs"": 50, ""optimizer"": ""adam"", ""threshold_tuning"": {""beta"": 2.0, ""dataset_overrides"": {""BATADAL"": {""metric"": ""f2""}, ""SKAB"": {""metric"": ""f1"", ""min_threshold"": 0.1}}, ""enabled"": true, ""end"": 0.99, ""metric"": ""f1"", ""start"": 0.01, ""step"": 0.01}}}",SKAB,"[""valve1"", ""valve2""]",anomaly,"[""datetime"", ""changepoint"", ""source_group"", ""source_file""]",source_file,0.6,0.2,0.2,True,mean,standard,True,1,16,1,False,32,True,0.0,0.05,cuda,[42],32,50,True,5,val_loss,min,True,neg_pos_ratio,bce,2.0,False,"[{""dataset"": ""BATADAL"", ""focal_gamma"": 2.0, ""loss_name"": ""focal"", ""model"": ""GRU""}]",True,f1,2.0,0.01,0.99,0.01,f2,f1,0.1,adam,0.1,4,3,4,1,True,levenshtein,True,0.0001,average_log_probability,0.05,DEEP,42,fold_0,GRU,gru,True,1.0,64.0,2.0,0.2,1,0.001,,,,,,
SKAB,GRU,fold_0,42,tuned_threshold_weighted_loss,0.42,0.803105151729005,0.9776632302405498,0.681437125748503,11,0.4867794028752094,val_loss,0.4867794028752094,1.0,bce,4459,0.38106579339089014,0.37243532560214093,0.37138371832249384,0.8793451446512671,0.8216340621403913,0.8623188405797102,0.8414849734826164,"{""automata"": {""anomaly_threshold"": 0.1, ""decision"": {""fallback_quantile"": 0.05, ""score_field"": ""average_log_probability""}, ""paa"": {""window_size"": 4}, ""probability"": {""epsilon"": 0.0001, ""smoothing"": true}, ""sax"": {""alphabet_size"": 3}, ""sliding_window"": {""size"": 4, ""stride"": 1}, ""unseen_pattern"": {""enabled"": true, ""method"": ""levenshtein""}}, ""dataset"": {""config"": {""drop_columns"": [""datetime"", ""changepoint"", ""source_group"", ""source_file""], ""group_column"": ""source_file"", ""split"": {""test"": 0.2, ""train"": 0.6, ""validation"": 0.2}, ""target_column"": ""anomaly"", ""valve_folders"": [""valve1"", ""valve2""]}, ""name"": ""SKAB""}, ""model"": {""config"": {""architecture"": ""gru"", ""dropout"": 0.2, ""enabled"": true, ""hidden_size"": 64, ""input_size"": 1, ""learning_rate"": 0.001, ""num_layers"": 2, ""output_size"": 1}, ""name"": ""GRU""}, ""noise"": {""enabled"": true, ""gaussian_mean"": 0.0, ""gaussian_std"": 0.05}, ""preprocessing"": {""dataset_overrides"": {""SKAB"": {""pca"": {""enabled"": false}, ""sequence_length"": 32}}, ""missing_data"": {""enabled"": true, ""strategy"": ""mean""}, ""pca"": {""enabled"": true, ""n_components"": 1}, ""scaler"": ""standard"", ""sequence_length"": 16, ""sequence_stride"": 1}, ""project"": {""device"": ""cuda"", ""random_seeds"": [42]}, ""run"": {""family"": ""DEEP"", ""seed"": 42, ""split"": ""fold_0""}, ""training"": {""batch_size"": 32, ""class_imbalance"": {""dataset_model_overrides"": [{""dataset"": ""BATADAL"", ""focal_gamma"": 2.0, ""loss_name"": ""focal"", ""model"": ""GRU""}], ""dataset_overrides"": {""SKAB"": {""use_pos_weight"": false}}, ""focal_gamma"": 2.0, ""loss_name"": ""bce"", ""pos_weight_strategy"": ""neg_pos_ratio"", ""use_pos_weight"": true}, ""early_stopping"": {""enabled"": true, ""mode"": ""min"", ""monitor"": ""val_loss"", ""patience"": 5}, ""epochs"": 50, ""optimizer"": ""adam"", ""threshold_tuning"": {""beta"": 2.0, ""dataset_overrides"": {""BATADAL"": {""metric"": ""f2""}, ""SKAB"": {""metric"": ""f1"", ""min_threshold"": 0.1}}, ""enabled"": true, ""end"": 0.99, ""metric"": ""f1"", ""start"": 0.01, ""step"": 0.01}}}",SKAB,"[""valve1"", ""valve2""]",anomaly,"[""datetime"", ""changepoint"", ""source_group"", ""source_file""]",source_file,0.6,0.2,0.2,True,mean,standard,True,1,16,1,False,32,True,0.0,0.05,cuda,[42],32,50,True,5,val_loss,min,True,neg_pos_ratio,bce,2.0,False,"[{""dataset"": ""BATADAL"", ""focal_gamma"": 2.0, ""loss_name"": ""focal"", ""model"": ""GRU""}]",True,f1,2.0,0.01,0.99,0.01,f2,f1,0.1,adam,0.1,4,3,4,1,True,levenshtein,True,0.0001,average_log_probability,0.05,DEEP,42,fold_0,GRU,gru,True,1.0,64.0,2.0,0.2,1,0.001,,,,,,
SKAB,CNN,fold_0,42,baseline_0.5_threshold,0.5,0.786493860845839,0.9136291600633915,0.6904191616766467,6,0.4547647707159666,val_loss,0.4547647707159666,1.0,bce,4459,0.38106579339089014,0.37243532560214093,0.37138371832249384,0.902220228750841,0.9332386363636364,0.7934782608695652,0.8577023498694517,"{""automata"": {""anomaly_threshold"": 0.1, ""decision"": {""fallback_quantile"": 0.05, ""score_field"": ""average_log_probability""}, ""paa"": {""window_size"": 4}, ""probability"": {""epsilon"": 0.0001, ""smoothing"": true}, ""sax"": {""alphabet_size"": 3}, ""sliding_window"": {""size"": 4, ""stride"": 1}, ""unseen_pattern"": {""enabled"": true, ""method"": ""levenshtein""}}, ""dataset"": {""config"": {""drop_columns"": [""datetime"", ""changepoint"", ""source_group"", ""source_file""], ""group_column"": ""source_file"", ""split"": {""test"": 0.2, ""train"": 0.6, ""validation"": 0.2}, ""target_column"": ""anomaly"", ""valve_folders"": [""valve1"", ""valve2""]}, ""name"": ""SKAB""}, ""model"": {""config"": {""architecture"": ""cnn"", ""dropout"": 0.2, ""enabled"": true, ""input_channels"": 1, ""kernel_size"": 3, ""learning_rate"": 0.001, ""num_filters"": 64, ""output_size"": 1}, ""name"": ""CNN""}, ""noise"": {""enabled"": true, ""gaussian_mean"": 0.0, ""gaussian_std"": 0.05}, ""preprocessing"": {""dataset_overrides"": {""SKAB"": {""pca"": {""enabled"": false}, ""sequence_length"": 32}}, ""missing_data"": {""enabled"": true, ""strategy"": ""mean""}, ""pca"": {""enabled"": true, ""n_components"": 1}, ""scaler"": ""standard"", ""sequence_length"": 16, ""sequence_stride"": 1}, ""project"": {""device"": ""cuda"", ""random_seeds"": [42]}, ""run"": {""family"": ""DEEP"", ""seed"": 42, ""split"": ""fold_0""}, ""training"": {""batch_size"": 32, ""class_imbalance"": {""dataset_model_overrides"": [{""dataset"": ""BATADAL"", ""focal_gamma"": 2.0, ""loss_name"": ""focal"", ""model"": ""GRU""}], ""dataset_overrides"": {""SKAB"": {""use_pos_weight"": false}}, ""focal_gamma"": 2.0, ""loss_name"": ""bce"", ""pos_weight_strategy"": ""neg_pos_ratio"", ""use_pos_weight"": true}, ""early_stopping"": {""enabled"": true, ""mode"": ""min"", ""monitor"": ""val_loss"", ""patience"": 5}, ""epochs"": 50, ""optimizer"": ""adam"", ""threshold_tuning"": {""beta"": 2.0, ""dataset_overrides"": {""BATADAL"": {""metric"": ""f2""}, ""SKAB"": {""metric"": ""f1"", ""min_threshold"": 0.1}}, ""enabled"": true, ""end"": 0.99, ""metric"": ""f1"", ""start"": 0.01, ""step"": 0.01}}}",SKAB,"[""valve1"", ""valve2""]",anomaly,"[""datetime"", ""changepoint"", ""source_group"", ""source_file""]",source_file,0.6,0.2,0.2,True,mean,standard,True,1,16,1,False,32,True,0.0,0.05,cuda,[42],32,50,True,5,val_loss,min,True,neg_pos_ratio,bce,2.0,False,"[{""dataset"": ""BATADAL"", ""focal_gamma"": 2.0, ""loss_name"": ""focal"", ""model"": ""GRU""}]",True,f1,2.0,0.01,0.99,0.01,f2,f1,0.1,adam,0.1,4,3,4,1,True,levenshtein,True,0.0001,average_log_probability,0.05,DEEP,42,fold_0,CNN,cnn,True,,,,0.2,1,0.001,1.0,64.0,3.0,,,
SKAB,CNN,fold_0,42,tuned_threshold_weighted_loss,0.27,0.786493860845839,0.9136291600633915,0.6904191616766467,6,0.4547647707159666,val_loss,0.4547647707159666,1.0,bce,4459,0.38106579339089014,0.37243532560214093,0.37138371832249384,0.8957165283695896,0.8646662584200857,0.8526570048309179,0.8586196412283369,"{""automata"": {""anomaly_threshold"": 0.1, ""decision"": {""fallback_quantile"": 0.05, ""score_field"": ""average_log_probability""}, ""paa"": {""window_size"": 4}, ""probability"": {""epsilon"": 0.0001, ""smoothing"": true}, ""sax"": {""alphabet_size"": 3}, ""sliding_window"": {""size"": 4, ""stride"": 1}, ""unseen_pattern"": {""enabled"": true, ""method"": ""levenshtein""}}, ""dataset"": {""config"": {""drop_columns"": [""datetime"", ""changepoint"", ""source_group"", ""source_file""], ""group_column"": ""source_file"", ""split"": {""test"": 0.2, ""train"": 0.6, ""validation"": 0.2}, ""target_column"": ""anomaly"", ""valve_folders"": [""valve1"", ""valve2""]}, ""name"": ""SKAB""}, ""model"": {""config"": {""architecture"": ""cnn"", ""dropout"": 0.2, ""enabled"": true, ""input_channels"": 1, ""kernel_size"": 3, ""learning_rate"": 0.001, ""num_filters"": 64, ""output_size"": 1}, ""name"": ""CNN""}, ""noise"": {""enabled"": true, ""gaussian_mean"": 0.0, ""gaussian_std"": 0.05}, ""preprocessing"": {""dataset_overrides"": {""SKAB"": {""pca"": {""enabled"": false}, ""sequence_length"": 32}}, ""missing_data"": {""enabled"": true, ""strategy"": ""mean""}, ""pca"": {""enabled"": true, ""n_components"": 1}, ""scaler"": ""standard"", ""sequence_length"": 16, ""sequence_stride"": 1}, ""project"": {""device"": ""cuda"", ""random_seeds"": [42]}, ""run"": {""family"": ""DEEP"", ""seed"": 42, ""split"": ""fold_0""}, ""training"": {""batch_size"": 32, ""class_imbalance"": {""dataset_model_overrides"": [{""dataset"": ""BATADAL"", ""focal_gamma"": 2.0, ""loss_name"": ""focal"", ""model"": ""GRU""}], ""dataset_overrides"": {""SKAB"": {""use_pos_weight"": false}}, ""focal_gamma"": 2.0, ""loss_name"": ""bce"", ""pos_weight_strategy"": ""neg_pos_ratio"", ""use_pos_weight"": true}, ""early_stopping"": {""enabled"": true, ""mode"": ""min"", ""monitor"": ""val_loss"", ""patience"": 5}, ""epochs"": 50, ""optimizer"": ""adam"", ""threshold_tuning"": {""beta"": 2.0, ""dataset_overrides"": {""BATADAL"": {""metric"": ""f2""}, ""SKAB"": {""metric"": ""f1"", ""min_threshold"": 0.1}}, ""enabled"": true, ""end"": 0.99, ""metric"": ""f1"", ""start"": 0.01, ""step"": 0.01}}}",SKAB,"[""valve1"", ""valve2""]",anomaly,"[""datetime"", ""changepoint"", ""source_group"", ""source_file""]",source_file,0.6,0.2,0.2,True,mean,standard,True,1,16,1,False,32,True,0.0,0.05,cuda,[42],32,50,True,5,val_loss,min,True,neg_pos_ratio,bce,2.0,False,"[{""dataset"": ""BATADAL"", ""focal_gamma"": 2.0, ""loss_name"": ""focal"", ""model"": ""GRU""}]",True,f1,2.0,0.01,0.99,0.01,f2,f1,0.1,adam,0.1,4,3,4,1,True,levenshtein,True,0.0001,average_log_probability,0.05,DEEP,42,fold_0,CNN,cnn,True,,,,0.2,1,0.001,1.0,64.0,3.0,,,
SKAB,LSTM,fold_1,42,baseline_0.5_threshold,0.5,0.8909574468085106,0.995049504950495,0.8065810593900482,11,0.25103507177135126,val_loss,0.25103507177135126,1.0,bce,4475,0.38054314197318667,0.37094373325394464,0.37206703910614525,0.8846927374301676,0.8832555036691128,0.7951951951951952,0.8369152970922883,"{""automata"": {""anomaly_threshold"": 0.1, ""decision"": {""fallback_quantile"": 0.05, ""score_field"": ""average_log_probability""}, ""paa"": {""window_size"": 4}, ""probability"": {""epsilon"": 0.0001, ""smoothing"": true}, ""sax"": {""alphabet_size"": 3}, ""sliding_window"": {""size"": 4, ""stride"": 1}, ""unseen_pattern"": {""enabled"": true, ""method"": ""levenshtein""}}, ""dataset"": {""config"": {""drop_columns"": [""datetime"", ""changepoint"", ""source_group"", ""source_file""], ""group_column"": ""source_file"", ""split"": {""test"": 0.2, ""train"": 0.6, ""validation"": 0.2}, ""target_column"": ""anomaly"", ""valve_folders"": [""valve1"", ""valve2""]}, ""name"": ""SKAB""}, ""model"": {""config"": {""architecture"": ""lstm"", ""dropout"": 0.2, ""enabled"": true, ""hidden_size"": 64, ""input_size"": 1, ""learning_rate"": 0.001, ""num_layers"": 2, ""output_size"": 1}, ""name"": ""LSTM""}, ""noise"": {""enabled"": true, ""gaussian_mean"": 0.0, ""gaussian_std"": 0.05}, ""preprocessing"": {""dataset_overrides"": {""SKAB"": {""pca"": {""enabled"": false}, ""sequence_length"": 32}}, ""missing_data"": {""enabled"": true, ""strategy"": ""mean""}, ""pca"": {""enabled"": true, ""n_components"": 1}, ""scaler"": ""standard"", ""sequence_length"": 16, ""sequence_stride"": 1}, ""project"": {""device"": ""cuda"", ""random_seeds"": [42]}, ""run"": {""family"": ""DEEP"", ""seed"": 42, ""split"": ""fold_1""}, ""training"": {""batch_size"": 32, ""class_imbalance"": {""dataset_model_overrides"": [{""dataset"": ""BATADAL"", ""focal_gamma"": 2.0, ""loss_name"": ""focal"", ""model"": ""GRU""}], ""dataset_overrides"": {""SKAB"": {""use_pos_weight"": false}}, ""focal_gamma"": 2.0, ""loss_name"": ""bce"", ""pos_weight_strategy"": ""neg_pos_ratio"", ""use_pos_weight"": true}, ""early_stopping"": {""enabled"": true, ""mode"": ""min"", ""monitor"": ""val_loss"", ""patience"": 5}, ""epochs"": 50, ""optimizer"": ""adam"", ""threshold_tuning"": {""beta"": 2.0, ""dataset_overrides"": {""BATADAL"": {""metric"": ""f2""}, ""SKAB"": {""metric"": ""f1"", ""min_threshold"": 0.1}}, ""enabled"": true, ""end"": 0.99, ""metric"": ""f1"", ""start"": 0.01, ""step"": 0.01}}}",SKAB,"[""valve1"", ""valve2""]",anomaly,"[""datetime"", ""changepoint"", ""source_group"", ""source_file""]",source_file,0.6,0.2,0.2,True,mean,standard,True,1,16,1,False,32,True,0.0,0.05,cuda,[42],32,50,True,5,val_loss,min,True,neg_pos_ratio,bce,2.0,False,"[{""dataset"": ""BATADAL"", ""focal_gamma"": 2.0, ""loss_name"": ""focal"", ""model"": ""GRU""}]",True,f1,2.0,0.01,0.99,0.01,f2,f1,0.1,adam,0.1,4,3,4,1,True,levenshtein,True,0.0001,average_log_probability,0.05,DEEP,42,fold_1,LSTM,lstm,True,1.0,64.0,2.0,0.2,1,0.001,,,,,,
SKAB,LSTM,fold_1,42,tuned_threshold_weighted_loss,0.27,0.8909574468085106,0.995049504950495,0.8065810593900482,11,0.25103507177135126,val_loss,0.25103507177135126,1.0,bce,4475,0.38054314197318667,0.37094373325394464,0.37206703910614525,0.8741899441340782,0.8536585365853658,0.7987987987987988,0.8253180266832144,"{""automata"": {""anomaly_threshold"": 0.1, ""decision"": {""fallback_quantile"": 0.05, ""score_field"": ""average_log_probability""}, ""paa"": {""window_size"": 4}, ""probability"": {""epsilon"": 0.0001, ""smoothing"": true}, ""sax"": {""alphabet_size"": 3}, ""sliding_window"": {""size"": 4, ""stride"": 1}, ""unseen_pattern"": {""enabled"": true, ""method"": ""levenshtein""}}, ""dataset"": {""config"": {""drop_columns"": [""datetime"", ""changepoint"", ""source_group"", ""source_file""], ""group_column"": ""source_file"", ""split"": {""test"": 0.2, ""train"": 0.6, ""validation"": 0.2}, ""target_column"": ""anomaly"", ""valve_folders"": [""valve1"", ""valve2""]}, ""name"": ""SKAB""}, ""model"": {""config"": {""architecture"": ""lstm"", ""dropout"": 0.2, ""enabled"": true, ""hidden_size"": 64, ""input_size"": 1, ""learning_rate"": 0.001, ""num_layers"": 2, ""output_size"": 1}, ""name"": ""LSTM""}, ""noise"": {""enabled"": true, ""gaussian_mean"": 0.0, ""gaussian_std"": 0.05}, ""preprocessing"": {""dataset_overrides"": {""SKAB"": {""pca"": {""enabled"": false}, ""sequence_length"": 32}}, ""missing_data"": {""enabled"": true, ""strategy"": ""mean""}, ""pca"": {""enabled"": true, ""n_components"": 1}, ""scaler"": ""standard"", ""sequence_length"": 16, ""sequence_stride"": 1}, ""project"": {""device"": ""cuda"", ""random_seeds"": [42]}, ""run"": {""family"": ""DEEP"", ""seed"": 42, ""split"": ""fold_1""}, ""training"": {""batch_size"": 32, ""class_imbalance"": {""dataset_model_overrides"": [{""dataset"": ""BATADAL"", ""focal_gamma"": 2.0, ""loss_name"": ""focal"", ""model"": ""GRU""}], ""dataset_overrides"": {""SKAB"": {""use_pos_weight"": false}}, ""focal_gamma"": 2.0, ""loss_name"": ""bce"", ""pos_weight_strategy"": ""neg_pos_ratio"", ""use_pos_weight"": true}, ""early_stopping"": {""enabled"": true, ""mode"": ""min"", ""monitor"": ""val_loss"", ""patience"": 5}, ""epochs"": 50, ""optimizer"": ""adam"", ""threshold_tuning"": {""beta"": 2.0, ""dataset_overrides"": {""BATADAL"": {""metric"": ""f2""}, ""SKAB"": {""metric"": ""f1"", ""min_threshold"": 0.1}}, ""enabled"": true, ""end"": 0.99, ""metric"": ""f1"", ""start"": 0.01, ""step"": 0.01}}}",SKAB,"[""valve1"", ""valve2""]",anomaly,"[""datetime"", ""changepoint"", ""source_group"", ""source_file""]",source_file,0.6,0.2,0.2,True,mean,standard,True,1,16,1,False,32,True,0.0,0.05,cuda,[42],32,50,True,5,val_loss,min,True,neg_pos_ratio,bce,2.0,False,"[{""dataset"": ""BATADAL"", ""focal_gamma"": 2.0, ""loss_name"": ""focal"", ""model"": ""GRU""}]",True,f1,2.0,0.01,0.99,0.01,f2,f1,0.1,adam,0.1,4,3,4,1,True,levenshtein,True,0.0001,average_log_probability,0.05,DEEP,42,fold_1,LSTM,lstm,True,1.0,64.0,2.0,0.2,1,0.001,,,,,,
SKAB,GRU,fold_1,42,baseline_0.5_threshold,0.5,0.8921438082556591,0.9980139026812314,0.8065810593900482,6,0.25934834688919645,val_loss,0.25934834688919645,1.0,bce,4475,0.38054314197318667,0.37094373325394464,0.37206703910614525,0.9092737430167598,0.9551699204627621,0.7933933933933934,0.8667979002624672,"{""automata"": {""anomaly_threshold"": 0.1, ""decision"": {""fallback_quantile"": 0.05, ""score_field"": ""average_log_probability""}, ""paa"": {""window_size"": 4}, ""probability"": {""epsilon"": 0.0001, ""smoothing"": true}, ""sax"": {""alphabet_size"": 3}, ""sliding_window"": {""size"": 4, ""stride"": 1}, ""unseen_pattern"": {""enabled"": true, ""method"": ""levenshtein""}}, ""dataset"": {""config"": {""drop_columns"": [""datetime"", ""changepoint"", ""source_group"", ""source_file""], ""group_column"": ""source_file"", ""split"": {""test"": 0.2, ""train"": 0.6, ""validation"": 0.2}, ""target_column"": ""anomaly"", ""valve_folders"": [""valve1"", ""valve2""]}, ""name"": ""SKAB""}, ""model"": {""config"": {""architecture"": ""gru"", ""dropout"": 0.2, ""enabled"": true, ""hidden_size"": 64, ""input_size"": 1, ""learning_rate"": 0.001, ""num_layers"": 2, ""output_size"": 1}, ""name"": ""GRU""}, ""noise"": {""enabled"": true, ""gaussian_mean"": 0.0, ""gaussian_std"": 0.05}, ""preprocessing"": {""dataset_overrides"": {""SKAB"": {""pca"": {""enabled"": false}, ""sequence_length"": 32}}, ""missing_data"": {""enabled"": true, ""strategy"": ""mean""}, ""pca"": {""enabled"": true, ""n_components"": 1}, ""scaler"": ""standard"", ""sequence_length"": 16, ""sequence_stride"": 1}, ""project"": {""device"": ""cuda"", ""random_seeds"": [42]}, ""run"": {""family"": ""DEEP"", ""seed"": 42, ""split"": ""fold_1""}, ""training"": {""batch_size"": 32, ""class_imbalance"": {""dataset_model_overrides"": [{""dataset"": ""BATADAL"", ""focal_gamma"": 2.0, ""loss_name"": ""focal"", ""model"": ""GRU""}], ""dataset_overrides"": {""SKAB"": {""use_pos_weight"": false}}, ""focal_gamma"": 2.0, ""loss_name"": ""bce"", ""pos_weight_strategy"": ""neg_pos_ratio"", ""use_pos_weight"": true}, ""early_stopping"": {""enabled"": true, ""mode"": ""min"", ""monitor"": ""val_loss"", ""patience"": 5}, ""epochs"": 50, ""optimizer"": ""adam"", ""threshold_tuning"": {""beta"": 2.0, ""dataset_overrides"": {""BATADAL"": {""metric"": ""f2""}, ""SKAB"": {""metric"": ""f1"", ""min_threshold"": 0.1}}, ""enabled"": true, ""end"": 0.99, ""metric"": ""f1"", ""start"": 0.01, ""step"": 0.01}}}",SKAB,"[""valve1"", ""valve2""]",anomaly,"[""datetime"", ""changepoint"", ""source_group"", ""source_file""]",source_file,0.6,0.2,0.2,True,mean,standard,True,1,16,1,False,32,True,0.0,0.05,cuda,[42],32,50,True,5,val_loss,min,True,neg_pos_ratio,bce,2.0,False,"[{""dataset"": ""BATADAL"", ""focal_gamma"": 2.0, ""loss_name"": ""focal"", ""model"": ""GRU""}]",True,f1,2.0,0.01,0.99,0.01,f2,f1,0.1,adam,0.1,4,3,4,1,True,levenshtein,True,0.0001,average_log_probability,0.05,DEEP,42,fold_1,GRU,gru,True,1.0,64.0,2.0,0.2,1,0.001,,,,,,
SKAB,GRU,fold_1,42,tuned_threshold_weighted_loss,0.36,0.8921438082556591,0.9980139026812314,0.8065810593900482,6,0.25934834688919645,val_loss,0.25934834688919645,1.0,bce,4475,0.38054314197318667,0.37094373325394464,0.37206703910614525,0.8963128491620111,0.9022103148024112,0.809009009009009,0.8530715642811906,"{""automata"": {""anomaly_threshold"": 0.1, ""decision"": {""fallback_quantile"": 0.05, ""score_field"": ""average_log_probability""}, ""paa"": {""window_size"": 4}, ""probability"": {""epsilon"": 0.0001, ""smoothing"": true}, ""sax"": {""alphabet_size"": 3}, ""sliding_window"": {""size"": 4, ""stride"": 1}, ""unseen_pattern"": {""enabled"": true, ""method"": ""levenshtein""}}, ""dataset"": {""config"": {""drop_columns"": [""datetime"", ""changepoint"", ""source_group"", ""source_file""], ""group_column"": ""source_file"", ""split"": {""test"": 0.2, ""train"": 0.6, ""validation"": 0.2}, ""target_column"": ""anomaly"", ""valve_folders"": [""valve1"", ""valve2""]}, ""name"": ""SKAB""}, ""model"": {""config"": {""architecture"": ""gru"", ""dropout"": 0.2, ""enabled"": true, ""hidden_size"": 64, ""input_size"": 1, ""learning_rate"": 0.001, ""num_layers"": 2, ""output_size"": 1}, ""name"": ""GRU""}, ""noise"": {""enabled"": true, ""gaussian_mean"": 0.0, ""gaussian_std"": 0.05}, ""preprocessing"": {""dataset_overrides"": {""SKAB"": {""pca"": {""enabled"": false}, ""sequence_length"": 32}}, ""missing_data"": {""enabled"": true, ""strategy"": ""mean""}, ""pca"": {""enabled"": true, ""n_components"": 1}, ""scaler"": ""standard"", ""sequence_length"": 16, ""sequence_stride"": 1}, ""project"": {""device"": ""cuda"", ""random_seeds"": [42]}, ""run"": {""family"": ""DEEP"", ""seed"": 42, ""split"": ""fold_1""}, ""training"": {""batch_size"": 32, ""class_imbalance"": {""dataset_model_overrides"": [{""dataset"": ""BATADAL"", ""focal_gamma"": 2.0, ""loss_name"": ""focal"", ""model"": ""GRU""}], ""dataset_overrides"": {""SKAB"": {""use_pos_weight"": false}}, ""focal_gamma"": 2.0, ""loss_name"": ""bce"", ""pos_weight_strategy"": ""neg_pos_ratio"", ""use_pos_weight"": true}, ""early_stopping"": {""enabled"": true, ""mode"": ""min"", ""monitor"": ""val_loss"", ""patience"": 5}, ""epochs"": 50, ""optimizer"": ""adam"", ""threshold_tuning"": {""beta"": 2.0, ""dataset_overrides"": {""BATADAL"": {""metric"": ""f2""}, ""SKAB"": {""metric"": ""f1"", ""min_threshold"": 0.1}}, ""enabled"": true, ""end"": 0.99, ""metric"": ""f1"", ""start"": 0.01, ""step"": 0.01}}}",SKAB,"[""valve1"", ""valve2""]",anomaly,"[""datetime"", ""changepoint"", ""source_group"", ""source_file""]",source_file,0.6,0.2,0.2,True,mean,standard,True,1,16,1,False,32,True,0.0,0.05,cuda,[42],32,50,True,5,val_loss,min,True,neg_pos_ratio,bce,2.0,False,"[{""dataset"": ""BATADAL"", ""focal_gamma"": 2.0, ""loss_name"": ""focal"", ""model"": ""GRU""}]",True,f1,2.0,0.01,0.99,0.01,f2,f1,0.1,adam,0.1,4,3,4,1,True,levenshtein,True,0.0001,average_log_probability,0.05,DEEP,42,fold_1,GRU,gru,True,1.0,64.0,2.0,0.2,1,0.001,,,,,,
SKAB,CNN,fold_1,42,baseline_0.5_threshold,0.5,0.8879082082965578,0.9862745098039216,0.8073836276083467,11,0.28882818848801867,val_loss,0.28882818848801867,1.0,bce,4475,0.38054314197318667,0.37094373325394464,0.37206703910614525,0.8757541899441341,0.866006600660066,0.787987987987988,0.8251572327044026,"{""automata"": {""anomaly_threshold"": 0.1, ""decision"": {""fallback_quantile"": 0.05, ""score_field"": ""average_log_probability""}, ""paa"": {""window_size"": 4}, ""probability"": {""epsilon"": 0.0001, ""smoothing"": true}, ""sax"": {""alphabet_size"": 3}, ""sliding_window"": {""size"": 4, ""stride"": 1}, ""unseen_pattern"": {""enabled"": true, ""method"": ""levenshtein""}}, ""dataset"": {""config"": {""drop_columns"": [""datetime"", ""changepoint"", ""source_group"", ""source_file""], ""group_column"": ""source_file"", ""split"": {""test"": 0.2, ""train"": 0.6, ""validation"": 0.2}, ""target_column"": ""anomaly"", ""valve_folders"": [""valve1"", ""valve2""]}, ""name"": ""SKAB""}, ""model"": {""config"": {""architecture"": ""cnn"", ""dropout"": 0.2, ""enabled"": true, ""input_channels"": 1, ""kernel_size"": 3, ""learning_rate"": 0.001, ""num_filters"": 64, ""output_size"": 1}, ""name"": ""CNN""}, ""noise"": {""enabled"": true, ""gaussian_mean"": 0.0, ""gaussian_std"": 0.05}, ""preprocessing"": {""dataset_overrides"": {""SKAB"": {""pca"": {""enabled"": false}, ""sequence_length"": 32}}, ""missing_data"": {""enabled"": true, ""strategy"": ""mean""}, ""pca"": {""enabled"": true, ""n_components"": 1}, ""scaler"": ""standard"", ""sequence_length"": 16, ""sequence_stride"": 1}, ""project"": {""device"": ""cuda"", ""random_seeds"": [42]}, ""run"": {""family"": ""DEEP"", ""seed"": 42, ""split"": ""fold_1""}, ""training"": {""batch_size"": 32, ""class_imbalance"": {""dataset_model_overrides"": [{""dataset"": ""BATADAL"", ""focal_gamma"": 2.0, ""loss_name"": ""focal"", ""model"": ""GRU""}], ""dataset_overrides"": {""SKAB"": {""use_pos_weight"": false}}, ""focal_gamma"": 2.0, ""loss_name"": ""bce"", ""pos_weight_strategy"": ""neg_pos_ratio"", ""use_pos_weight"": true}, ""early_stopping"": {""enabled"": true, ""mode"": ""min"", ""monitor"": ""val_loss"", ""patience"": 5}, ""epochs"": 50, ""optimizer"": ""adam"", ""threshold_tuning"": {""beta"": 2.0, ""dataset_overrides"": {""BATADAL"": {""metric"": ""f2""}, ""SKAB"": {""metric"": ""f1"", ""min_threshold"": 0.1}}, ""enabled"": true, ""end"": 0.99, ""metric"": ""f1"", ""start"": 0.01, ""step"": 0.01}}}",SKAB,"[""valve1"", ""valve2""]",anomaly,"[""datetime"", ""changepoint"", ""source_group"", ""source_file""]",source_file,0.6,0.2,0.2,True,mean,standard,True,1,16,1,False,32,True,0.0,0.05,cuda,[42],32,50,True,5,val_loss,min,True,neg_pos_ratio,bce,2.0,False,"[{""dataset"": ""BATADAL"", ""focal_gamma"": 2.0, ""loss_name"": ""focal"", ""model"": ""GRU""}]",True,f1,2.0,0.01,0.99,0.01,f2,f1,0.1,adam,0.1,4,3,4,1,True,levenshtein,True,0.0001,average_log_probability,0.05,DEEP,42,fold_1,CNN,cnn,True,,,,0.2,1,0.001,1.0,64.0,3.0,,,
SKAB,CNN,fold_1,42,tuned_threshold_weighted_loss,0.3,0.8879082082965578,0.9862745098039216,0.8073836276083467,11,0.28882818848801867,val_loss,0.28882818848801867,1.0,bce,4475,0.38054314197318667,0.37094373325394464,0.37206703910614525,0.8357541899441341,0.7557755775577558,0.8252252252252252,0.788975021533161,"{""automata"": {""anomaly_threshold"": 0.1, ""decision"": {""fallback_quantile"": 0.05, ""score_field"": ""average_log_probability""}, ""paa"": {""window_size"": 4}, ""probability"": {""epsilon"": 0.0001, ""smoothing"": true}, ""sax"": {""alphabet_size"": 3}, ""sliding_window"": {""size"": 4, ""stride"": 1}, ""unseen_pattern"": {""enabled"": true, ""method"": ""levenshtein""}}, ""dataset"": {""config"": {""drop_columns"": [""datetime"", ""changepoint"", ""source_group"", ""source_file""], ""group_column"": ""source_file"", ""split"": {""test"": 0.2, ""train"": 0.6, ""validation"": 0.2}, ""target_column"": ""anomaly"", ""valve_folders"": [""valve1"", ""valve2""]}, ""name"": ""SKAB""}, ""model"": {""config"": {""architecture"": ""cnn"", ""dropout"": 0.2, ""enabled"": true, ""input_channels"": 1, ""kernel_size"": 3, ""learning_rate"": 0.001, ""num_filters"": 64, ""output_size"": 1}, ""name"": ""CNN""}, ""noise"": {""enabled"": true, ""gaussian_mean"": 0.0, ""gaussian_std"": 0.05}, ""preprocessing"": {""dataset_overrides"": {""SKAB"": {""pca"": {""enabled"": false}, ""sequence_length"": 32}}, ""missing_data"": {""enabled"": true, ""strategy"": ""mean""}, ""pca"": {""enabled"": true, ""n_components"": 1}, ""scaler"": ""standard"", ""sequence_length"": 16, ""sequence_stride"": 1}, ""project"": {""device"": ""cuda"", ""random_seeds"": [42]}, ""run"": {""family"": ""DEEP"", ""seed"": 42, ""split"": ""fold_1""}, ""training"": {""batch_size"": 32, ""class_imbalance"": {""dataset_model_overrides"": [{""dataset"": ""BATADAL"", ""focal_gamma"": 2.0, ""loss_name"": ""focal"", ""model"": ""GRU""}], ""dataset_overrides"": {""SKAB"": {""use_pos_weight"": false}}, ""focal_gamma"": 2.0, ""loss_name"": ""bce"", ""pos_weight_strategy"": ""neg_pos_ratio"", ""use_pos_weight"": true}, ""early_stopping"": {""enabled"": true, ""mode"": ""min"", ""monitor"": ""val_loss"", ""patience"": 5}, ""epochs"": 50, ""optimizer"": ""adam"", ""threshold_tuning"": {""beta"": 2.0, ""dataset_overrides"": {""BATADAL"": {""metric"": ""f2""}, ""SKAB"": {""metric"": ""f1"", ""min_threshold"": 0.1}}, ""enabled"": true, ""end"": 0.99, ""metric"": ""f1"", ""start"": 0.01, ""step"": 0.01}}}",SKAB,"[""valve1"", ""valve2""]",anomaly,"[""datetime"", ""changepoint"", ""source_group"", ""source_file""]",source_file,0.6,0.2,0.2,True,mean,standard,True,1,16,1,False,32,True,0.0,0.05,cuda,[42],32,50,True,5,val_loss,min,True,neg_pos_ratio,bce,2.0,False,"[{""dataset"": ""BATADAL"", ""focal_gamma"": 2.0, ""loss_name"": ""focal"", ""model"": ""GRU""}]",True,f1,2.0,0.01,0.99,0.01,f2,f1,0.1,adam,0.1,4,3,4,1,True,levenshtein,True,0.0001,average_log_probability,0.05,DEEP,42,fold_1,CNN,cnn,True,,,,0.2,1,0.001,1.0,64.0,3.0,,,
SKAB,LSTM,fold_2,42,baseline_0.5_threshold,0.5,0.9040307101727447,0.966484268125855,0.8491586538461539,7,0.22442701818473512,val_loss,0.22442701818473512,1.0,bce,4476,0.3767500744712541,0.37184357541899443,0.3849419124218052,0.8154602323503127,1.0,0.5206035983749274,0.684732824427481,"{""automata"": {""anomaly_threshold"": 0.1, ""decision"": {""fallback_quantile"": 0.05, ""score_field"": ""average_log_probability""}, ""paa"": {""window_size"": 4}, ""probability"": {""epsilon"": 0.0001, ""smoothing"": true}, ""sax"": {""alphabet_size"": 3}, ""sliding_window"": {""size"": 4, ""stride"": 1}, ""unseen_pattern"": {""enabled"": true, ""method"": ""levenshtein""}}, ""dataset"": {""config"": {""drop_columns"": [""datetime"", ""changepoint"", ""source_group"", ""source_file""], ""group_column"": ""source_file"", ""split"": {""test"": 0.2, ""train"": 0.6, ""validation"": 0.2}, ""target_column"": ""anomaly"", ""valve_folders"": [""valve1"", ""valve2""]}, ""name"": ""SKAB""}, ""model"": {""config"": {""architecture"": ""lstm"", ""dropout"": 0.2, ""enabled"": true, ""hidden_size"": 64, ""input_size"": 1, ""learning_rate"": 0.001, ""num_layers"": 2, ""output_size"": 1}, ""name"": ""LSTM""}, ""noise"": {""enabled"": true, ""gaussian_mean"": 0.0, ""gaussian_std"": 0.05}, ""preprocessing"": {""dataset_overrides"": {""SKAB"": {""pca"": {""enabled"": false}, ""sequence_length"": 32}}, ""missing_data"": {""enabled"": true, ""strategy"": ""mean""}, ""pca"": {""enabled"": true, ""n_components"": 1}, ""scaler"": ""standard"", ""sequence_length"": 16, ""sequence_stride"": 1}, ""project"": {""device"": ""cuda"", ""random_seeds"": [42]}, ""run"": {""family"": ""DEEP"", ""seed"": 42, ""split"": ""fold_2""}, ""training"": {""batch_size"": 32, ""class_imbalance"": {""dataset_model_overrides"": [{""dataset"": ""BATADAL"", ""focal_gamma"": 2.0, ""loss_name"": ""focal"", ""model"": ""GRU""}], ""dataset_overrides"": {""SKAB"": {""use_pos_weight"": false}}, ""focal_gamma"": 2.0, ""loss_name"": ""bce"", ""pos_weight_strategy"": ""neg_pos_ratio"", ""use_pos_weight"": true}, ""early_stopping"": {""enabled"": true, ""mode"": ""min"", ""monitor"": ""val_loss"", ""patience"": 5}, ""epochs"": 50, ""optimizer"": ""adam"", ""threshold_tuning"": {""beta"": 2.0, ""dataset_overrides"": {""BATADAL"": {""metric"": ""f2""}, ""SKAB"": {""metric"": ""f1"", ""min_threshold"": 0.1}}, ""enabled"": true, ""end"": 0.99, ""metric"": ""f1"", ""start"": 0.01, ""step"": 0.01}}}",SKAB,"[""valve1"", ""valve2""]",anomaly,"[""datetime"", ""changepoint"", ""source_group"", ""source_file""]",source_file,0.6,0.2,0.2,True,mean,standard,True,1,16,1,False,32,True,0.0,0.05,cuda,[42],32,50,True,5,val_loss,min,True,neg_pos_ratio,bce,2.0,False,"[{""dataset"": ""BATADAL"", ""focal_gamma"": 2.0, ""loss_name"": ""focal"", ""model"": ""GRU""}]",True,f1,2.0,0.01,0.99,0.01,f2,f1,0.1,adam,0.1,4,3,4,1,True,levenshtein,True,0.0001,average_log_probability,0.05,DEEP,42,fold_2,LSTM,lstm,True,1.0,64.0,2.0,0.2,1,0.001,,,,,,
SKAB,LSTM,fold_2,42,tuned_threshold_weighted_loss,0.18,0.9040307101727447,0.966484268125855,0.8491586538461539,7,0.22442701818473512,val_loss,0.22442701818473512,1.0,bce,4476,0.3767500744712541,0.37184357541899443,0.3849419124218052,0.8239499553172476,0.8978723404255319,0.612304120719675,0.728088336783989,"{""automata"": {""anomaly_threshold"": 0.1, ""decision"": {""fallback_quantile"": 0.05, ""score_field"": ""average_log_probability""}, ""paa"": {""window_size"": 4}, ""probability"": {""epsilon"": 0.0001, ""smoothing"": true}, ""sax"": {""alphabet_size"": 3}, ""sliding_window"": {""size"": 4, ""stride"": 1}, ""unseen_pattern"": {""enabled"": true, ""method"": ""levenshtein""}}, ""dataset"": {""config"": {""drop_columns"": [""datetime"", ""changepoint"", ""source_group"", ""source_file""], ""group_column"": ""source_file"", ""split"": {""test"": 0.2, ""train"": 0.6, ""validation"": 0.2}, ""target_column"": ""anomaly"", ""valve_folders"": [""valve1"", ""valve2""]}, ""name"": ""SKAB""}, ""model"": {""config"": {""architecture"": ""lstm"", ""dropout"": 0.2, ""enabled"": true, ""hidden_size"": 64, ""input_size"": 1, ""learning_rate"": 0.001, ""num_layers"": 2, ""output_size"": 1}, ""name"": ""LSTM""}, ""noise"": {""enabled"": true, ""gaussian_mean"": 0.0, ""gaussian_std"": 0.05}, ""preprocessing"": {""dataset_overrides"": {""SKAB"": {""pca"": {""enabled"": false}, ""sequence_length"": 32}}, ""missing_data"": {""enabled"": true, ""strategy"": ""mean""}, ""pca"": {""enabled"": true, ""n_components"": 1}, ""scaler"": ""standard"", ""sequence_length"": 16, ""sequence_stride"": 1}, ""project"": {""device"": ""cuda"", ""random_seeds"": [42]}, ""run"": {""family"": ""DEEP"", ""seed"": 42, ""split"": ""fold_2""}, ""training"": {""batch_size"": 32, ""class_imbalance"": {""dataset_model_overrides"": [{""dataset"": ""BATADAL"", ""focal_gamma"": 2.0, ""loss_name"": ""focal"", ""model"": ""GRU""}], ""dataset_overrides"": {""SKAB"": {""use_pos_weight"": false}}, ""focal_gamma"": 2.0, ""loss_name"": ""bce"", ""pos_weight_strategy"": ""neg_pos_ratio"", ""use_pos_weight"": true}, ""early_stopping"": {""enabled"": true, ""mode"": ""min"", ""monitor"": ""val_loss"", ""patience"": 5}, ""epochs"": 50, ""optimizer"": ""adam"", ""threshold_tuning"": {""beta"": 2.0, ""dataset_overrides"": {""BATADAL"": {""metric"": ""f2""}, ""SKAB"": {""metric"": ""f1"", ""min_threshold"": 0.1}}, ""enabled"": true, ""end"": 0.99, ""metric"": ""f1"", ""start"": 0.01, ""step"": 0.01}}}",SKAB,"[""valve1"", ""valve2""]",anomaly,"[""datetime"", ""changepoint"", ""source_group"", ""source_file""]",source_file,0.6,0.2,0.2,True,mean,standard,True,1,16,1,False,32,True,0.0,0.05,cuda,[42],32,50,True,5,val_loss,min,True,neg_pos_ratio,bce,2.0,False,"[{""dataset"": ""BATADAL"", ""focal_gamma"": 2.0, ""loss_name"": ""focal"", ""model"": ""GRU""}]",True,f1,2.0,0.01,0.99,0.01,f2,f1,0.1,adam,0.1,4,3,4,1,True,levenshtein,True,0.0001,average_log_probability,0.05,DEEP,42,fold_2,LSTM,lstm,True,1.0,64.0,2.0,0.2,1,0.001,,,,,,
SKAB,GRU,fold_2,42,baseline_0.5_threshold,0.5,0.9055246812683884,0.992831541218638,0.8323317307692307,8,0.22466493787545733,val_loss,0.22466493787545733,1.0,bce,4476,0.3767500744712541,0.37184357541899443,0.3849419124218052,0.8277479892761395,1.0,0.5525246662797446,0.7117757009345794,"{""automata"": {""anomaly_threshold"": 0.1, ""decision"": {""fallback_quantile"": 0.05, ""score_field"": ""average_log_probability""}, ""paa"": {""window_size"": 4}, ""probability"": {""epsilon"": 0.0001, ""smoothing"": true}, ""sax"": {""alphabet_size"": 3}, ""sliding_window"": {""size"": 4, ""stride"": 1}, ""unseen_pattern"": {""enabled"": true, ""method"": ""levenshtein""}}, ""dataset"": {""config"": {""drop_columns"": [""datetime"", ""changepoint"", ""source_group"", ""source_file""], ""group_column"": ""source_file"", ""split"": {""test"": 0.2, ""train"": 0.6, ""validation"": 0.2}, ""target_column"": ""anomaly"", ""valve_folders"": [""valve1"", ""valve2""]}, ""name"": ""SKAB""}, ""model"": {""config"": {""architecture"": ""gru"", ""dropout"": 0.2, ""enabled"": true, ""hidden_size"": 64, ""input_size"": 1, ""learning_rate"": 0.001, ""num_layers"": 2, ""output_size"": 1}, ""name"": ""GRU""}, ""noise"": {""enabled"": true, ""gaussian_mean"": 0.0, ""gaussian_std"": 0.05}, ""preprocessing"": {""dataset_overrides"": {""SKAB"": {""pca"": {""enabled"": false}, ""sequence_length"": 32}}, ""missing_data"": {""enabled"": true, ""strategy"": ""mean""}, ""pca"": {""enabled"": true, ""n_components"": 1}, ""scaler"": ""standard"", ""sequence_length"": 16, ""sequence_stride"": 1}, ""project"": {""device"": ""cuda"", ""random_seeds"": [42]}, ""run"": {""family"": ""DEEP"", ""seed"": 42, ""split"": ""fold_2""}, ""training"": {""batch_size"": 32, ""class_imbalance"": {""dataset_model_overrides"": [{""dataset"": ""BATADAL"", ""focal_gamma"": 2.0, ""loss_name"": ""focal"", ""model"": ""GRU""}], ""dataset_overrides"": {""SKAB"": {""use_pos_weight"": false}}, ""focal_gamma"": 2.0, ""loss_name"": ""bce"", ""pos_weight_strategy"": ""neg_pos_ratio"", ""use_pos_weight"": true}, ""early_stopping"": {""enabled"": true, ""mode"": ""min"", ""monitor"": ""val_loss"", ""patience"": 5}, ""epochs"": 50, ""optimizer"": ""adam"", ""threshold_tuning"": {""beta"": 2.0, ""dataset_overrides"": {""BATADAL"": {""metric"": ""f2""}, ""SKAB"": {""metric"": ""f1"", ""min_threshold"": 0.1}}, ""enabled"": true, ""end"": 0.99, ""metric"": ""f1"", ""start"": 0.01, ""step"": 0.01}}}",SKAB,"[""valve1"", ""valve2""]",anomaly,"[""datetime"", ""changepoint"", ""source_group"", ""source_file""]",source_file,0.6,0.2,0.2,True,mean,standard,True,1,16,1,False,32,True,0.0,0.05,cuda,[42],32,50,True,5,val_loss,min,True,neg_pos_ratio,bce,2.0,False,"[{""dataset"": ""BATADAL"", ""focal_gamma"": 2.0, ""loss_name"": ""focal"", ""model"": ""GRU""}]",True,f1,2.0,0.01,0.99,0.01,f2,f1,0.1,adam,0.1,4,3,4,1,True,levenshtein,True,0.0001,average_log_probability,0.05,DEEP,42,fold_2,GRU,gru,True,1.0,64.0,2.0,0.2,1,0.001,,,,,,
SKAB,GRU,fold_2,42,tuned_threshold_weighted_loss,0.23,0.9055246812683884,0.992831541218638,0.8323317307692307,8,0.22466493787545733,val_loss,0.22466493787545733,1.0,bce,4476,0.3767500744712541,0.37184357541899443,0.3849419124218052,0.8369079535299374,1.0,0.5763203714451538,0.7312223858615611,"{""automata"": {""anomaly_threshold"": 0.1, ""decision"": {""fallback_quantile"": 0.05, ""score_field"": ""average_log_probability""}, ""paa"": {""window_size"": 4}, ""probability"": {""epsilon"": 0.0001, ""smoothing"": true}, ""sax"": {""alphabet_size"": 3}, ""sliding_window"": {""size"": 4, ""stride"": 1}, ""unseen_pattern"": {""enabled"": true, ""method"": ""levenshtein""}}, ""dataset"": {""config"": {""drop_columns"": [""datetime"", ""changepoint"", ""source_group"", ""source_file""], ""group_column"": ""source_file"", ""split"": {""test"": 0.2, ""train"": 0.6, ""validation"": 0.2}, ""target_column"": ""anomaly"", ""valve_folders"": [""valve1"", ""valve2""]}, ""name"": ""SKAB""}, ""model"": {""config"": {""architecture"": ""gru"", ""dropout"": 0.2, ""enabled"": true, ""hidden_size"": 64, ""input_size"": 1, ""learning_rate"": 0.001, ""num_layers"": 2, ""output_size"": 1}, ""name"": ""GRU""}, ""noise"": {""enabled"": true, ""gaussian_mean"": 0.0, ""gaussian_std"": 0.05}, ""preprocessing"": {""dataset_overrides"": {""SKAB"": {""pca"": {""enabled"": false}, ""sequence_length"": 32}}, ""missing_data"": {""enabled"": true, ""strategy"": ""mean""}, ""pca"": {""enabled"": true, ""n_components"": 1}, ""scaler"": ""standard"", ""sequence_length"": 16, ""sequence_stride"": 1}, ""project"": {""device"": ""cuda"", ""random_seeds"": [42]}, ""run"": {""family"": ""DEEP"", ""seed"": 42, ""split"": ""fold_2""}, ""training"": {""batch_size"": 32, ""class_imbalance"": {""dataset_model_overrides"": [{""dataset"": ""BATADAL"", ""focal_gamma"": 2.0, ""loss_name"": ""focal"", ""model"": ""GRU""}], ""dataset_overrides"": {""SKAB"": {""use_pos_weight"": false}}, ""focal_gamma"": 2.0, ""loss_name"": ""bce"", ""pos_weight_strategy"": ""neg_pos_ratio"", ""use_pos_weight"": true}, ""early_stopping"": {""enabled"": true, ""mode"": ""min"", ""monitor"": ""val_loss"", ""patience"": 5}, ""epochs"": 50, ""optimizer"": ""adam"", ""threshold_tuning"": {""beta"": 2.0, ""dataset_overrides"": {""BATADAL"": {""metric"": ""f2""}, ""SKAB"": {""metric"": ""f1"", ""min_threshold"": 0.1}}, ""enabled"": true, ""end"": 0.99, ""metric"": ""f1"", ""start"": 0.01, ""step"": 0.01}}}",SKAB,"[""valve1"", ""valve2""]",anomaly,"[""datetime"", ""changepoint"", ""source_group"", ""source_file""]",source_file,0.6,0.2,0.2,True,mean,standard,True,1,16,1,False,32,True,0.0,0.05,cuda,[42],32,50,True,5,val_loss,min,True,neg_pos_ratio,bce,2.0,False,"[{""dataset"": ""BATADAL"", ""focal_gamma"": 2.0, ""loss_name"": ""focal"", ""model"": ""GRU""}]",True,f1,2.0,0.01,0.99,0.01,f2,f1,0.1,adam,0.1,4,3,4,1,True,levenshtein,True,0.0001,average_log_probability,0.05,DEEP,42,fold_2,GRU,gru,True,1.0,64.0,2.0,0.2,1,0.001,,,,,,
SKAB,CNN,fold_2,42,baseline_0.5_threshold,0.5,0.9075575737917613,0.9859055673009162,0.8407451923076923,12,0.210507262388973,val_loss,0.210507262388973,1.0,bce,4476,0.3767500744712541,0.37184357541899443,0.3849419124218052,0.8333333333333334,1.0,0.567034242600116,0.7237037037037037,"{""automata"": {""anomaly_threshold"": 0.1, ""decision"": {""fallback_quantile"": 0.05, ""score_field"": ""average_log_probability""}, ""paa"": {""window_size"": 4}, ""probability"": {""epsilon"": 0.0001, ""smoothing"": true}, ""sax"": {""alphabet_size"": 3}, ""sliding_window"": {""size"": 4, ""stride"": 1}, ""unseen_pattern"": {""enabled"": true, ""method"": ""levenshtein""}}, ""dataset"": {""config"": {""drop_columns"": [""datetime"", ""changepoint"", ""source_group"", ""source_file""], ""group_column"": ""source_file"", ""split"": {""test"": 0.2, ""train"": 0.6, ""validation"": 0.2}, ""target_column"": ""anomaly"", ""valve_folders"": [""valve1"", ""valve2""]}, ""name"": ""SKAB""}, ""model"": {""config"": {""architecture"": ""cnn"", ""dropout"": 0.2, ""enabled"": true, ""input_channels"": 1, ""kernel_size"": 3, ""learning_rate"": 0.001, ""num_filters"": 64, ""output_size"": 1}, ""name"": ""CNN""}, ""noise"": {""enabled"": true, ""gaussian_mean"": 0.0, ""gaussian_std"": 0.05}, ""preprocessing"": {""dataset_overrides"": {""SKAB"": {""pca"": {""enabled"": false}, ""sequence_length"": 32}}, ""missing_data"": {""enabled"": true, ""strategy"": ""mean""}, ""pca"": {""enabled"": true, ""n_components"": 1}, ""scaler"": ""standard"", ""sequence_length"": 16, ""sequence_stride"": 1}, ""project"": {""device"": ""cuda"", ""random_seeds"": [42]}, ""run"": {""family"": ""DEEP"", ""seed"": 42, ""split"": ""fold_2""}, ""training"": {""batch_size"": 32, ""class_imbalance"": {""dataset_model_overrides"": [{""dataset"": ""BATADAL"", ""focal_gamma"": 2.0, ""loss_name"": ""focal"", ""model"": ""GRU""}], ""dataset_overrides"": {""SKAB"": {""use_pos_weight"": false}}, ""focal_gamma"": 2.0, ""loss_name"": ""bce"", ""pos_weight_strategy"": ""neg_pos_ratio"", ""use_pos_weight"": true}, ""early_stopping"": {""enabled"": true, ""mode"": ""min"", ""monitor"": ""val_loss"", ""patience"": 5}, ""epochs"": 50, ""optimizer"": ""adam"", ""threshold_tuning"": {""beta"": 2.0, ""dataset_overrides"": {""BATADAL"": {""metric"": ""f2""}, ""SKAB"": {""metric"": ""f1"", ""min_threshold"": 0.1}}, ""enabled"": true, ""end"": 0.99, ""metric"": ""f1"", ""start"": 0.01, ""step"": 0.01}}}",SKAB,"[""valve1"", ""valve2""]",anomaly,"[""datetime"", ""changepoint"", ""source_group"", ""source_file""]",source_file,0.6,0.2,0.2,True,mean,standard,True,1,16,1,False,32,True,0.0,0.05,cuda,[42],32,50,True,5,val_loss,min,True,neg_pos_ratio,bce,2.0,False,"[{""dataset"": ""BATADAL"", ""focal_gamma"": 2.0, ""loss_name"": ""focal"", ""model"": ""GRU""}]",True,f1,2.0,0.01,0.99,0.01,f2,f1,0.1,adam,0.1,4,3,4,1,True,levenshtein,True,0.0001,average_log_probability,0.05,DEEP,42,fold_2,CNN,cnn,True,,,,0.2,1,0.001,1.0,64.0,3.0,,,
SKAB,CNN,fold_2,42,tuned_threshold_weighted_loss,0.26,0.9075575737917613,0.9859055673009162,0.8407451923076923,12,0.210507262388973,val_loss,0.210507262388973,1.0,bce,4476,0.3767500744712541,0.37184357541899443,0.3849419124218052,0.8498659517426274,1.0,0.6099825885084156,0.7577505407354002,"{""automata"": {""anomaly_threshold"": 0.1, ""decision"": {""fallback_quantile"": 0.05, ""score_field"": ""average_log_probability""}, ""paa"": {""window_size"": 4}, ""probability"": {""epsilon"": 0.0001, ""smoothing"": true}, ""sax"": {""alphabet_size"": 3}, ""sliding_window"": {""size"": 4, ""stride"": 1}, ""unseen_pattern"": {""enabled"": true, ""method"": ""levenshtein""}}, ""dataset"": {""config"": {""drop_columns"": [""datetime"", ""changepoint"", ""source_group"", ""source_file""], ""group_column"": ""source_file"", ""split"": {""test"": 0.2, ""train"": 0.6, ""validation"": 0.2}, ""target_column"": ""anomaly"", ""valve_folders"": [""valve1"", ""valve2""]}, ""name"": ""SKAB""}, ""model"": {""config"": {""architecture"": ""cnn"", ""dropout"": 0.2, ""enabled"": true, ""input_channels"": 1, ""kernel_size"": 3, ""learning_rate"": 0.001, ""num_filters"": 64, ""output_size"": 1}, ""name"": ""CNN""}, ""noise"": {""enabled"": true, ""gaussian_mean"": 0.0, ""gaussian_std"": 0.05}, ""preprocessing"": {""dataset_overrides"": {""SKAB"": {""pca"": {""enabled"": false}, ""sequence_length"": 32}}, ""missing_data"": {""enabled"": true, ""strategy"": ""mean""}, ""pca"": {""enabled"": true, ""n_components"": 1}, ""scaler"": ""standard"", ""sequence_length"": 16, ""sequence_stride"": 1}, ""project"": {""device"": ""cuda"", ""random_seeds"": [42]}, ""run"": {""family"": ""DEEP"", ""seed"": 42, ""split"": ""fold_2""}, ""training"": {""batch_size"": 32, ""class_imbalance"": {""dataset_model_overrides"": [{""dataset"": ""BATADAL"", ""focal_gamma"": 2.0, ""loss_name"": ""focal"", ""model"": ""GRU""}], ""dataset_overrides"": {""SKAB"": {""use_pos_weight"": false}}, ""focal_gamma"": 2.0, ""loss_name"": ""bce"", ""pos_weight_strategy"": ""neg_pos_ratio"", ""use_pos_weight"": true}, ""early_stopping"": {""enabled"": true, ""mode"": ""min"", ""monitor"": ""val_loss"", ""patience"": 5}, ""epochs"": 50, ""optimizer"": ""adam"", ""threshold_tuning"": {""beta"": 2.0, ""dataset_overrides"": {""BATADAL"": {""metric"": ""f2""}, ""SKAB"": {""metric"": ""f1"", ""min_threshold"": 0.1}}, ""enabled"": true, ""end"": 0.99, ""metric"": ""f1"", ""start"": 0.01, ""step"": 0.01}}}",SKAB,"[""valve1"", ""valve2""]",anomaly,"[""datetime"", ""changepoint"", ""source_group"", ""source_file""]",source_file,0.6,0.2,0.2,True,mean,standard,True,1,16,1,False,32,True,0.0,0.05,cuda,[42],32,50,True,5,val_loss,min,True,neg_pos_ratio,bce,2.0,False,"[{""dataset"": ""BATADAL"", ""focal_gamma"": 2.0, ""loss_name"": ""focal"", ""model"": ""GRU""}]",True,f1,2.0,0.01,0.99,0.01,f2,f1,0.1,adam,0.1,4,3,4,1,True,levenshtein,True,0.0001,average_log_probability,0.05,DEEP,42,fold_2,CNN,cnn,True,,,,0.2,1,0.001,1.0,64.0,3.0,,,
SKAB,LSTM,fold_3,42,baseline_0.5_threshold,0.5,0.8648289604782464,0.9637305699481865,0.7843373493975904,14,0.31236180577742795,val_loss,0.31236180577742795,1.0,bce,4396,0.3748334566987417,0.37111558238318804,0.39171974522292996,0.9419927206551411,1.0,0.8519163763066202,0.9200376293508937,"{""automata"": {""anomaly_threshold"": 0.1, ""decision"": {""fallback_quantile"": 0.05, ""score_field"": ""average_log_probability""}, ""paa"": {""window_size"": 4}, ""probability"": {""epsilon"": 0.0001, ""smoothing"": true}, ""sax"": {""alphabet_size"": 3}, ""sliding_window"": {""size"": 4, ""stride"": 1}, ""unseen_pattern"": {""enabled"": true, ""method"": ""levenshtein""}}, ""dataset"": {""config"": {""drop_columns"": [""datetime"", ""changepoint"", ""source_group"", ""source_file""], ""group_column"": ""source_file"", ""split"": {""test"": 0.2, ""train"": 0.6, ""validation"": 0.2}, ""target_column"": ""anomaly"", ""valve_folders"": [""valve1"", ""valve2""]}, ""name"": ""SKAB""}, ""model"": {""config"": {""architecture"": ""lstm"", ""dropout"": 0.2, ""enabled"": true, ""hidden_size"": 64, ""input_size"": 1, ""learning_rate"": 0.001, ""num_layers"": 2, ""output_size"": 1}, ""name"": ""LSTM""}, ""noise"": {""enabled"": true, ""gaussian_mean"": 0.0, ""gaussian_std"": 0.05}, ""preprocessing"": {""dataset_overrides"": {""SKAB"": {""pca"": {""enabled"": false}, ""sequence_length"": 32}}, ""missing_data"": {""enabled"": true, ""strategy"": ""mean""}, ""pca"": {""enabled"": true, ""n_components"": 1}, ""scaler"": ""standard"", ""sequence_length"": 16, ""sequence_stride"": 1}, ""project"": {""device"": ""cuda"", ""random_seeds"": [42]}, ""run"": {""family"": ""DEEP"", ""seed"": 42, ""split"": ""fold_3""}, ""training"": {""batch_size"": 32, ""class_imbalance"": {""dataset_model_overrides"": [{""dataset"": ""BATADAL"", ""focal_gamma"": 2.0, ""loss_name"": ""focal"", ""model"": ""GRU""}], ""dataset_overrides"": {""SKAB"": {""use_pos_weight"": false}}, ""focal_gamma"": 2.0, ""loss_name"": ""bce"", ""pos_weight_strategy"": ""neg_pos_ratio"", ""use_pos_weight"": true}, ""early_stopping"": {""enabled"": true, ""mode"": ""min"", ""monitor"": ""val_loss"", ""patience"": 5}, ""epochs"": 50, ""optimizer"": ""adam"", ""threshold_tuning"": {""beta"": 2.0, ""dataset_overrides"": {""BATADAL"": {""metric"": ""f2""}, ""SKAB"": {""metric"": ""f1"", ""min_threshold"": 0.1}}, ""enabled"": true, ""end"": 0.99, ""metric"": ""f1"", ""start"": 0.01, ""step"": 0.01}}}",SKAB,"[""valve1"", ""valve2""]",anomaly,"[""datetime"", ""changepoint"", ""source_group"", ""source_file""]",source_file,0.6,0.2,0.2,True,mean,standard,True,1,16,1,False,32,True,0.0,0.05,cuda,[42],32,50,True,5,val_loss,min,True,neg_pos_ratio,bce,2.0,False,"[{""dataset"": ""BATADAL"", ""focal_gamma"": 2.0, ""loss_name"": ""focal"", ""model"": ""GRU""}]",True,f1,2.0,0.01,0.99,0.01,f2,f1,0.1,adam,0.1,4,3,4,1,True,levenshtein,True,0.0001,average_log_probability,0.05,DEEP,42,fold_3,LSTM,lstm,True,1.0,64.0,2.0,0.2,1,0.001,,,,,,
SKAB,LSTM,fold_3,42,tuned_threshold_weighted_loss,0.75,0.8648289604782464,0.9637305699481865,0.7843373493975904,14,0.31236180577742795,val_loss,0.31236180577742795,1.0,bce,4396,0.3748334566987417,0.37111558238318804,0.39171974522292996,0.9394904458598726,1.0,0.8455284552845529,0.9162995594713657,"{""automata"": {""anomaly_threshold"": 0.1, ""decision"": {""fallback_quantile"": 0.05, ""score_field"": ""average_log_probability""}, ""paa"": {""window_size"": 4}, ""probability"": {""epsilon"": 0.0001, ""smoothing"": true}, ""sax"": {""alphabet_size"": 3}, ""sliding_window"": {""size"": 4, ""stride"": 1}, ""unseen_pattern"": {""enabled"": true, ""method"": ""levenshtein""}}, ""dataset"": {""config"": {""drop_columns"": [""datetime"", ""changepoint"", ""source_group"", ""source_file""], ""group_column"": ""source_file"", ""split"": {""test"": 0.2, ""train"": 0.6, ""validation"": 0.2}, ""target_column"": ""anomaly"", ""valve_folders"": [""valve1"", ""valve2""]}, ""name"": ""SKAB""}, ""model"": {""config"": {""architecture"": ""lstm"", ""dropout"": 0.2, ""enabled"": true, ""hidden_size"": 64, ""input_size"": 1, ""learning_rate"": 0.001, ""num_layers"": 2, ""output_size"": 1}, ""name"": ""LSTM""}, ""noise"": {""enabled"": true, ""gaussian_mean"": 0.0, ""gaussian_std"": 0.05}, ""preprocessing"": {""dataset_overrides"": {""SKAB"": {""pca"": {""enabled"": false}, ""sequence_length"": 32}}, ""missing_data"": {""enabled"": true, ""strategy"": ""mean""}, ""pca"": {""enabled"": true, ""n_components"": 1}, ""scaler"": ""standard"", ""sequence_length"": 16, ""sequence_stride"": 1}, ""project"": {""device"": ""cuda"", ""random_seeds"": [42]}, ""run"": {""family"": ""DEEP"", ""seed"": 42, ""split"": ""fold_3""}, ""training"": {""batch_size"": 32, ""class_imbalance"": {""dataset_model_overrides"": [{""dataset"": ""BATADAL"", ""focal_gamma"": 2.0, ""loss_name"": ""focal"", ""model"": ""GRU""}], ""dataset_overrides"": {""SKAB"": {""use_pos_weight"": false}}, ""focal_gamma"": 2.0, ""loss_name"": ""bce"", ""pos_weight_strategy"": ""neg_pos_ratio"", ""use_pos_weight"": true}, ""early_stopping"": {""enabled"": true, ""mode"": ""min"", ""monitor"": ""val_loss"", ""patience"": 5}, ""epochs"": 50, ""optimizer"": ""adam"", ""threshold_tuning"": {""beta"": 2.0, ""dataset_overrides"": {""BATADAL"": {""metric"": ""f2""}, ""SKAB"": {""metric"": ""f1"", ""min_threshold"": 0.1}}, ""enabled"": true, ""end"": 0.99, ""metric"": ""f1"", ""start"": 0.01, ""step"": 0.01}}}",SKAB,"[""valve1"", ""valve2""]",anomaly,"[""datetime"", ""changepoint"", ""source_group"", ""source_file""]",source_file,0.6,0.2,0.2,True,mean,standard,True,1,16,1,False,32,True,0.0,0.05,cuda,[42],32,50,True,5,val_loss,min,True,neg_pos_ratio,bce,2.0,False,"[{""dataset"": ""BATADAL"", ""focal_gamma"": 2.0, ""loss_name"": ""focal"", ""model"": ""GRU""}]",True,f1,2.0,0.01,0.99,0.01,f2,f1,0.1,adam,0.1,4,3,4,1,True,levenshtein,True,0.0001,average_log_probability,0.05,DEEP,42,fold_3,LSTM,lstm,True,1.0,64.0,2.0,0.2,1,0.001,,,,,,
SKAB,GRU,fold_3,42,baseline_0.5_threshold,0.5,0.8816455696202532,0.9286666666666666,0.8391566265060241,6,0.27777002087721164,val_loss,0.27777002087721164,1.0,bce,4396,0.3748334566987417,0.37111558238318804,0.39171974522292996,0.9383530482256597,0.961220597584234,0.8780487804878049,0.9177541729893779,"{""automata"": {""anomaly_threshold"": 0.1, ""decision"": {""fallback_quantile"": 0.05, ""score_field"": ""average_log_probability""}, ""paa"": {""window_size"": 4}, ""probability"": {""epsilon"": 0.0001, ""smoothing"": true}, ""sax"": {""alphabet_size"": 3}, ""sliding_window"": {""size"": 4, ""stride"": 1}, ""unseen_pattern"": {""enabled"": true, ""method"": ""levenshtein""}}, ""dataset"": {""config"": {""drop_columns"": [""datetime"", ""changepoint"", ""source_group"", ""source_file""], ""group_column"": ""source_file"", ""split"": {""test"": 0.2, ""train"": 0.6, ""validation"": 0.2}, ""target_column"": ""anomaly"", ""valve_folders"": [""valve1"", ""valve2""]}, ""name"": ""SKAB""}, ""model"": {""config"": {""architecture"": ""gru"", ""dropout"": 0.2, ""enabled"": true, ""hidden_size"": 64, ""input_size"": 1, ""learning_rate"": 0.001, ""num_layers"": 2, ""output_size"": 1}, ""name"": ""GRU""}, ""noise"": {""enabled"": true, ""gaussian_mean"": 0.0, ""gaussian_std"": 0.05}, ""preprocessing"": {""dataset_overrides"": {""SKAB"": {""pca"": {""enabled"": false}, ""sequence_length"": 32}}, ""missing_data"": {""enabled"": true, ""strategy"": ""mean""}, ""pca"": {""enabled"": true, ""n_components"": 1}, ""scaler"": ""standard"", ""sequence_length"": 16, ""sequence_stride"": 1}, ""project"": {""device"": ""cuda"", ""random_seeds"": [42]}, ""run"": {""family"": ""DEEP"", ""seed"": 42, ""split"": ""fold_3""}, ""training"": {""batch_size"": 32, ""class_imbalance"": {""dataset_model_overrides"": [{""dataset"": ""BATADAL"", ""focal_gamma"": 2.0, ""loss_name"": ""focal"", ""model"": ""GRU""}], ""dataset_overrides"": {""SKAB"": {""use_pos_weight"": false}}, ""focal_gamma"": 2.0, ""loss_name"": ""bce"", ""pos_weight_strategy"": ""neg_pos_ratio"", ""use_pos_weight"": true}, ""early_stopping"": {""enabled"": true, ""mode"": ""min"", ""monitor"": ""val_loss"", ""patience"": 5}, ""epochs"": 50, ""optimizer"": ""adam"", ""threshold_tuning"": {""beta"": 2.0, ""dataset_overrides"": {""BATADAL"": {""metric"": ""f2""}, ""SKAB"": {""metric"": ""f1"", ""min_threshold"": 0.1}}, ""enabled"": true, ""end"": 0.99, ""metric"": ""f1"", ""start"": 0.01, ""step"": 0.01}}}",SKAB,"[""valve1"", ""valve2""]",anomaly,"[""datetime"", ""changepoint"", ""source_group"", ""source_file""]",source_file,0.6,0.2,0.2,True,mean,standard,True,1,16,1,False,32,True,0.0,0.05,cuda,[42],32,50,True,5,val_loss,min,True,neg_pos_ratio,bce,2.0,False,"[{""dataset"": ""BATADAL"", ""focal_gamma"": 2.0, ""loss_name"": ""focal"", ""model"": ""GRU""}]",True,f1,2.0,0.01,0.99,0.01,f2,f1,0.1,adam,0.1,4,3,4,1,True,levenshtein,True,0.0001,average_log_probability,0.05,DEEP,42,fold_3,GRU,gru,True,1.0,64.0,2.0,0.2,1,0.001,,,,,,
SKAB,GRU,fold_3,42,tuned_threshold_weighted_loss,0.42,0.8816455696202532,0.9286666666666666,0.8391566265060241,6,0.27777002087721164,val_loss,0.27777002087721164,1.0,bce,4396,0.3748334566987417,0.37111558238318804,0.39171974522292996,0.9381255686988171,0.9582806573957017,0.8803716608594657,0.9176755447941889,"{""automata"": {""anomaly_threshold"": 0.1, ""decision"": {""fallback_quantile"": 0.05, ""score_field"": ""average_log_probability""}, ""paa"": {""window_size"": 4}, ""probability"": {""epsilon"": 0.0001, ""smoothing"": true}, ""sax"": {""alphabet_size"": 3}, ""sliding_window"": {""size"": 4, ""stride"": 1}, ""unseen_pattern"": {""enabled"": true, ""method"": ""levenshtein""}}, ""dataset"": {""config"": {""drop_columns"": [""datetime"", ""changepoint"", ""source_group"", ""source_file""], ""group_column"": ""source_file"", ""split"": {""test"": 0.2, ""train"": 0.6, ""validation"": 0.2}, ""target_column"": ""anomaly"", ""valve_folders"": [""valve1"", ""valve2""]}, ""name"": ""SKAB""}, ""model"": {""config"": {""architecture"": ""gru"", ""dropout"": 0.2, ""enabled"": true, ""hidden_size"": 64, ""input_size"": 1, ""learning_rate"": 0.001, ""num_layers"": 2, ""output_size"": 1}, ""name"": ""GRU""}, ""noise"": {""enabled"": true, ""gaussian_mean"": 0.0, ""gaussian_std"": 0.05}, ""preprocessing"": {""dataset_overrides"": {""SKAB"": {""pca"": {""enabled"": false}, ""sequence_length"": 32}}, ""missing_data"": {""enabled"": true, ""strategy"": ""mean""}, ""pca"": {""enabled"": true, ""n_components"": 1}, ""scaler"": ""standard"", ""sequence_length"": 16, ""sequence_stride"": 1}, ""project"": {""device"": ""cuda"", ""random_seeds"": [42]}, ""run"": {""family"": ""DEEP"", ""seed"": 42, ""split"": ""fold_3""}, ""training"": {""batch_size"": 32, ""class_imbalance"": {""dataset_model_overrides"": [{""dataset"": ""BATADAL"", ""focal_gamma"": 2.0, ""loss_name"": ""focal"", ""model"": ""GRU""}], ""dataset_overrides"": {""SKAB"": {""use_pos_weight"": false}}, ""focal_gamma"": 2.0, ""loss_name"": ""bce"", ""pos_weight_strategy"": ""neg_pos_ratio"", ""use_pos_weight"": true}, ""early_stopping"": {""enabled"": true, ""mode"": ""min"", ""monitor"": ""val_loss"", ""patience"": 5}, ""epochs"": 50, ""optimizer"": ""adam"", ""threshold_tuning"": {""beta"": 2.0, ""dataset_overrides"": {""BATADAL"": {""metric"": ""f2""}, ""SKAB"": {""metric"": ""f1"", ""min_threshold"": 0.1}}, ""enabled"": true, ""end"": 0.99, ""metric"": ""f1"", ""start"": 0.01, ""step"": 0.01}}}",SKAB,"[""valve1"", ""valve2""]",anomaly,"[""datetime"", ""changepoint"", ""source_group"", ""source_file""]",source_file,0.6,0.2,0.2,True,mean,standard,True,1,16,1,False,32,True,0.0,0.05,cuda,[42],32,50,True,5,val_loss,min,True,neg_pos_ratio,bce,2.0,False,"[{""dataset"": ""BATADAL"", ""focal_gamma"": 2.0, ""loss_name"": ""focal"", ""model"": ""GRU""}]",True,f1,2.0,0.01,0.99,0.01,f2,f1,0.1,adam,0.1,4,3,4,1,True,levenshtein,True,0.0001,average_log_probability,0.05,DEEP,42,fold_3,GRU,gru,True,1.0,64.0,2.0,0.2,1,0.001,,,,,,
SKAB,CNN,fold_3,42,baseline_0.5_threshold,0.5,0.8554216867469879,0.9623493975903614,0.7698795180722892,6,0.3451889879716714,val_loss,0.3451889879716714,1.0,bce,4396,0.3748334566987417,0.37111558238318804,0.39171974522292996,0.9356232939035487,1.0,0.8356562137049942,0.9104713698196774,"{""automata"": {""anomaly_threshold"": 0.1, ""decision"": {""fallback_quantile"": 0.05, ""score_field"": ""average_log_probability""}, ""paa"": {""window_size"": 4}, ""probability"": {""epsilon"": 0.0001, ""smoothing"": true}, ""sax"": {""alphabet_size"": 3}, ""sliding_window"": {""size"": 4, ""stride"": 1}, ""unseen_pattern"": {""enabled"": true, ""method"": ""levenshtein""}}, ""dataset"": {""config"": {""drop_columns"": [""datetime"", ""changepoint"", ""source_group"", ""source_file""], ""group_column"": ""source_file"", ""split"": {""test"": 0.2, ""train"": 0.6, ""validation"": 0.2}, ""target_column"": ""anomaly"", ""valve_folders"": [""valve1"", ""valve2""]}, ""name"": ""SKAB""}, ""model"": {""config"": {""architecture"": ""cnn"", ""dropout"": 0.2, ""enabled"": true, ""input_channels"": 1, ""kernel_size"": 3, ""learning_rate"": 0.001, ""num_filters"": 64, ""output_size"": 1}, ""name"": ""CNN""}, ""noise"": {""enabled"": true, ""gaussian_mean"": 0.0, ""gaussian_std"": 0.05}, ""preprocessing"": {""dataset_overrides"": {""SKAB"": {""pca"": {""enabled"": false}, ""sequence_length"": 32}}, ""missing_data"": {""enabled"": true, ""strategy"": ""mean""}, ""pca"": {""enabled"": true, ""n_components"": 1}, ""scaler"": ""standard"", ""sequence_length"": 16, ""sequence_stride"": 1}, ""project"": {""device"": ""cuda"", ""random_seeds"": [42]}, ""run"": {""family"": ""DEEP"", ""seed"": 42, ""split"": ""fold_3""}, ""training"": {""batch_size"": 32, ""class_imbalance"": {""dataset_model_overrides"": [{""dataset"": ""BATADAL"", ""focal_gamma"": 2.0, ""loss_name"": ""focal"", ""model"": ""GRU""}], ""dataset_overrides"": {""SKAB"": {""use_pos_weight"": false}}, ""focal_gamma"": 2.0, ""loss_name"": ""bce"", ""pos_weight_strategy"": ""neg_pos_ratio"", ""use_pos_weight"": true}, ""early_stopping"": {""enabled"": true, ""mode"": ""min"", ""monitor"": ""val_loss"", ""patience"": 5}, ""epochs"": 50, ""optimizer"": ""adam"", ""threshold_tuning"": {""beta"": 2.0, ""dataset_overrides"": {""BATADAL"": {""metric"": ""f2""}, ""SKAB"": {""metric"": ""f1"", ""min_threshold"": 0.1}}, ""enabled"": true, ""end"": 0.99, ""metric"": ""f1"", ""start"": 0.01, ""step"": 0.01}}}",SKAB,"[""valve1"", ""valve2""]",anomaly,"[""datetime"", ""changepoint"", ""source_group"", ""source_file""]",source_file,0.6,0.2,0.2,True,mean,standard,True,1,16,1,False,32,True,0.0,0.05,cuda,[42],32,50,True,5,val_loss,min,True,neg_pos_ratio,bce,2.0,False,"[{""dataset"": ""BATADAL"", ""focal_gamma"": 2.0, ""loss_name"": ""focal"", ""model"": ""GRU""}]",True,f1,2.0,0.01,0.99,0.01,f2,f1,0.1,adam,0.1,4,3,4,1,True,levenshtein,True,0.0001,average_log_probability,0.05,DEEP,42,fold_3,CNN,cnn,True,,,,0.2,1,0.001,1.0,64.0,3.0,,,
SKAB,CNN,fold_3,42,tuned_threshold_weighted_loss,0.61,0.8554216867469879,0.9623493975903614,0.7698795180722892,6,0.3451889879716714,val_loss,0.3451889879716714,1.0,bce,4396,0.3748334566987417,0.37111558238318804,0.39171974522292996,0.9294813466787989,1.0,0.8199767711962834,0.9010848755583918,"{""automata"": {""anomaly_threshold"": 0.1, ""decision"": {""fallback_quantile"": 0.05, ""score_field"": ""average_log_probability""}, ""paa"": {""window_size"": 4}, ""probability"": {""epsilon"": 0.0001, ""smoothing"": true}, ""sax"": {""alphabet_size"": 3}, ""sliding_window"": {""size"": 4, ""stride"": 1}, ""unseen_pattern"": {""enabled"": true, ""method"": ""levenshtein""}}, ""dataset"": {""config"": {""drop_columns"": [""datetime"", ""changepoint"", ""source_group"", ""source_file""], ""group_column"": ""source_file"", ""split"": {""test"": 0.2, ""train"": 0.6, ""validation"": 0.2}, ""target_column"": ""anomaly"", ""valve_folders"": [""valve1"", ""valve2""]}, ""name"": ""SKAB""}, ""model"": {""config"": {""architecture"": ""cnn"", ""dropout"": 0.2, ""enabled"": true, ""input_channels"": 1, ""kernel_size"": 3, ""learning_rate"": 0.001, ""num_filters"": 64, ""output_size"": 1}, ""name"": ""CNN""}, ""noise"": {""enabled"": true, ""gaussian_mean"": 0.0, ""gaussian_std"": 0.05}, ""preprocessing"": {""dataset_overrides"": {""SKAB"": {""pca"": {""enabled"": false}, ""sequence_length"": 32}}, ""missing_data"": {""enabled"": true, ""strategy"": ""mean""}, ""pca"": {""enabled"": true, ""n_components"": 1}, ""scaler"": ""standard"", ""sequence_length"": 16, ""sequence_stride"": 1}, ""project"": {""device"": ""cuda"", ""random_seeds"": [42]}, ""run"": {""family"": ""DEEP"", ""seed"": 42, ""split"": ""fold_3""}, ""training"": {""batch_size"": 32, ""class_imbalance"": {""dataset_model_overrides"": [{""dataset"": ""BATADAL"", ""focal_gamma"": 2.0, ""loss_name"": ""focal"", ""model"": ""GRU""}], ""dataset_overrides"": {""SKAB"": {""use_pos_weight"": false}}, ""focal_gamma"": 2.0, ""loss_name"": ""bce"", ""pos_weight_strategy"": ""neg_pos_ratio"", ""use_pos_weight"": true}, ""early_stopping"": {""enabled"": true, ""mode"": ""min"", ""monitor"": ""val_loss"", ""patience"": 5}, ""epochs"": 50, ""optimizer"": ""adam"", ""threshold_tuning"": {""beta"": 2.0, ""dataset_overrides"": {""BATADAL"": {""metric"": ""f2""}, ""SKAB"": {""metric"": ""f1"", ""min_threshold"": 0.1}}, ""enabled"": true, ""end"": 0.99, ""metric"": ""f1"", ""start"": 0.01, ""step"": 0.01}}}",SKAB,"[""valve1"", ""valve2""]",anomaly,"[""datetime"", ""changepoint"", ""source_group"", ""source_file""]",source_file,0.6,0.2,0.2,True,mean,standard,True,1,16,1,False,32,True,0.0,0.05,cuda,[42],32,50,True,5,val_loss,min,True,neg_pos_ratio,bce,2.0,False,"[{""dataset"": ""BATADAL"", ""focal_gamma"": 2.0, ""loss_name"": ""focal"", ""model"": ""GRU""}]",True,f1,2.0,0.01,0.99,0.01,f2,f1,0.1,adam,0.1,4,3,4,1,True,levenshtein,True,0.0001,average_log_probability,0.05,DEEP,42,fold_3,CNN,cnn,True,,,,0.2,1,0.001,1.0,64.0,3.0,,,
SKAB,LSTM,fold_4,42,baseline_0.5_threshold,0.5,0.8666309587573647,0.9865853658536585,0.772683858643744,6,0.28599943555987845,val_loss,0.28599943555987845,1.0,bce,4511,0.37514051710293883,0.3867750277059475,0.3724229660829084,0.8840611837729994,1.0,0.6886904761904762,0.8156503348607684,"{""automata"": {""anomaly_threshold"": 0.1, ""decision"": {""fallback_quantile"": 0.05, ""score_field"": ""average_log_probability""}, ""paa"": {""window_size"": 4}, ""probability"": {""epsilon"": 0.0001, ""smoothing"": true}, ""sax"": {""alphabet_size"": 3}, ""sliding_window"": {""size"": 4, ""stride"": 1}, ""unseen_pattern"": {""enabled"": true, ""method"": ""levenshtein""}}, ""dataset"": {""config"": {""drop_columns"": [""datetime"", ""changepoint"", ""source_group"", ""source_file""], ""group_column"": ""source_file"", ""split"": {""test"": 0.2, ""train"": 0.6, ""validation"": 0.2}, ""target_column"": ""anomaly"", ""valve_folders"": [""valve1"", ""valve2""]}, ""name"": ""SKAB""}, ""model"": {""config"": {""architecture"": ""lstm"", ""dropout"": 0.2, ""enabled"": true, ""hidden_size"": 64, ""input_size"": 1, ""learning_rate"": 0.001, ""num_layers"": 2, ""output_size"": 1}, ""name"": ""LSTM""}, ""noise"": {""enabled"": true, ""gaussian_mean"": 0.0, ""gaussian_std"": 0.05}, ""preprocessing"": {""dataset_overrides"": {""SKAB"": {""pca"": {""enabled"": false}, ""sequence_length"": 32}}, ""missing_data"": {""enabled"": true, ""strategy"": ""mean""}, ""pca"": {""enabled"": true, ""n_components"": 1}, ""scaler"": ""standard"", ""sequence_length"": 16, ""sequence_stride"": 1}, ""project"": {""device"": ""cuda"", ""random_seeds"": [42]}, ""run"": {""family"": ""DEEP"", ""seed"": 42, ""split"": ""fold_4""}, ""training"": {""batch_size"": 32, ""class_imbalance"": {""dataset_model_overrides"": [{""dataset"": ""BATADAL"", ""focal_gamma"": 2.0, ""loss_name"": ""focal"", ""model"": ""GRU""}], ""dataset_overrides"": {""SKAB"": {""use_pos_weight"": false}}, ""focal_gamma"": 2.0, ""loss_name"": ""bce"", ""pos_weight_strategy"": ""neg_pos_ratio"", ""use_pos_weight"": true}, ""early_stopping"": {""enabled"": true, ""mode"": ""min"", ""monitor"": ""val_loss"", ""patience"": 5}, ""epochs"": 50, ""optimizer"": ""adam"", ""threshold_tuning"": {""beta"": 2.0, ""dataset_overrides"": {""BATADAL"": {""metric"": ""f2""}, ""SKAB"": {""metric"": ""f1"", ""min_threshold"": 0.1}}, ""enabled"": true, ""end"": 0.99, ""metric"": ""f1"", ""start"": 0.01, ""step"": 0.01}}}",SKAB,"[""valve1"", ""valve2""]",anomaly,"[""datetime"", ""changepoint"", ""source_group"", ""source_file""]",source_file,0.6,0.2,0.2,True,mean,standard,True,1,16,1,False,32,True,0.0,0.05,cuda,[42],32,50,True,5,val_loss,min,True,neg_pos_ratio,bce,2.0,False,"[{""dataset"": ""BATADAL"", ""focal_gamma"": 2.0, ""loss_name"": ""focal"", ""model"": ""GRU""}]",True,f1,2.0,0.01,0.99,0.01,f2,f1,0.1,adam,0.1,4,3,4,1,True,levenshtein,True,0.0001,average_log_probability,0.05,DEEP,42,fold_4,LSTM,lstm,True,1.0,64.0,2.0,0.2,1,0.001,,,,,,
SKAB,LSTM,fold_4,42,tuned_threshold_weighted_loss,0.42,0.8666309587573647,0.9865853658536585,0.772683858643744,6,0.28599943555987845,val_loss,0.28599943555987845,1.0,bce,4511,0.37514051710293883,0.3867750277059475,0.3724229660829084,0.8898248725338063,1.0,0.7041666666666667,0.8264058679706602,"{""automata"": {""anomaly_threshold"": 0.1, ""decision"": {""fallback_quantile"": 0.05, ""score_field"": ""average_log_probability""}, ""paa"": {""window_size"": 4}, ""probability"": {""epsilon"": 0.0001, ""smoothing"": true}, ""sax"": {""alphabet_size"": 3}, ""sliding_window"": {""size"": 4, ""stride"": 1}, ""unseen_pattern"": {""enabled"": true, ""method"": ""levenshtein""}}, ""dataset"": {""config"": {""drop_columns"": [""datetime"", ""changepoint"", ""source_group"", ""source_file""], ""group_column"": ""source_file"", ""split"": {""test"": 0.2, ""train"": 0.6, ""validation"": 0.2}, ""target_column"": ""anomaly"", ""valve_folders"": [""valve1"", ""valve2""]}, ""name"": ""SKAB""}, ""model"": {""config"": {""architecture"": ""lstm"", ""dropout"": 0.2, ""enabled"": true, ""hidden_size"": 64, ""input_size"": 1, ""learning_rate"": 0.001, ""num_layers"": 2, ""output_size"": 1}, ""name"": ""LSTM""}, ""noise"": {""enabled"": true, ""gaussian_mean"": 0.0, ""gaussian_std"": 0.05}, ""preprocessing"": {""dataset_overrides"": {""SKAB"": {""pca"": {""enabled"": false}, ""sequence_length"": 32}}, ""missing_data"": {""enabled"": true, ""strategy"": ""mean""}, ""pca"": {""enabled"": true, ""n_components"": 1}, ""scaler"": ""standard"", ""sequence_length"": 16, ""sequence_stride"": 1}, ""project"": {""device"": ""cuda"", ""random_seeds"": [42]}, ""run"": {""family"": ""DEEP"", ""seed"": 42, ""split"": ""fold_4""}, ""training"": {""batch_size"": 32, ""class_imbalance"": {""dataset_model_overrides"": [{""dataset"": ""BATADAL"", ""focal_gamma"": 2.0, ""loss_name"": ""focal"", ""model"": ""GRU""}], ""dataset_overrides"": {""SKAB"": {""use_pos_weight"": false}}, ""focal_gamma"": 2.0, ""loss_name"": ""bce"", ""pos_weight_strategy"": ""neg_pos_ratio"", ""use_pos_weight"": true}, ""early_stopping"": {""enabled"": true, ""mode"": ""min"", ""monitor"": ""val_loss"", ""patience"": 5}, ""epochs"": 50, ""optimizer"": ""adam"", ""threshold_tuning"": {""beta"": 2.0, ""dataset_overrides"": {""BATADAL"": {""metric"": ""f2""}, ""SKAB"": {""metric"": ""f1"", ""min_threshold"": 0.1}}, ""enabled"": true, ""end"": 0.99, ""metric"": ""f1"", ""start"": 0.01, ""step"": 0.01}}}",SKAB,"[""valve1"", ""valve2""]",anomaly,"[""datetime"", ""changepoint"", ""source_group"", ""source_file""]",source_file,0.6,0.2,0.2,True,mean,standard,True,1,16,1,False,32,True,0.0,0.05,cuda,[42],32,50,True,5,val_loss,min,True,neg_pos_ratio,bce,2.0,False,"[{""dataset"": ""BATADAL"", ""focal_gamma"": 2.0, ""loss_name"": ""focal"", ""model"": ""GRU""}]",True,f1,2.0,0.01,0.99,0.01,f2,f1,0.1,adam,0.1,4,3,4,1,True,levenshtein,True,0.0001,average_log_probability,0.05,DEEP,42,fold_4,LSTM,lstm,True,1.0,64.0,2.0,0.2,1,0.001,,,,,,
SKAB,GRU,fold_4,42,baseline_0.5_threshold,0.5,0.8755296610169492,0.9827586206896551,0.7893982808022922,7,0.27504286722537774,val_loss,0.27504286722537774,1.0,bce,4511,0.37514051710293883,0.3867750277059475,0.3724229660829084,0.9303923741964087,0.9992690058479532,0.8136904761904762,0.8969816272965879,"{""automata"": {""anomaly_threshold"": 0.1, ""decision"": {""fallback_quantile"": 0.05, ""score_field"": ""average_log_probability""}, ""paa"": {""window_size"": 4}, ""probability"": {""epsilon"": 0.0001, ""smoothing"": true}, ""sax"": {""alphabet_size"": 3}, ""sliding_window"": {""size"": 4, ""stride"": 1}, ""unseen_pattern"": {""enabled"": true, ""method"": ""levenshtein""}}, ""dataset"": {""config"": {""drop_columns"": [""datetime"", ""changepoint"", ""source_group"", ""source_file""], ""group_column"": ""source_file"", ""split"": {""test"": 0.2, ""train"": 0.6, ""validation"": 0.2}, ""target_column"": ""anomaly"", ""valve_folders"": [""valve1"", ""valve2""]}, ""name"": ""SKAB""}, ""model"": {""config"": {""architecture"": ""gru"", ""dropout"": 0.2, ""enabled"": true, ""hidden_size"": 64, ""input_size"": 1, ""learning_rate"": 0.001, ""num_layers"": 2, ""output_size"": 1}, ""name"": ""GRU""}, ""noise"": {""enabled"": true, ""gaussian_mean"": 0.0, ""gaussian_std"": 0.05}, ""preprocessing"": {""dataset_overrides"": {""SKAB"": {""pca"": {""enabled"": false}, ""sequence_length"": 32}}, ""missing_data"": {""enabled"": true, ""strategy"": ""mean""}, ""pca"": {""enabled"": true, ""n_components"": 1}, ""scaler"": ""standard"", ""sequence_length"": 16, ""sequence_stride"": 1}, ""project"": {""device"": ""cuda"", ""random_seeds"": [42]}, ""run"": {""family"": ""DEEP"", ""seed"": 42, ""split"": ""fold_4""}, ""training"": {""batch_size"": 32, ""class_imbalance"": {""dataset_model_overrides"": [{""dataset"": ""BATADAL"", ""focal_gamma"": 2.0, ""loss_name"": ""focal"", ""model"": ""GRU""}], ""dataset_overrides"": {""SKAB"": {""use_pos_weight"": false}}, ""focal_gamma"": 2.0, ""loss_name"": ""bce"", ""pos_weight_strategy"": ""neg_pos_ratio"", ""use_pos_weight"": true}, ""early_stopping"": {""enabled"": true, ""mode"": ""min"", ""monitor"": ""val_loss"", ""patience"": 5}, ""epochs"": 50, ""optimizer"": ""adam"", ""threshold_tuning"": {""beta"": 2.0, ""dataset_overrides"": {""BATADAL"": {""metric"": ""f2""}, ""SKAB"": {""metric"": ""f1"", ""min_threshold"": 0.1}}, ""enabled"": true, ""end"": 0.99, ""metric"": ""f1"", ""start"": 0.01, ""step"": 0.01}}}",SKAB,"[""valve1"", ""valve2""]",anomaly,"[""datetime"", ""changepoint"", ""source_group"", ""source_file""]",source_file,0.6,0.2,0.2,True,mean,standard,True,1,16,1,False,32,True,0.0,0.05,cuda,[42],32,50,True,5,val_loss,min,True,neg_pos_ratio,bce,2.0,False,"[{""dataset"": ""BATADAL"", ""focal_gamma"": 2.0, ""loss_name"": ""focal"", ""model"": ""GRU""}]",True,f1,2.0,0.01,0.99,0.01,f2,f1,0.1,adam,0.1,4,3,4,1,True,levenshtein,True,0.0001,average_log_probability,0.05,DEEP,42,fold_4,GRU,gru,True,1.0,64.0,2.0,0.2,1,0.001,,,,,,
SKAB,GRU,fold_4,42,tuned_threshold_weighted_loss,0.78,0.8755296610169492,0.9827586206896551,0.7893982808022922,7,0.27504286722537774,val_loss,0.27504286722537774,1.0,bce,4511,0.37514051710293883,0.3867750277059475,0.3724229660829084,0.9190866770117491,1.0,0.7827380952380952,0.8781302170283807,"{""automata"": {""anomaly_threshold"": 0.1, ""decision"": {""fallback_quantile"": 0.05, ""score_field"": ""average_log_probability""}, ""paa"": {""window_size"": 4}, ""probability"": {""epsilon"": 0.0001, ""smoothing"": true}, ""sax"": {""alphabet_size"": 3}, ""sliding_window"": {""size"": 4, ""stride"": 1}, ""unseen_pattern"": {""enabled"": true, ""method"": ""levenshtein""}}, ""dataset"": {""config"": {""drop_columns"": [""datetime"", ""changepoint"", ""source_group"", ""source_file""], ""group_column"": ""source_file"", ""split"": {""test"": 0.2, ""train"": 0.6, ""validation"": 0.2}, ""target_column"": ""anomaly"", ""valve_folders"": [""valve1"", ""valve2""]}, ""name"": ""SKAB""}, ""model"": {""config"": {""architecture"": ""gru"", ""dropout"": 0.2, ""enabled"": true, ""hidden_size"": 64, ""input_size"": 1, ""learning_rate"": 0.001, ""num_layers"": 2, ""output_size"": 1}, ""name"": ""GRU""}, ""noise"": {""enabled"": true, ""gaussian_mean"": 0.0, ""gaussian_std"": 0.05}, ""preprocessing"": {""dataset_overrides"": {""SKAB"": {""pca"": {""enabled"": false}, ""sequence_length"": 32}}, ""missing_data"": {""enabled"": true, ""strategy"": ""mean""}, ""pca"": {""enabled"": true, ""n_components"": 1}, ""scaler"": ""standard"", ""sequence_length"": 16, ""sequence_stride"": 1}, ""project"": {""device"": ""cuda"", ""random_seeds"": [42]}, ""run"": {""family"": ""DEEP"", ""seed"": 42, ""split"": ""fold_4""}, ""training"": {""batch_size"": 32, ""class_imbalance"": {""dataset_model_overrides"": [{""dataset"": ""BATADAL"", ""focal_gamma"": 2.0, ""loss_name"": ""focal"", ""model"": ""GRU""}], ""dataset_overrides"": {""SKAB"": {""use_pos_weight"": false}}, ""focal_gamma"": 2.0, ""loss_name"": ""bce"", ""pos_weight_strategy"": ""neg_pos_ratio"", ""use_pos_weight"": true}, ""early_stopping"": {""enabled"": true, ""mode"": ""min"", ""monitor"": ""val_loss"", ""patience"": 5}, ""epochs"": 50, ""optimizer"": ""adam"", ""threshold_tuning"": {""beta"": 2.0, ""dataset_overrides"": {""BATADAL"": {""metric"": ""f2""}, ""SKAB"": {""metric"": ""f1"", ""min_threshold"": 0.1}}, ""enabled"": true, ""end"": 0.99, ""metric"": ""f1"", ""start"": 0.01, ""step"": 0.01}}}",SKAB,"[""valve1"", ""valve2""]",anomaly,"[""datetime"", ""changepoint"", ""source_group"", ""source_file""]",source_file,0.6,0.2,0.2,True,mean,standard,True,1,16,1,False,32,True,0.0,0.05,cuda,[42],32,50,True,5,val_loss,min,True,neg_pos_ratio,bce,2.0,False,"[{""dataset"": ""BATADAL"", ""focal_gamma"": 2.0, ""loss_name"": ""focal"", ""model"": ""GRU""}]",True,f1,2.0,0.01,0.99,0.01,f2,f1,0.1,adam,0.1,4,3,4,1,True,levenshtein,True,0.0001,average_log_probability,0.05,DEEP,42,fold_4,GRU,gru,True,1.0,64.0,2.0,0.2,1,0.001,,,,,,
SKAB,CNN,fold_4,42,baseline_0.5_threshold,0.5,0.8766833905466068,0.980507974010632,0.792741165234002,13,0.26687215551945037,val_loss,0.26687215551945037,1.0,bce,4511,0.37514051710293883,0.3867750277059475,0.3724229660829084,0.914874750609621,1.0,0.7714285714285715,0.8709677419354839,"{""automata"": {""anomaly_threshold"": 0.1, ""decision"": {""fallback_quantile"": 0.05, ""score_field"": ""average_log_probability""}, ""paa"": {""window_size"": 4}, ""probability"": {""epsilon"": 0.0001, ""smoothing"": true}, ""sax"": {""alphabet_size"": 3}, ""sliding_window"": {""size"": 4, ""stride"": 1}, ""unseen_pattern"": {""enabled"": true, ""method"": ""levenshtein""}}, ""dataset"": {""config"": {""drop_columns"": [""datetime"", ""changepoint"", ""source_group"", ""source_file""], ""group_column"": ""source_file"", ""split"": {""test"": 0.2, ""train"": 0.6, ""validation"": 0.2}, ""target_column"": ""anomaly"", ""valve_folders"": [""valve1"", ""valve2""]}, ""name"": ""SKAB""}, ""model"": {""config"": {""architecture"": ""cnn"", ""dropout"": 0.2, ""enabled"": true, ""input_channels"": 1, ""kernel_size"": 3, ""learning_rate"": 0.001, ""num_filters"": 64, ""output_size"": 1}, ""name"": ""CNN""}, ""noise"": {""enabled"": true, ""gaussian_mean"": 0.0, ""gaussian_std"": 0.05}, ""preprocessing"": {""dataset_overrides"": {""SKAB"": {""pca"": {""enabled"": false}, ""sequence_length"": 32}}, ""missing_data"": {""enabled"": true, ""strategy"": ""mean""}, ""pca"": {""enabled"": true, ""n_components"": 1}, ""scaler"": ""standard"", ""sequence_length"": 16, ""sequence_stride"": 1}, ""project"": {""device"": ""cuda"", ""random_seeds"": [42]}, ""run"": {""family"": ""DEEP"", ""seed"": 42, ""split"": ""fold_4""}, ""training"": {""batch_size"": 32, ""class_imbalance"": {""dataset_model_overrides"": [{""dataset"": ""BATADAL"", ""focal_gamma"": 2.0, ""loss_name"": ""focal"", ""model"": ""GRU""}], ""dataset_overrides"": {""SKAB"": {""use_pos_weight"": false}}, ""focal_gamma"": 2.0, ""loss_name"": ""bce"", ""pos_weight_strategy"": ""neg_pos_ratio"", ""use_pos_weight"": true}, ""early_stopping"": {""enabled"": true, ""mode"": ""min"", ""monitor"": ""val_loss"", ""patience"": 5}, ""epochs"": 50, ""optimizer"": ""adam"", ""threshold_tuning"": {""beta"": 2.0, ""dataset_overrides"": {""BATADAL"": {""metric"": ""f2""}, ""SKAB"": {""metric"": ""f1"", ""min_threshold"": 0.1}}, ""enabled"": true, ""end"": 0.99, ""metric"": ""f1"", ""start"": 0.01, ""step"": 0.01}}}",SKAB,"[""valve1"", ""valve2""]",anomaly,"[""datetime"", ""changepoint"", ""source_group"", ""source_file""]",source_file,0.6,0.2,0.2,True,mean,standard,True,1,16,1,False,32,True,0.0,0.05,cuda,[42],32,50,True,5,val_loss,min,True,neg_pos_ratio,bce,2.0,False,"[{""dataset"": ""BATADAL"", ""focal_gamma"": 2.0, ""loss_name"": ""focal"", ""model"": ""GRU""}]",True,f1,2.0,0.01,0.99,0.01,f2,f1,0.1,adam,0.1,4,3,4,1,True,levenshtein,True,0.0001,average_log_probability,0.05,DEEP,42,fold_4,CNN,cnn,True,,,,0.2,1,0.001,1.0,64.0,3.0,,,
SKAB,CNN,fold_4,42,tuned_threshold_weighted_loss,0.46,0.8766833905466068,0.980507974010632,0.792741165234002,13,0.26687215551945037,val_loss,0.26687215551945037,1.0,bce,4511,0.37514051710293883,0.3867750277059475,0.3724229660829084,0.9199733983595655,1.0,0.7851190476190476,0.8796265421807269,"{""automata"": {""anomaly_threshold"": 0.1, ""decision"": {""fallback_quantile"": 0.05, ""score_field"": ""average_log_probability""}, ""paa"": {""window_size"": 4}, ""probability"": {""epsilon"": 0.0001, ""smoothing"": true}, ""sax"": {""alphabet_size"": 3}, ""sliding_window"": {""size"": 4, ""stride"": 1}, ""unseen_pattern"": {""enabled"": true, ""method"": ""levenshtein""}}, ""dataset"": {""config"": {""drop_columns"": [""datetime"", ""changepoint"", ""source_group"", ""source_file""], ""group_column"": ""source_file"", ""split"": {""test"": 0.2, ""train"": 0.6, ""validation"": 0.2}, ""target_column"": ""anomaly"", ""valve_folders"": [""valve1"", ""valve2""]}, ""name"": ""SKAB""}, ""model"": {""config"": {""architecture"": ""cnn"", ""dropout"": 0.2, ""enabled"": true, ""input_channels"": 1, ""kernel_size"": 3, ""learning_rate"": 0.001, ""num_filters"": 64, ""output_size"": 1}, ""name"": ""CNN""}, ""noise"": {""enabled"": true, ""gaussian_mean"": 0.0, ""gaussian_std"": 0.05}, ""preprocessing"": {""dataset_overrides"": {""SKAB"": {""pca"": {""enabled"": false}, ""sequence_length"": 32}}, ""missing_data"": {""enabled"": true, ""strategy"": ""mean""}, ""pca"": {""enabled"": true, ""n_components"": 1}, ""scaler"": ""standard"", ""sequence_length"": 16, ""sequence_stride"": 1}, ""project"": {""device"": ""cuda"", ""random_seeds"": [42]}, ""run"": {""family"": ""DEEP"", ""seed"": 42, ""split"": ""fold_4""}, ""training"": {""batch_size"": 32, ""class_imbalance"": {""dataset_model_overrides"": [{""dataset"": ""BATADAL"", ""focal_gamma"": 2.0, ""loss_name"": ""focal"", ""model"": ""GRU""}], ""dataset_overrides"": {""SKAB"": {""use_pos_weight"": false}}, ""focal_gamma"": 2.0, ""loss_name"": ""bce"", ""pos_weight_strategy"": ""neg_pos_ratio"", ""use_pos_weight"": true}, ""early_stopping"": {""enabled"": true, ""mode"": ""min"", ""monitor"": ""val_loss"", ""patience"": 5}, ""epochs"": 50, ""optimizer"": ""adam"", ""threshold_tuning"": {""beta"": 2.0, ""dataset_overrides"": {""BATADAL"": {""metric"": ""f2""}, ""SKAB"": {""metric"": ""f1"", ""min_threshold"": 0.1}}, ""enabled"": true, ""end"": 0.99, ""metric"": ""f1"", ""start"": 0.01, ""step"": 0.01}}}",SKAB,"[""valve1"", ""valve2""]",anomaly,"[""datetime"", ""changepoint"", ""source_group"", ""source_file""]",source_file,0.6,0.2,0.2,True,mean,standard,True,1,16,1,False,32,True,0.0,0.05,cuda,[42],32,50,True,5,val_loss,min,True,neg_pos_ratio,bce,2.0,False,"[{""dataset"": ""BATADAL"", ""focal_gamma"": 2.0, ""loss_name"": ""focal"", ""model"": ""GRU""}]",True,f1,2.0,0.01,0.99,0.01,f2,f1,0.1,adam,0.1,4,3,4,1,True,levenshtein,True,0.0001,average_log_probability,0.05,DEEP,42,fold_4,CNN,cnn,True,,,,0.2,1,0.001,1.0,64.0,3.0,,,
SKAB,LSTM,fold_0,123,baseline_0.5_threshold,0.5,0.8957133717210493,1.0,0.8111239860950173,11,0.24893132819491004,val_loss,0.24893132819491004,1.0,bce,4467,0.37464830445727826,0.3917385383567862,0.3716140586523394,0.8880680546227894,0.8771131339401821,0.8126506024096386,0.8436522826766729,"{""automata"": {""anomaly_threshold"": 0.1, ""decision"": {""fallback_quantile"": 0.05, ""score_field"": ""average_log_probability""}, ""paa"": {""window_size"": 4}, ""probability"": {""epsilon"": 0.0001, ""smoothing"": true}, ""sax"": {""alphabet_size"": 3}, ""sliding_window"": {""size"": 4, ""stride"": 1}, ""unseen_pattern"": {""enabled"": true, ""method"": ""levenshtein""}}, ""dataset"": {""config"": {""drop_columns"": [""datetime"", ""changepoint"", ""source_group"", ""source_file""], ""group_column"": ""source_file"", ""split"": {""test"": 0.2, ""train"": 0.6, ""validation"": 0.2}, ""target_column"": ""anomaly"", ""valve_folders"": [""valve1"", ""valve2""]}, ""name"": ""SKAB""}, ""model"": {""config"": {""architecture"": ""lstm"", ""dropout"": 0.2, ""enabled"": true, ""hidden_size"": 64, ""input_size"": 1, ""learning_rate"": 0.001, ""num_layers"": 2, ""output_size"": 1}, ""name"": ""LSTM""}, ""noise"": {""enabled"": true, ""gaussian_mean"": 0.0, ""gaussian_std"": 0.05}, ""preprocessing"": {""dataset_overrides"": {""SKAB"": {""pca"": {""enabled"": false}, ""sequence_length"": 32}}, ""missing_data"": {""enabled"": true, ""strategy"": ""mean""}, ""pca"": {""enabled"": true, ""n_components"": 1}, ""scaler"": ""standard"", ""sequence_length"": 16, ""sequence_stride"": 1}, ""project"": {""device"": ""cuda"", ""random_seeds"": [123]}, ""run"": {""family"": ""DEEP"", ""seed"": 123, ""split"": ""fold_0""}, ""training"": {""batch_size"": 32, ""class_imbalance"": {""dataset_model_overrides"": [{""dataset"": ""BATADAL"", ""focal_gamma"": 2.0, ""loss_name"": ""focal"", ""model"": ""GRU""}], ""dataset_overrides"": {""SKAB"": {""use_pos_weight"": false}}, ""focal_gamma"": 2.0, ""loss_name"": ""bce"", ""pos_weight_strategy"": ""neg_pos_ratio"", ""use_pos_weight"": true}, ""early_stopping"": {""enabled"": true, ""mode"": ""min"", ""monitor"": ""val_loss"", ""patience"": 5}, ""epochs"": 50, ""optimizer"": ""adam"", ""threshold_tuning"": {""beta"": 2.0, ""dataset_overrides"": {""BATADAL"": {""metric"": ""f2""}, ""SKAB"": {""metric"": ""f1"", ""min_threshold"": 0.1}}, ""enabled"": true, ""end"": 0.99, ""metric"": ""f1"", ""start"": 0.01, ""step"": 0.01}}}",SKAB,"[""valve1"", ""valve2""]",anomaly,"[""datetime"", ""changepoint"", ""source_group"", ""source_file""]",source_file,0.6,0.2,0.2,True,mean,standard,True,1,16,1,False,32,True,0.0,0.05,cuda,[123],32,50,True,5,val_loss,min,True,neg_pos_ratio,bce,2.0,False,"[{""dataset"": ""BATADAL"", ""focal_gamma"": 2.0, ""loss_name"": ""focal"", ""model"": ""GRU""}]",True,f1,2.0,0.01,0.99,0.01,f2,f1,0.1,adam,0.1,4,3,4,1,True,levenshtein,True,0.0001,average_log_probability,0.05,DEEP,123,fold_0,LSTM,lstm,True,1.0,64.0,2.0,0.2,1,0.001,,,,,,
SKAB,LSTM,fold_0,123,tuned_threshold_weighted_loss,0.22,0.8957133717210493,1.0,0.8111239860950173,11,0.24893132819491004,val_loss,0.24893132819491004,1.0,bce,4467,0.37464830445727826,0.3917385383567862,0.3716140586523394,0.8856055518244907,0.868505452212957,0.8156626506024096,0.8412550481515999,"{""automata"": {""anomaly_threshold"": 0.1, ""decision"": {""fallback_quantile"": 0.05, ""score_field"": ""average_log_probability""}, ""paa"": {""window_size"": 4}, ""probability"": {""epsilon"": 0.0001, ""smoothing"": true}, ""sax"": {""alphabet_size"": 3}, ""sliding_window"": {""size"": 4, ""stride"": 1}, ""unseen_pattern"": {""enabled"": true, ""method"": ""levenshtein""}}, ""dataset"": {""config"": {""drop_columns"": [""datetime"", ""changepoint"", ""source_group"", ""source_file""], ""group_column"": ""source_file"", ""split"": {""test"": 0.2, ""train"": 0.6, ""validation"": 0.2}, ""target_column"": ""anomaly"", ""valve_folders"": [""valve1"", ""valve2""]}, ""name"": ""SKAB""}, ""model"": {""config"": {""architecture"": ""lstm"", ""dropout"": 0.2, ""enabled"": true, ""hidden_size"": 64, ""input_size"": 1, ""learning_rate"": 0.001, ""num_layers"": 2, ""output_size"": 1}, ""name"": ""LSTM""}, ""noise"": {""enabled"": true, ""gaussian_mean"": 0.0, ""gaussian_std"": 0.05}, ""preprocessing"": {""dataset_overrides"": {""SKAB"": {""pca"": {""enabled"": false}, ""sequence_length"": 32}}, ""missing_data"": {""enabled"": true, ""strategy"": ""mean""}, ""pca"": {""enabled"": true, ""n_components"": 1}, ""scaler"": ""standard"", ""sequence_length"": 16, ""sequence_stride"": 1}, ""project"": {""device"": ""cuda"", ""random_seeds"": [123]}, ""run"": {""family"": ""DEEP"", ""seed"": 123, ""split"": ""fold_0""}, ""training"": {""batch_size"": 32, ""class_imbalance"": {""dataset_model_overrides"": [{""dataset"": ""BATADAL"", ""focal_gamma"": 2.0, ""loss_name"": ""focal"", ""model"": ""GRU""}], ""dataset_overrides"": {""SKAB"": {""use_pos_weight"": false}}, ""focal_gamma"": 2.0, ""loss_name"": ""bce"", ""pos_weight_strategy"": ""neg_pos_ratio"", ""use_pos_weight"": true}, ""early_stopping"": {""enabled"": true, ""mode"": ""min"", ""monitor"": ""val_loss"", ""patience"": 5}, ""epochs"": 50, ""optimizer"": ""adam"", ""threshold_tuning"": {""beta"": 2.0, ""dataset_overrides"": {""BATADAL"": {""metric"": ""f2""}, ""SKAB"": {""metric"": ""f1"", ""min_threshold"": 0.1}}, ""enabled"": true, ""end"": 0.99, ""metric"": ""f1"", ""start"": 0.01, ""step"": 0.01}}}",SKAB,"[""valve1"", ""valve2""]",anomaly,"[""datetime"", ""changepoint"", ""source_group"", ""source_file""]",source_file,0.6,0.2,0.2,True,mean,standard,True,1,16,1,False,32,True,0.0,0.05,cuda,[123],32,50,True,5,val_loss,min,True,neg_pos_ratio,bce,2.0,False,"[{""dataset"": ""BATADAL"", ""focal_gamma"": 2.0, ""loss_name"": ""focal"", ""model"": ""GRU""}]",True,f1,2.0,0.01,0.99,0.01,f2,f1,0.1,adam,0.1,4,3,4,1,True,levenshtein,True,0.0001,average_log_probability,0.05,DEEP,123,fold_0,LSTM,lstm,True,1.0,64.0,2.0,0.2,1,0.001,,,,,,
SKAB,GRU,fold_0,123,baseline_0.5_threshold,0.5,0.8930737312480052,0.994314143567875,0.8105446118192352,6,0.25189907037827625,val_loss,0.25189907037827625,1.0,bce,4467,0.37464830445727826,0.3917385383567862,0.3716140586523394,0.8728453100514887,0.8317132442284325,0.8246987951807229,0.8281911675741077,"{""automata"": {""anomaly_threshold"": 0.1, ""decision"": {""fallback_quantile"": 0.05, ""score_field"": ""average_log_probability""}, ""paa"": {""window_size"": 4}, ""probability"": {""epsilon"": 0.0001, ""smoothing"": true}, ""sax"": {""alphabet_size"": 3}, ""sliding_window"": {""size"": 4, ""stride"": 1}, ""unseen_pattern"": {""enabled"": true, ""method"": ""levenshtein""}}, ""dataset"": {""config"": {""drop_columns"": [""datetime"", ""changepoint"", ""source_group"", ""source_file""], ""group_column"": ""source_file"", ""split"": {""test"": 0.2, ""train"": 0.6, ""validation"": 0.2}, ""target_column"": ""anomaly"", ""valve_folders"": [""valve1"", ""valve2""]}, ""name"": ""SKAB""}, ""model"": {""config"": {""architecture"": ""gru"", ""dropout"": 0.2, ""enabled"": true, ""hidden_size"": 64, ""input_size"": 1, ""learning_rate"": 0.001, ""num_layers"": 2, ""output_size"": 1}, ""name"": ""GRU""}, ""noise"": {""enabled"": true, ""gaussian_mean"": 0.0, ""gaussian_std"": 0.05}, ""preprocessing"": {""dataset_overrides"": {""SKAB"": {""pca"": {""enabled"": false}, ""sequence_length"": 32}}, ""missing_data"": {""enabled"": true, ""strategy"": ""mean""}, ""pca"": {""enabled"": true, ""n_components"": 1}, ""scaler"": ""standard"", ""sequence_length"": 16, ""sequence_stride"": 1}, ""project"": {""device"": ""cuda"", ""random_seeds"": [123]}, ""run"": {""family"": ""DEEP"", ""seed"": 123, ""split"": ""fold_0""}, ""training"": {""batch_size"": 32, ""class_imbalance"": {""dataset_model_overrides"": [{""dataset"": ""BATADAL"", ""focal_gamma"": 2.0, ""loss_name"": ""focal"", ""model"": ""GRU""}], ""dataset_overrides"": {""SKAB"": {""use_pos_weight"": false}}, ""focal_gamma"": 2.0, ""loss_name"": ""bce"", ""pos_weight_strategy"": ""neg_pos_ratio"", ""use_pos_weight"": true}, ""early_stopping"": {""enabled"": true, ""mode"": ""min"", ""monitor"": ""val_loss"", ""patience"": 5}, ""epochs"": 50, ""optimizer"": ""adam"", ""threshold_tuning"": {""beta"": 2.0, ""dataset_overrides"": {""BATADAL"": {""metric"": ""f2""}, ""SKAB"": {""metric"": ""f1"", ""min_threshold"": 0.1}}, ""enabled"": true, ""end"": 0.99, ""metric"": ""f1"", ""start"": 0.01, ""step"": 0.01}}}",SKAB,"[""valve1"", ""valve2""]",anomaly,"[""datetime"", ""changepoint"", ""source_group"", ""source_file""]",source_file,0.6,0.2,0.2,True,mean,standard,True,1,16,1,False,32,True,0.0,0.05,cuda,[123],32,50,True,5,val_loss,min,True,neg_pos_ratio,bce,2.0,False,"[{""dataset"": ""BATADAL"", ""focal_gamma"": 2.0, ""loss_name"": ""focal"", ""model"": ""GRU""}]",True,f1,2.0,0.01,0.99,0.01,f2,f1,0.1,adam,0.1,4,3,4,1,True,levenshtein,True,0.0001,average_log_probability,0.05,DEEP,123,fold_0,GRU,gru,True,1.0,64.0,2.0,0.2,1,0.001,,,,,,
SKAB,GRU,fold_0,123,tuned_threshold_weighted_loss,0.72,0.8930737312480052,0.994314143567875,0.8105446118192352,6,0.25189907037827625,val_loss,0.25189907037827625,1.0,bce,4467,0.37464830445727826,0.3917385383567862,0.3716140586523394,0.8829191851354377,0.8651252408477842,0.8114457831325301,0.8374261734535281,"{""automata"": {""anomaly_threshold"": 0.1, ""decision"": {""fallback_quantile"": 0.05, ""score_field"": ""average_log_probability""}, ""paa"": {""window_size"": 4}, ""probability"": {""epsilon"": 0.0001, ""smoothing"": true}, ""sax"": {""alphabet_size"": 3}, ""sliding_window"": {""size"": 4, ""stride"": 1}, ""unseen_pattern"": {""enabled"": true, ""method"": ""levenshtein""}}, ""dataset"": {""config"": {""drop_columns"": [""datetime"", ""changepoint"", ""source_group"", ""source_file""], ""group_column"": ""source_file"", ""split"": {""test"": 0.2, ""train"": 0.6, ""validation"": 0.2}, ""target_column"": ""anomaly"", ""valve_folders"": [""valve1"", ""valve2""]}, ""name"": ""SKAB""}, ""model"": {""config"": {""architecture"": ""gru"", ""dropout"": 0.2, ""enabled"": true, ""hidden_size"": 64, ""input_size"": 1, ""learning_rate"": 0.001, ""num_layers"": 2, ""output_size"": 1}, ""name"": ""GRU""}, ""noise"": {""enabled"": true, ""gaussian_mean"": 0.0, ""gaussian_std"": 0.05}, ""preprocessing"": {""dataset_overrides"": {""SKAB"": {""pca"": {""enabled"": false}, ""sequence_length"": 32}}, ""missing_data"": {""enabled"": true, ""strategy"": ""mean""}, ""pca"": {""enabled"": true, ""n_components"": 1}, ""scaler"": ""standard"", ""sequence_length"": 16, ""sequence_stride"": 1}, ""project"": {""device"": ""cuda"", ""random_seeds"": [123]}, ""run"": {""family"": ""DEEP"", ""seed"": 123, ""split"": ""fold_0""}, ""training"": {""batch_size"": 32, ""class_imbalance"": {""dataset_model_overrides"": [{""dataset"": ""BATADAL"", ""focal_gamma"": 2.0, ""loss_name"": ""focal"", ""model"": ""GRU""}], ""dataset_overrides"": {""SKAB"": {""use_pos_weight"": false}}, ""focal_gamma"": 2.0, ""loss_name"": ""bce"", ""pos_weight_strategy"": ""neg_pos_ratio"", ""use_pos_weight"": true}, ""early_stopping"": {""enabled"": true, ""mode"": ""min"", ""monitor"": ""val_loss"", ""patience"": 5}, ""epochs"": 50, ""optimizer"": ""adam"", ""threshold_tuning"": {""beta"": 2.0, ""dataset_overrides"": {""BATADAL"": {""metric"": ""f2""}, ""SKAB"": {""metric"": ""f1"", ""min_threshold"": 0.1}}, ""enabled"": true, ""end"": 0.99, ""metric"": ""f1"", ""start"": 0.01, ""step"": 0.01}}}",SKAB,"[""valve1"", ""valve2""]",anomaly,"[""datetime"", ""changepoint"", ""source_group"", ""source_file""]",source_file,0.6,0.2,0.2,True,mean,standard,True,1,16,1,False,32,True,0.0,0.05,cuda,[123],32,50,True,5,val_loss,min,True,neg_pos_ratio,bce,2.0,False,"[{""dataset"": ""BATADAL"", ""focal_gamma"": 2.0, ""loss_name"": ""focal"", ""model"": ""GRU""}]",True,f1,2.0,0.01,0.99,0.01,f2,f1,0.1,adam,0.1,4,3,4,1,True,levenshtein,True,0.0001,average_log_probability,0.05,DEEP,123,fold_0,GRU,gru,True,1.0,64.0,2.0,0.2,1,0.001,,,,,,
SKAB,CNN,fold_0,123,baseline_0.5_threshold,0.5,0.8916040100250626,0.970668485675307,0.8244495944380069,16,0.24928361100904328,val_loss,0.24928361100904328,1.0,bce,4467,0.37464830445727826,0.3917385383567862,0.3716140586523394,0.8708305350346989,0.8344657195799876,0.813855421686747,0.8240317169868863,"{""automata"": {""anomaly_threshold"": 0.1, ""decision"": {""fallback_quantile"": 0.05, ""score_field"": ""average_log_probability""}, ""paa"": {""window_size"": 4}, ""probability"": {""epsilon"": 0.0001, ""smoothing"": true}, ""sax"": {""alphabet_size"": 3}, ""sliding_window"": {""size"": 4, ""stride"": 1}, ""unseen_pattern"": {""enabled"": true, ""method"": ""levenshtein""}}, ""dataset"": {""config"": {""drop_columns"": [""datetime"", ""changepoint"", ""source_group"", ""source_file""], ""group_column"": ""source_file"", ""split"": {""test"": 0.2, ""train"": 0.6, ""validation"": 0.2}, ""target_column"": ""anomaly"", ""valve_folders"": [""valve1"", ""valve2""]}, ""name"": ""SKAB""}, ""model"": {""config"": {""architecture"": ""cnn"", ""dropout"": 0.2, ""enabled"": true, ""input_channels"": 1, ""kernel_size"": 3, ""learning_rate"": 0.001, ""num_filters"": 64, ""output_size"": 1}, ""name"": ""CNN""}, ""noise"": {""enabled"": true, ""gaussian_mean"": 0.0, ""gaussian_std"": 0.05}, ""preprocessing"": {""dataset_overrides"": {""SKAB"": {""pca"": {""enabled"": false}, ""sequence_length"": 32}}, ""missing_data"": {""enabled"": true, ""strategy"": ""mean""}, ""pca"": {""enabled"": true, ""n_components"": 1}, ""scaler"": ""standard"", ""sequence_length"": 16, ""sequence_stride"": 1}, ""project"": {""device"": ""cuda"", ""random_seeds"": [123]}, ""run"": {""family"": ""DEEP"", ""seed"": 123, ""split"": ""fold_0""}, ""training"": {""batch_size"": 32, ""class_imbalance"": {""dataset_model_overrides"": [{""dataset"": ""BATADAL"", ""focal_gamma"": 2.0, ""loss_name"": ""focal"", ""model"": ""GRU""}], ""dataset_overrides"": {""SKAB"": {""use_pos_weight"": false}}, ""focal_gamma"": 2.0, ""loss_name"": ""bce"", ""pos_weight_strategy"": ""neg_pos_ratio"", ""use_pos_weight"": true}, ""early_stopping"": {""enabled"": true, ""mode"": ""min"", ""monitor"": ""val_loss"", ""patience"": 5}, ""epochs"": 50, ""optimizer"": ""adam"", ""threshold_tuning"": {""beta"": 2.0, ""dataset_overrides"": {""BATADAL"": {""metric"": ""f2""}, ""SKAB"": {""metric"": ""f1"", ""min_threshold"": 0.1}}, ""enabled"": true, ""end"": 0.99, ""metric"": ""f1"", ""start"": 0.01, ""step"": 0.01}}}",SKAB,"[""valve1"", ""valve2""]",anomaly,"[""datetime"", ""changepoint"", ""source_group"", ""source_file""]",source_file,0.6,0.2,0.2,True,mean,standard,True,1,16,1,False,32,True,0.0,0.05,cuda,[123],32,50,True,5,val_loss,min,True,neg_pos_ratio,bce,2.0,False,"[{""dataset"": ""BATADAL"", ""focal_gamma"": 2.0, ""loss_name"": ""focal"", ""model"": ""GRU""}]",True,f1,2.0,0.01,0.99,0.01,f2,f1,0.1,adam,0.1,4,3,4,1,True,levenshtein,True,0.0001,average_log_probability,0.05,DEEP,123,fold_0,CNN,cnn,True,,,,0.2,1,0.001,1.0,64.0,3.0,,,
SKAB,CNN,fold_0,123,tuned_threshold_weighted_loss,0.35,0.8916040100250626,0.970668485675307,0.8244495944380069,16,0.24928361100904328,val_loss,0.24928361100904328,1.0,bce,4467,0.37464830445727826,0.3917385383567862,0.3716140586523394,0.847548690396239,0.7745372966909703,0.8319277108433735,0.8022073772872494,"{""automata"": {""anomaly_threshold"": 0.1, ""decision"": {""fallback_quantile"": 0.05, ""score_field"": ""average_log_probability""}, ""paa"": {""window_size"": 4}, ""probability"": {""epsilon"": 0.0001, ""smoothing"": true}, ""sax"": {""alphabet_size"": 3}, ""sliding_window"": {""size"": 4, ""stride"": 1}, ""unseen_pattern"": {""enabled"": true, ""method"": ""levenshtein""}}, ""dataset"": {""config"": {""drop_columns"": [""datetime"", ""changepoint"", ""source_group"", ""source_file""], ""group_column"": ""source_file"", ""split"": {""test"": 0.2, ""train"": 0.6, ""validation"": 0.2}, ""target_column"": ""anomaly"", ""valve_folders"": [""valve1"", ""valve2""]}, ""name"": ""SKAB""}, ""model"": {""config"": {""architecture"": ""cnn"", ""dropout"": 0.2, ""enabled"": true, ""input_channels"": 1, ""kernel_size"": 3, ""learning_rate"": 0.001, ""num_filters"": 64, ""output_size"": 1}, ""name"": ""CNN""}, ""noise"": {""enabled"": true, ""gaussian_mean"": 0.0, ""gaussian_std"": 0.05}, ""preprocessing"": {""dataset_overrides"": {""SKAB"": {""pca"": {""enabled"": false}, ""sequence_length"": 32}}, ""missing_data"": {""enabled"": true, ""strategy"": ""mean""}, ""pca"": {""enabled"": true, ""n_components"": 1}, ""scaler"": ""standard"", ""sequence_length"": 16, ""sequence_stride"": 1}, ""project"": {""device"": ""cuda"", ""random_seeds"": [123]}, ""run"": {""family"": ""DEEP"", ""seed"": 123, ""split"": ""fold_0""}, ""training"": {""batch_size"": 32, ""class_imbalance"": {""dataset_model_overrides"": [{""dataset"": ""BATADAL"", ""focal_gamma"": 2.0, ""loss_name"": ""focal"", ""model"": ""GRU""}], ""dataset_overrides"": {""SKAB"": {""use_pos_weight"": false}}, ""focal_gamma"": 2.0, ""loss_name"": ""bce"", ""pos_weight_strategy"": ""neg_pos_ratio"", ""use_pos_weight"": true}, ""early_stopping"": {""enabled"": true, ""mode"": ""min"", ""monitor"": ""val_loss"", ""patience"": 5}, ""epochs"": 50, ""optimizer"": ""adam"", ""threshold_tuning"": {""beta"": 2.0, ""dataset_overrides"": {""BATADAL"": {""metric"": ""f2""}, ""SKAB"": {""metric"": ""f1"", ""min_threshold"": 0.1}}, ""enabled"": true, ""end"": 0.99, ""metric"": ""f1"", ""start"": 0.01, ""step"": 0.01}}}",SKAB,"[""valve1"", ""valve2""]",anomaly,"[""datetime"", ""changepoint"", ""source_group"", ""source_file""]",source_file,0.6,0.2,0.2,True,mean,standard,True,1,16,1,False,32,True,0.0,0.05,cuda,[123],32,50,True,5,val_loss,min,True,neg_pos_ratio,bce,2.0,False,"[{""dataset"": ""BATADAL"", ""focal_gamma"": 2.0, ""loss_name"": ""focal"", ""model"": ""GRU""}]",True,f1,2.0,0.01,0.99,0.01,f2,f1,0.1,adam,0.1,4,3,4,1,True,levenshtein,True,0.0001,average_log_probability,0.05,DEEP,123,fold_0,CNN,cnn,True,,,,0.2,1,0.001,1.0,64.0,3.0,,,
SKAB,LSTM,fold_1,123,baseline_0.5_threshold,0.5,0.8822269807280514,0.9970958373668926,0.7910906298003072,8,0.25498485023647965,val_loss,0.25498485023647965,1.0,bce,4463,0.3767429081667697,0.387846291331546,0.3717230562401972,0.943759802823213,0.999290780141844,0.8493068113321278,0.9182144020853699,"{""automata"": {""anomaly_threshold"": 0.1, ""decision"": {""fallback_quantile"": 0.05, ""score_field"": ""average_log_probability""}, ""paa"": {""window_size"": 4}, ""probability"": {""epsilon"": 0.0001, ""smoothing"": true}, ""sax"": {""alphabet_size"": 3}, ""sliding_window"": {""size"": 4, ""stride"": 1}, ""unseen_pattern"": {""enabled"": true, ""method"": ""levenshtein""}}, ""dataset"": {""config"": {""drop_columns"": [""datetime"", ""changepoint"", ""source_group"", ""source_file""], ""group_column"": ""source_file"", ""split"": {""test"": 0.2, ""train"": 0.6, ""validation"": 0.2}, ""target_column"": ""anomaly"", ""valve_folders"": [""valve1"", ""valve2""]}, ""name"": ""SKAB""}, ""model"": {""config"": {""architecture"": ""lstm"", ""dropout"": 0.2, ""enabled"": true, ""hidden_size"": 64, ""input_size"": 1, ""learning_rate"": 0.001, ""num_layers"": 2, ""output_size"": 1}, ""name"": ""LSTM""}, ""noise"": {""enabled"": true, ""gaussian_mean"": 0.0, ""gaussian_std"": 0.05}, ""preprocessing"": {""dataset_overrides"": {""SKAB"": {""pca"": {""enabled"": false}, ""sequence_length"": 32}}, ""missing_data"": {""enabled"": true, ""strategy"": ""mean""}, ""pca"": {""enabled"": true, ""n_components"": 1}, ""scaler"": ""standard"", ""sequence_length"": 16, ""sequence_stride"": 1}, ""project"": {""device"": ""cuda"", ""random_seeds"": [123]}, ""run"": {""family"": ""DEEP"", ""seed"": 123, ""split"": ""fold_1""}, ""training"": {""batch_size"": 32, ""class_imbalance"": {""dataset_model_overrides"": [{""dataset"": ""BATADAL"", ""focal_gamma"": 2.0, ""loss_name"": ""focal"", ""model"": ""GRU""}], ""dataset_overrides"": {""SKAB"": {""use_pos_weight"": false}}, ""focal_gamma"": 2.0, ""loss_name"": ""bce"", ""pos_weight_strategy"": ""neg_pos_ratio"", ""use_pos_weight"": true}, ""early_stopping"": {""enabled"": true, ""mode"": ""min"", ""monitor"": ""val_loss"", ""patience"": 5}, ""epochs"": 50, ""optimizer"": ""adam"", ""threshold_tuning"": {""beta"": 2.0, ""dataset_overrides"": {""BATADAL"": {""metric"": ""f2""}, ""SKAB"": {""metric"": ""f1"", ""min_threshold"": 0.1}}, ""enabled"": true, ""end"": 0.99, ""metric"": ""f1"", ""start"": 0.01, ""step"": 0.01}}}",SKAB,"[""valve1"", ""valve2""]",anomaly,"[""datetime"", ""changepoint"", ""source_group"", ""source_file""]",source_file,0.6,0.2,0.2,True,mean,standard,True,1,16,1,False,32,True,0.0,0.05,cuda,[123],32,50,True,5,val_loss,min,True,neg_pos_ratio,bce,2.0,False,"[{""dataset"": ""BATADAL"", ""focal_gamma"": 2.0, ""loss_name"": ""focal"", ""model"": ""GRU""}]",True,f1,2.0,0.01,0.99,0.01,f2,f1,0.1,adam,0.1,4,3,4,1,True,levenshtein,True,0.0001,average_log_probability,0.05,DEEP,123,fold_1,LSTM,lstm,True,1.0,64.0,2.0,0.2,1,0.001,,,,,,
SKAB,LSTM,fold_1,123,tuned_threshold_weighted_loss,0.18,0.8822269807280514,0.9970958373668926,0.7910906298003072,8,0.25498485023647965,val_loss,0.25498485023647965,1.0,bce,4463,0.3767429081667697,0.387846291331546,0.3717230562401972,0.9269549630293524,0.9253350350989151,0.8740204942736588,0.8989460632362059,"{""automata"": {""anomaly_threshold"": 0.1, ""decision"": {""fallback_quantile"": 0.05, ""score_field"": ""average_log_probability""}, ""paa"": {""window_size"": 4}, ""probability"": {""epsilon"": 0.0001, ""smoothing"": true}, ""sax"": {""alphabet_size"": 3}, ""sliding_window"": {""size"": 4, ""stride"": 1}, ""unseen_pattern"": {""enabled"": true, ""method"": ""levenshtein""}}, ""dataset"": {""config"": {""drop_columns"": [""datetime"", ""changepoint"", ""source_group"", ""source_file""], ""group_column"": ""source_file"", ""split"": {""test"": 0.2, ""train"": 0.6, ""validation"": 0.2}, ""target_column"": ""anomaly"", ""valve_folders"": [""valve1"", ""valve2""]}, ""name"": ""SKAB""}, ""model"": {""config"": {""architecture"": ""lstm"", ""dropout"": 0.2, ""enabled"": true, ""hidden_size"": 64, ""input_size"": 1, ""learning_rate"": 0.001, ""num_layers"": 2, ""output_size"": 1}, ""name"": ""LSTM""}, ""noise"": {""enabled"": true, ""gaussian_mean"": 0.0, ""gaussian_std"": 0.05}, ""preprocessing"": {""dataset_overrides"": {""SKAB"": {""pca"": {""enabled"": false}, ""sequence_length"": 32}}, ""missing_data"": {""enabled"": true, ""strategy"": ""mean""}, ""pca"": {""enabled"": true, ""n_components"": 1}, ""scaler"": ""standard"", ""sequence_length"": 16, ""sequence_stride"": 1}, ""project"": {""device"": ""cuda"", ""random_seeds"": [123]}, ""run"": {""family"": ""DEEP"", ""seed"": 123, ""split"": ""fold_1""}, ""training"": {""batch_size"": 32, ""class_imbalance"": {""dataset_model_overrides"": [{""dataset"": ""BATADAL"", ""focal_gamma"": 2.0, ""loss_name"": ""focal"", ""model"": ""GRU""}], ""dataset_overrides"": {""SKAB"": {""use_pos_weight"": false}}, ""focal_gamma"": 2.0, ""loss_name"": ""bce"", ""pos_weight_strategy"": ""neg_pos_ratio"", ""use_pos_weight"": true}, ""early_stopping"": {""enabled"": true, ""mode"": ""min"", ""monitor"": ""val_loss"", ""patience"": 5}, ""epochs"": 50, ""optimizer"": ""adam"", ""threshold_tuning"": {""beta"": 2.0, ""dataset_overrides"": {""BATADAL"": {""metric"": ""f2""}, ""SKAB"": {""metric"": ""f1"", ""min_threshold"": 0.1}}, ""enabled"": true, ""end"": 0.99, ""metric"": ""f1"", ""start"": 0.01, ""step"": 0.01}}}",SKAB,"[""valve1"", ""valve2""]",anomaly,"[""datetime"", ""changepoint"", ""source_group"", ""source_file""]",source_file,0.6,0.2,0.2,True,mean,standard,True,1,16,1,False,32,True,0.0,0.05,cuda,[123],32,50,True,5,val_loss,min,True,neg_pos_ratio,bce,2.0,False,"[{""dataset"": ""BATADAL"", ""focal_gamma"": 2.0, ""loss_name"": ""focal"", ""model"": ""GRU""}]",True,f1,2.0,0.01,0.99,0.01,f2,f1,0.1,adam,0.1,4,3,4,1,True,levenshtein,True,0.0001,average_log_probability,0.05,DEEP,123,fold_1,LSTM,lstm,True,1.0,64.0,2.0,0.2,1,0.001,,,,,,
SKAB,GRU,fold_1,123,baseline_0.5_threshold,0.5,0.8830730265934994,0.9803186504217432,0.8033794162826421,6,0.24867168958427865,val_loss,0.24867168958427865,1.0,bce,4463,0.3767429081667697,0.387846291331546,0.3717230562401972,0.9274030920905221,0.93713163064833,0.8625678119349005,0.8983050847457628,"{""automata"": {""anomaly_threshold"": 0.1, ""decision"": {""fallback_quantile"": 0.05, ""score_field"": ""average_log_probability""}, ""paa"": {""window_size"": 4}, ""probability"": {""epsilon"": 0.0001, ""smoothing"": true}, ""sax"": {""alphabet_size"": 3}, ""sliding_window"": {""size"": 4, ""stride"": 1}, ""unseen_pattern"": {""enabled"": true, ""method"": ""levenshtein""}}, ""dataset"": {""config"": {""drop_columns"": [""datetime"", ""changepoint"", ""source_group"", ""source_file""], ""group_column"": ""source_file"", ""split"": {""test"": 0.2, ""train"": 0.6, ""validation"": 0.2}, ""target_column"": ""anomaly"", ""valve_folders"": [""valve1"", ""valve2""]}, ""name"": ""SKAB""}, ""model"": {""config"": {""architecture"": ""gru"", ""dropout"": 0.2, ""enabled"": true, ""hidden_size"": 64, ""input_size"": 1, ""learning_rate"": 0.001, ""num_layers"": 2, ""output_size"": 1}, ""name"": ""GRU""}, ""noise"": {""enabled"": true, ""gaussian_mean"": 0.0, ""gaussian_std"": 0.05}, ""preprocessing"": {""dataset_overrides"": {""SKAB"": {""pca"": {""enabled"": false}, ""sequence_length"": 32}}, ""missing_data"": {""enabled"": true, ""strategy"": ""mean""}, ""pca"": {""enabled"": true, ""n_components"": 1}, ""scaler"": ""standard"", ""sequence_length"": 16, ""sequence_stride"": 1}, ""project"": {""device"": ""cuda"", ""random_seeds"": [123]}, ""run"": {""family"": ""DEEP"", ""seed"": 123, ""split"": ""fold_1""}, ""training"": {""batch_size"": 32, ""class_imbalance"": {""dataset_model_overrides"": [{""dataset"": ""BATADAL"", ""focal_gamma"": 2.0, ""loss_name"": ""focal"", ""model"": ""GRU""}], ""dataset_overrides"": {""SKAB"": {""use_pos_weight"": false}}, ""focal_gamma"": 2.0, ""loss_name"": ""bce"", ""pos_weight_strategy"": ""neg_pos_ratio"", ""use_pos_weight"": true}, ""early_stopping"": {""enabled"": true, ""mode"": ""min"", ""monitor"": ""val_loss"", ""patience"": 5}, ""epochs"": 50, ""optimizer"": ""adam"", ""threshold_tuning"": {""beta"": 2.0, ""dataset_overrides"": {""BATADAL"": {""metric"": ""f2""}, ""SKAB"": {""metric"": ""f1"", ""min_threshold"": 0.1}}, ""enabled"": true, ""end"": 0.99, ""metric"": ""f1"", ""start"": 0.01, ""step"": 0.01}}}",SKAB,"[""valve1"", ""valve2""]",anomaly,"[""datetime"", ""changepoint"", ""source_group"", ""source_file""]",source_file,0.6,0.2,0.2,True,mean,standard,True,1,16,1,False,32,True,0.0,0.05,cuda,[123],32,50,True,5,val_loss,min,True,neg_pos_ratio,bce,2.0,False,"[{""dataset"": ""BATADAL"", ""focal_gamma"": 2.0, ""loss_name"": ""focal"", ""model"": ""GRU""}]",True,f1,2.0,0.01,0.99,0.01,f2,f1,0.1,adam,0.1,4,3,4,1,True,levenshtein,True,0.0001,average_log_probability,0.05,DEEP,123,fold_1,GRU,gru,True,1.0,64.0,2.0,0.2,1,0.001,,,,,,
SKAB,GRU,fold_1,123,tuned_threshold_weighted_loss,0.19,0.8830730265934994,0.9803186504217432,0.8033794162826421,6,0.24867168958427865,val_loss,0.24867168958427865,1.0,bce,4463,0.3767429081667697,0.387846291331546,0.3717230562401972,0.867801926954963,0.7773741567202906,0.9029535864978903,0.8354712771890686,"{""automata"": {""anomaly_threshold"": 0.1, ""decision"": {""fallback_quantile"": 0.05, ""score_field"": ""average_log_probability""}, ""paa"": {""window_size"": 4}, ""probability"": {""epsilon"": 0.0001, ""smoothing"": true}, ""sax"": {""alphabet_size"": 3}, ""sliding_window"": {""size"": 4, ""stride"": 1}, ""unseen_pattern"": {""enabled"": true, ""method"": ""levenshtein""}}, ""dataset"": {""config"": {""drop_columns"": [""datetime"", ""changepoint"", ""source_group"", ""source_file""], ""group_column"": ""source_file"", ""split"": {""test"": 0.2, ""train"": 0.6, ""validation"": 0.2}, ""target_column"": ""anomaly"", ""valve_folders"": [""valve1"", ""valve2""]}, ""name"": ""SKAB""}, ""model"": {""config"": {""architecture"": ""gru"", ""dropout"": 0.2, ""enabled"": true, ""hidden_size"": 64, ""input_size"": 1, ""learning_rate"": 0.001, ""num_layers"": 2, ""output_size"": 1}, ""name"": ""GRU""}, ""noise"": {""enabled"": true, ""gaussian_mean"": 0.0, ""gaussian_std"": 0.05}, ""preprocessing"": {""dataset_overrides"": {""SKAB"": {""pca"": {""enabled"": false}, ""sequence_length"": 32}}, ""missing_data"": {""enabled"": true, ""strategy"": ""mean""}, ""pca"": {""enabled"": true, ""n_components"": 1}, ""scaler"": ""standard"", ""sequence_length"": 16, ""sequence_stride"": 1}, ""project"": {""device"": ""cuda"", ""random_seeds"": [123]}, ""run"": {""family"": ""DEEP"", ""seed"": 123, ""split"": ""fold_1""}, ""training"": {""batch_size"": 32, ""class_imbalance"": {""dataset_model_overrides"": [{""dataset"": ""BATADAL"", ""focal_gamma"": 2.0, ""loss_name"": ""focal"", ""model"": ""GRU""}], ""dataset_overrides"": {""SKAB"": {""use_pos_weight"": false}}, ""focal_gamma"": 2.0, ""loss_name"": ""bce"", ""pos_weight_strategy"": ""neg_pos_ratio"", ""use_pos_weight"": true}, ""early_stopping"": {""enabled"": true, ""mode"": ""min"", ""monitor"": ""val_loss"", ""patience"": 5}, ""epochs"": 50, ""optimizer"": ""adam"", ""threshold_tuning"": {""beta"": 2.0, ""dataset_overrides"": {""BATADAL"": {""metric"": ""f2""}, ""SKAB"": {""metric"": ""f1"", ""min_threshold"": 0.1}}, ""enabled"": true, ""end"": 0.99, ""metric"": ""f1"", ""start"": 0.01, ""step"": 0.01}}}",SKAB,"[""valve1"", ""valve2""]",anomaly,"[""datetime"", ""changepoint"", ""source_group"", ""source_file""]",source_file,0.6,0.2,0.2,True,mean,standard,True,1,16,1,False,32,True,0.0,0.05,cuda,[123],32,50,True,5,val_loss,min,True,neg_pos_ratio,bce,2.0,False,"[{""dataset"": ""BATADAL"", ""focal_gamma"": 2.0, ""loss_name"": ""focal"", ""model"": ""GRU""}]",True,f1,2.0,0.01,0.99,0.01,f2,f1,0.1,adam,0.1,4,3,4,1,True,levenshtein,True,0.0001,average_log_probability,0.05,DEEP,123,fold_1,GRU,gru,True,1.0,64.0,2.0,0.2,1,0.001,,,,,,
SKAB,CNN,fold_1,123,baseline_0.5_threshold,0.5,0.8733246865542585,0.9990108803165183,0.7757296466973886,13,0.2663833020127494,val_loss,0.2663833020127494,1.0,bce,4463,0.3767429081667697,0.387846291331546,0.3717230562401972,0.9211292852341474,0.9313531353135314,0.8505123568414708,0.8890989287964713,"{""automata"": {""anomaly_threshold"": 0.1, ""decision"": {""fallback_quantile"": 0.05, ""score_field"": ""average_log_probability""}, ""paa"": {""window_size"": 4}, ""probability"": {""epsilon"": 0.0001, ""smoothing"": true}, ""sax"": {""alphabet_size"": 3}, ""sliding_window"": {""size"": 4, ""stride"": 1}, ""unseen_pattern"": {""enabled"": true, ""method"": ""levenshtein""}}, ""dataset"": {""config"": {""drop_columns"": [""datetime"", ""changepoint"", ""source_group"", ""source_file""], ""group_column"": ""source_file"", ""split"": {""test"": 0.2, ""train"": 0.6, ""validation"": 0.2}, ""target_column"": ""anomaly"", ""valve_folders"": [""valve1"", ""valve2""]}, ""name"": ""SKAB""}, ""model"": {""config"": {""architecture"": ""cnn"", ""dropout"": 0.2, ""enabled"": true, ""input_channels"": 1, ""kernel_size"": 3, ""learning_rate"": 0.001, ""num_filters"": 64, ""output_size"": 1}, ""name"": ""CNN""}, ""noise"": {""enabled"": true, ""gaussian_mean"": 0.0, ""gaussian_std"": 0.05}, ""preprocessing"": {""dataset_overrides"": {""SKAB"": {""pca"": {""enabled"": false}, ""sequence_length"": 32}}, ""missing_data"": {""enabled"": true, ""strategy"": ""mean""}, ""pca"": {""enabled"": true, ""n_components"": 1}, ""scaler"": ""standard"", ""sequence_length"": 16, ""sequence_stride"": 1}, ""project"": {""device"": ""cuda"", ""random_seeds"": [123]}, ""run"": {""family"": ""DEEP"", ""seed"": 123, ""split"": ""fold_1""}, ""training"": {""batch_size"": 32, ""class_imbalance"": {""dataset_model_overrides"": [{""dataset"": ""BATADAL"", ""focal_gamma"": 2.0, ""loss_name"": ""focal"", ""model"": ""GRU""}], ""dataset_overrides"": {""SKAB"": {""use_pos_weight"": false}}, ""focal_gamma"": 2.0, ""loss_name"": ""bce"", ""pos_weight_strategy"": ""neg_pos_ratio"", ""use_pos_weight"": true}, ""early_stopping"": {""enabled"": true, ""mode"": ""min"", ""monitor"": ""val_loss"", ""patience"": 5}, ""epochs"": 50, ""optimizer"": ""adam"", ""threshold_tuning"": {""beta"": 2.0, ""dataset_overrides"": {""BATADAL"": {""metric"": ""f2""}, ""SKAB"": {""metric"": ""f1"", ""min_threshold"": 0.1}}, ""enabled"": true, ""end"": 0.99, ""metric"": ""f1"", ""start"": 0.01, ""step"": 0.01}}}",SKAB,"[""valve1"", ""valve2""]",anomaly,"[""datetime"", ""changepoint"", ""source_group"", ""source_file""]",source_file,0.6,0.2,0.2,True,mean,standard,True,1,16,1,False,32,True,0.0,0.05,cuda,[123],32,50,True,5,val_loss,min,True,neg_pos_ratio,bce,2.0,False,"[{""dataset"": ""BATADAL"", ""focal_gamma"": 2.0, ""loss_name"": ""focal"", ""model"": ""GRU""}]",True,f1,2.0,0.01,0.99,0.01,f2,f1,0.1,adam,0.1,4,3,4,1,True,levenshtein,True,0.0001,average_log_probability,0.05,DEEP,123,fold_1,CNN,cnn,True,,,,0.2,1,0.001,1.0,64.0,3.0,,,
SKAB,CNN,fold_1,123,tuned_threshold_weighted_loss,0.39,0.8733246865542585,0.9990108803165183,0.7757296466973886,13,0.2663833020127494,val_loss,0.2663833020127494,1.0,bce,4463,0.3767429081667697,0.387846291331546,0.3717230562401972,0.9047725745014564,0.8757612667478685,0.866787221217601,0.8712511360193881,"{""automata"": {""anomaly_threshold"": 0.1, ""decision"": {""fallback_quantile"": 0.05, ""score_field"": ""average_log_probability""}, ""paa"": {""window_size"": 4}, ""probability"": {""epsilon"": 0.0001, ""smoothing"": true}, ""sax"": {""alphabet_size"": 3}, ""sliding_window"": {""size"": 4, ""stride"": 1}, ""unseen_pattern"": {""enabled"": true, ""method"": ""levenshtein""}}, ""dataset"": {""config"": {""drop_columns"": [""datetime"", ""changepoint"", ""source_group"", ""source_file""], ""group_column"": ""source_file"", ""split"": {""test"": 0.2, ""train"": 0.6, ""validation"": 0.2}, ""target_column"": ""anomaly"", ""valve_folders"": [""valve1"", ""valve2""]}, ""name"": ""SKAB""}, ""model"": {""config"": {""architecture"": ""cnn"", ""dropout"": 0.2, ""enabled"": true, ""input_channels"": 1, ""kernel_size"": 3, ""learning_rate"": 0.001, ""num_filters"": 64, ""output_size"": 1}, ""name"": ""CNN""}, ""noise"": {""enabled"": true, ""gaussian_mean"": 0.0, ""gaussian_std"": 0.05}, ""preprocessing"": {""dataset_overrides"": {""SKAB"": {""pca"": {""enabled"": false}, ""sequence_length"": 32}}, ""missing_data"": {""enabled"": true, ""strategy"": ""mean""}, ""pca"": {""enabled"": true, ""n_components"": 1}, ""scaler"": ""standard"", ""sequence_length"": 16, ""sequence_stride"": 1}, ""project"": {""device"": ""cuda"", ""random_seeds"": [123]}, ""run"": {""family"": ""DEEP"", ""seed"": 123, ""split"": ""fold_1""}, ""training"": {""batch_size"": 32, ""class_imbalance"": {""dataset_model_overrides"": [{""dataset"": ""BATADAL"", ""focal_gamma"": 2.0, ""loss_name"": ""focal"", ""model"": ""GRU""}], ""dataset_overrides"": {""SKAB"": {""use_pos_weight"": false}}, ""focal_gamma"": 2.0, ""loss_name"": ""bce"", ""pos_weight_strategy"": ""neg_pos_ratio"", ""use_pos_weight"": true}, ""early_stopping"": {""enabled"": true, ""mode"": ""min"", ""monitor"": ""val_loss"", ""patience"": 5}, ""epochs"": 50, ""optimizer"": ""adam"", ""threshold_tuning"": {""beta"": 2.0, ""dataset_overrides"": {""BATADAL"": {""metric"": ""f2""}, ""SKAB"": {""metric"": ""f1"", ""min_threshold"": 0.1}}, ""enabled"": true, ""end"": 0.99, ""metric"": ""f1"", ""start"": 0.01, ""step"": 0.01}}}",SKAB,"[""valve1"", ""valve2""]",anomaly,"[""datetime"", ""changepoint"", ""source_group"", ""source_file""]",source_file,0.6,0.2,0.2,True,mean,standard,True,1,16,1,False,32,True,0.0,0.05,cuda,[123],32,50,True,5,val_loss,min,True,neg_pos_ratio,bce,2.0,False,"[{""dataset"": ""BATADAL"", ""focal_gamma"": 2.0, ""loss_name"": ""focal"", ""model"": ""GRU""}]",True,f1,2.0,0.01,0.99,0.01,f2,f1,0.1,adam,0.1,4,3,4,1,True,levenshtein,True,0.0001,average_log_probability,0.05,DEEP,123,fold_1,CNN,cnn,True,,,,0.2,1,0.001,1.0,64.0,3.0,,,
SKAB,LSTM,fold_2,123,baseline_0.5_threshold,0.5,0.8850353243416827,0.9562803608605135,0.8236700537955768,7,0.27865518308797704,val_loss,0.27865518308797704,1.0,bce,4476,0.3726937269372694,0.38433264415345736,0.3849419124218052,0.8424932975871313,0.9748134328358209,0.6065002901915264,0.7477638640429338,"{""automata"": {""anomaly_threshold"": 0.1, ""decision"": {""fallback_quantile"": 0.05, ""score_field"": ""average_log_probability""}, ""paa"": {""window_size"": 4}, ""probability"": {""epsilon"": 0.0001, ""smoothing"": true}, ""sax"": {""alphabet_size"": 3}, ""sliding_window"": {""size"": 4, ""stride"": 1}, ""unseen_pattern"": {""enabled"": true, ""method"": ""levenshtein""}}, ""dataset"": {""config"": {""drop_columns"": [""datetime"", ""changepoint"", ""source_group"", ""source_file""], ""group_column"": ""source_file"", ""split"": {""test"": 0.2, ""train"": 0.6, ""validation"": 0.2}, ""target_column"": ""anomaly"", ""valve_folders"": [""valve1"", ""valve2""]}, ""name"": ""SKAB""}, ""model"": {""config"": {""architecture"": ""lstm"", ""dropout"": 0.2, ""enabled"": true, ""hidden_size"": 64, ""input_size"": 1, ""learning_rate"": 0.001, ""num_layers"": 2, ""output_size"": 1}, ""name"": ""LSTM""}, ""noise"": {""enabled"": true, ""gaussian_mean"": 0.0, ""gaussian_std"": 0.05}, ""preprocessing"": {""dataset_overrides"": {""SKAB"": {""pca"": {""enabled"": false}, ""sequence_length"": 32}}, ""missing_data"": {""enabled"": true, ""strategy"": ""mean""}, ""pca"": {""enabled"": true, ""n_components"": 1}, ""scaler"": ""standard"", ""sequence_length"": 16, ""sequence_stride"": 1}, ""project"": {""device"": ""cuda"", ""random_seeds"": [123]}, ""run"": {""family"": ""DEEP"", ""seed"": 123, ""split"": ""fold_2""}, ""training"": {""batch_size"": 32, ""class_imbalance"": {""dataset_model_overrides"": [{""dataset"": ""BATADAL"", ""focal_gamma"": 2.0, ""loss_name"": ""focal"", ""model"": ""GRU""}], ""dataset_overrides"": {""SKAB"": {""use_pos_weight"": false}}, ""focal_gamma"": 2.0, ""loss_name"": ""bce"", ""pos_weight_strategy"": ""neg_pos_ratio"", ""use_pos_weight"": true}, ""early_stopping"": {""enabled"": true, ""mode"": ""min"", ""monitor"": ""val_loss"", ""patience"": 5}, ""epochs"": 50, ""optimizer"": ""adam"", ""threshold_tuning"": {""beta"": 2.0, ""dataset_overrides"": {""BATADAL"": {""metric"": ""f2""}, ""SKAB"": {""metric"": ""f1"", ""min_threshold"": 0.1}}, ""enabled"": true, ""end"": 0.99, ""metric"": ""f1"", ""start"": 0.01, ""step"": 0.01}}}",SKAB,"[""valve1"", ""valve2""]",anomaly,"[""datetime"", ""changepoint"", ""source_group"", ""source_file""]",source_file,0.6,0.2,0.2,True,mean,standard,True,1,16,1,False,32,True,0.0,0.05,cuda,[123],32,50,True,5,val_loss,min,True,neg_pos_ratio,bce,2.0,False,"[{""dataset"": ""BATADAL"", ""focal_gamma"": 2.0, ""loss_name"": ""focal"", ""model"": ""GRU""}]",True,f1,2.0,0.01,0.99,0.01,f2,f1,0.1,adam,0.1,4,3,4,1,True,levenshtein,True,0.0001,average_log_probability,0.05,DEEP,123,fold_2,LSTM,lstm,True,1.0,64.0,2.0,0.2,1,0.001,,,,,,
SKAB,LSTM,fold_2,123,tuned_threshold_weighted_loss,0.54,0.8850353243416827,0.9562803608605135,0.8236700537955768,7,0.27865518308797704,val_loss,0.27865518308797704,1.0,bce,4476,0.3726937269372694,0.38433264415345736,0.3849419124218052,0.8427167113494192,0.9775070290534208,0.6053395240858966,0.7476702508960573,"{""automata"": {""anomaly_threshold"": 0.1, ""decision"": {""fallback_quantile"": 0.05, ""score_field"": ""average_log_probability""}, ""paa"": {""window_size"": 4}, ""probability"": {""epsilon"": 0.0001, ""smoothing"": true}, ""sax"": {""alphabet_size"": 3}, ""sliding_window"": {""size"": 4, ""stride"": 1}, ""unseen_pattern"": {""enabled"": true, ""method"": ""levenshtein""}}, ""dataset"": {""config"": {""drop_columns"": [""datetime"", ""changepoint"", ""source_group"", ""source_file""], ""group_column"": ""source_file"", ""split"": {""test"": 0.2, ""train"": 0.6, ""validation"": 0.2}, ""target_column"": ""anomaly"", ""valve_folders"": [""valve1"", ""valve2""]}, ""name"": ""SKAB""}, ""model"": {""config"": {""architecture"": ""lstm"", ""dropout"": 0.2, ""enabled"": true, ""hidden_size"": 64, ""input_size"": 1, ""learning_rate"": 0.001, ""num_layers"": 2, ""output_size"": 1}, ""name"": ""LSTM""}, ""noise"": {""enabled"": true, ""gaussian_mean"": 0.0, ""gaussian_std"": 0.05}, ""preprocessing"": {""dataset_overrides"": {""SKAB"": {""pca"": {""enabled"": false}, ""sequence_length"": 32}}, ""missing_data"": {""enabled"": true, ""strategy"": ""mean""}, ""pca"": {""enabled"": true, ""n_components"": 1}, ""scaler"": ""standard"", ""sequence_length"": 16, ""sequence_stride"": 1}, ""project"": {""device"": ""cuda"", ""random_seeds"": [123]}, ""run"": {""family"": ""DEEP"", ""seed"": 123, ""split"": ""fold_2""}, ""training"": {""batch_size"": 32, ""class_imbalance"": {""dataset_model_overrides"": [{""dataset"": ""BATADAL"", ""focal_gamma"": 2.0, ""loss_name"": ""focal"", ""model"": ""GRU""}], ""dataset_overrides"": {""SKAB"": {""use_pos_weight"": false}}, ""focal_gamma"": 2.0, ""loss_name"": ""bce"", ""pos_weight_strategy"": ""neg_pos_ratio"", ""use_pos_weight"": true}, ""early_stopping"": {""enabled"": true, ""mode"": ""min"", ""monitor"": ""val_loss"", ""patience"": 5}, ""epochs"": 50, ""optimizer"": ""adam"", ""threshold_tuning"": {""beta"": 2.0, ""dataset_overrides"": {""BATADAL"": {""metric"": ""f2""}, ""SKAB"": {""metric"": ""f1"", ""min_threshold"": 0.1}}, ""enabled"": true, ""end"": 0.99, ""metric"": ""f1"", ""start"": 0.01, ""step"": 0.01}}}",SKAB,"[""valve1"", ""valve2""]",anomaly,"[""datetime"", ""changepoint"", ""source_group"", ""source_file""]",source_file,0.6,0.2,0.2,True,mean,standard,True,1,16,1,False,32,True,0.0,0.05,cuda,[123],32,50,True,5,val_loss,min,True,neg_pos_ratio,bce,2.0,False,"[{""dataset"": ""BATADAL"", ""focal_gamma"": 2.0, ""loss_name"": ""focal"", ""model"": ""GRU""}]",True,f1,2.0,0.01,0.99,0.01,f2,f1,0.1,adam,0.1,4,3,4,1,True,levenshtein,True,0.0001,average_log_probability,0.05,DEEP,123,fold_2,LSTM,lstm,True,1.0,64.0,2.0,0.2,1,0.001,,,,,,
SKAB,GRU,fold_2,123,baseline_0.5_threshold,0.5,0.9181585677749361,0.9869415807560138,0.85833831440526,9,0.23723906059697006,val_loss,0.23723906059697006,1.0,bce,4476,0.3726937269372694,0.38433264415345736,0.3849419124218052,0.790437890974084,1.0,0.4556006964596634,0.6259968102073366,"{""automata"": {""anomaly_threshold"": 0.1, ""decision"": {""fallback_quantile"": 0.05, ""score_field"": ""average_log_probability""}, ""paa"": {""window_size"": 4}, ""probability"": {""epsilon"": 0.0001, ""smoothing"": true}, ""sax"": {""alphabet_size"": 3}, ""sliding_window"": {""size"": 4, ""stride"": 1}, ""unseen_pattern"": {""enabled"": true, ""method"": ""levenshtein""}}, ""dataset"": {""config"": {""drop_columns"": [""datetime"", ""changepoint"", ""source_group"", ""source_file""], ""group_column"": ""source_file"", ""split"": {""test"": 0.2, ""train"": 0.6, ""validation"": 0.2}, ""target_column"": ""anomaly"", ""valve_folders"": [""valve1"", ""valve2""]}, ""name"": ""SKAB""}, ""model"": {""config"": {""architecture"": ""gru"", ""dropout"": 0.2, ""enabled"": true, ""hidden_size"": 64, ""input_size"": 1, ""learning_rate"": 0.001, ""num_layers"": 2, ""output_size"": 1}, ""name"": ""GRU""}, ""noise"": {""enabled"": true, ""gaussian_mean"": 0.0, ""gaussian_std"": 0.05}, ""preprocessing"": {""dataset_overrides"": {""SKAB"": {""pca"": {""enabled"": false}, ""sequence_length"": 32}}, ""missing_data"": {""enabled"": true, ""strategy"": ""mean""}, ""pca"": {""enabled"": true, ""n_components"": 1}, ""scaler"": ""standard"", ""sequence_length"": 16, ""sequence_stride"": 1}, ""project"": {""device"": ""cuda"", ""random_seeds"": [123]}, ""run"": {""family"": ""DEEP"", ""seed"": 123, ""split"": ""fold_2""}, ""training"": {""batch_size"": 32, ""class_imbalance"": {""dataset_model_overrides"": [{""dataset"": ""BATADAL"", ""focal_gamma"": 2.0, ""loss_name"": ""focal"", ""model"": ""GRU""}], ""dataset_overrides"": {""SKAB"": {""use_pos_weight"": false}}, ""focal_gamma"": 2.0, ""loss_name"": ""bce"", ""pos_weight_strategy"": ""neg_pos_ratio"", ""use_pos_weight"": true}, ""early_stopping"": {""enabled"": true, ""mode"": ""min"", ""monitor"": ""val_loss"", ""patience"": 5}, ""epochs"": 50, ""optimizer"": ""adam"", ""threshold_tuning"": {""beta"": 2.0, ""dataset_overrides"": {""BATADAL"": {""metric"": ""f2""}, ""SKAB"": {""metric"": ""f1"", ""min_threshold"": 0.1}}, ""enabled"": true, ""end"": 0.99, ""metric"": ""f1"", ""start"": 0.01, ""step"": 0.01}}}",SKAB,"[""valve1"", ""valve2""]",anomaly,"[""datetime"", ""changepoint"", ""source_group"", ""source_file""]",source_file,0.6,0.2,0.2,True,mean,standard,True,1,16,1,False,32,True,0.0,0.05,cuda,[123],32,50,True,5,val_loss,min,True,neg_pos_ratio,bce,2.0,False,"[{""dataset"": ""BATADAL"", ""focal_gamma"": 2.0, ""loss_name"": ""focal"", ""model"": ""GRU""}]",True,f1,2.0,0.01,0.99,0.01,f2,f1,0.1,adam,0.1,4,3,4,1,True,levenshtein,True,0.0001,average_log_probability,0.05,DEEP,123,fold_2,GRU,gru,True,1.0,64.0,2.0,0.2,1,0.001,,,,,,
SKAB,GRU,fold_2,123,tuned_threshold_weighted_loss,0.2,0.9181585677749361,0.9869415807560138,0.85833831440526,9,0.23723906059697006,val_loss,0.23723906059697006,1.0,bce,4476,0.3726937269372694,0.38433264415345736,0.3849419124218052,0.7971403038427167,0.9754959159859977,0.4852002321532211,0.648062015503876,"{""automata"": {""anomaly_threshold"": 0.1, ""decision"": {""fallback_quantile"": 0.05, ""score_field"": ""average_log_probability""}, ""paa"": {""window_size"": 4}, ""probability"": {""epsilon"": 0.0001, ""smoothing"": true}, ""sax"": {""alphabet_size"": 3}, ""sliding_window"": {""size"": 4, ""stride"": 1}, ""unseen_pattern"": {""enabled"": true, ""method"": ""levenshtein""}}, ""dataset"": {""config"": {""drop_columns"": [""datetime"", ""changepoint"", ""source_group"", ""source_file""], ""group_column"": ""source_file"", ""split"": {""test"": 0.2, ""train"": 0.6, ""validation"": 0.2}, ""target_column"": ""anomaly"", ""valve_folders"": [""valve1"", ""valve2""]}, ""name"": ""SKAB""}, ""model"": {""config"": {""architecture"": ""gru"", ""dropout"": 0.2, ""enabled"": true, ""hidden_size"": 64, ""input_size"": 1, ""learning_rate"": 0.001, ""num_layers"": 2, ""output_size"": 1}, ""name"": ""GRU""}, ""noise"": {""enabled"": true, ""gaussian_mean"": 0.0, ""gaussian_std"": 0.05}, ""preprocessing"": {""dataset_overrides"": {""SKAB"": {""pca"": {""enabled"": false}, ""sequence_length"": 32}}, ""missing_data"": {""enabled"": true, ""strategy"": ""mean""}, ""pca"": {""enabled"": true, ""n_components"": 1}, ""scaler"": ""standard"", ""sequence_length"": 16, ""sequence_stride"": 1}, ""project"": {""device"": ""cuda"", ""random_seeds"": [123]}, ""run"": {""family"": ""DEEP"", ""seed"": 123, ""split"": ""fold_2""}, ""training"": {""batch_size"": 32, ""class_imbalance"": {""dataset_model_overrides"": [{""dataset"": ""BATADAL"", ""focal_gamma"": 2.0, ""loss_name"": ""focal"", ""model"": ""GRU""}], ""dataset_overrides"": {""SKAB"": {""use_pos_weight"": false}}, ""focal_gamma"": 2.0, ""loss_name"": ""bce"", ""pos_weight_strategy"": ""neg_pos_ratio"", ""use_pos_weight"": true}, ""early_stopping"": {""enabled"": true, ""mode"": ""min"", ""monitor"": ""val_loss"", ""patience"": 5}, ""epochs"": 50, ""optimizer"": ""adam"", ""threshold_tuning"": {""beta"": 2.0, ""dataset_overrides"": {""BATADAL"": {""metric"": ""f2""}, ""SKAB"": {""metric"": ""f1"", ""min_threshold"": 0.1}}, ""enabled"": true, ""end"": 0.99, ""metric"": ""f1"", ""start"": 0.01, ""step"": 0.01}}}",SKAB,"[""valve1"", ""valve2""]",anomaly,"[""datetime"", ""changepoint"", ""source_group"", ""source_file""]",source_file,0.6,0.2,0.2,True,mean,standard,True,1,16,1,False,32,True,0.0,0.05,cuda,[123],32,50,True,5,val_loss,min,True,neg_pos_ratio,bce,2.0,False,"[{""dataset"": ""BATADAL"", ""focal_gamma"": 2.0, ""loss_name"": ""focal"", ""model"": ""GRU""}]",True,f1,2.0,0.01,0.99,0.01,f2,f1,0.1,adam,0.1,4,3,4,1,True,levenshtein,True,0.0001,average_log_probability,0.05,DEEP,123,fold_2,GRU,gru,True,1.0,64.0,2.0,0.2,1,0.001,,,,,,
SKAB,CNN,fold_2,123,baseline_0.5_threshold,0.5,0.8999034438364982,0.9748953974895398,0.8356246264196056,8,0.26831998758205894,val_loss,0.26831998758205894,1.0,bce,4476,0.3726937269372694,0.38433264415345736,0.3849419124218052,0.7978105451295799,1.0,0.4747533372025537,0.6438410074773712,"{""automata"": {""anomaly_threshold"": 0.1, ""decision"": {""fallback_quantile"": 0.05, ""score_field"": ""average_log_probability""}, ""paa"": {""window_size"": 4}, ""probability"": {""epsilon"": 0.0001, ""smoothing"": true}, ""sax"": {""alphabet_size"": 3}, ""sliding_window"": {""size"": 4, ""stride"": 1}, ""unseen_pattern"": {""enabled"": true, ""method"": ""levenshtein""}}, ""dataset"": {""config"": {""drop_columns"": [""datetime"", ""changepoint"", ""source_group"", ""source_file""], ""group_column"": ""source_file"", ""split"": {""test"": 0.2, ""train"": 0.6, ""validation"": 0.2}, ""target_column"": ""anomaly"", ""valve_folders"": [""valve1"", ""valve2""]}, ""name"": ""SKAB""}, ""model"": {""config"": {""architecture"": ""cnn"", ""dropout"": 0.2, ""enabled"": true, ""input_channels"": 1, ""kernel_size"": 3, ""learning_rate"": 0.001, ""num_filters"": 64, ""output_size"": 1}, ""name"": ""CNN""}, ""noise"": {""enabled"": true, ""gaussian_mean"": 0.0, ""gaussian_std"": 0.05}, ""preprocessing"": {""dataset_overrides"": {""SKAB"": {""pca"": {""enabled"": false}, ""sequence_length"": 32}}, ""missing_data"": {""enabled"": true, ""strategy"": ""mean""}, ""pca"": {""enabled"": true, ""n_components"": 1}, ""scaler"": ""standard"", ""sequence_length"": 16, ""sequence_stride"": 1}, ""project"": {""device"": ""cuda"", ""random_seeds"": [123]}, ""run"": {""family"": ""DEEP"", ""seed"": 123, ""split"": ""fold_2""}, ""training"": {""batch_size"": 32, ""class_imbalance"": {""dataset_model_overrides"": [{""dataset"": ""BATADAL"", ""focal_gamma"": 2.0, ""loss_name"": ""focal"", ""model"": ""GRU""}], ""dataset_overrides"": {""SKAB"": {""use_pos_weight"": false}}, ""focal_gamma"": 2.0, ""loss_name"": ""bce"", ""pos_weight_strategy"": ""neg_pos_ratio"", ""use_pos_weight"": true}, ""early_stopping"": {""enabled"": true, ""mode"": ""min"", ""monitor"": ""val_loss"", ""patience"": 5}, ""epochs"": 50, ""optimizer"": ""adam"", ""threshold_tuning"": {""beta"": 2.0, ""dataset_overrides"": {""BATADAL"": {""metric"": ""f2""}, ""SKAB"": {""metric"": ""f1"", ""min_threshold"": 0.1}}, ""enabled"": true, ""end"": 0.99, ""metric"": ""f1"", ""start"": 0.01, ""step"": 0.01}}}",SKAB,"[""valve1"", ""valve2""]",anomaly,"[""datetime"", ""changepoint"", ""source_group"", ""source_file""]",source_file,0.6,0.2,0.2,True,mean,standard,True,1,16,1,False,32,True,0.0,0.05,cuda,[123],32,50,True,5,val_loss,min,True,neg_pos_ratio,bce,2.0,False,"[{""dataset"": ""BATADAL"", ""focal_gamma"": 2.0, ""loss_name"": ""focal"", ""model"": ""GRU""}]",True,f1,2.0,0.01,0.99,0.01,f2,f1,0.1,adam,0.1,4,3,4,1,True,levenshtein,True,0.0001,average_log_probability,0.05,DEEP,123,fold_2,CNN,cnn,True,,,,0.2,1,0.001,1.0,64.0,3.0,,,
SKAB,CNN,fold_2,123,tuned_threshold_weighted_loss,0.29,0.8999034438364982,0.9748953974895398,0.8356246264196056,8,0.26831998758205894,val_loss,0.26831998758205894,1.0,bce,4476,0.3726937269372694,0.38433264415345736,0.3849419124218052,0.8407059874888293,1.0,0.5861868833430064,0.739114526161727,"{""automata"": {""anomaly_threshold"": 0.1, ""decision"": {""fallback_quantile"": 0.05, ""score_field"": ""average_log_probability""}, ""paa"": {""window_size"": 4}, ""probability"": {""epsilon"": 0.0001, ""smoothing"": true}, ""sax"": {""alphabet_size"": 3}, ""sliding_window"": {""size"": 4, ""stride"": 1}, ""unseen_pattern"": {""enabled"": true, ""method"": ""levenshtein""}}, ""dataset"": {""config"": {""drop_columns"": [""datetime"", ""changepoint"", ""source_group"", ""source_file""], ""group_column"": ""source_file"", ""split"": {""test"": 0.2, ""train"": 0.6, ""validation"": 0.2}, ""target_column"": ""anomaly"", ""valve_folders"": [""valve1"", ""valve2""]}, ""name"": ""SKAB""}, ""model"": {""config"": {""architecture"": ""cnn"", ""dropout"": 0.2, ""enabled"": true, ""input_channels"": 1, ""kernel_size"": 3, ""learning_rate"": 0.001, ""num_filters"": 64, ""output_size"": 1}, ""name"": ""CNN""}, ""noise"": {""enabled"": true, ""gaussian_mean"": 0.0, ""gaussian_std"": 0.05}, ""preprocessing"": {""dataset_overrides"": {""SKAB"": {""pca"": {""enabled"": false}, ""sequence_length"": 32}}, ""missing_data"": {""enabled"": true, ""strategy"": ""mean""}, ""pca"": {""enabled"": true, ""n_components"": 1}, ""scaler"": ""standard"", ""sequence_length"": 16, ""sequence_stride"": 1}, ""project"": {""device"": ""cuda"", ""random_seeds"": [123]}, ""run"": {""family"": ""DEEP"", ""seed"": 123, ""split"": ""fold_2""}, ""training"": {""batch_size"": 32, ""class_imbalance"": {""dataset_model_overrides"": [{""dataset"": ""BATADAL"", ""focal_gamma"": 2.0, ""loss_name"": ""focal"", ""model"": ""GRU""}], ""dataset_overrides"": {""SKAB"": {""use_pos_weight"": false}}, ""focal_gamma"": 2.0, ""loss_name"": ""bce"", ""pos_weight_strategy"": ""neg_pos_ratio"", ""use_pos_weight"": true}, ""early_stopping"": {""enabled"": true, ""mode"": ""min"", ""monitor"": ""val_loss"", ""patience"": 5}, ""epochs"": 50, ""optimizer"": ""adam"", ""threshold_tuning"": {""beta"": 2.0, ""dataset_overrides"": {""BATADAL"": {""metric"": ""f2""}, ""SKAB"": {""metric"": ""f1"", ""min_threshold"": 0.1}}, ""enabled"": true, ""end"": 0.99, ""metric"": ""f1"", ""start"": 0.01, ""step"": 0.01}}}",SKAB,"[""valve1"", ""valve2""]",anomaly,"[""datetime"", ""changepoint"", ""source_group"", ""source_file""]",source_file,0.6,0.2,0.2,True,mean,standard,True,1,16,1,False,32,True,0.0,0.05,cuda,[123],32,50,True,5,val_loss,min,True,neg_pos_ratio,bce,2.0,False,"[{""dataset"": ""BATADAL"", ""focal_gamma"": 2.0, ""loss_name"": ""focal"", ""model"": ""GRU""}]",True,f1,2.0,0.01,0.99,0.01,f2,f1,0.1,adam,0.1,4,3,4,1,True,levenshtein,True,0.0001,average_log_probability,0.05,DEEP,123,fold_2,CNN,cnn,True,,,,0.2,1,0.001,1.0,64.0,3.0,,,
SKAB,LSTM,fold_3,123,baseline_0.5_threshold,0.5,0.86578073089701,0.9651851851851851,0.7849397590361445,7,0.3893314788208368,val_loss,0.3893314788208368,1.0,bce,4410,0.3747036158861885,0.37111558238318804,0.39206349206349206,0.9192743764172335,0.9893086243763364,0.8027761711972238,0.8863346104725415,"{""automata"": {""anomaly_threshold"": 0.1, ""decision"": {""fallback_quantile"": 0.05, ""score_field"": ""average_log_probability""}, ""paa"": {""window_size"": 4}, ""probability"": {""epsilon"": 0.0001, ""smoothing"": true}, ""sax"": {""alphabet_size"": 3}, ""sliding_window"": {""size"": 4, ""stride"": 1}, ""unseen_pattern"": {""enabled"": true, ""method"": ""levenshtein""}}, ""dataset"": {""config"": {""drop_columns"": [""datetime"", ""changepoint"", ""source_group"", ""source_file""], ""group_column"": ""source_file"", ""split"": {""test"": 0.2, ""train"": 0.6, ""validation"": 0.2}, ""target_column"": ""anomaly"", ""valve_folders"": [""valve1"", ""valve2""]}, ""name"": ""SKAB""}, ""model"": {""config"": {""architecture"": ""lstm"", ""dropout"": 0.2, ""enabled"": true, ""hidden_size"": 64, ""input_size"": 1, ""learning_rate"": 0.001, ""num_layers"": 2, ""output_size"": 1}, ""name"": ""LSTM""}, ""noise"": {""enabled"": true, ""gaussian_mean"": 0.0, ""gaussian_std"": 0.05}, ""preprocessing"": {""dataset_overrides"": {""SKAB"": {""pca"": {""enabled"": false}, ""sequence_length"": 32}}, ""missing_data"": {""enabled"": true, ""strategy"": ""mean""}, ""pca"": {""enabled"": true, ""n_components"": 1}, ""scaler"": ""standard"", ""sequence_length"": 16, ""sequence_stride"": 1}, ""project"": {""device"": ""cuda"", ""random_seeds"": [123]}, ""run"": {""family"": ""DEEP"", ""seed"": 123, ""split"": ""fold_3""}, ""training"": {""batch_size"": 32, ""class_imbalance"": {""dataset_model_overrides"": [{""dataset"": ""BATADAL"", ""focal_gamma"": 2.0, ""loss_name"": ""focal"", ""model"": ""GRU""}], ""dataset_overrides"": {""SKAB"": {""use_pos_weight"": false}}, ""focal_gamma"": 2.0, ""loss_name"": ""bce"", ""pos_weight_strategy"": ""neg_pos_ratio"", ""use_pos_weight"": true}, ""early_stopping"": {""enabled"": true, ""mode"": ""min"", ""monitor"": ""val_loss"", ""patience"": 5}, ""epochs"": 50, ""optimizer"": ""adam"", ""threshold_tuning"": {""beta"": 2.0, ""dataset_overrides"": {""BATADAL"": {""metric"": ""f2""}, ""SKAB"": {""metric"": ""f1"", ""min_threshold"": 0.1}}, ""enabled"": true, ""end"": 0.99, ""metric"": ""f1"", ""start"": 0.01, ""step"": 0.01}}}",SKAB,"[""valve1"", ""valve2""]",anomaly,"[""datetime"", ""changepoint"", ""source_group"", ""source_file""]",source_file,0.6,0.2,0.2,True,mean,standard,True,1,16,1,False,32,True,0.0,0.05,cuda,[123],32,50,True,5,val_loss,min,True,neg_pos_ratio,bce,2.0,False,"[{""dataset"": ""BATADAL"", ""focal_gamma"": 2.0, ""loss_name"": ""focal"", ""model"": ""GRU""}]",True,f1,2.0,0.01,0.99,0.01,f2,f1,0.1,adam,0.1,4,3,4,1,True,levenshtein,True,0.0001,average_log_probability,0.05,DEEP,123,fold_3,LSTM,lstm,True,1.0,64.0,2.0,0.2,1,0.001,,,,,,
SKAB,LSTM,fold_3,123,tuned_threshold_weighted_loss,0.99,0.86578073089701,0.9651851851851851,0.7849397590361445,7,0.3893314788208368,val_loss,0.3893314788208368,1.0,bce,4410,0.3747036158861885,0.37111558238318804,0.39206349206349206,0.9086167800453515,1.0,0.7669172932330827,0.8680851063829788,"{""automata"": {""anomaly_threshold"": 0.1, ""decision"": {""fallback_quantile"": 0.05, ""score_field"": ""average_log_probability""}, ""paa"": {""window_size"": 4}, ""probability"": {""epsilon"": 0.0001, ""smoothing"": true}, ""sax"": {""alphabet_size"": 3}, ""sliding_window"": {""size"": 4, ""stride"": 1}, ""unseen_pattern"": {""enabled"": true, ""method"": ""levenshtein""}}, ""dataset"": {""config"": {""drop_columns"": [""datetime"", ""changepoint"", ""source_group"", ""source_file""], ""group_column"": ""source_file"", ""split"": {""test"": 0.2, ""train"": 0.6, ""validation"": 0.2}, ""target_column"": ""anomaly"", ""valve_folders"": [""valve1"", ""valve2""]}, ""name"": ""SKAB""}, ""model"": {""config"": {""architecture"": ""lstm"", ""dropout"": 0.2, ""enabled"": true, ""hidden_size"": 64, ""input_size"": 1, ""learning_rate"": 0.001, ""num_layers"": 2, ""output_size"": 1}, ""name"": ""LSTM""}, ""noise"": {""enabled"": true, ""gaussian_mean"": 0.0, ""gaussian_std"": 0.05}, ""preprocessing"": {""dataset_overrides"": {""SKAB"": {""pca"": {""enabled"": false}, ""sequence_length"": 32}}, ""missing_data"": {""enabled"": true, ""strategy"": ""mean""}, ""pca"": {""enabled"": true, ""n_components"": 1}, ""scaler"": ""standard"", ""sequence_length"": 16, ""sequence_stride"": 1}, ""project"": {""device"": ""cuda"", ""random_seeds"": [123]}, ""run"": {""family"": ""DEEP"", ""seed"": 123, ""split"": ""fold_3""}, ""training"": {""batch_size"": 32, ""class_imbalance"": {""dataset_model_overrides"": [{""dataset"": ""BATADAL"", ""focal_gamma"": 2.0, ""loss_name"": ""focal"", ""model"": ""GRU""}], ""dataset_overrides"": {""SKAB"": {""use_pos_weight"": false}}, ""focal_gamma"": 2.0, ""loss_name"": ""bce"", ""pos_weight_strategy"": ""neg_pos_ratio"", ""use_pos_weight"": true}, ""early_stopping"": {""enabled"": true, ""mode"": ""min"", ""monitor"": ""val_loss"", ""patience"": 5}, ""epochs"": 50, ""optimizer"": ""adam"", ""threshold_tuning"": {""beta"": 2.0, ""dataset_overrides"": {""BATADAL"": {""metric"": ""f2""}, ""SKAB"": {""metric"": ""f1"", ""min_threshold"": 0.1}}, ""enabled"": true, ""end"": 0.99, ""metric"": ""f1"", ""start"": 0.01, ""step"": 0.01}}}",SKAB,"[""valve1"", ""valve2""]",anomaly,"[""datetime"", ""changepoint"", ""source_group"", ""source_file""]",source_file,0.6,0.2,0.2,True,mean,standard,True,1,16,1,False,32,True,0.0,0.05,cuda,[123],32,50,True,5,val_loss,min,True,neg_pos_ratio,bce,2.0,False,"[{""dataset"": ""BATADAL"", ""focal_gamma"": 2.0, ""loss_name"": ""focal"", ""model"": ""GRU""}]",True,f1,2.0,0.01,0.99,0.01,f2,f1,0.1,adam,0.1,4,3,4,1,True,levenshtein,True,0.0001,average_log_probability,0.05,DEEP,123,fold_3,LSTM,lstm,True,1.0,64.0,2.0,0.2,1,0.001,,,,,,
SKAB,GRU,fold_3,123,baseline_0.5_threshold,0.5,0.8616677440206852,0.9295676429567643,0.803012048192771,8,0.4017484977224243,val_loss,0.4017484977224243,1.0,bce,4410,0.3747036158861885,0.37111558238318804,0.39206349206349206,0.9072562358276643,0.952054794520548,0.8039329091960671,0.8717466290373158,"{""automata"": {""anomaly_threshold"": 0.1, ""decision"": {""fallback_quantile"": 0.05, ""score_field"": ""average_log_probability""}, ""paa"": {""window_size"": 4}, ""probability"": {""epsilon"": 0.0001, ""smoothing"": true}, ""sax"": {""alphabet_size"": 3}, ""sliding_window"": {""size"": 4, ""stride"": 1}, ""unseen_pattern"": {""enabled"": true, ""method"": ""levenshtein""}}, ""dataset"": {""config"": {""drop_columns"": [""datetime"", ""changepoint"", ""source_group"", ""source_file""], ""group_column"": ""source_file"", ""split"": {""test"": 0.2, ""train"": 0.6, ""validation"": 0.2}, ""target_column"": ""anomaly"", ""valve_folders"": [""valve1"", ""valve2""]}, ""name"": ""SKAB""}, ""model"": {""config"": {""architecture"": ""gru"", ""dropout"": 0.2, ""enabled"": true, ""hidden_size"": 64, ""input_size"": 1, ""learning_rate"": 0.001, ""num_layers"": 2, ""output_size"": 1}, ""name"": ""GRU""}, ""noise"": {""enabled"": true, ""gaussian_mean"": 0.0, ""gaussian_std"": 0.05}, ""preprocessing"": {""dataset_overrides"": {""SKAB"": {""pca"": {""enabled"": false}, ""sequence_length"": 32}}, ""missing_data"": {""enabled"": true, ""strategy"": ""mean""}, ""pca"": {""enabled"": true, ""n_components"": 1}, ""scaler"": ""standard"", ""sequence_length"": 16, ""sequence_stride"": 1}, ""project"": {""device"": ""cuda"", ""random_seeds"": [123]}, ""run"": {""family"": ""DEEP"", ""seed"": 123, ""split"": ""fold_3""}, ""training"": {""batch_size"": 32, ""class_imbalance"": {""dataset_model_overrides"": [{""dataset"": ""BATADAL"", ""focal_gamma"": 2.0, ""loss_name"": ""focal"", ""model"": ""GRU""}], ""dataset_overrides"": {""SKAB"": {""use_pos_weight"": false}}, ""focal_gamma"": 2.0, ""loss_name"": ""bce"", ""pos_weight_strategy"": ""neg_pos_ratio"", ""use_pos_weight"": true}, ""early_stopping"": {""enabled"": true, ""mode"": ""min"", ""monitor"": ""val_loss"", ""patience"": 5}, ""epochs"": 50, ""optimizer"": ""adam"", ""threshold_tuning"": {""beta"": 2.0, ""dataset_overrides"": {""BATADAL"": {""metric"": ""f2""}, ""SKAB"": {""metric"": ""f1"", ""min_threshold"": 0.1}}, ""enabled"": true, ""end"": 0.99, ""metric"": ""f1"", ""start"": 0.01, ""step"": 0.01}}}",SKAB,"[""valve1"", ""valve2""]",anomaly,"[""datetime"", ""changepoint"", ""source_group"", ""source_file""]",source_file,0.6,0.2,0.2,True,mean,standard,True,1,16,1,False,32,True,0.0,0.05,cuda,[123],32,50,True,5,val_loss,min,True,neg_pos_ratio,bce,2.0,False,"[{""dataset"": ""BATADAL"", ""focal_gamma"": 2.0, ""loss_name"": ""focal"", ""model"": ""GRU""}]",True,f1,2.0,0.01,0.99,0.01,f2,f1,0.1,adam,0.1,4,3,4,1,True,levenshtein,True,0.0001,average_log_probability,0.05,DEEP,123,fold_3,GRU,gru,True,1.0,64.0,2.0,0.2,1,0.001,,,,,,
SKAB,GRU,fold_3,123,tuned_threshold_weighted_loss,0.99,0.8616677440206852,0.9295676429567643,0.803012048192771,8,0.4017484977224243,val_loss,0.4017484977224243,1.0,bce,4410,0.3747036158861885,0.37111558238318804,0.39206349206349206,0.9058956916099773,0.9713055954088953,0.7831116252168884,0.867114953570285,"{""automata"": {""anomaly_threshold"": 0.1, ""decision"": {""fallback_quantile"": 0.05, ""score_field"": ""average_log_probability""}, ""paa"": {""window_size"": 4}, ""probability"": {""epsilon"": 0.0001, ""smoothing"": true}, ""sax"": {""alphabet_size"": 3}, ""sliding_window"": {""size"": 4, ""stride"": 1}, ""unseen_pattern"": {""enabled"": true, ""method"": ""levenshtein""}}, ""dataset"": {""config"": {""drop_columns"": [""datetime"", ""changepoint"", ""source_group"", ""source_file""], ""group_column"": ""source_file"", ""split"": {""test"": 0.2, ""train"": 0.6, ""validation"": 0.2}, ""target_column"": ""anomaly"", ""valve_folders"": [""valve1"", ""valve2""]}, ""name"": ""SKAB""}, ""model"": {""config"": {""architecture"": ""gru"", ""dropout"": 0.2, ""enabled"": true, ""hidden_size"": 64, ""input_size"": 1, ""learning_rate"": 0.001, ""num_layers"": 2, ""output_size"": 1}, ""name"": ""GRU""}, ""noise"": {""enabled"": true, ""gaussian_mean"": 0.0, ""gaussian_std"": 0.05}, ""preprocessing"": {""dataset_overrides"": {""SKAB"": {""pca"": {""enabled"": false}, ""sequence_length"": 32}}, ""missing_data"": {""enabled"": true, ""strategy"": ""mean""}, ""pca"": {""enabled"": true, ""n_components"": 1}, ""scaler"": ""standard"", ""sequence_length"": 16, ""sequence_stride"": 1}, ""project"": {""device"": ""cuda"", ""random_seeds"": [123]}, ""run"": {""family"": ""DEEP"", ""seed"": 123, ""split"": ""fold_3""}, ""training"": {""batch_size"": 32, ""class_imbalance"": {""dataset_model_overrides"": [{""dataset"": ""BATADAL"", ""focal_gamma"": 2.0, ""loss_name"": ""focal"", ""model"": ""GRU""}], ""dataset_overrides"": {""SKAB"": {""use_pos_weight"": false}}, ""focal_gamma"": 2.0, ""loss_name"": ""bce"", ""pos_weight_strategy"": ""neg_pos_ratio"", ""use_pos_weight"": true}, ""early_stopping"": {""enabled"": true, ""mode"": ""min"", ""monitor"": ""val_loss"", ""patience"": 5}, ""epochs"": 50, ""optimizer"": ""adam"", ""threshold_tuning"": {""beta"": 2.0, ""dataset_overrides"": {""BATADAL"": {""metric"": ""f2""}, ""SKAB"": {""metric"": ""f1"", ""min_threshold"": 0.1}}, ""enabled"": true, ""end"": 0.99, ""metric"": ""f1"", ""start"": 0.01, ""step"": 0.01}}}",SKAB,"[""valve1"", ""valve2""]",anomaly,"[""datetime"", ""changepoint"", ""source_group"", ""source_file""]",source_file,0.6,0.2,0.2,True,mean,standard,True,1,16,1,False,32,True,0.0,0.05,cuda,[123],32,50,True,5,val_loss,min,True,neg_pos_ratio,bce,2.0,False,"[{""dataset"": ""BATADAL"", ""focal_gamma"": 2.0, ""loss_name"": ""focal"", ""model"": ""GRU""}]",True,f1,2.0,0.01,0.99,0.01,f2,f1,0.1,adam,0.1,4,3,4,1,True,levenshtein,True,0.0001,average_log_probability,0.05,DEEP,123,fold_3,GRU,gru,True,1.0,64.0,2.0,0.2,1,0.001,,,,,,
SKAB,CNN,fold_3,123,baseline_0.5_threshold,0.5,0.8630456514495168,0.9656972408650261,0.7801204819277109,6,0.3427066249206992,val_loss,0.3427066249206992,1.0,bce,4410,0.3747036158861885,0.37111558238318804,0.39206349206349206,0.9138321995464853,1.0,0.7802197802197802,0.8765432098765432,"{""automata"": {""anomaly_threshold"": 0.1, ""decision"": {""fallback_quantile"": 0.05, ""score_field"": ""average_log_probability""}, ""paa"": {""window_size"": 4}, ""probability"": {""epsilon"": 0.0001, ""smoothing"": true}, ""sax"": {""alphabet_size"": 3}, ""sliding_window"": {""size"": 4, ""stride"": 1}, ""unseen_pattern"": {""enabled"": true, ""method"": ""levenshtein""}}, ""dataset"": {""config"": {""drop_columns"": [""datetime"", ""changepoint"", ""source_group"", ""source_file""], ""group_column"": ""source_file"", ""split"": {""test"": 0.2, ""train"": 0.6, ""validation"": 0.2}, ""target_column"": ""anomaly"", ""valve_folders"": [""valve1"", ""valve2""]}, ""name"": ""SKAB""}, ""model"": {""config"": {""architecture"": ""cnn"", ""dropout"": 0.2, ""enabled"": true, ""input_channels"": 1, ""kernel_size"": 3, ""learning_rate"": 0.001, ""num_filters"": 64, ""output_size"": 1}, ""name"": ""CNN""}, ""noise"": {""enabled"": true, ""gaussian_mean"": 0.0, ""gaussian_std"": 0.05}, ""preprocessing"": {""dataset_overrides"": {""SKAB"": {""pca"": {""enabled"": false}, ""sequence_length"": 32}}, ""missing_data"": {""enabled"": true, ""strategy"": ""mean""}, ""pca"": {""enabled"": true, ""n_components"": 1}, ""scaler"": ""standard"", ""sequence_length"": 16, ""sequence_stride"": 1}, ""project"": {""device"": ""cuda"", ""random_seeds"": [123]}, ""run"": {""family"": ""DEEP"", ""seed"": 123, ""split"": ""fold_3""}, ""training"": {""batch_size"": 32, ""class_imbalance"": {""dataset_model_overrides"": [{""dataset"": ""BATADAL"", ""focal_gamma"": 2.0, ""loss_name"": ""focal"", ""model"": ""GRU""}], ""dataset_overrides"": {""SKAB"": {""use_pos_weight"": false}}, ""focal_gamma"": 2.0, ""loss_name"": ""bce"", ""pos_weight_strategy"": ""neg_pos_ratio"", ""use_pos_weight"": true}, ""early_stopping"": {""enabled"": true, ""mode"": ""min"", ""monitor"": ""val_loss"", ""patience"": 5}, ""epochs"": 50, ""optimizer"": ""adam"", ""threshold_tuning"": {""beta"": 2.0, ""dataset_overrides"": {""BATADAL"": {""metric"": ""f2""}, ""SKAB"": {""metric"": ""f1"", ""min_threshold"": 0.1}}, ""enabled"": true, ""end"": 0.99, ""metric"": ""f1"", ""start"": 0.01, ""step"": 0.01}}}",SKAB,"[""valve1"", ""valve2""]",anomaly,"[""datetime"", ""changepoint"", ""source_group"", ""source_file""]",source_file,0.6,0.2,0.2,True,mean,standard,True,1,16,1,False,32,True,0.0,0.05,cuda,[123],32,50,True,5,val_loss,min,True,neg_pos_ratio,bce,2.0,False,"[{""dataset"": ""BATADAL"", ""focal_gamma"": 2.0, ""loss_name"": ""focal"", ""model"": ""GRU""}]",True,f1,2.0,0.01,0.99,0.01,f2,f1,0.1,adam,0.1,4,3,4,1,True,levenshtein,True,0.0001,average_log_probability,0.05,DEEP,123,fold_3,CNN,cnn,True,,,,0.2,1,0.001,1.0,64.0,3.0,,,
SKAB,CNN,fold_3,123,tuned_threshold_weighted_loss,0.56,0.8630456514495168,0.9656972408650261,0.7801204819277109,6,0.3427066249206992,val_loss,0.3427066249206992,1.0,bce,4410,0.3747036158861885,0.37111558238318804,0.39206349206349206,0.9113378684807256,1.0,0.7738577212261423,0.872513857189436,"{""automata"": {""anomaly_threshold"": 0.1, ""decision"": {""fallback_quantile"": 0.05, ""score_field"": ""average_log_probability""}, ""paa"": {""window_size"": 4}, ""probability"": {""epsilon"": 0.0001, ""smoothing"": true}, ""sax"": {""alphabet_size"": 3}, ""sliding_window"": {""size"": 4, ""stride"": 1}, ""unseen_pattern"": {""enabled"": true, ""method"": ""levenshtein""}}, ""dataset"": {""config"": {""drop_columns"": [""datetime"", ""changepoint"", ""source_group"", ""source_file""], ""group_column"": ""source_file"", ""split"": {""test"": 0.2, ""train"": 0.6, ""validation"": 0.2}, ""target_column"": ""anomaly"", ""valve_folders"": [""valve1"", ""valve2""]}, ""name"": ""SKAB""}, ""model"": {""config"": {""architecture"": ""cnn"", ""dropout"": 0.2, ""enabled"": true, ""input_channels"": 1, ""kernel_size"": 3, ""learning_rate"": 0.001, ""num_filters"": 64, ""output_size"": 1}, ""name"": ""CNN""}, ""noise"": {""enabled"": true, ""gaussian_mean"": 0.0, ""gaussian_std"": 0.05}, ""preprocessing"": {""dataset_overrides"": {""SKAB"": {""pca"": {""enabled"": false}, ""sequence_length"": 32}}, ""missing_data"": {""enabled"": true, ""strategy"": ""mean""}, ""pca"": {""enabled"": true, ""n_components"": 1}, ""scaler"": ""standard"", ""sequence_length"": 16, ""sequence_stride"": 1}, ""project"": {""device"": ""cuda"", ""random_seeds"": [123]}, ""run"": {""family"": ""DEEP"", ""seed"": 123, ""split"": ""fold_3""}, ""training"": {""batch_size"": 32, ""class_imbalance"": {""dataset_model_overrides"": [{""dataset"": ""BATADAL"", ""focal_gamma"": 2.0, ""loss_name"": ""focal"", ""model"": ""GRU""}], ""dataset_overrides"": {""SKAB"": {""use_pos_weight"": false}}, ""focal_gamma"": 2.0, ""loss_name"": ""bce"", ""pos_weight_strategy"": ""neg_pos_ratio"", ""use_pos_weight"": true}, ""early_stopping"": {""enabled"": true, ""mode"": ""min"", ""monitor"": ""val_loss"", ""patience"": 5}, ""epochs"": 50, ""optimizer"": ""adam"", ""threshold_tuning"": {""beta"": 2.0, ""dataset_overrides"": {""BATADAL"": {""metric"": ""f2""}, ""SKAB"": {""metric"": ""f1"", ""min_threshold"": 0.1}}, ""enabled"": true, ""end"": 0.99, ""metric"": ""f1"", ""start"": 0.01, ""step"": 0.01}}}",SKAB,"[""valve1"", ""valve2""]",anomaly,"[""datetime"", ""changepoint"", ""source_group"", ""source_file""]",source_file,0.6,0.2,0.2,True,mean,standard,True,1,16,1,False,32,True,0.0,0.05,cuda,[123],32,50,True,5,val_loss,min,True,neg_pos_ratio,bce,2.0,False,"[{""dataset"": ""BATADAL"", ""focal_gamma"": 2.0, ""loss_name"": ""focal"", ""model"": ""GRU""}]",True,f1,2.0,0.01,0.99,0.01,f2,f1,0.1,adam,0.1,4,3,4,1,True,levenshtein,True,0.0001,average_log_probability,0.05,DEEP,123,fold_3,CNN,cnn,True,,,,0.2,1,0.001,1.0,64.0,3.0,,,
SKAB,LSTM,fold_4,123,baseline_0.5_threshold,0.5,0.8982712765957447,1.0,0.8153289076644539,6,0.25898106681486316,val_loss,0.25898106681486316,1.0,bce,4501,0.3810730253353204,0.37169134140870347,0.37213952455009996,0.9386802932681626,1.0,0.8352238805970149,0.9102147039687704,"{""automata"": {""anomaly_threshold"": 0.1, ""decision"": {""fallback_quantile"": 0.05, ""score_field"": ""average_log_probability""}, ""paa"": {""window_size"": 4}, ""probability"": {""epsilon"": 0.0001, ""smoothing"": true}, ""sax"": {""alphabet_size"": 3}, ""sliding_window"": {""size"": 4, ""stride"": 1}, ""unseen_pattern"": {""enabled"": true, ""method"": ""levenshtein""}}, ""dataset"": {""config"": {""drop_columns"": [""datetime"", ""changepoint"", ""source_group"", ""source_file""], ""group_column"": ""source_file"", ""split"": {""test"": 0.2, ""train"": 0.6, ""validation"": 0.2}, ""target_column"": ""anomaly"", ""valve_folders"": [""valve1"", ""valve2""]}, ""name"": ""SKAB""}, ""model"": {""config"": {""architecture"": ""lstm"", ""dropout"": 0.2, ""enabled"": true, ""hidden_size"": 64, ""input_size"": 1, ""learning_rate"": 0.001, ""num_layers"": 2, ""output_size"": 1}, ""name"": ""LSTM""}, ""noise"": {""enabled"": true, ""gaussian_mean"": 0.0, ""gaussian_std"": 0.05}, ""preprocessing"": {""dataset_overrides"": {""SKAB"": {""pca"": {""enabled"": false}, ""sequence_length"": 32}}, ""missing_data"": {""enabled"": true, ""strategy"": ""mean""}, ""pca"": {""enabled"": true, ""n_components"": 1}, ""scaler"": ""standard"", ""sequence_length"": 16, ""sequence_stride"": 1}, ""project"": {""device"": ""cuda"", ""random_seeds"": [123]}, ""run"": {""family"": ""DEEP"", ""seed"": 123, ""split"": ""fold_4""}, ""training"": {""batch_size"": 32, ""class_imbalance"": {""dataset_model_overrides"": [{""dataset"": ""BATADAL"", ""focal_gamma"": 2.0, ""loss_name"": ""focal"", ""model"": ""GRU""}], ""dataset_overrides"": {""SKAB"": {""use_pos_weight"": false}}, ""focal_gamma"": 2.0, ""loss_name"": ""bce"", ""pos_weight_strategy"": ""neg_pos_ratio"", ""use_pos_weight"": true}, ""early_stopping"": {""enabled"": true, ""mode"": ""min"", ""monitor"": ""val_loss"", ""patience"": 5}, ""epochs"": 50, ""optimizer"": ""adam"", ""threshold_tuning"": {""beta"": 2.0, ""dataset_overrides"": {""BATADAL"": {""metric"": ""f2""}, ""SKAB"": {""metric"": ""f1"", ""min_threshold"": 0.1}}, ""enabled"": true, ""end"": 0.99, ""metric"": ""f1"", ""start"": 0.01, ""step"": 0.01}}}",SKAB,"[""valve1"", ""valve2""]",anomaly,"[""datetime"", ""changepoint"", ""source_group"", ""source_file""]",source_file,0.6,0.2,0.2,True,mean,standard,True,1,16,1,False,32,True,0.0,0.05,cuda,[123],32,50,True,5,val_loss,min,True,neg_pos_ratio,bce,2.0,False,"[{""dataset"": ""BATADAL"", ""focal_gamma"": 2.0, ""loss_name"": ""focal"", ""model"": ""GRU""}]",True,f1,2.0,0.01,0.99,0.01,f2,f1,0.1,adam,0.1,4,3,4,1,True,levenshtein,True,0.0001,average_log_probability,0.05,DEEP,123,fold_4,LSTM,lstm,True,1.0,64.0,2.0,0.2,1,0.001,,,,,,
SKAB,LSTM,fold_4,123,tuned_threshold_weighted_loss,0.96,0.8982712765957447,1.0,0.8153289076644539,6,0.25898106681486316,val_loss,0.25898106681486316,1.0,bce,4501,0.3810730253353204,0.37169134140870347,0.37213952455009996,0.8862475005554321,1.0,0.6943283582089552,0.8195912614517266,"{""automata"": {""anomaly_threshold"": 0.1, ""decision"": {""fallback_quantile"": 0.05, ""score_field"": ""average_log_probability""}, ""paa"": {""window_size"": 4}, ""probability"": {""epsilon"": 0.0001, ""smoothing"": true}, ""sax"": {""alphabet_size"": 3}, ""sliding_window"": {""size"": 4, ""stride"": 1}, ""unseen_pattern"": {""enabled"": true, ""method"": ""levenshtein""}}, ""dataset"": {""config"": {""drop_columns"": [""datetime"", ""changepoint"", ""source_group"", ""source_file""], ""group_column"": ""source_file"", ""split"": {""test"": 0.2, ""train"": 0.6, ""validation"": 0.2}, ""target_column"": ""anomaly"", ""valve_folders"": [""valve1"", ""valve2""]}, ""name"": ""SKAB""}, ""model"": {""config"": {""architecture"": ""lstm"", ""dropout"": 0.2, ""enabled"": true, ""hidden_size"": 64, ""input_size"": 1, ""learning_rate"": 0.001, ""num_layers"": 2, ""output_size"": 1}, ""name"": ""LSTM""}, ""noise"": {""enabled"": true, ""gaussian_mean"": 0.0, ""gaussian_std"": 0.05}, ""preprocessing"": {""dataset_overrides"": {""SKAB"": {""pca"": {""enabled"": false}, ""sequence_length"": 32}}, ""missing_data"": {""enabled"": true, ""strategy"": ""mean""}, ""pca"": {""enabled"": true, ""n_components"": 1}, ""scaler"": ""standard"", ""sequence_length"": 16, ""sequence_stride"": 1}, ""project"": {""device"": ""cuda"", ""random_seeds"": [123]}, ""run"": {""family"": ""DEEP"", ""seed"": 123, ""split"": ""fold_4""}, ""training"": {""batch_size"": 32, ""class_imbalance"": {""dataset_model_overrides"": [{""dataset"": ""BATADAL"", ""focal_gamma"": 2.0, ""loss_name"": ""focal"", ""model"": ""GRU""}], ""dataset_overrides"": {""SKAB"": {""use_pos_weight"": false}}, ""focal_gamma"": 2.0, ""loss_name"": ""bce"", ""pos_weight_strategy"": ""neg_pos_ratio"", ""use_pos_weight"": true}, ""early_stopping"": {""enabled"": true, ""mode"": ""min"", ""monitor"": ""val_loss"", ""patience"": 5}, ""epochs"": 50, ""optimizer"": ""adam"", ""threshold_tuning"": {""beta"": 2.0, ""dataset_overrides"": {""BATADAL"": {""metric"": ""f2""}, ""SKAB"": {""metric"": ""f1"", ""min_threshold"": 0.1}}, ""enabled"": true, ""end"": 0.99, ""metric"": ""f1"", ""start"": 0.01, ""step"": 0.01}}}",SKAB,"[""valve1"", ""valve2""]",anomaly,"[""datetime"", ""changepoint"", ""source_group"", ""source_file""]",source_file,0.6,0.2,0.2,True,mean,standard,True,1,16,1,False,32,True,0.0,0.05,cuda,[123],32,50,True,5,val_loss,min,True,neg_pos_ratio,bce,2.0,False,"[{""dataset"": ""BATADAL"", ""focal_gamma"": 2.0, ""loss_name"": ""focal"", ""model"": ""GRU""}]",True,f1,2.0,0.01,0.99,0.01,f2,f1,0.1,adam,0.1,4,3,4,1,True,levenshtein,True,0.0001,average_log_probability,0.05,DEEP,123,fold_4,LSTM,lstm,True,1.0,64.0,2.0,0.2,1,0.001,,,,,,
SKAB,GRU,fold_4,123,baseline_0.5_threshold,0.5,0.8993772533595542,0.9842180774748924,0.828002414001207,6,0.236412127438336,val_loss,0.236412127438336,1.0,bce,4501,0.3810730253353204,0.37169134140870347,0.37213952455009996,0.9480115529882248,1.0,0.8602985074626865,0.9249037227214377,"{""automata"": {""anomaly_threshold"": 0.1, ""decision"": {""fallback_quantile"": 0.05, ""score_field"": ""average_log_probability""}, ""paa"": {""window_size"": 4}, ""probability"": {""epsilon"": 0.0001, ""smoothing"": true}, ""sax"": {""alphabet_size"": 3}, ""sliding_window"": {""size"": 4, ""stride"": 1}, ""unseen_pattern"": {""enabled"": true, ""method"": ""levenshtein""}}, ""dataset"": {""config"": {""drop_columns"": [""datetime"", ""changepoint"", ""source_group"", ""source_file""], ""group_column"": ""source_file"", ""split"": {""test"": 0.2, ""train"": 0.6, ""validation"": 0.2}, ""target_column"": ""anomaly"", ""valve_folders"": [""valve1"", ""valve2""]}, ""name"": ""SKAB""}, ""model"": {""config"": {""architecture"": ""gru"", ""dropout"": 0.2, ""enabled"": true, ""hidden_size"": 64, ""input_size"": 1, ""learning_rate"": 0.001, ""num_layers"": 2, ""output_size"": 1}, ""name"": ""GRU""}, ""noise"": {""enabled"": true, ""gaussian_mean"": 0.0, ""gaussian_std"": 0.05}, ""preprocessing"": {""dataset_overrides"": {""SKAB"": {""pca"": {""enabled"": false}, ""sequence_length"": 32}}, ""missing_data"": {""enabled"": true, ""strategy"": ""mean""}, ""pca"": {""enabled"": true, ""n_components"": 1}, ""scaler"": ""standard"", ""sequence_length"": 16, ""sequence_stride"": 1}, ""project"": {""device"": ""cuda"", ""random_seeds"": [123]}, ""run"": {""family"": ""DEEP"", ""seed"": 123, ""split"": ""fold_4""}, ""training"": {""batch_size"": 32, ""class_imbalance"": {""dataset_model_overrides"": [{""dataset"": ""BATADAL"", ""focal_gamma"": 2.0, ""loss_name"": ""focal"", ""model"": ""GRU""}], ""dataset_overrides"": {""SKAB"": {""use_pos_weight"": false}}, ""focal_gamma"": 2.0, ""loss_name"": ""bce"", ""pos_weight_strategy"": ""neg_pos_ratio"", ""use_pos_weight"": true}, ""early_stopping"": {""enabled"": true, ""mode"": ""min"", ""monitor"": ""val_loss"", ""patience"": 5}, ""epochs"": 50, ""optimizer"": ""adam"", ""threshold_tuning"": {""beta"": 2.0, ""dataset_overrides"": {""BATADAL"": {""metric"": ""f2""}, ""SKAB"": {""metric"": ""f1"", ""min_threshold"": 0.1}}, ""enabled"": true, ""end"": 0.99, ""metric"": ""f1"", ""start"": 0.01, ""step"": 0.01}}}",SKAB,"[""valve1"", ""valve2""]",anomaly,"[""datetime"", ""changepoint"", ""source_group"", ""source_file""]",source_file,0.6,0.2,0.2,True,mean,standard,True,1,16,1,False,32,True,0.0,0.05,cuda,[123],32,50,True,5,val_loss,min,True,neg_pos_ratio,bce,2.0,False,"[{""dataset"": ""BATADAL"", ""focal_gamma"": 2.0, ""loss_name"": ""focal"", ""model"": ""GRU""}]",True,f1,2.0,0.01,0.99,0.01,f2,f1,0.1,adam,0.1,4,3,4,1,True,levenshtein,True,0.0001,average_log_probability,0.05,DEEP,123,fold_4,GRU,gru,True,1.0,64.0,2.0,0.2,1,0.001,,,,,,
SKAB,GRU,fold_4,123,tuned_threshold_weighted_loss,0.79,0.8993772533595542,0.9842180774748924,0.828002414001207,6,0.236412127438336,val_loss,0.236412127438336,1.0,bce,4501,0.3810730253353204,0.37169134140870347,0.37213952455009996,0.9337924905576539,1.0,0.822089552238806,0.9023591087811271,"{""automata"": {""anomaly_threshold"": 0.1, ""decision"": {""fallback_quantile"": 0.05, ""score_field"": ""average_log_probability""}, ""paa"": {""window_size"": 4}, ""probability"": {""epsilon"": 0.0001, ""smoothing"": true}, ""sax"": {""alphabet_size"": 3}, ""sliding_window"": {""size"": 4, ""stride"": 1}, ""unseen_pattern"": {""enabled"": true, ""method"": ""levenshtein""}}, ""dataset"": {""config"": {""drop_columns"": [""datetime"", ""changepoint"", ""source_group"", ""source_file""], ""group_column"": ""source_file"", ""split"": {""test"": 0.2, ""train"": 0.6, ""validation"": 0.2}, ""target_column"": ""anomaly"", ""valve_folders"": [""valve1"", ""valve2""]}, ""name"": ""SKAB""}, ""model"": {""config"": {""architecture"": ""gru"", ""dropout"": 0.2, ""enabled"": true, ""hidden_size"": 64, ""input_size"": 1, ""learning_rate"": 0.001, ""num_layers"": 2, ""output_size"": 1}, ""name"": ""GRU""}, ""noise"": {""enabled"": true, ""gaussian_mean"": 0.0, ""gaussian_std"": 0.05}, ""preprocessing"": {""dataset_overrides"": {""SKAB"": {""pca"": {""enabled"": false}, ""sequence_length"": 32}}, ""missing_data"": {""enabled"": true, ""strategy"": ""mean""}, ""pca"": {""enabled"": true, ""n_components"": 1}, ""scaler"": ""standard"", ""sequence_length"": 16, ""sequence_stride"": 1}, ""project"": {""device"": ""cuda"", ""random_seeds"": [123]}, ""run"": {""family"": ""DEEP"", ""seed"": 123, ""split"": ""fold_4""}, ""training"": {""batch_size"": 32, ""class_imbalance"": {""dataset_model_overrides"": [{""dataset"": ""BATADAL"", ""focal_gamma"": 2.0, ""loss_name"": ""focal"", ""model"": ""GRU""}], ""dataset_overrides"": {""SKAB"": {""use_pos_weight"": false}}, ""focal_gamma"": 2.0, ""loss_name"": ""bce"", ""pos_weight_strategy"": ""neg_pos_ratio"", ""use_pos_weight"": true}, ""early_stopping"": {""enabled"": true, ""mode"": ""min"", ""monitor"": ""val_loss"", ""patience"": 5}, ""epochs"": 50, ""optimizer"": ""adam"", ""threshold_tuning"": {""beta"": 2.0, ""dataset_overrides"": {""BATADAL"": {""metric"": ""f2""}, ""SKAB"": {""metric"": ""f1"", ""min_threshold"": 0.1}}, ""enabled"": true, ""end"": 0.99, ""metric"": ""f1"", ""start"": 0.01, ""step"": 0.01}}}",SKAB,"[""valve1"", ""valve2""]",anomaly,"[""datetime"", ""changepoint"", ""source_group"", ""source_file""]",source_file,0.6,0.2,0.2,True,mean,standard,True,1,16,1,False,32,True,0.0,0.05,cuda,[123],32,50,True,5,val_loss,min,True,neg_pos_ratio,bce,2.0,False,"[{""dataset"": ""BATADAL"", ""focal_gamma"": 2.0, ""loss_name"": ""focal"", ""model"": ""GRU""}]",True,f1,2.0,0.01,0.99,0.01,f2,f1,0.1,adam,0.1,4,3,4,1,True,levenshtein,True,0.0001,average_log_probability,0.05,DEEP,123,fold_4,GRU,gru,True,1.0,64.0,2.0,0.2,1,0.001,,,,,,
SKAB,CNN,fold_4,123,baseline_0.5_threshold,0.5,0.8910171730515192,0.9839533187454412,0.8141219070609536,9,0.2544256828005067,val_loss,0.2544256828005067,1.0,bce,4501,0.3810730253353204,0.37169134140870347,0.37213952455009996,0.9435680959786714,1.0,0.8483582089552238,0.9179586563307494,"{""automata"": {""anomaly_threshold"": 0.1, ""decision"": {""fallback_quantile"": 0.05, ""score_field"": ""average_log_probability""}, ""paa"": {""window_size"": 4}, ""probability"": {""epsilon"": 0.0001, ""smoothing"": true}, ""sax"": {""alphabet_size"": 3}, ""sliding_window"": {""size"": 4, ""stride"": 1}, ""unseen_pattern"": {""enabled"": true, ""method"": ""levenshtein""}}, ""dataset"": {""config"": {""drop_columns"": [""datetime"", ""changepoint"", ""source_group"", ""source_file""], ""group_column"": ""source_file"", ""split"": {""test"": 0.2, ""train"": 0.6, ""validation"": 0.2}, ""target_column"": ""anomaly"", ""valve_folders"": [""valve1"", ""valve2""]}, ""name"": ""SKAB""}, ""model"": {""config"": {""architecture"": ""cnn"", ""dropout"": 0.2, ""enabled"": true, ""input_channels"": 1, ""kernel_size"": 3, ""learning_rate"": 0.001, ""num_filters"": 64, ""output_size"": 1}, ""name"": ""CNN""}, ""noise"": {""enabled"": true, ""gaussian_mean"": 0.0, ""gaussian_std"": 0.05}, ""preprocessing"": {""dataset_overrides"": {""SKAB"": {""pca"": {""enabled"": false}, ""sequence_length"": 32}}, ""missing_data"": {""enabled"": true, ""strategy"": ""mean""}, ""pca"": {""enabled"": true, ""n_components"": 1}, ""scaler"": ""standard"", ""sequence_length"": 16, ""sequence_stride"": 1}, ""project"": {""device"": ""cuda"", ""random_seeds"": [123]}, ""run"": {""family"": ""DEEP"", ""seed"": 123, ""split"": ""fold_4""}, ""training"": {""batch_size"": 32, ""class_imbalance"": {""dataset_model_overrides"": [{""dataset"": ""BATADAL"", ""focal_gamma"": 2.0, ""loss_name"": ""focal"", ""model"": ""GRU""}], ""dataset_overrides"": {""SKAB"": {""use_pos_weight"": false}}, ""focal_gamma"": 2.0, ""loss_name"": ""bce"", ""pos_weight_strategy"": ""neg_pos_ratio"", ""use_pos_weight"": true}, ""early_stopping"": {""enabled"": true, ""mode"": ""min"", ""monitor"": ""val_loss"", ""patience"": 5}, ""epochs"": 50, ""optimizer"": ""adam"", ""threshold_tuning"": {""beta"": 2.0, ""dataset_overrides"": {""BATADAL"": {""metric"": ""f2""}, ""SKAB"": {""metric"": ""f1"", ""min_threshold"": 0.1}}, ""enabled"": true, ""end"": 0.99, ""metric"": ""f1"", ""start"": 0.01, ""step"": 0.01}}}",SKAB,"[""valve1"", ""valve2""]",anomaly,"[""datetime"", ""changepoint"", ""source_group"", ""source_file""]",source_file,0.6,0.2,0.2,True,mean,standard,True,1,16,1,False,32,True,0.0,0.05,cuda,[123],32,50,True,5,val_loss,min,True,neg_pos_ratio,bce,2.0,False,"[{""dataset"": ""BATADAL"", ""focal_gamma"": 2.0, ""loss_name"": ""focal"", ""model"": ""GRU""}]",True,f1,2.0,0.01,0.99,0.01,f2,f1,0.1,adam,0.1,4,3,4,1,True,levenshtein,True,0.0001,average_log_probability,0.05,DEEP,123,fold_4,CNN,cnn,True,,,,0.2,1,0.001,1.0,64.0,3.0,,,
SKAB,CNN,fold_4,123,tuned_threshold_weighted_loss,0.7,0.8910171730515192,0.9839533187454412,0.8141219070609536,9,0.2544256828005067,val_loss,0.2544256828005067,1.0,bce,4501,0.3810730253353204,0.37169134140870347,0.37213952455009996,0.9246834036880693,1.0,0.7976119402985075,0.8874128196612421,"{""automata"": {""anomaly_threshold"": 0.1, ""decision"": {""fallback_quantile"": 0.05, ""score_field"": ""average_log_probability""}, ""paa"": {""window_size"": 4}, ""probability"": {""epsilon"": 0.0001, ""smoothing"": true}, ""sax"": {""alphabet_size"": 3}, ""sliding_window"": {""size"": 4, ""stride"": 1}, ""unseen_pattern"": {""enabled"": true, ""method"": ""levenshtein""}}, ""dataset"": {""config"": {""drop_columns"": [""datetime"", ""changepoint"", ""source_group"", ""source_file""], ""group_column"": ""source_file"", ""split"": {""test"": 0.2, ""train"": 0.6, ""validation"": 0.2}, ""target_column"": ""anomaly"", ""valve_folders"": [""valve1"", ""valve2""]}, ""name"": ""SKAB""}, ""model"": {""config"": {""architecture"": ""cnn"", ""dropout"": 0.2, ""enabled"": true, ""input_channels"": 1, ""kernel_size"": 3, ""learning_rate"": 0.001, ""num_filters"": 64, ""output_size"": 1}, ""name"": ""CNN""}, ""noise"": {""enabled"": true, ""gaussian_mean"": 0.0, ""gaussian_std"": 0.05}, ""preprocessing"": {""dataset_overrides"": {""SKAB"": {""pca"": {""enabled"": false}, ""sequence_length"": 32}}, ""missing_data"": {""enabled"": true, ""strategy"": ""mean""}, ""pca"": {""enabled"": true, ""n_components"": 1}, ""scaler"": ""standard"", ""sequence_length"": 16, ""sequence_stride"": 1}, ""project"": {""device"": ""cuda"", ""random_seeds"": [123]}, ""run"": {""family"": ""DEEP"", ""seed"": 123, ""split"": ""fold_4""}, ""training"": {""batch_size"": 32, ""class_imbalance"": {""dataset_model_overrides"": [{""dataset"": ""BATADAL"", ""focal_gamma"": 2.0, ""loss_name"": ""focal"", ""model"": ""GRU""}], ""dataset_overrides"": {""SKAB"": {""use_pos_weight"": false}}, ""focal_gamma"": 2.0, ""loss_name"": ""bce"", ""pos_weight_strategy"": ""neg_pos_ratio"", ""use_pos_weight"": true}, ""early_stopping"": {""enabled"": true, ""mode"": ""min"", ""monitor"": ""val_loss"", ""patience"": 5}, ""epochs"": 50, ""optimizer"": ""adam"", ""threshold_tuning"": {""beta"": 2.0, ""dataset_overrides"": {""BATADAL"": {""metric"": ""f2""}, ""SKAB"": {""metric"": ""f1"", ""min_threshold"": 0.1}}, ""enabled"": true, ""end"": 0.99, ""metric"": ""f1"", ""start"": 0.01, ""step"": 0.01}}}",SKAB,"[""valve1"", ""valve2""]",anomaly,"[""datetime"", ""changepoint"", ""source_group"", ""source_file""]",source_file,0.6,0.2,0.2,True,mean,standard,True,1,16,1,False,32,True,0.0,0.05,cuda,[123],32,50,True,5,val_loss,min,True,neg_pos_ratio,bce,2.0,False,"[{""dataset"": ""BATADAL"", ""focal_gamma"": 2.0, ""loss_name"": ""focal"", ""model"": ""GRU""}]",True,f1,2.0,0.01,0.99,0.01,f2,f1,0.1,adam,0.1,4,3,4,1,True,levenshtein,True,0.0001,average_log_probability,0.05,DEEP,123,fold_4,CNN,cnn,True,,,,0.2,1,0.001,1.0,64.0,3.0,,,
SKAB,LSTM,fold_0,2026,baseline_0.5_threshold,0.5,0.8529040404040404,0.8682519280205655,0.8380893300248139,8,0.35746561088197,val_loss,0.35746561088197,1.0,bce,4461,0.3835951393005335,0.3645409317051108,0.37144138085631023,0.8832100425913473,0.8333333333333334,0.8569704284852142,0.8449866111276406,"{""automata"": {""anomaly_threshold"": 0.1, ""decision"": {""fallback_quantile"": 0.05, ""score_field"": ""average_log_probability""}, ""paa"": {""window_size"": 4}, ""probability"": {""epsilon"": 0.0001, ""smoothing"": true}, ""sax"": {""alphabet_size"": 3}, ""sliding_window"": {""size"": 4, ""stride"": 1}, ""unseen_pattern"": {""enabled"": true, ""method"": ""levenshtein""}}, ""dataset"": {""config"": {""drop_columns"": [""datetime"", ""changepoint"", ""source_group"", ""source_file""], ""group_column"": ""source_file"", ""split"": {""test"": 0.2, ""train"": 0.6, ""validation"": 0.2}, ""target_column"": ""anomaly"", ""valve_folders"": [""valve1"", ""valve2""]}, ""name"": ""SKAB""}, ""model"": {""config"": {""architecture"": ""lstm"", ""dropout"": 0.2, ""enabled"": true, ""hidden_size"": 64, ""input_size"": 1, ""learning_rate"": 0.001, ""num_layers"": 2, ""output_size"": 1}, ""name"": ""LSTM""}, ""noise"": {""enabled"": true, ""gaussian_mean"": 0.0, ""gaussian_std"": 0.05}, ""preprocessing"": {""dataset_overrides"": {""SKAB"": {""pca"": {""enabled"": false}, ""sequence_length"": 32}}, ""missing_data"": {""enabled"": true, ""strategy"": ""mean""}, ""pca"": {""enabled"": true, ""n_components"": 1}, ""scaler"": ""standard"", ""sequence_length"": 16, ""sequence_stride"": 1}, ""project"": {""device"": ""cuda"", ""random_seeds"": [2026]}, ""run"": {""family"": ""DEEP"", ""seed"": 2026, ""split"": ""fold_0""}, ""training"": {""batch_size"": 32, ""class_imbalance"": {""dataset_model_overrides"": [{""dataset"": ""BATADAL"", ""focal_gamma"": 2.0, ""loss_name"": ""focal"", ""model"": ""GRU""}], ""dataset_overrides"": {""SKAB"": {""use_pos_weight"": false}}, ""focal_gamma"": 2.0, ""loss_name"": ""bce"", ""pos_weight_strategy"": ""neg_pos_ratio"", ""use_pos_weight"": true}, ""early_stopping"": {""enabled"": true, ""mode"": ""min"", ""monitor"": ""val_loss"", ""patience"": 5}, ""epochs"": 50, ""optimizer"": ""adam"", ""threshold_tuning"": {""beta"": 2.0, ""dataset_overrides"": {""BATADAL"": {""metric"": ""f2""}, ""SKAB"": {""metric"": ""f1"", ""min_threshold"": 0.1}}, ""enabled"": true, ""end"": 0.99, ""metric"": ""f1"", ""start"": 0.01, ""step"": 0.01}}}",SKAB,"[""valve1"", ""valve2""]",anomaly,"[""datetime"", ""changepoint"", ""source_group"", ""source_file""]",source_file,0.6,0.2,0.2,True,mean,standard,True,1,16,1,False,32,True,0.0,0.05,cuda,[2026],32,50,True,5,val_loss,min,True,neg_pos_ratio,bce,2.0,False,"[{""dataset"": ""BATADAL"", ""focal_gamma"": 2.0, ""loss_name"": ""focal"", ""model"": ""GRU""}]",True,f1,2.0,0.01,0.99,0.01,f2,f1,0.1,adam,0.1,4,3,4,1,True,levenshtein,True,0.0001,average_log_probability,0.05,DEEP,2026,fold_0,LSTM,lstm,True,1.0,64.0,2.0,0.2,1,0.001,,,,,,
SKAB,LSTM,fold_0,2026,tuned_threshold_weighted_loss,0.67,0.8529040404040404,0.8682519280205655,0.8380893300248139,8,0.35746561088197,val_loss,0.35746561088197,1.0,bce,4461,0.3835951393005335,0.3645409317051108,0.37144138085631023,0.8908316520959426,0.8532608695652174,0.8527459263729632,0.8530033202535466,"{""automata"": {""anomaly_threshold"": 0.1, ""decision"": {""fallback_quantile"": 0.05, ""score_field"": ""average_log_probability""}, ""paa"": {""window_size"": 4}, ""probability"": {""epsilon"": 0.0001, ""smoothing"": true}, ""sax"": {""alphabet_size"": 3}, ""sliding_window"": {""size"": 4, ""stride"": 1}, ""unseen_pattern"": {""enabled"": true, ""method"": ""levenshtein""}}, ""dataset"": {""config"": {""drop_columns"": [""datetime"", ""changepoint"", ""source_group"", ""source_file""], ""group_column"": ""source_file"", ""split"": {""test"": 0.2, ""train"": 0.6, ""validation"": 0.2}, ""target_column"": ""anomaly"", ""valve_folders"": [""valve1"", ""valve2""]}, ""name"": ""SKAB""}, ""model"": {""config"": {""architecture"": ""lstm"", ""dropout"": 0.2, ""enabled"": true, ""hidden_size"": 64, ""input_size"": 1, ""learning_rate"": 0.001, ""num_layers"": 2, ""output_size"": 1}, ""name"": ""LSTM""}, ""noise"": {""enabled"": true, ""gaussian_mean"": 0.0, ""gaussian_std"": 0.05}, ""preprocessing"": {""dataset_overrides"": {""SKAB"": {""pca"": {""enabled"": false}, ""sequence_length"": 32}}, ""missing_data"": {""enabled"": true, ""strategy"": ""mean""}, ""pca"": {""enabled"": true, ""n_components"": 1}, ""scaler"": ""standard"", ""sequence_length"": 16, ""sequence_stride"": 1}, ""project"": {""device"": ""cuda"", ""random_seeds"": [2026]}, ""run"": {""family"": ""DEEP"", ""seed"": 2026, ""split"": ""fold_0""}, ""training"": {""batch_size"": 32, ""class_imbalance"": {""dataset_model_overrides"": [{""dataset"": ""BATADAL"", ""focal_gamma"": 2.0, ""loss_name"": ""focal"", ""model"": ""GRU""}], ""dataset_overrides"": {""SKAB"": {""use_pos_weight"": false}}, ""focal_gamma"": 2.0, ""loss_name"": ""bce"", ""pos_weight_strategy"": ""neg_pos_ratio"", ""use_pos_weight"": true}, ""early_stopping"": {""enabled"": true, ""mode"": ""min"", ""monitor"": ""val_loss"", ""patience"": 5}, ""epochs"": 50, ""optimizer"": ""adam"", ""threshold_tuning"": {""beta"": 2.0, ""dataset_overrides"": {""BATADAL"": {""metric"": ""f2""}, ""SKAB"": {""metric"": ""f1"", ""min_threshold"": 0.1}}, ""enabled"": true, ""end"": 0.99, ""metric"": ""f1"", ""start"": 0.01, ""step"": 0.01}}}",SKAB,"[""valve1"", ""valve2""]",anomaly,"[""datetime"", ""changepoint"", ""source_group"", ""source_file""]",source_file,0.6,0.2,0.2,True,mean,standard,True,1,16,1,False,32,True,0.0,0.05,cuda,[2026],32,50,True,5,val_loss,min,True,neg_pos_ratio,bce,2.0,False,"[{""dataset"": ""BATADAL"", ""focal_gamma"": 2.0, ""loss_name"": ""focal"", ""model"": ""GRU""}]",True,f1,2.0,0.01,0.99,0.01,f2,f1,0.1,adam,0.1,4,3,4,1,True,levenshtein,True,0.0001,average_log_probability,0.05,DEEP,2026,fold_0,LSTM,lstm,True,1.0,64.0,2.0,0.2,1,0.001,,,,,,
SKAB,GRU,fold_0,2026,baseline_0.5_threshold,0.5,0.8522218394764037,0.9581719597211464,0.7673697270471465,6,0.43902309531238976,val_loss,0.43902309531238976,1.0,bce,4461,0.3835951393005335,0.3645409317051108,0.37144138085631023,0.8717776283344542,0.8219584569732937,0.835847917923959,0.8288450029922202,"{""automata"": {""anomaly_threshold"": 0.1, ""decision"": {""fallback_quantile"": 0.05, ""score_field"": ""average_log_probability""}, ""paa"": {""window_size"": 4}, ""probability"": {""epsilon"": 0.0001, ""smoothing"": true}, ""sax"": {""alphabet_size"": 3}, ""sliding_window"": {""size"": 4, ""stride"": 1}, ""unseen_pattern"": {""enabled"": true, ""method"": ""levenshtein""}}, ""dataset"": {""config"": {""drop_columns"": [""datetime"", ""changepoint"", ""source_group"", ""source_file""], ""group_column"": ""source_file"", ""split"": {""test"": 0.2, ""train"": 0.6, ""validation"": 0.2}, ""target_column"": ""anomaly"", ""valve_folders"": [""valve1"", ""valve2""]}, ""name"": ""SKAB""}, ""model"": {""config"": {""architecture"": ""gru"", ""dropout"": 0.2, ""enabled"": true, ""hidden_size"": 64, ""input_size"": 1, ""learning_rate"": 0.001, ""num_layers"": 2, ""output_size"": 1}, ""name"": ""GRU""}, ""noise"": {""enabled"": true, ""gaussian_mean"": 0.0, ""gaussian_std"": 0.05}, ""preprocessing"": {""dataset_overrides"": {""SKAB"": {""pca"": {""enabled"": false}, ""sequence_length"": 32}}, ""missing_data"": {""enabled"": true, ""strategy"": ""mean""}, ""pca"": {""enabled"": true, ""n_components"": 1}, ""scaler"": ""standard"", ""sequence_length"": 16, ""sequence_stride"": 1}, ""project"": {""device"": ""cuda"", ""random_seeds"": [2026]}, ""run"": {""family"": ""DEEP"", ""seed"": 2026, ""split"": ""fold_0""}, ""training"": {""batch_size"": 32, ""class_imbalance"": {""dataset_model_overrides"": [{""dataset"": ""BATADAL"", ""focal_gamma"": 2.0, ""loss_name"": ""focal"", ""model"": ""GRU""}], ""dataset_overrides"": {""SKAB"": {""use_pos_weight"": false}}, ""focal_gamma"": 2.0, ""loss_name"": ""bce"", ""pos_weight_strategy"": ""neg_pos_ratio"", ""use_pos_weight"": true}, ""early_stopping"": {""enabled"": true, ""mode"": ""min"", ""monitor"": ""val_loss"", ""patience"": 5}, ""epochs"": 50, ""optimizer"": ""adam"", ""threshold_tuning"": {""beta"": 2.0, ""dataset_overrides"": {""BATADAL"": {""metric"": ""f2""}, ""SKAB"": {""metric"": ""f1"", ""min_threshold"": 0.1}}, ""enabled"": true, ""end"": 0.99, ""metric"": ""f1"", ""start"": 0.01, ""step"": 0.01}}}",SKAB,"[""valve1"", ""valve2""]",anomaly,"[""datetime"", ""changepoint"", ""source_group"", ""source_file""]",source_file,0.6,0.2,0.2,True,mean,standard,True,1,16,1,False,32,True,0.0,0.05,cuda,[2026],32,50,True,5,val_loss,min,True,neg_pos_ratio,bce,2.0,False,"[{""dataset"": ""BATADAL"", ""focal_gamma"": 2.0, ""loss_name"": ""focal"", ""model"": ""GRU""}]",True,f1,2.0,0.01,0.99,0.01,f2,f1,0.1,adam,0.1,4,3,4,1,True,levenshtein,True,0.0001,average_log_probability,0.05,DEEP,2026,fold_0,GRU,gru,True,1.0,64.0,2.0,0.2,1,0.001,,,,,,
SKAB,GRU,fold_0,2026,tuned_threshold_weighted_loss,0.99,0.8522218394764037,0.9581719597211464,0.7673697270471465,6,0.43902309531238976,val_loss,0.43902309531238976,1.0,bce,4461,0.3835951393005335,0.3645409317051108,0.37144138085631023,0.9107823357991481,0.9480427046263346,0.803862401931201,0.8700195950359242,"{""automata"": {""anomaly_threshold"": 0.1, ""decision"": {""fallback_quantile"": 0.05, ""score_field"": ""average_log_probability""}, ""paa"": {""window_size"": 4}, ""probability"": {""epsilon"": 0.0001, ""smoothing"": true}, ""sax"": {""alphabet_size"": 3}, ""sliding_window"": {""size"": 4, ""stride"": 1}, ""unseen_pattern"": {""enabled"": true, ""method"": ""levenshtein""}}, ""dataset"": {""config"": {""drop_columns"": [""datetime"", ""changepoint"", ""source_group"", ""source_file""], ""group_column"": ""source_file"", ""split"": {""test"": 0.2, ""train"": 0.6, ""validation"": 0.2}, ""target_column"": ""anomaly"", ""valve_folders"": [""valve1"", ""valve2""]}, ""name"": ""SKAB""}, ""model"": {""config"": {""architecture"": ""gru"", ""dropout"": 0.2, ""enabled"": true, ""hidden_size"": 64, ""input_size"": 1, ""learning_rate"": 0.001, ""num_layers"": 2, ""output_size"": 1}, ""name"": ""GRU""}, ""noise"": {""enabled"": true, ""gaussian_mean"": 0.0, ""gaussian_std"": 0.05}, ""preprocessing"": {""dataset_overrides"": {""SKAB"": {""pca"": {""enabled"": false}, ""sequence_length"": 32}}, ""missing_data"": {""enabled"": true, ""strategy"": ""mean""}, ""pca"": {""enabled"": true, ""n_components"": 1}, ""scaler"": ""standard"", ""sequence_length"": 16, ""sequence_stride"": 1}, ""project"": {""device"": ""cuda"", ""random_seeds"": [2026]}, ""run"": {""family"": ""DEEP"", ""seed"": 2026, ""split"": ""fold_0""}, ""training"": {""batch_size"": 32, ""class_imbalance"": {""dataset_model_overrides"": [{""dataset"": ""BATADAL"", ""focal_gamma"": 2.0, ""loss_name"": ""focal"", ""model"": ""GRU""}], ""dataset_overrides"": {""SKAB"": {""use_pos_weight"": false}}, ""focal_gamma"": 2.0, ""loss_name"": ""bce"", ""pos_weight_strategy"": ""neg_pos_ratio"", ""use_pos_weight"": true}, ""early_stopping"": {""enabled"": true, ""mode"": ""min"", ""monitor"": ""val_loss"", ""patience"": 5}, ""epochs"": 50, ""optimizer"": ""adam"", ""threshold_tuning"": {""beta"": 2.0, ""dataset_overrides"": {""BATADAL"": {""metric"": ""f2""}, ""SKAB"": {""metric"": ""f1"", ""min_threshold"": 0.1}}, ""enabled"": true, ""end"": 0.99, ""metric"": ""f1"", ""start"": 0.01, ""step"": 0.01}}}",SKAB,"[""valve1"", ""valve2""]",anomaly,"[""datetime"", ""changepoint"", ""source_group"", ""source_file""]",source_file,0.6,0.2,0.2,True,mean,standard,True,1,16,1,False,32,True,0.0,0.05,cuda,[2026],32,50,True,5,val_loss,min,True,neg_pos_ratio,bce,2.0,False,"[{""dataset"": ""BATADAL"", ""focal_gamma"": 2.0, ""loss_name"": ""focal"", ""model"": ""GRU""}]",True,f1,2.0,0.01,0.99,0.01,f2,f1,0.1,adam,0.1,4,3,4,1,True,levenshtein,True,0.0001,average_log_probability,0.05,DEEP,2026,fold_0,GRU,gru,True,1.0,64.0,2.0,0.2,1,0.001,,,,,,
SKAB,CNN,fold_0,2026,baseline_0.5_threshold,0.5,0.8530805687203792,0.9388971684053651,0.7816377171215881,7,0.30741488132461053,val_loss,0.30741488132461053,1.0,bce,4461,0.3835951393005335,0.3645409317051108,0.37144138085631023,0.8751401031158933,0.8403465346534653,0.8195534097767049,0.8298197372441185,"{""automata"": {""anomaly_threshold"": 0.1, ""decision"": {""fallback_quantile"": 0.05, ""score_field"": ""average_log_probability""}, ""paa"": {""window_size"": 4}, ""probability"": {""epsilon"": 0.0001, ""smoothing"": true}, ""sax"": {""alphabet_size"": 3}, ""sliding_window"": {""size"": 4, ""stride"": 1}, ""unseen_pattern"": {""enabled"": true, ""method"": ""levenshtein""}}, ""dataset"": {""config"": {""drop_columns"": [""datetime"", ""changepoint"", ""source_group"", ""source_file""], ""group_column"": ""source_file"", ""split"": {""test"": 0.2, ""train"": 0.6, ""validation"": 0.2}, ""target_column"": ""anomaly"", ""valve_folders"": [""valve1"", ""valve2""]}, ""name"": ""SKAB""}, ""model"": {""config"": {""architecture"": ""cnn"", ""dropout"": 0.2, ""enabled"": true, ""input_channels"": 1, ""kernel_size"": 3, ""learning_rate"": 0.001, ""num_filters"": 64, ""output_size"": 1}, ""name"": ""CNN""}, ""noise"": {""enabled"": true, ""gaussian_mean"": 0.0, ""gaussian_std"": 0.05}, ""preprocessing"": {""dataset_overrides"": {""SKAB"": {""pca"": {""enabled"": false}, ""sequence_length"": 32}}, ""missing_data"": {""enabled"": true, ""strategy"": ""mean""}, ""pca"": {""enabled"": true, ""n_components"": 1}, ""scaler"": ""standard"", ""sequence_length"": 16, ""sequence_stride"": 1}, ""project"": {""device"": ""cuda"", ""random_seeds"": [2026]}, ""run"": {""family"": ""DEEP"", ""seed"": 2026, ""split"": ""fold_0""}, ""training"": {""batch_size"": 32, ""class_imbalance"": {""dataset_model_overrides"": [{""dataset"": ""BATADAL"", ""focal_gamma"": 2.0, ""loss_name"": ""focal"", ""model"": ""GRU""}], ""dataset_overrides"": {""SKAB"": {""use_pos_weight"": false}}, ""focal_gamma"": 2.0, ""loss_name"": ""bce"", ""pos_weight_strategy"": ""neg_pos_ratio"", ""use_pos_weight"": true}, ""early_stopping"": {""enabled"": true, ""mode"": ""min"", ""monitor"": ""val_loss"", ""patience"": 5}, ""epochs"": 50, ""optimizer"": ""adam"", ""threshold_tuning"": {""beta"": 2.0, ""dataset_overrides"": {""BATADAL"": {""metric"": ""f2""}, ""SKAB"": {""metric"": ""f1"", ""min_threshold"": 0.1}}, ""enabled"": true, ""end"": 0.99, ""metric"": ""f1"", ""start"": 0.01, ""step"": 0.01}}}",SKAB,"[""valve1"", ""valve2""]",anomaly,"[""datetime"", ""changepoint"", ""source_group"", ""source_file""]",source_file,0.6,0.2,0.2,True,mean,standard,True,1,16,1,False,32,True,0.0,0.05,cuda,[2026],32,50,True,5,val_loss,min,True,neg_pos_ratio,bce,2.0,False,"[{""dataset"": ""BATADAL"", ""focal_gamma"": 2.0, ""loss_name"": ""focal"", ""model"": ""GRU""}]",True,f1,2.0,0.01,0.99,0.01,f2,f1,0.1,adam,0.1,4,3,4,1,True,levenshtein,True,0.0001,average_log_probability,0.05,DEEP,2026,fold_0,CNN,cnn,True,,,,0.2,1,0.001,1.0,64.0,3.0,,,
SKAB,CNN,fold_0,2026,tuned_threshold_weighted_loss,0.69,0.8530805687203792,0.9388971684053651,0.7816377171215881,7,0.30741488132461053,val_loss,0.30741488132461053,1.0,bce,4461,0.3835951393005335,0.3645409317051108,0.37144138085631023,0.8953149518045281,0.9042119565217391,0.8032589016294508,0.8507510386705017,"{""automata"": {""anomaly_threshold"": 0.1, ""decision"": {""fallback_quantile"": 0.05, ""score_field"": ""average_log_probability""}, ""paa"": {""window_size"": 4}, ""probability"": {""epsilon"": 0.0001, ""smoothing"": true}, ""sax"": {""alphabet_size"": 3}, ""sliding_window"": {""size"": 4, ""stride"": 1}, ""unseen_pattern"": {""enabled"": true, ""method"": ""levenshtein""}}, ""dataset"": {""config"": {""drop_columns"": [""datetime"", ""changepoint"", ""source_group"", ""source_file""], ""group_column"": ""source_file"", ""split"": {""test"": 0.2, ""train"": 0.6, ""validation"": 0.2}, ""target_column"": ""anomaly"", ""valve_folders"": [""valve1"", ""valve2""]}, ""name"": ""SKAB""}, ""model"": {""config"": {""architecture"": ""cnn"", ""dropout"": 0.2, ""enabled"": true, ""input_channels"": 1, ""kernel_size"": 3, ""learning_rate"": 0.001, ""num_filters"": 64, ""output_size"": 1}, ""name"": ""CNN""}, ""noise"": {""enabled"": true, ""gaussian_mean"": 0.0, ""gaussian_std"": 0.05}, ""preprocessing"": {""dataset_overrides"": {""SKAB"": {""pca"": {""enabled"": false}, ""sequence_length"": 32}}, ""missing_data"": {""enabled"": true, ""strategy"": ""mean""}, ""pca"": {""enabled"": true, ""n_components"": 1}, ""scaler"": ""standard"", ""sequence_length"": 16, ""sequence_stride"": 1}, ""project"": {""device"": ""cuda"", ""random_seeds"": [2026]}, ""run"": {""family"": ""DEEP"", ""seed"": 2026, ""split"": ""fold_0""}, ""training"": {""batch_size"": 32, ""class_imbalance"": {""dataset_model_overrides"": [{""dataset"": ""BATADAL"", ""focal_gamma"": 2.0, ""loss_name"": ""focal"", ""model"": ""GRU""}], ""dataset_overrides"": {""SKAB"": {""use_pos_weight"": false}}, ""focal_gamma"": 2.0, ""loss_name"": ""bce"", ""pos_weight_strategy"": ""neg_pos_ratio"", ""use_pos_weight"": true}, ""early_stopping"": {""enabled"": true, ""mode"": ""min"", ""monitor"": ""val_loss"", ""patience"": 5}, ""epochs"": 50, ""optimizer"": ""adam"", ""threshold_tuning"": {""beta"": 2.0, ""dataset_overrides"": {""BATADAL"": {""metric"": ""f2""}, ""SKAB"": {""metric"": ""f1"", ""min_threshold"": 0.1}}, ""enabled"": true, ""end"": 0.99, ""metric"": ""f1"", ""start"": 0.01, ""step"": 0.01}}}",SKAB,"[""valve1"", ""valve2""]",anomaly,"[""datetime"", ""changepoint"", ""source_group"", ""source_file""]",source_file,0.6,0.2,0.2,True,mean,standard,True,1,16,1,False,32,True,0.0,0.05,cuda,[2026],32,50,True,5,val_loss,min,True,neg_pos_ratio,bce,2.0,False,"[{""dataset"": ""BATADAL"", ""focal_gamma"": 2.0, ""loss_name"": ""focal"", ""model"": ""GRU""}]",True,f1,2.0,0.01,0.99,0.01,f2,f1,0.1,adam,0.1,4,3,4,1,True,levenshtein,True,0.0001,average_log_probability,0.05,DEEP,2026,fold_0,CNN,cnn,True,,,,0.2,1,0.001,1.0,64.0,3.0,,,
SKAB,LSTM,fold_1,2026,baseline_0.5_threshold,0.5,0.8921001926782274,0.9971284996410624,0.8070889018012783,8,0.2695401514598757,val_loss,0.2695401514598757,1.0,bce,4461,0.3746118586426142,0.3918488160291439,0.3716655458417395,0.9255772248374804,0.9042682926829269,0.8944511459589868,0.8993329290479078,"{""automata"": {""anomaly_threshold"": 0.1, ""decision"": {""fallback_quantile"": 0.05, ""score_field"": ""average_log_probability""}, ""paa"": {""window_size"": 4}, ""probability"": {""epsilon"": 0.0001, ""smoothing"": true}, ""sax"": {""alphabet_size"": 3}, ""sliding_window"": {""size"": 4, ""stride"": 1}, ""unseen_pattern"": {""enabled"": true, ""method"": ""levenshtein""}}, ""dataset"": {""config"": {""drop_columns"": [""datetime"", ""changepoint"", ""source_group"", ""source_file""], ""group_column"": ""source_file"", ""split"": {""test"": 0.2, ""train"": 0.6, ""validation"": 0.2}, ""target_column"": ""anomaly"", ""valve_folders"": [""valve1"", ""valve2""]}, ""name"": ""SKAB""}, ""model"": {""config"": {""architecture"": ""lstm"", ""dropout"": 0.2, ""enabled"": true, ""hidden_size"": 64, ""input_size"": 1, ""learning_rate"": 0.001, ""num_layers"": 2, ""output_size"": 1}, ""name"": ""LSTM""}, ""noise"": {""enabled"": true, ""gaussian_mean"": 0.0, ""gaussian_std"": 0.05}, ""preprocessing"": {""dataset_overrides"": {""SKAB"": {""pca"": {""enabled"": false}, ""sequence_length"": 32}}, ""missing_data"": {""enabled"": true, ""strategy"": ""mean""}, ""pca"": {""enabled"": true, ""n_components"": 1}, ""scaler"": ""standard"", ""sequence_length"": 16, ""sequence_stride"": 1}, ""project"": {""device"": ""cuda"", ""random_seeds"": [2026]}, ""run"": {""family"": ""DEEP"", ""seed"": 2026, ""split"": ""fold_1""}, ""training"": {""batch_size"": 32, ""class_imbalance"": {""dataset_model_overrides"": [{""dataset"": ""BATADAL"", ""focal_gamma"": 2.0, ""loss_name"": ""focal"", ""model"": ""GRU""}], ""dataset_overrides"": {""SKAB"": {""use_pos_weight"": false}}, ""focal_gamma"": 2.0, ""loss_name"": ""bce"", ""pos_weight_strategy"": ""neg_pos_ratio"", ""use_pos_weight"": true}, ""early_stopping"": {""enabled"": true, ""mode"": ""min"", ""monitor"": ""val_loss"", ""patience"": 5}, ""epochs"": 50, ""optimizer"": ""adam"", ""threshold_tuning"": {""beta"": 2.0, ""dataset_overrides"": {""BATADAL"": {""metric"": ""f2""}, ""SKAB"": {""metric"": ""f1"", ""min_threshold"": 0.1}}, ""enabled"": true, ""end"": 0.99, ""metric"": ""f1"", ""start"": 0.01, ""step"": 0.01}}}",SKAB,"[""valve1"", ""valve2""]",anomaly,"[""datetime"", ""changepoint"", ""source_group"", ""source_file""]",source_file,0.6,0.2,0.2,True,mean,standard,True,1,16,1,False,32,True,0.0,0.05,cuda,[2026],32,50,True,5,val_loss,min,True,neg_pos_ratio,bce,2.0,False,"[{""dataset"": ""BATADAL"", ""focal_gamma"": 2.0, ""loss_name"": ""focal"", ""model"": ""GRU""}]",True,f1,2.0,0.01,0.99,0.01,f2,f1,0.1,adam,0.1,4,3,4,1,True,levenshtein,True,0.0001,average_log_probability,0.05,DEEP,2026,fold_1,LSTM,lstm,True,1.0,64.0,2.0,0.2,1,0.001,,,,,,
SKAB,LSTM,fold_1,2026,tuned_threshold_weighted_loss,0.21,0.8921001926782274,0.9971284996410624,0.8070889018012783,8,0.2695401514598757,val_loss,0.2695401514598757,1.0,bce,4461,0.3746118586426142,0.3918488160291439,0.3716655458417395,0.9134723156242995,0.8655172413793103,0.9083232810615199,0.8864037669217186,"{""automata"": {""anomaly_threshold"": 0.1, ""decision"": {""fallback_quantile"": 0.05, ""score_field"": ""average_log_probability""}, ""paa"": {""window_size"": 4}, ""probability"": {""epsilon"": 0.0001, ""smoothing"": true}, ""sax"": {""alphabet_size"": 3}, ""sliding_window"": {""size"": 4, ""stride"": 1}, ""unseen_pattern"": {""enabled"": true, ""method"": ""levenshtein""}}, ""dataset"": {""config"": {""drop_columns"": [""datetime"", ""changepoint"", ""source_group"", ""source_file""], ""group_column"": ""source_file"", ""split"": {""test"": 0.2, ""train"": 0.6, ""validation"": 0.2}, ""target_column"": ""anomaly"", ""valve_folders"": [""valve1"", ""valve2""]}, ""name"": ""SKAB""}, ""model"": {""config"": {""architecture"": ""lstm"", ""dropout"": 0.2, ""enabled"": true, ""hidden_size"": 64, ""input_size"": 1, ""learning_rate"": 0.001, ""num_layers"": 2, ""output_size"": 1}, ""name"": ""LSTM""}, ""noise"": {""enabled"": true, ""gaussian_mean"": 0.0, ""gaussian_std"": 0.05}, ""preprocessing"": {""dataset_overrides"": {""SKAB"": {""pca"": {""enabled"": false}, ""sequence_length"": 32}}, ""missing_data"": {""enabled"": true, ""strategy"": ""mean""}, ""pca"": {""enabled"": true, ""n_components"": 1}, ""scaler"": ""standard"", ""sequence_length"": 16, ""sequence_stride"": 1}, ""project"": {""device"": ""cuda"", ""random_seeds"": [2026]}, ""run"": {""family"": ""DEEP"", ""seed"": 2026, ""split"": ""fold_1""}, ""training"": {""batch_size"": 32, ""class_imbalance"": {""dataset_model_overrides"": [{""dataset"": ""BATADAL"", ""focal_gamma"": 2.0, ""loss_name"": ""focal"", ""model"": ""GRU""}], ""dataset_overrides"": {""SKAB"": {""use_pos_weight"": false}}, ""focal_gamma"": 2.0, ""loss_name"": ""bce"", ""pos_weight_strategy"": ""neg_pos_ratio"", ""use_pos_weight"": true}, ""early_stopping"": {""enabled"": true, ""mode"": ""min"", ""monitor"": ""val_loss"", ""patience"": 5}, ""epochs"": 50, ""optimizer"": ""adam"", ""threshold_tuning"": {""beta"": 2.0, ""dataset_overrides"": {""BATADAL"": {""metric"": ""f2""}, ""SKAB"": {""metric"": ""f1"", ""min_threshold"": 0.1}}, ""enabled"": true, ""end"": 0.99, ""metric"": ""f1"", ""start"": 0.01, ""step"": 0.01}}}",SKAB,"[""valve1"", ""valve2""]",anomaly,"[""datetime"", ""changepoint"", ""source_group"", ""source_file""]",source_file,0.6,0.2,0.2,True,mean,standard,True,1,16,1,False,32,True,0.0,0.05,cuda,[2026],32,50,True,5,val_loss,min,True,neg_pos_ratio,bce,2.0,False,"[{""dataset"": ""BATADAL"", ""focal_gamma"": 2.0, ""loss_name"": ""focal"", ""model"": ""GRU""}]",True,f1,2.0,0.01,0.99,0.01,f2,f1,0.1,adam,0.1,4,3,4,1,True,levenshtein,True,0.0001,average_log_probability,0.05,DEEP,2026,fold_1,LSTM,lstm,True,1.0,64.0,2.0,0.2,1,0.001,,,,,,
SKAB,GRU,fold_1,2026,baseline_0.5_threshold,0.5,0.8951406649616368,0.9950248756218906,0.8134805345729227,7,0.24719927446977769,val_loss,0.24719927446977769,1.0,bce,4461,0.3746118586426142,0.3918488160291439,0.3716655458417395,0.9323021744003587,0.912911084043849,0.9041013268998793,0.9084848484848485,"{""automata"": {""anomaly_threshold"": 0.1, ""decision"": {""fallback_quantile"": 0.05, ""score_field"": ""average_log_probability""}, ""paa"": {""window_size"": 4}, ""probability"": {""epsilon"": 0.0001, ""smoothing"": true}, ""sax"": {""alphabet_size"": 3}, ""sliding_window"": {""size"": 4, ""stride"": 1}, ""unseen_pattern"": {""enabled"": true, ""method"": ""levenshtein""}}, ""dataset"": {""config"": {""drop_columns"": [""datetime"", ""changepoint"", ""source_group"", ""source_file""], ""group_column"": ""source_file"", ""split"": {""test"": 0.2, ""train"": 0.6, ""validation"": 0.2}, ""target_column"": ""anomaly"", ""valve_folders"": [""valve1"", ""valve2""]}, ""name"": ""SKAB""}, ""model"": {""config"": {""architecture"": ""gru"", ""dropout"": 0.2, ""enabled"": true, ""hidden_size"": 64, ""input_size"": 1, ""learning_rate"": 0.001, ""num_layers"": 2, ""output_size"": 1}, ""name"": ""GRU""}, ""noise"": {""enabled"": true, ""gaussian_mean"": 0.0, ""gaussian_std"": 0.05}, ""preprocessing"": {""dataset_overrides"": {""SKAB"": {""pca"": {""enabled"": false}, ""sequence_length"": 32}}, ""missing_data"": {""enabled"": true, ""strategy"": ""mean""}, ""pca"": {""enabled"": true, ""n_components"": 1}, ""scaler"": ""standard"", ""sequence_length"": 16, ""sequence_stride"": 1}, ""project"": {""device"": ""cuda"", ""random_seeds"": [2026]}, ""run"": {""family"": ""DEEP"", ""seed"": 2026, ""split"": ""fold_1""}, ""training"": {""batch_size"": 32, ""class_imbalance"": {""dataset_model_overrides"": [{""dataset"": ""BATADAL"", ""focal_gamma"": 2.0, ""loss_name"": ""focal"", ""model"": ""GRU""}], ""dataset_overrides"": {""SKAB"": {""use_pos_weight"": false}}, ""focal_gamma"": 2.0, ""loss_name"": ""bce"", ""pos_weight_strategy"": ""neg_pos_ratio"", ""use_pos_weight"": true}, ""early_stopping"": {""enabled"": true, ""mode"": ""min"", ""monitor"": ""val_loss"", ""patience"": 5}, ""epochs"": 50, ""optimizer"": ""adam"", ""threshold_tuning"": {""beta"": 2.0, ""dataset_overrides"": {""BATADAL"": {""metric"": ""f2""}, ""SKAB"": {""metric"": ""f1"", ""min_threshold"": 0.1}}, ""enabled"": true, ""end"": 0.99, ""metric"": ""f1"", ""start"": 0.01, ""step"": 0.01}}}",SKAB,"[""valve1"", ""valve2""]",anomaly,"[""datetime"", ""changepoint"", ""source_group"", ""source_file""]",source_file,0.6,0.2,0.2,True,mean,standard,True,1,16,1,False,32,True,0.0,0.05,cuda,[2026],32,50,True,5,val_loss,min,True,neg_pos_ratio,bce,2.0,False,"[{""dataset"": ""BATADAL"", ""focal_gamma"": 2.0, ""loss_name"": ""focal"", ""model"": ""GRU""}]",True,f1,2.0,0.01,0.99,0.01,f2,f1,0.1,adam,0.1,4,3,4,1,True,levenshtein,True,0.0001,average_log_probability,0.05,DEEP,2026,fold_1,GRU,gru,True,1.0,64.0,2.0,0.2,1,0.001,,,,,,
SKAB,GRU,fold_1,2026,tuned_threshold_weighted_loss,0.31,0.8951406649616368,0.9950248756218906,0.8134805345729227,7,0.24719927446977769,val_loss,0.24719927446977769,1.0,bce,4461,0.3746118586426142,0.3918488160291439,0.3716655458417395,0.9172831203765972,0.8684962835906233,0.9161640530759951,0.8916935720575286,"{""automata"": {""anomaly_threshold"": 0.1, ""decision"": {""fallback_quantile"": 0.05, ""score_field"": ""average_log_probability""}, ""paa"": {""window_size"": 4}, ""probability"": {""epsilon"": 0.0001, ""smoothing"": true}, ""sax"": {""alphabet_size"": 3}, ""sliding_window"": {""size"": 4, ""stride"": 1}, ""unseen_pattern"": {""enabled"": true, ""method"": ""levenshtein""}}, ""dataset"": {""config"": {""drop_columns"": [""datetime"", ""changepoint"", ""source_group"", ""source_file""], ""group_column"": ""source_file"", ""split"": {""test"": 0.2, ""train"": 0.6, ""validation"": 0.2}, ""target_column"": ""anomaly"", ""valve_folders"": [""valve1"", ""valve2""]}, ""name"": ""SKAB""}, ""model"": {""config"": {""architecture"": ""gru"", ""dropout"": 0.2, ""enabled"": true, ""hidden_size"": 64, ""input_size"": 1, ""learning_rate"": 0.001, ""num_layers"": 2, ""output_size"": 1}, ""name"": ""GRU""}, ""noise"": {""enabled"": true, ""gaussian_mean"": 0.0, ""gaussian_std"": 0.05}, ""preprocessing"": {""dataset_overrides"": {""SKAB"": {""pca"": {""enabled"": false}, ""sequence_length"": 32}}, ""missing_data"": {""enabled"": true, ""strategy"": ""mean""}, ""pca"": {""enabled"": true, ""n_components"": 1}, ""scaler"": ""standard"", ""sequence_length"": 16, ""sequence_stride"": 1}, ""project"": {""device"": ""cuda"", ""random_seeds"": [2026]}, ""run"": {""family"": ""DEEP"", ""seed"": 2026, ""split"": ""fold_1""}, ""training"": {""batch_size"": 32, ""class_imbalance"": {""dataset_model_overrides"": [{""dataset"": ""BATADAL"", ""focal_gamma"": 2.0, ""loss_name"": ""focal"", ""model"": ""GRU""}], ""dataset_overrides"": {""SKAB"": {""use_pos_weight"": false}}, ""focal_gamma"": 2.0, ""loss_name"": ""bce"", ""pos_weight_strategy"": ""neg_pos_ratio"", ""use_pos_weight"": true}, ""early_stopping"": {""enabled"": true, ""mode"": ""min"", ""monitor"": ""val_loss"", ""patience"": 5}, ""epochs"": 50, ""optimizer"": ""adam"", ""threshold_tuning"": {""beta"": 2.0, ""dataset_overrides"": {""BATADAL"": {""metric"": ""f2""}, ""SKAB"": {""metric"": ""f1"", ""min_threshold"": 0.1}}, ""enabled"": true, ""end"": 0.99, ""metric"": ""f1"", ""start"": 0.01, ""step"": 0.01}}}",SKAB,"[""valve1"", ""valve2""]",anomaly,"[""datetime"", ""changepoint"", ""source_group"", ""source_file""]",source_file,0.6,0.2,0.2,True,mean,standard,True,1,16,1,False,32,True,0.0,0.05,cuda,[2026],32,50,True,5,val_loss,min,True,neg_pos_ratio,bce,2.0,False,"[{""dataset"": ""BATADAL"", ""focal_gamma"": 2.0, ""loss_name"": ""focal"", ""model"": ""GRU""}]",True,f1,2.0,0.01,0.99,0.01,f2,f1,0.1,adam,0.1,4,3,4,1,True,levenshtein,True,0.0001,average_log_probability,0.05,DEEP,2026,fold_1,GRU,gru,True,1.0,64.0,2.0,0.2,1,0.001,,,,,,
SKAB,CNN,fold_1,2026,baseline_0.5_threshold,0.5,0.8855058674278465,0.9748603351955307,0.8111563044741429,8,0.26535155535622096,val_loss,0.26535155535622096,1.0,bce,4461,0.3746118586426142,0.3918488160291439,0.3716655458417395,0.9408204438466712,0.9508408796895214,0.8866103739445115,0.9176029962546817,"{""automata"": {""anomaly_threshold"": 0.1, ""decision"": {""fallback_quantile"": 0.05, ""score_field"": ""average_log_probability""}, ""paa"": {""window_size"": 4}, ""probability"": {""epsilon"": 0.0001, ""smoothing"": true}, ""sax"": {""alphabet_size"": 3}, ""sliding_window"": {""size"": 4, ""stride"": 1}, ""unseen_pattern"": {""enabled"": true, ""method"": ""levenshtein""}}, ""dataset"": {""config"": {""drop_columns"": [""datetime"", ""changepoint"", ""source_group"", ""source_file""], ""group_column"": ""source_file"", ""split"": {""test"": 0.2, ""train"": 0.6, ""validation"": 0.2}, ""target_column"": ""anomaly"", ""valve_folders"": [""valve1"", ""valve2""]}, ""name"": ""SKAB""}, ""model"": {""config"": {""architecture"": ""cnn"", ""dropout"": 0.2, ""enabled"": true, ""input_channels"": 1, ""kernel_size"": 3, ""learning_rate"": 0.001, ""num_filters"": 64, ""output_size"": 1}, ""name"": ""CNN""}, ""noise"": {""enabled"": true, ""gaussian_mean"": 0.0, ""gaussian_std"": 0.05}, ""preprocessing"": {""dataset_overrides"": {""SKAB"": {""pca"": {""enabled"": false}, ""sequence_length"": 32}}, ""missing_data"": {""enabled"": true, ""strategy"": ""mean""}, ""pca"": {""enabled"": true, ""n_components"": 1}, ""scaler"": ""standard"", ""sequence_length"": 16, ""sequence_stride"": 1}, ""project"": {""device"": ""cuda"", ""random_seeds"": [2026]}, ""run"": {""family"": ""DEEP"", ""seed"": 2026, ""split"": ""fold_1""}, ""training"": {""batch_size"": 32, ""class_imbalance"": {""dataset_model_overrides"": [{""dataset"": ""BATADAL"", ""focal_gamma"": 2.0, ""loss_name"": ""focal"", ""model"": ""GRU""}], ""dataset_overrides"": {""SKAB"": {""use_pos_weight"": false}}, ""focal_gamma"": 2.0, ""loss_name"": ""bce"", ""pos_weight_strategy"": ""neg_pos_ratio"", ""use_pos_weight"": true}, ""early_stopping"": {""enabled"": true, ""mode"": ""min"", ""monitor"": ""val_loss"", ""patience"": 5}, ""epochs"": 50, ""optimizer"": ""adam"", ""threshold_tuning"": {""beta"": 2.0, ""dataset_overrides"": {""BATADAL"": {""metric"": ""f2""}, ""SKAB"": {""metric"": ""f1"", ""min_threshold"": 0.1}}, ""enabled"": true, ""end"": 0.99, ""metric"": ""f1"", ""start"": 0.01, ""step"": 0.01}}}",SKAB,"[""valve1"", ""valve2""]",anomaly,"[""datetime"", ""changepoint"", ""source_group"", ""source_file""]",source_file,0.6,0.2,0.2,True,mean,standard,True,1,16,1,False,32,True,0.0,0.05,cuda,[2026],32,50,True,5,val_loss,min,True,neg_pos_ratio,bce,2.0,False,"[{""dataset"": ""BATADAL"", ""focal_gamma"": 2.0, ""loss_name"": ""focal"", ""model"": ""GRU""}]",True,f1,2.0,0.01,0.99,0.01,f2,f1,0.1,adam,0.1,4,3,4,1,True,levenshtein,True,0.0001,average_log_probability,0.05,DEEP,2026,fold_1,CNN,cnn,True,,,,0.2,1,0.001,1.0,64.0,3.0,,,
SKAB,CNN,fold_1,2026,tuned_threshold_weighted_loss,0.33,0.8855058674278465,0.9748603351955307,0.8111563044741429,8,0.26535155535622096,val_loss,0.26535155535622096,1.0,bce,4461,0.3746118586426142,0.3918488160291439,0.3716655458417395,0.920421430172607,0.8682871678914641,0.9264173703256936,0.896410854975197,"{""automata"": {""anomaly_threshold"": 0.1, ""decision"": {""fallback_quantile"": 0.05, ""score_field"": ""average_log_probability""}, ""paa"": {""window_size"": 4}, ""probability"": {""epsilon"": 0.0001, ""smoothing"": true}, ""sax"": {""alphabet_size"": 3}, ""sliding_window"": {""size"": 4, ""stride"": 1}, ""unseen_pattern"": {""enabled"": true, ""method"": ""levenshtein""}}, ""dataset"": {""config"": {""drop_columns"": [""datetime"", ""changepoint"", ""source_group"", ""source_file""], ""group_column"": ""source_file"", ""split"": {""test"": 0.2, ""train"": 0.6, ""validation"": 0.2}, ""target_column"": ""anomaly"", ""valve_folders"": [""valve1"", ""valve2""]}, ""name"": ""SKAB""}, ""model"": {""config"": {""architecture"": ""cnn"", ""dropout"": 0.2, ""enabled"": true, ""input_channels"": 1, ""kernel_size"": 3, ""learning_rate"": 0.001, ""num_filters"": 64, ""output_size"": 1}, ""name"": ""CNN""}, ""noise"": {""enabled"": true, ""gaussian_mean"": 0.0, ""gaussian_std"": 0.05}, ""preprocessing"": {""dataset_overrides"": {""SKAB"": {""pca"": {""enabled"": false}, ""sequence_length"": 32}}, ""missing_data"": {""enabled"": true, ""strategy"": ""mean""}, ""pca"": {""enabled"": true, ""n_components"": 1}, ""scaler"": ""standard"", ""sequence_length"": 16, ""sequence_stride"": 1}, ""project"": {""device"": ""cuda"", ""random_seeds"": [2026]}, ""run"": {""family"": ""DEEP"", ""seed"": 2026, ""split"": ""fold_1""}, ""training"": {""batch_size"": 32, ""class_imbalance"": {""dataset_model_overrides"": [{""dataset"": ""BATADAL"", ""focal_gamma"": 2.0, ""loss_name"": ""focal"", ""model"": ""GRU""}], ""dataset_overrides"": {""SKAB"": {""use_pos_weight"": false}}, ""focal_gamma"": 2.0, ""loss_name"": ""bce"", ""pos_weight_strategy"": ""neg_pos_ratio"", ""use_pos_weight"": true}, ""early_stopping"": {""enabled"": true, ""mode"": ""min"", ""monitor"": ""val_loss"", ""patience"": 5}, ""epochs"": 50, ""optimizer"": ""adam"", ""threshold_tuning"": {""beta"": 2.0, ""dataset_overrides"": {""BATADAL"": {""metric"": ""f2""}, ""SKAB"": {""metric"": ""f1"", ""min_threshold"": 0.1}}, ""enabled"": true, ""end"": 0.99, ""metric"": ""f1"", ""start"": 0.01, ""step"": 0.01}}}",SKAB,"[""valve1"", ""valve2""]",anomaly,"[""datetime"", ""changepoint"", ""source_group"", ""source_file""]",source_file,0.6,0.2,0.2,True,mean,standard,True,1,16,1,False,32,True,0.0,0.05,cuda,[2026],32,50,True,5,val_loss,min,True,neg_pos_ratio,bce,2.0,False,"[{""dataset"": ""BATADAL"", ""focal_gamma"": 2.0, ""loss_name"": ""focal"", ""model"": ""GRU""}]",True,f1,2.0,0.01,0.99,0.01,f2,f1,0.1,adam,0.1,4,3,4,1,True,levenshtein,True,0.0001,average_log_probability,0.05,DEEP,2026,fold_1,CNN,cnn,True,,,,0.2,1,0.001,1.0,64.0,3.0,,,
SKAB,LSTM,fold_2,2026,baseline_0.5_threshold,0.5,0.8787618228718831,0.9951314508276533,0.7867590454195535,9,0.2630588678779665,val_loss,0.2630588678779665,1.0,bce,4476,0.37424963775615816,0.3809384164222874,0.3849419124218052,0.7591599642537981,1.0,0.3743470690655833,0.5447635135135135,"{""automata"": {""anomaly_threshold"": 0.1, ""decision"": {""fallback_quantile"": 0.05, ""score_field"": ""average_log_probability""}, ""paa"": {""window_size"": 4}, ""probability"": {""epsilon"": 0.0001, ""smoothing"": true}, ""sax"": {""alphabet_size"": 3}, ""sliding_window"": {""size"": 4, ""stride"": 1}, ""unseen_pattern"": {""enabled"": true, ""method"": ""levenshtein""}}, ""dataset"": {""config"": {""drop_columns"": [""datetime"", ""changepoint"", ""source_group"", ""source_file""], ""group_column"": ""source_file"", ""split"": {""test"": 0.2, ""train"": 0.6, ""validation"": 0.2}, ""target_column"": ""anomaly"", ""valve_folders"": [""valve1"", ""valve2""]}, ""name"": ""SKAB""}, ""model"": {""config"": {""architecture"": ""lstm"", ""dropout"": 0.2, ""enabled"": true, ""hidden_size"": 64, ""input_size"": 1, ""learning_rate"": 0.001, ""num_layers"": 2, ""output_size"": 1}, ""name"": ""LSTM""}, ""noise"": {""enabled"": true, ""gaussian_mean"": 0.0, ""gaussian_std"": 0.05}, ""preprocessing"": {""dataset_overrides"": {""SKAB"": {""pca"": {""enabled"": false}, ""sequence_length"": 32}}, ""missing_data"": {""enabled"": true, ""strategy"": ""mean""}, ""pca"": {""enabled"": true, ""n_components"": 1}, ""scaler"": ""standard"", ""sequence_length"": 16, ""sequence_stride"": 1}, ""project"": {""device"": ""cuda"", ""random_seeds"": [2026]}, ""run"": {""family"": ""DEEP"", ""seed"": 2026, ""split"": ""fold_2""}, ""training"": {""batch_size"": 32, ""class_imbalance"": {""dataset_model_overrides"": [{""dataset"": ""BATADAL"", ""focal_gamma"": 2.0, ""loss_name"": ""focal"", ""model"": ""GRU""}], ""dataset_overrides"": {""SKAB"": {""use_pos_weight"": false}}, ""focal_gamma"": 2.0, ""loss_name"": ""bce"", ""pos_weight_strategy"": ""neg_pos_ratio"", ""use_pos_weight"": true}, ""early_stopping"": {""enabled"": true, ""mode"": ""min"", ""monitor"": ""val_loss"", ""patience"": 5}, ""epochs"": 50, ""optimizer"": ""adam"", ""threshold_tuning"": {""beta"": 2.0, ""dataset_overrides"": {""BATADAL"": {""metric"": ""f2""}, ""SKAB"": {""metric"": ""f1"", ""min_threshold"": 0.1}}, ""enabled"": true, ""end"": 0.99, ""metric"": ""f1"", ""start"": 0.01, ""step"": 0.01}}}",SKAB,"[""valve1"", ""valve2""]",anomaly,"[""datetime"", ""changepoint"", ""source_group"", ""source_file""]",source_file,0.6,0.2,0.2,True,mean,standard,True,1,16,1,False,32,True,0.0,0.05,cuda,[2026],32,50,True,5,val_loss,min,True,neg_pos_ratio,bce,2.0,False,"[{""dataset"": ""BATADAL"", ""focal_gamma"": 2.0, ""loss_name"": ""focal"", ""model"": ""GRU""}]",True,f1,2.0,0.01,0.99,0.01,f2,f1,0.1,adam,0.1,4,3,4,1,True,levenshtein,True,0.0001,average_log_probability,0.05,DEEP,2026,fold_2,LSTM,lstm,True,1.0,64.0,2.0,0.2,1,0.001,,,,,,
SKAB,LSTM,fold_2,2026,tuned_threshold_weighted_loss,0.31,0.8787618228718831,0.9951314508276533,0.7867590454195535,9,0.2630588678779665,val_loss,0.2630588678779665,1.0,bce,4476,0.37424963775615816,0.3809384164222874,0.3849419124218052,0.7716711349419124,0.9929676511954993,0.4097504352872896,0.580115036976171,"{""automata"": {""anomaly_threshold"": 0.1, ""decision"": {""fallback_quantile"": 0.05, ""score_field"": ""average_log_probability""}, ""paa"": {""window_size"": 4}, ""probability"": {""epsilon"": 0.0001, ""smoothing"": true}, ""sax"": {""alphabet_size"": 3}, ""sliding_window"": {""size"": 4, ""stride"": 1}, ""unseen_pattern"": {""enabled"": true, ""method"": ""levenshtein""}}, ""dataset"": {""config"": {""drop_columns"": [""datetime"", ""changepoint"", ""source_group"", ""source_file""], ""group_column"": ""source_file"", ""split"": {""test"": 0.2, ""train"": 0.6, ""validation"": 0.2}, ""target_column"": ""anomaly"", ""valve_folders"": [""valve1"", ""valve2""]}, ""name"": ""SKAB""}, ""model"": {""config"": {""architecture"": ""lstm"", ""dropout"": 0.2, ""enabled"": true, ""hidden_size"": 64, ""input_size"": 1, ""learning_rate"": 0.001, ""num_layers"": 2, ""output_size"": 1}, ""name"": ""LSTM""}, ""noise"": {""enabled"": true, ""gaussian_mean"": 0.0, ""gaussian_std"": 0.05}, ""preprocessing"": {""dataset_overrides"": {""SKAB"": {""pca"": {""enabled"": false}, ""sequence_length"": 32}}, ""missing_data"": {""enabled"": true, ""strategy"": ""mean""}, ""pca"": {""enabled"": true, ""n_components"": 1}, ""scaler"": ""standard"", ""sequence_length"": 16, ""sequence_stride"": 1}, ""project"": {""device"": ""cuda"", ""random_seeds"": [2026]}, ""run"": {""family"": ""DEEP"", ""seed"": 2026, ""split"": ""fold_2""}, ""training"": {""batch_size"": 32, ""class_imbalance"": {""dataset_model_overrides"": [{""dataset"": ""BATADAL"", ""focal_gamma"": 2.0, ""loss_name"": ""focal"", ""model"": ""GRU""}], ""dataset_overrides"": {""SKAB"": {""use_pos_weight"": false}}, ""focal_gamma"": 2.0, ""loss_name"": ""bce"", ""pos_weight_strategy"": ""neg_pos_ratio"", ""use_pos_weight"": true}, ""early_stopping"": {""enabled"": true, ""mode"": ""min"", ""monitor"": ""val_loss"", ""patience"": 5}, ""epochs"": 50, ""optimizer"": ""adam"", ""threshold_tuning"": {""beta"": 2.0, ""dataset_overrides"": {""BATADAL"": {""metric"": ""f2""}, ""SKAB"": {""metric"": ""f1"", ""min_threshold"": 0.1}}, ""enabled"": true, ""end"": 0.99, ""metric"": ""f1"", ""start"": 0.01, ""step"": 0.01}}}",SKAB,"[""valve1"", ""valve2""]",anomaly,"[""datetime"", ""changepoint"", ""source_group"", ""source_file""]",source_file,0.6,0.2,0.2,True,mean,standard,True,1,16,1,False,32,True,0.0,0.05,cuda,[2026],32,50,True,5,val_loss,min,True,neg_pos_ratio,bce,2.0,False,"[{""dataset"": ""BATADAL"", ""focal_gamma"": 2.0, ""loss_name"": ""focal"", ""model"": ""GRU""}]",True,f1,2.0,0.01,0.99,0.01,f2,f1,0.1,adam,0.1,4,3,4,1,True,levenshtein,True,0.0001,average_log_probability,0.05,DEEP,2026,fold_2,LSTM,lstm,True,1.0,64.0,2.0,0.2,1,0.001,,,,,,
SKAB,GRU,fold_2,2026,baseline_0.5_threshold,0.5,0.8837606837606837,0.9932756964457252,0.7959969207082371,6,0.262349210959201,val_loss,0.262349210959201,1.0,bce,4476,0.37424963775615816,0.3809384164222874,0.3849419124218052,0.8154602323503127,1.0,0.5206035983749274,0.684732824427481,"{""automata"": {""anomaly_threshold"": 0.1, ""decision"": {""fallback_quantile"": 0.05, ""score_field"": ""average_log_probability""}, ""paa"": {""window_size"": 4}, ""probability"": {""epsilon"": 0.0001, ""smoothing"": true}, ""sax"": {""alphabet_size"": 3}, ""sliding_window"": {""size"": 4, ""stride"": 1}, ""unseen_pattern"": {""enabled"": true, ""method"": ""levenshtein""}}, ""dataset"": {""config"": {""drop_columns"": [""datetime"", ""changepoint"", ""source_group"", ""source_file""], ""group_column"": ""source_file"", ""split"": {""test"": 0.2, ""train"": 0.6, ""validation"": 0.2}, ""target_column"": ""anomaly"", ""valve_folders"": [""valve1"", ""valve2""]}, ""name"": ""SKAB""}, ""model"": {""config"": {""architecture"": ""gru"", ""dropout"": 0.2, ""enabled"": true, ""hidden_size"": 64, ""input_size"": 1, ""learning_rate"": 0.001, ""num_layers"": 2, ""output_size"": 1}, ""name"": ""GRU""}, ""noise"": {""enabled"": true, ""gaussian_mean"": 0.0, ""gaussian_std"": 0.05}, ""preprocessing"": {""dataset_overrides"": {""SKAB"": {""pca"": {""enabled"": false}, ""sequence_length"": 32}}, ""missing_data"": {""enabled"": true, ""strategy"": ""mean""}, ""pca"": {""enabled"": true, ""n_components"": 1}, ""scaler"": ""standard"", ""sequence_length"": 16, ""sequence_stride"": 1}, ""project"": {""device"": ""cuda"", ""random_seeds"": [2026]}, ""run"": {""family"": ""DEEP"", ""seed"": 2026, ""split"": ""fold_2""}, ""training"": {""batch_size"": 32, ""class_imbalance"": {""dataset_model_overrides"": [{""dataset"": ""BATADAL"", ""focal_gamma"": 2.0, ""loss_name"": ""focal"", ""model"": ""GRU""}], ""dataset_overrides"": {""SKAB"": {""use_pos_weight"": false}}, ""focal_gamma"": 2.0, ""loss_name"": ""bce"", ""pos_weight_strategy"": ""neg_pos_ratio"", ""use_pos_weight"": true}, ""early_stopping"": {""enabled"": true, ""mode"": ""min"", ""monitor"": ""val_loss"", ""patience"": 5}, ""epochs"": 50, ""optimizer"": ""adam"", ""threshold_tuning"": {""beta"": 2.0, ""dataset_overrides"": {""BATADAL"": {""metric"": ""f2""}, ""SKAB"": {""metric"": ""f1"", ""min_threshold"": 0.1}}, ""enabled"": true, ""end"": 0.99, ""metric"": ""f1"", ""start"": 0.01, ""step"": 0.01}}}",SKAB,"[""valve1"", ""valve2""]",anomaly,"[""datetime"", ""changepoint"", ""source_group"", ""source_file""]",source_file,0.6,0.2,0.2,True,mean,standard,True,1,16,1,False,32,True,0.0,0.05,cuda,[2026],32,50,True,5,val_loss,min,True,neg_pos_ratio,bce,2.0,False,"[{""dataset"": ""BATADAL"", ""focal_gamma"": 2.0, ""loss_name"": ""focal"", ""model"": ""GRU""}]",True,f1,2.0,0.01,0.99,0.01,f2,f1,0.1,adam,0.1,4,3,4,1,True,levenshtein,True,0.0001,average_log_probability,0.05,DEEP,2026,fold_2,GRU,gru,True,1.0,64.0,2.0,0.2,1,0.001,,,,,,
SKAB,GRU,fold_2,2026,tuned_threshold_weighted_loss,0.28,0.8837606837606837,0.9932756964457252,0.7959969207082371,6,0.262349210959201,val_loss,0.262349210959201,1.0,bce,4476,0.37424963775615816,0.3809384164222874,0.3849419124218052,0.8259606791778373,1.0,0.5478816018572258,0.7079115110611174,"{""automata"": {""anomaly_threshold"": 0.1, ""decision"": {""fallback_quantile"": 0.05, ""score_field"": ""average_log_probability""}, ""paa"": {""window_size"": 4}, ""probability"": {""epsilon"": 0.0001, ""smoothing"": true}, ""sax"": {""alphabet_size"": 3}, ""sliding_window"": {""size"": 4, ""stride"": 1}, ""unseen_pattern"": {""enabled"": true, ""method"": ""levenshtein""}}, ""dataset"": {""config"": {""drop_columns"": [""datetime"", ""changepoint"", ""source_group"", ""source_file""], ""group_column"": ""source_file"", ""split"": {""test"": 0.2, ""train"": 0.6, ""validation"": 0.2}, ""target_column"": ""anomaly"", ""valve_folders"": [""valve1"", ""valve2""]}, ""name"": ""SKAB""}, ""model"": {""config"": {""architecture"": ""gru"", ""dropout"": 0.2, ""enabled"": true, ""hidden_size"": 64, ""input_size"": 1, ""learning_rate"": 0.001, ""num_layers"": 2, ""output_size"": 1}, ""name"": ""GRU""}, ""noise"": {""enabled"": true, ""gaussian_mean"": 0.0, ""gaussian_std"": 0.05}, ""preprocessing"": {""dataset_overrides"": {""SKAB"": {""pca"": {""enabled"": false}, ""sequence_length"": 32}}, ""missing_data"": {""enabled"": true, ""strategy"": ""mean""}, ""pca"": {""enabled"": true, ""n_components"": 1}, ""scaler"": ""standard"", ""sequence_length"": 16, ""sequence_stride"": 1}, ""project"": {""device"": ""cuda"", ""random_seeds"": [2026]}, ""run"": {""family"": ""DEEP"", ""seed"": 2026, ""split"": ""fold_2""}, ""training"": {""batch_size"": 32, ""class_imbalance"": {""dataset_model_overrides"": [{""dataset"": ""BATADAL"", ""focal_gamma"": 2.0, ""loss_name"": ""focal"", ""model"": ""GRU""}], ""dataset_overrides"": {""SKAB"": {""use_pos_weight"": false}}, ""focal_gamma"": 2.0, ""loss_name"": ""bce"", ""pos_weight_strategy"": ""neg_pos_ratio"", ""use_pos_weight"": true}, ""early_stopping"": {""enabled"": true, ""mode"": ""min"", ""monitor"": ""val_loss"", ""patience"": 5}, ""epochs"": 50, ""optimizer"": ""adam"", ""threshold_tuning"": {""beta"": 2.0, ""dataset_overrides"": {""BATADAL"": {""metric"": ""f2""}, ""SKAB"": {""metric"": ""f1"", ""min_threshold"": 0.1}}, ""enabled"": true, ""end"": 0.99, ""metric"": ""f1"", ""start"": 0.01, ""step"": 0.01}}}",SKAB,"[""valve1"", ""valve2""]",anomaly,"[""datetime"", ""changepoint"", ""source_group"", ""source_file""]",source_file,0.6,0.2,0.2,True,mean,standard,True,1,16,1,False,32,True,0.0,0.05,cuda,[2026],32,50,True,5,val_loss,min,True,neg_pos_ratio,bce,2.0,False,"[{""dataset"": ""BATADAL"", ""focal_gamma"": 2.0, ""loss_name"": ""focal"", ""model"": ""GRU""}]",True,f1,2.0,0.01,0.99,0.01,f2,f1,0.1,adam,0.1,4,3,4,1,True,levenshtein,True,0.0001,average_log_probability,0.05,DEEP,2026,fold_2,GRU,gru,True,1.0,64.0,2.0,0.2,1,0.001,,,,,,
SKAB,CNN,fold_2,2026,baseline_0.5_threshold,0.5,0.8776916451335056,0.9960899315738025,0.7844495765973826,11,0.28637197296137973,val_loss,0.28637197296137973,1.0,bce,4476,0.37424963775615816,0.3809384164222874,0.3849419124218052,0.8375781948168007,1.0,0.5780615206035984,0.7326222876057374,"{""automata"": {""anomaly_threshold"": 0.1, ""decision"": {""fallback_quantile"": 0.05, ""score_field"": ""average_log_probability""}, ""paa"": {""window_size"": 4}, ""probability"": {""epsilon"": 0.0001, ""smoothing"": true}, ""sax"": {""alphabet_size"": 3}, ""sliding_window"": {""size"": 4, ""stride"": 1}, ""unseen_pattern"": {""enabled"": true, ""method"": ""levenshtein""}}, ""dataset"": {""config"": {""drop_columns"": [""datetime"", ""changepoint"", ""source_group"", ""source_file""], ""group_column"": ""source_file"", ""split"": {""test"": 0.2, ""train"": 0.6, ""validation"": 0.2}, ""target_column"": ""anomaly"", ""valve_folders"": [""valve1"", ""valve2""]}, ""name"": ""SKAB""}, ""model"": {""config"": {""architecture"": ""cnn"", ""dropout"": 0.2, ""enabled"": true, ""input_channels"": 1, ""kernel_size"": 3, ""learning_rate"": 0.001, ""num_filters"": 64, ""output_size"": 1}, ""name"": ""CNN""}, ""noise"": {""enabled"": true, ""gaussian_mean"": 0.0, ""gaussian_std"": 0.05}, ""preprocessing"": {""dataset_overrides"": {""SKAB"": {""pca"": {""enabled"": false}, ""sequence_length"": 32}}, ""missing_data"": {""enabled"": true, ""strategy"": ""mean""}, ""pca"": {""enabled"": true, ""n_components"": 1}, ""scaler"": ""standard"", ""sequence_length"": 16, ""sequence_stride"": 1}, ""project"": {""device"": ""cuda"", ""random_seeds"": [2026]}, ""run"": {""family"": ""DEEP"", ""seed"": 2026, ""split"": ""fold_2""}, ""training"": {""batch_size"": 32, ""class_imbalance"": {""dataset_model_overrides"": [{""dataset"": ""BATADAL"", ""focal_gamma"": 2.0, ""loss_name"": ""focal"", ""model"": ""GRU""}], ""dataset_overrides"": {""SKAB"": {""use_pos_weight"": false}}, ""focal_gamma"": 2.0, ""loss_name"": ""bce"", ""pos_weight_strategy"": ""neg_pos_ratio"", ""use_pos_weight"": true}, ""early_stopping"": {""enabled"": true, ""mode"": ""min"", ""monitor"": ""val_loss"", ""patience"": 5}, ""epochs"": 50, ""optimizer"": ""adam"", ""threshold_tuning"": {""beta"": 2.0, ""dataset_overrides"": {""BATADAL"": {""metric"": ""f2""}, ""SKAB"": {""metric"": ""f1"", ""min_threshold"": 0.1}}, ""enabled"": true, ""end"": 0.99, ""metric"": ""f1"", ""start"": 0.01, ""step"": 0.01}}}",SKAB,"[""valve1"", ""valve2""]",anomaly,"[""datetime"", ""changepoint"", ""source_group"", ""source_file""]",source_file,0.6,0.2,0.2,True,mean,standard,True,1,16,1,False,32,True,0.0,0.05,cuda,[2026],32,50,True,5,val_loss,min,True,neg_pos_ratio,bce,2.0,False,"[{""dataset"": ""BATADAL"", ""focal_gamma"": 2.0, ""loss_name"": ""focal"", ""model"": ""GRU""}]",True,f1,2.0,0.01,0.99,0.01,f2,f1,0.1,adam,0.1,4,3,4,1,True,levenshtein,True,0.0001,average_log_probability,0.05,DEEP,2026,fold_2,CNN,cnn,True,,,,0.2,1,0.001,1.0,64.0,3.0,,,
SKAB,CNN,fold_2,2026,tuned_threshold_weighted_loss,0.57,0.8776916451335056,0.9960899315738025,0.7844495765973826,11,0.28637197296137973,val_loss,0.28637197296137973,1.0,bce,4476,0.37424963775615816,0.3809384164222874,0.3849419124218052,0.830875781948168,1.0,0.5606500290191526,0.7184827073261435,"{""automata"": {""anomaly_threshold"": 0.1, ""decision"": {""fallback_quantile"": 0.05, ""score_field"": ""average_log_probability""}, ""paa"": {""window_size"": 4}, ""probability"": {""epsilon"": 0.0001, ""smoothing"": true}, ""sax"": {""alphabet_size"": 3}, ""sliding_window"": {""size"": 4, ""stride"": 1}, ""unseen_pattern"": {""enabled"": true, ""method"": ""levenshtein""}}, ""dataset"": {""config"": {""drop_columns"": [""datetime"", ""changepoint"", ""source_group"", ""source_file""], ""group_column"": ""source_file"", ""split"": {""test"": 0.2, ""train"": 0.6, ""validation"": 0.2}, ""target_column"": ""anomaly"", ""valve_folders"": [""valve1"", ""valve2""]}, ""name"": ""SKAB""}, ""model"": {""config"": {""architecture"": ""cnn"", ""dropout"": 0.2, ""enabled"": true, ""input_channels"": 1, ""kernel_size"": 3, ""learning_rate"": 0.001, ""num_filters"": 64, ""output_size"": 1}, ""name"": ""CNN""}, ""noise"": {""enabled"": true, ""gaussian_mean"": 0.0, ""gaussian_std"": 0.05}, ""preprocessing"": {""dataset_overrides"": {""SKAB"": {""pca"": {""enabled"": false}, ""sequence_length"": 32}}, ""missing_data"": {""enabled"": true, ""strategy"": ""mean""}, ""pca"": {""enabled"": true, ""n_components"": 1}, ""scaler"": ""standard"", ""sequence_length"": 16, ""sequence_stride"": 1}, ""project"": {""device"": ""cuda"", ""random_seeds"": [2026]}, ""run"": {""family"": ""DEEP"", ""seed"": 2026, ""split"": ""fold_2""}, ""training"": {""batch_size"": 32, ""class_imbalance"": {""dataset_model_overrides"": [{""dataset"": ""BATADAL"", ""focal_gamma"": 2.0, ""loss_name"": ""focal"", ""model"": ""GRU""}], ""dataset_overrides"": {""SKAB"": {""use_pos_weight"": false}}, ""focal_gamma"": 2.0, ""loss_name"": ""bce"", ""pos_weight_strategy"": ""neg_pos_ratio"", ""use_pos_weight"": true}, ""early_stopping"": {""enabled"": true, ""mode"": ""min"", ""monitor"": ""val_loss"", ""patience"": 5}, ""epochs"": 50, ""optimizer"": ""adam"", ""threshold_tuning"": {""beta"": 2.0, ""dataset_overrides"": {""BATADAL"": {""metric"": ""f2""}, ""SKAB"": {""metric"": ""f1"", ""min_threshold"": 0.1}}, ""enabled"": true, ""end"": 0.99, ""metric"": ""f1"", ""start"": 0.01, ""step"": 0.01}}}",SKAB,"[""valve1"", ""valve2""]",anomaly,"[""datetime"", ""changepoint"", ""source_group"", ""source_file""]",source_file,0.6,0.2,0.2,True,mean,standard,True,1,16,1,False,32,True,0.0,0.05,cuda,[2026],32,50,True,5,val_loss,min,True,neg_pos_ratio,bce,2.0,False,"[{""dataset"": ""BATADAL"", ""focal_gamma"": 2.0, ""loss_name"": ""focal"", ""model"": ""GRU""}]",True,f1,2.0,0.01,0.99,0.01,f2,f1,0.1,adam,0.1,4,3,4,1,True,levenshtein,True,0.0001,average_log_probability,0.05,DEEP,2026,fold_2,CNN,cnn,True,,,,0.2,1,0.001,1.0,64.0,3.0,,,
SKAB,LSTM,fold_3,2026,baseline_0.5_threshold,0.5,0.8,0.999129677980853,0.6670540383497966,7,0.47057068229025556,val_loss,0.47057068229025556,1.0,bce,4416,0.37183497170092344,0.3794928335170893,0.39221014492753625,0.90625,0.9782293178519593,0.7782909930715936,0.8668810289389067,"{""automata"": {""anomaly_threshold"": 0.1, ""decision"": {""fallback_quantile"": 0.05, ""score_field"": ""average_log_probability""}, ""paa"": {""window_size"": 4}, ""probability"": {""epsilon"": 0.0001, ""smoothing"": true}, ""sax"": {""alphabet_size"": 3}, ""sliding_window"": {""size"": 4, ""stride"": 1}, ""unseen_pattern"": {""enabled"": true, ""method"": ""levenshtein""}}, ""dataset"": {""config"": {""drop_columns"": [""datetime"", ""changepoint"", ""source_group"", ""source_file""], ""group_column"": ""source_file"", ""split"": {""test"": 0.2, ""train"": 0.6, ""validation"": 0.2}, ""target_column"": ""anomaly"", ""valve_folders"": [""valve1"", ""valve2""]}, ""name"": ""SKAB""}, ""model"": {""config"": {""architecture"": ""lstm"", ""dropout"": 0.2, ""enabled"": true, ""hidden_size"": 64, ""input_size"": 1, ""learning_rate"": 0.001, ""num_layers"": 2, ""output_size"": 1}, ""name"": ""LSTM""}, ""noise"": {""enabled"": true, ""gaussian_mean"": 0.0, ""gaussian_std"": 0.05}, ""preprocessing"": {""dataset_overrides"": {""SKAB"": {""pca"": {""enabled"": false}, ""sequence_length"": 32}}, ""missing_data"": {""enabled"": true, ""strategy"": ""mean""}, ""pca"": {""enabled"": true, ""n_components"": 1}, ""scaler"": ""standard"", ""sequence_length"": 16, ""sequence_stride"": 1}, ""project"": {""device"": ""cuda"", ""random_seeds"": [2026]}, ""run"": {""family"": ""DEEP"", ""seed"": 2026, ""split"": ""fold_3""}, ""training"": {""batch_size"": 32, ""class_imbalance"": {""dataset_model_overrides"": [{""dataset"": ""BATADAL"", ""focal_gamma"": 2.0, ""loss_name"": ""focal"", ""model"": ""GRU""}], ""dataset_overrides"": {""SKAB"": {""use_pos_weight"": false}}, ""focal_gamma"": 2.0, ""loss_name"": ""bce"", ""pos_weight_strategy"": ""neg_pos_ratio"", ""use_pos_weight"": true}, ""early_stopping"": {""enabled"": true, ""mode"": ""min"", ""monitor"": ""val_loss"", ""patience"": 5}, ""epochs"": 50, ""optimizer"": ""adam"", ""threshold_tuning"": {""beta"": 2.0, ""dataset_overrides"": {""BATADAL"": {""metric"": ""f2""}, ""SKAB"": {""metric"": ""f1"", ""min_threshold"": 0.1}}, ""enabled"": true, ""end"": 0.99, ""metric"": ""f1"", ""start"": 0.01, ""step"": 0.01}}}",SKAB,"[""valve1"", ""valve2""]",anomaly,"[""datetime"", ""changepoint"", ""source_group"", ""source_file""]",source_file,0.6,0.2,0.2,True,mean,standard,True,1,16,1,False,32,True,0.0,0.05,cuda,[2026],32,50,True,5,val_loss,min,True,neg_pos_ratio,bce,2.0,False,"[{""dataset"": ""BATADAL"", ""focal_gamma"": 2.0, ""loss_name"": ""focal"", ""model"": ""GRU""}]",True,f1,2.0,0.01,0.99,0.01,f2,f1,0.1,adam,0.1,4,3,4,1,True,levenshtein,True,0.0001,average_log_probability,0.05,DEEP,2026,fold_3,LSTM,lstm,True,1.0,64.0,2.0,0.2,1,0.001,,,,,,
SKAB,LSTM,fold_3,2026,tuned_threshold_weighted_loss,0.73,0.8,0.999129677980853,0.6670540383497966,7,0.47057068229025556,val_loss,0.47057068229025556,1.0,bce,4416,0.37183497170092344,0.3794928335170893,0.39221014492753625,0.901947463768116,0.9807549962990377,0.7650115473441108,0.859552384041518,"{""automata"": {""anomaly_threshold"": 0.1, ""decision"": {""fallback_quantile"": 0.05, ""score_field"": ""average_log_probability""}, ""paa"": {""window_size"": 4}, ""probability"": {""epsilon"": 0.0001, ""smoothing"": true}, ""sax"": {""alphabet_size"": 3}, ""sliding_window"": {""size"": 4, ""stride"": 1}, ""unseen_pattern"": {""enabled"": true, ""method"": ""levenshtein""}}, ""dataset"": {""config"": {""drop_columns"": [""datetime"", ""changepoint"", ""source_group"", ""source_file""], ""group_column"": ""source_file"", ""split"": {""test"": 0.2, ""train"": 0.6, ""validation"": 0.2}, ""target_column"": ""anomaly"", ""valve_folders"": [""valve1"", ""valve2""]}, ""name"": ""SKAB""}, ""model"": {""config"": {""architecture"": ""lstm"", ""dropout"": 0.2, ""enabled"": true, ""hidden_size"": 64, ""input_size"": 1, ""learning_rate"": 0.001, ""num_layers"": 2, ""output_size"": 1}, ""name"": ""LSTM""}, ""noise"": {""enabled"": true, ""gaussian_mean"": 0.0, ""gaussian_std"": 0.05}, ""preprocessing"": {""dataset_overrides"": {""SKAB"": {""pca"": {""enabled"": false}, ""sequence_length"": 32}}, ""missing_data"": {""enabled"": true, ""strategy"": ""mean""}, ""pca"": {""enabled"": true, ""n_components"": 1}, ""scaler"": ""standard"", ""sequence_length"": 16, ""sequence_stride"": 1}, ""project"": {""device"": ""cuda"", ""random_seeds"": [2026]}, ""run"": {""family"": ""DEEP"", ""seed"": 2026, ""split"": ""fold_3""}, ""training"": {""batch_size"": 32, ""class_imbalance"": {""dataset_model_overrides"": [{""dataset"": ""BATADAL"", ""focal_gamma"": 2.0, ""loss_name"": ""focal"", ""model"": ""GRU""}], ""dataset_overrides"": {""SKAB"": {""use_pos_weight"": false}}, ""focal_gamma"": 2.0, ""loss_name"": ""bce"", ""pos_weight_strategy"": ""neg_pos_ratio"", ""use_pos_weight"": true}, ""early_stopping"": {""enabled"": true, ""mode"": ""min"", ""monitor"": ""val_loss"", ""patience"": 5}, ""epochs"": 50, ""optimizer"": ""adam"", ""threshold_tuning"": {""beta"": 2.0, ""dataset_overrides"": {""BATADAL"": {""metric"": ""f2""}, ""SKAB"": {""metric"": ""f1"", ""min_threshold"": 0.1}}, ""enabled"": true, ""end"": 0.99, ""metric"": ""f1"", ""start"": 0.01, ""step"": 0.01}}}",SKAB,"[""valve1"", ""valve2""]",anomaly,"[""datetime"", ""changepoint"", ""source_group"", ""source_file""]",source_file,0.6,0.2,0.2,True,mean,standard,True,1,16,1,False,32,True,0.0,0.05,cuda,[2026],32,50,True,5,val_loss,min,True,neg_pos_ratio,bce,2.0,False,"[{""dataset"": ""BATADAL"", ""focal_gamma"": 2.0, ""loss_name"": ""focal"", ""model"": ""GRU""}]",True,f1,2.0,0.01,0.99,0.01,f2,f1,0.1,adam,0.1,4,3,4,1,True,levenshtein,True,0.0001,average_log_probability,0.05,DEEP,2026,fold_3,LSTM,lstm,True,1.0,64.0,2.0,0.2,1,0.001,,,,,,
SKAB,GRU,fold_3,2026,baseline_0.5_threshold,0.5,0.7924921793534933,0.986159169550173,0.6624055781522371,6,0.4272034387719276,val_loss,0.4272034387719276,1.0,bce,4416,0.37183497170092344,0.3794928335170893,0.39221014492753625,0.9078351449275363,1.0,0.7650115473441108,0.8668629375204449,"{""automata"": {""anomaly_threshold"": 0.1, ""decision"": {""fallback_quantile"": 0.05, ""score_field"": ""average_log_probability""}, ""paa"": {""window_size"": 4}, ""probability"": {""epsilon"": 0.0001, ""smoothing"": true}, ""sax"": {""alphabet_size"": 3}, ""sliding_window"": {""size"": 4, ""stride"": 1}, ""unseen_pattern"": {""enabled"": true, ""method"": ""levenshtein""}}, ""dataset"": {""config"": {""drop_columns"": [""datetime"", ""changepoint"", ""source_group"", ""source_file""], ""group_column"": ""source_file"", ""split"": {""test"": 0.2, ""train"": 0.6, ""validation"": 0.2}, ""target_column"": ""anomaly"", ""valve_folders"": [""valve1"", ""valve2""]}, ""name"": ""SKAB""}, ""model"": {""config"": {""architecture"": ""gru"", ""dropout"": 0.2, ""enabled"": true, ""hidden_size"": 64, ""input_size"": 1, ""learning_rate"": 0.001, ""num_layers"": 2, ""output_size"": 1}, ""name"": ""GRU""}, ""noise"": {""enabled"": true, ""gaussian_mean"": 0.0, ""gaussian_std"": 0.05}, ""preprocessing"": {""dataset_overrides"": {""SKAB"": {""pca"": {""enabled"": false}, ""sequence_length"": 32}}, ""missing_data"": {""enabled"": true, ""strategy"": ""mean""}, ""pca"": {""enabled"": true, ""n_components"": 1}, ""scaler"": ""standard"", ""sequence_length"": 16, ""sequence_stride"": 1}, ""project"": {""device"": ""cuda"", ""random_seeds"": [2026]}, ""run"": {""family"": ""DEEP"", ""seed"": 2026, ""split"": ""fold_3""}, ""training"": {""batch_size"": 32, ""class_imbalance"": {""dataset_model_overrides"": [{""dataset"": ""BATADAL"", ""focal_gamma"": 2.0, ""loss_name"": ""focal"", ""model"": ""GRU""}], ""dataset_overrides"": {""SKAB"": {""use_pos_weight"": false}}, ""focal_gamma"": 2.0, ""loss_name"": ""bce"", ""pos_weight_strategy"": ""neg_pos_ratio"", ""use_pos_weight"": true}, ""early_stopping"": {""enabled"": true, ""mode"": ""min"", ""monitor"": ""val_loss"", ""patience"": 5}, ""epochs"": 50, ""optimizer"": ""adam"", ""threshold_tuning"": {""beta"": 2.0, ""dataset_overrides"": {""BATADAL"": {""metric"": ""f2""}, ""SKAB"": {""metric"": ""f1"", ""min_threshold"": 0.1}}, ""enabled"": true, ""end"": 0.99, ""metric"": ""f1"", ""start"": 0.01, ""step"": 0.01}}}",SKAB,"[""valve1"", ""valve2""]",anomaly,"[""datetime"", ""changepoint"", ""source_group"", ""source_file""]",source_file,0.6,0.2,0.2,True,mean,standard,True,1,16,1,False,32,True,0.0,0.05,cuda,[2026],32,50,True,5,val_loss,min,True,neg_pos_ratio,bce,2.0,False,"[{""dataset"": ""BATADAL"", ""focal_gamma"": 2.0, ""loss_name"": ""focal"", ""model"": ""GRU""}]",True,f1,2.0,0.01,0.99,0.01,f2,f1,0.1,adam,0.1,4,3,4,1,True,levenshtein,True,0.0001,average_log_probability,0.05,DEEP,2026,fold_3,GRU,gru,True,1.0,64.0,2.0,0.2,1,0.001,,,,,,
SKAB,GRU,fold_3,2026,tuned_threshold_weighted_loss,0.21,0.7924921793534933,0.986159169550173,0.6624055781522371,6,0.4272034387719276,val_loss,0.4272034387719276,1.0,bce,4416,0.37183497170092344,0.3794928335170893,0.39221014492753625,0.9144021739130435,0.9963343108504399,0.7846420323325635,0.877906976744186,"{""automata"": {""anomaly_threshold"": 0.1, ""decision"": {""fallback_quantile"": 0.05, ""score_field"": ""average_log_probability""}, ""paa"": {""window_size"": 4}, ""probability"": {""epsilon"": 0.0001, ""smoothing"": true}, ""sax"": {""alphabet_size"": 3}, ""sliding_window"": {""size"": 4, ""stride"": 1}, ""unseen_pattern"": {""enabled"": true, ""method"": ""levenshtein""}}, ""dataset"": {""config"": {""drop_columns"": [""datetime"", ""changepoint"", ""source_group"", ""source_file""], ""group_column"": ""source_file"", ""split"": {""test"": 0.2, ""train"": 0.6, ""validation"": 0.2}, ""target_column"": ""anomaly"", ""valve_folders"": [""valve1"", ""valve2""]}, ""name"": ""SKAB""}, ""model"": {""config"": {""architecture"": ""gru"", ""dropout"": 0.2, ""enabled"": true, ""hidden_size"": 64, ""input_size"": 1, ""learning_rate"": 0.001, ""num_layers"": 2, ""output_size"": 1}, ""name"": ""GRU""}, ""noise"": {""enabled"": true, ""gaussian_mean"": 0.0, ""gaussian_std"": 0.05}, ""preprocessing"": {""dataset_overrides"": {""SKAB"": {""pca"": {""enabled"": false}, ""sequence_length"": 32}}, ""missing_data"": {""enabled"": true, ""strategy"": ""mean""}, ""pca"": {""enabled"": true, ""n_components"": 1}, ""scaler"": ""standard"", ""sequence_length"": 16, ""sequence_stride"": 1}, ""project"": {""device"": ""cuda"", ""random_seeds"": [2026]}, ""run"": {""family"": ""DEEP"", ""seed"": 2026, ""split"": ""fold_3""}, ""training"": {""batch_size"": 32, ""class_imbalance"": {""dataset_model_overrides"": [{""dataset"": ""BATADAL"", ""focal_gamma"": 2.0, ""loss_name"": ""focal"", ""model"": ""GRU""}], ""dataset_overrides"": {""SKAB"": {""use_pos_weight"": false}}, ""focal_gamma"": 2.0, ""loss_name"": ""bce"", ""pos_weight_strategy"": ""neg_pos_ratio"", ""use_pos_weight"": true}, ""early_stopping"": {""enabled"": true, ""mode"": ""min"", ""monitor"": ""val_loss"", ""patience"": 5}, ""epochs"": 50, ""optimizer"": ""adam"", ""threshold_tuning"": {""beta"": 2.0, ""dataset_overrides"": {""BATADAL"": {""metric"": ""f2""}, ""SKAB"": {""metric"": ""f1"", ""min_threshold"": 0.1}}, ""enabled"": true, ""end"": 0.99, ""metric"": ""f1"", ""start"": 0.01, ""step"": 0.01}}}",SKAB,"[""valve1"", ""valve2""]",anomaly,"[""datetime"", ""changepoint"", ""source_group"", ""source_file""]",source_file,0.6,0.2,0.2,True,mean,standard,True,1,16,1,False,32,True,0.0,0.05,cuda,[2026],32,50,True,5,val_loss,min,True,neg_pos_ratio,bce,2.0,False,"[{""dataset"": ""BATADAL"", ""focal_gamma"": 2.0, ""loss_name"": ""focal"", ""model"": ""GRU""}]",True,f1,2.0,0.01,0.99,0.01,f2,f1,0.1,adam,0.1,4,3,4,1,True,levenshtein,True,0.0001,average_log_probability,0.05,DEEP,2026,fold_3,GRU,gru,True,1.0,64.0,2.0,0.2,1,0.001,,,,,,
SKAB,CNN,fold_3,2026,baseline_0.5_threshold,0.5,0.7923515598792351,0.9373015873015873,0.6862289366647298,6,0.42919941992389066,val_loss,0.42919941992389066,1.0,bce,4416,0.37183497170092344,0.3794928335170893,0.39221014492753625,0.886322463768116,1.0,0.710161662817552,0.8305199189736664,"{""automata"": {""anomaly_threshold"": 0.1, ""decision"": {""fallback_quantile"": 0.05, ""score_field"": ""average_log_probability""}, ""paa"": {""window_size"": 4}, ""probability"": {""epsilon"": 0.0001, ""smoothing"": true}, ""sax"": {""alphabet_size"": 3}, ""sliding_window"": {""size"": 4, ""stride"": 1}, ""unseen_pattern"": {""enabled"": true, ""method"": ""levenshtein""}}, ""dataset"": {""config"": {""drop_columns"": [""datetime"", ""changepoint"", ""source_group"", ""source_file""], ""group_column"": ""source_file"", ""split"": {""test"": 0.2, ""train"": 0.6, ""validation"": 0.2}, ""target_column"": ""anomaly"", ""valve_folders"": [""valve1"", ""valve2""]}, ""name"": ""SKAB""}, ""model"": {""config"": {""architecture"": ""cnn"", ""dropout"": 0.2, ""enabled"": true, ""input_channels"": 1, ""kernel_size"": 3, ""learning_rate"": 0.001, ""num_filters"": 64, ""output_size"": 1}, ""name"": ""CNN""}, ""noise"": {""enabled"": true, ""gaussian_mean"": 0.0, ""gaussian_std"": 0.05}, ""preprocessing"": {""dataset_overrides"": {""SKAB"": {""pca"": {""enabled"": false}, ""sequence_length"": 32}}, ""missing_data"": {""enabled"": true, ""strategy"": ""mean""}, ""pca"": {""enabled"": true, ""n_components"": 1}, ""scaler"": ""standard"", ""sequence_length"": 16, ""sequence_stride"": 1}, ""project"": {""device"": ""cuda"", ""random_seeds"": [2026]}, ""run"": {""family"": ""DEEP"", ""seed"": 2026, ""split"": ""fold_3""}, ""training"": {""batch_size"": 32, ""class_imbalance"": {""dataset_model_overrides"": [{""dataset"": ""BATADAL"", ""focal_gamma"": 2.0, ""loss_name"": ""focal"", ""model"": ""GRU""}], ""dataset_overrides"": {""SKAB"": {""use_pos_weight"": false}}, ""focal_gamma"": 2.0, ""loss_name"": ""bce"", ""pos_weight_strategy"": ""neg_pos_ratio"", ""use_pos_weight"": true}, ""early_stopping"": {""enabled"": true, ""mode"": ""min"", ""monitor"": ""val_loss"", ""patience"": 5}, ""epochs"": 50, ""optimizer"": ""adam"", ""threshold_tuning"": {""beta"": 2.0, ""dataset_overrides"": {""BATADAL"": {""metric"": ""f2""}, ""SKAB"": {""metric"": ""f1"", ""min_threshold"": 0.1}}, ""enabled"": true, ""end"": 0.99, ""metric"": ""f1"", ""start"": 0.01, ""step"": 0.01}}}",SKAB,"[""valve1"", ""valve2""]",anomaly,"[""datetime"", ""changepoint"", ""source_group"", ""source_file""]",source_file,0.6,0.2,0.2,True,mean,standard,True,1,16,1,False,32,True,0.0,0.05,cuda,[2026],32,50,True,5,val_loss,min,True,neg_pos_ratio,bce,2.0,False,"[{""dataset"": ""BATADAL"", ""focal_gamma"": 2.0, ""loss_name"": ""focal"", ""model"": ""GRU""}]",True,f1,2.0,0.01,0.99,0.01,f2,f1,0.1,adam,0.1,4,3,4,1,True,levenshtein,True,0.0001,average_log_probability,0.05,DEEP,2026,fold_3,CNN,cnn,True,,,,0.2,1,0.001,1.0,64.0,3.0,,,
SKAB,CNN,fold_3,2026,tuned_threshold_weighted_loss,0.22,0.7923515598792351,0.9373015873015873,0.6862289366647298,6,0.42919941992389066,val_loss,0.42919941992389066,1.0,bce,4416,0.37183497170092344,0.3794928335170893,0.39221014492753625,0.8754528985507246,0.8798200514138818,0.7904157043879908,0.8327250608272506,"{""automata"": {""anomaly_threshold"": 0.1, ""decision"": {""fallback_quantile"": 0.05, ""score_field"": ""average_log_probability""}, ""paa"": {""window_size"": 4}, ""probability"": {""epsilon"": 0.0001, ""smoothing"": true}, ""sax"": {""alphabet_size"": 3}, ""sliding_window"": {""size"": 4, ""stride"": 1}, ""unseen_pattern"": {""enabled"": true, ""method"": ""levenshtein""}}, ""dataset"": {""config"": {""drop_columns"": [""datetime"", ""changepoint"", ""source_group"", ""source_file""], ""group_column"": ""source_file"", ""split"": {""test"": 0.2, ""train"": 0.6, ""validation"": 0.2}, ""target_column"": ""anomaly"", ""valve_folders"": [""valve1"", ""valve2""]}, ""name"": ""SKAB""}, ""model"": {""config"": {""architecture"": ""cnn"", ""dropout"": 0.2, ""enabled"": true, ""input_channels"": 1, ""kernel_size"": 3, ""learning_rate"": 0.001, ""num_filters"": 64, ""output_size"": 1}, ""name"": ""CNN""}, ""noise"": {""enabled"": true, ""gaussian_mean"": 0.0, ""gaussian_std"": 0.05}, ""preprocessing"": {""dataset_overrides"": {""SKAB"": {""pca"": {""enabled"": false}, ""sequence_length"": 32}}, ""missing_data"": {""enabled"": true, ""strategy"": ""mean""}, ""pca"": {""enabled"": true, ""n_components"": 1}, ""scaler"": ""standard"", ""sequence_length"": 16, ""sequence_stride"": 1}, ""project"": {""device"": ""cuda"", ""random_seeds"": [2026]}, ""run"": {""family"": ""DEEP"", ""seed"": 2026, ""split"": ""fold_3""}, ""training"": {""batch_size"": 32, ""class_imbalance"": {""dataset_model_overrides"": [{""dataset"": ""BATADAL"", ""focal_gamma"": 2.0, ""loss_name"": ""focal"", ""model"": ""GRU""}], ""dataset_overrides"": {""SKAB"": {""use_pos_weight"": false}}, ""focal_gamma"": 2.0, ""loss_name"": ""bce"", ""pos_weight_strategy"": ""neg_pos_ratio"", ""use_pos_weight"": true}, ""early_stopping"": {""enabled"": true, ""mode"": ""min"", ""monitor"": ""val_loss"", ""patience"": 5}, ""epochs"": 50, ""optimizer"": ""adam"", ""threshold_tuning"": {""beta"": 2.0, ""dataset_overrides"": {""BATADAL"": {""metric"": ""f2""}, ""SKAB"": {""metric"": ""f1"", ""min_threshold"": 0.1}}, ""enabled"": true, ""end"": 0.99, ""metric"": ""f1"", ""start"": 0.01, ""step"": 0.01}}}",SKAB,"[""valve1"", ""valve2""]",anomaly,"[""datetime"", ""changepoint"", ""source_group"", ""source_file""]",source_file,0.6,0.2,0.2,True,mean,standard,True,1,16,1,False,32,True,0.0,0.05,cuda,[2026],32,50,True,5,val_loss,min,True,neg_pos_ratio,bce,2.0,False,"[{""dataset"": ""BATADAL"", ""focal_gamma"": 2.0, ""loss_name"": ""focal"", ""model"": ""GRU""}]",True,f1,2.0,0.01,0.99,0.01,f2,f1,0.1,adam,0.1,4,3,4,1,True,levenshtein,True,0.0001,average_log_probability,0.05,DEEP,2026,fold_3,CNN,cnn,True,,,,0.2,1,0.001,1.0,64.0,3.0,,,
SKAB,LSTM,fold_4,2026,baseline_0.5_threshold,0.5,0.9099128188569583,0.9811977715877437,0.8482841661649608,14,0.21990584513275754,val_loss,0.21990584513275754,1.0,bce,4503,0.37942814704790195,0.3765586034912718,0.37219631356873195,0.8880746169220519,0.9621451104100947,0.7279236276849642,0.8288043478260869,"{""automata"": {""anomaly_threshold"": 0.1, ""decision"": {""fallback_quantile"": 0.05, ""score_field"": ""average_log_probability""}, ""paa"": {""window_size"": 4}, ""probability"": {""epsilon"": 0.0001, ""smoothing"": true}, ""sax"": {""alphabet_size"": 3}, ""sliding_window"": {""size"": 4, ""stride"": 1}, ""unseen_pattern"": {""enabled"": true, ""method"": ""levenshtein""}}, ""dataset"": {""config"": {""drop_columns"": [""datetime"", ""changepoint"", ""source_group"", ""source_file""], ""group_column"": ""source_file"", ""split"": {""test"": 0.2, ""train"": 0.6, ""validation"": 0.2}, ""target_column"": ""anomaly"", ""valve_folders"": [""valve1"", ""valve2""]}, ""name"": ""SKAB""}, ""model"": {""config"": {""architecture"": ""lstm"", ""dropout"": 0.2, ""enabled"": true, ""hidden_size"": 64, ""input_size"": 1, ""learning_rate"": 0.001, ""num_layers"": 2, ""output_size"": 1}, ""name"": ""LSTM""}, ""noise"": {""enabled"": true, ""gaussian_mean"": 0.0, ""gaussian_std"": 0.05}, ""preprocessing"": {""dataset_overrides"": {""SKAB"": {""pca"": {""enabled"": false}, ""sequence_length"": 32}}, ""missing_data"": {""enabled"": true, ""strategy"": ""mean""}, ""pca"": {""enabled"": true, ""n_components"": 1}, ""scaler"": ""standard"", ""sequence_length"": 16, ""sequence_stride"": 1}, ""project"": {""device"": ""cuda"", ""random_seeds"": [2026]}, ""run"": {""family"": ""DEEP"", ""seed"": 2026, ""split"": ""fold_4""}, ""training"": {""batch_size"": 32, ""class_imbalance"": {""dataset_model_overrides"": [{""dataset"": ""BATADAL"", ""focal_gamma"": 2.0, ""loss_name"": ""focal"", ""model"": ""GRU""}], ""dataset_overrides"": {""SKAB"": {""use_pos_weight"": false}}, ""focal_gamma"": 2.0, ""loss_name"": ""bce"", ""pos_weight_strategy"": ""neg_pos_ratio"", ""use_pos_weight"": true}, ""early_stopping"": {""enabled"": true, ""mode"": ""min"", ""monitor"": ""val_loss"", ""patience"": 5}, ""epochs"": 50, ""optimizer"": ""adam"", ""threshold_tuning"": {""beta"": 2.0, ""dataset_overrides"": {""BATADAL"": {""metric"": ""f2""}, ""SKAB"": {""metric"": ""f1"", ""min_threshold"": 0.1}}, ""enabled"": true, ""end"": 0.99, ""metric"": ""f1"", ""start"": 0.01, ""step"": 0.01}}}",SKAB,"[""valve1"", ""valve2""]",anomaly,"[""datetime"", ""changepoint"", ""source_group"", ""source_file""]",source_file,0.6,0.2,0.2,True,mean,standard,True,1,16,1,False,32,True,0.0,0.05,cuda,[2026],32,50,True,5,val_loss,min,True,neg_pos_ratio,bce,2.0,False,"[{""dataset"": ""BATADAL"", ""focal_gamma"": 2.0, ""loss_name"": ""focal"", ""model"": ""GRU""}]",True,f1,2.0,0.01,0.99,0.01,f2,f1,0.1,adam,0.1,4,3,4,1,True,levenshtein,True,0.0001,average_log_probability,0.05,DEEP,2026,fold_4,LSTM,lstm,True,1.0,64.0,2.0,0.2,1,0.001,,,,,,
SKAB,LSTM,fold_4,2026,tuned_threshold_weighted_loss,0.57,0.9099128188569583,0.9811977715877437,0.8482841661649608,14,0.21990584513275754,val_loss,0.21990584513275754,1.0,bce,4503,0.37942814704790195,0.3765586034912718,0.37219631356873195,0.8894070619586942,0.9983079526226735,0.7040572792362768,0.8257522743177047,"{""automata"": {""anomaly_threshold"": 0.1, ""decision"": {""fallback_quantile"": 0.05, ""score_field"": ""average_log_probability""}, ""paa"": {""window_size"": 4}, ""probability"": {""epsilon"": 0.0001, ""smoothing"": true}, ""sax"": {""alphabet_size"": 3}, ""sliding_window"": {""size"": 4, ""stride"": 1}, ""unseen_pattern"": {""enabled"": true, ""method"": ""levenshtein""}}, ""dataset"": {""config"": {""drop_columns"": [""datetime"", ""changepoint"", ""source_group"", ""source_file""], ""group_column"": ""source_file"", ""split"": {""test"": 0.2, ""train"": 0.6, ""validation"": 0.2}, ""target_column"": ""anomaly"", ""valve_folders"": [""valve1"", ""valve2""]}, ""name"": ""SKAB""}, ""model"": {""config"": {""architecture"": ""lstm"", ""dropout"": 0.2, ""enabled"": true, ""hidden_size"": 64, ""input_size"": 1, ""learning_rate"": 0.001, ""num_layers"": 2, ""output_size"": 1}, ""name"": ""LSTM""}, ""noise"": {""enabled"": true, ""gaussian_mean"": 0.0, ""gaussian_std"": 0.05}, ""preprocessing"": {""dataset_overrides"": {""SKAB"": {""pca"": {""enabled"": false}, ""sequence_length"": 32}}, ""missing_data"": {""enabled"": true, ""strategy"": ""mean""}, ""pca"": {""enabled"": true, ""n_components"": 1}, ""scaler"": ""standard"", ""sequence_length"": 16, ""sequence_stride"": 1}, ""project"": {""device"": ""cuda"", ""random_seeds"": [2026]}, ""run"": {""family"": ""DEEP"", ""seed"": 2026, ""split"": ""fold_4""}, ""training"": {""batch_size"": 32, ""class_imbalance"": {""dataset_model_overrides"": [{""dataset"": ""BATADAL"", ""focal_gamma"": 2.0, ""loss_name"": ""focal"", ""model"": ""GRU""}], ""dataset_overrides"": {""SKAB"": {""use_pos_weight"": false}}, ""focal_gamma"": 2.0, ""loss_name"": ""bce"", ""pos_weight_strategy"": ""neg_pos_ratio"", ""use_pos_weight"": true}, ""early_stopping"": {""enabled"": true, ""mode"": ""min"", ""monitor"": ""val_loss"", ""patience"": 5}, ""epochs"": 50, ""optimizer"": ""adam"", ""threshold_tuning"": {""beta"": 2.0, ""dataset_overrides"": {""BATADAL"": {""metric"": ""f2""}, ""SKAB"": {""metric"": ""f1"", ""min_threshold"": 0.1}}, ""enabled"": true, ""end"": 0.99, ""metric"": ""f1"", ""start"": 0.01, ""step"": 0.01}}}",SKAB,"[""valve1"", ""valve2""]",anomaly,"[""datetime"", ""changepoint"", ""source_group"", ""source_file""]",source_file,0.6,0.2,0.2,True,mean,standard,True,1,16,1,False,32,True,0.0,0.05,cuda,[2026],32,50,True,5,val_loss,min,True,neg_pos_ratio,bce,2.0,False,"[{""dataset"": ""BATADAL"", ""focal_gamma"": 2.0, ""loss_name"": ""focal"", ""model"": ""GRU""}]",True,f1,2.0,0.01,0.99,0.01,f2,f1,0.1,adam,0.1,4,3,4,1,True,levenshtein,True,0.0001,average_log_probability,0.05,DEEP,2026,fold_4,LSTM,lstm,True,1.0,64.0,2.0,0.2,1,0.001,,,,,,
SKAB,GRU,fold_4,2026,baseline_0.5_threshold,0.5,0.8927989573150863,0.9730113636363636,0.8248043347381095,6,0.28733341185900935,val_loss,0.28733341185900935,1.0,bce,4503,0.37942814704790195,0.3765586034912718,0.37219631356873195,0.9309349322673773,1.0,0.8144391408114559,0.8977310095363368,"{""automata"": {""anomaly_threshold"": 0.1, ""decision"": {""fallback_quantile"": 0.05, ""score_field"": ""average_log_probability""}, ""paa"": {""window_size"": 4}, ""probability"": {""epsilon"": 0.0001, ""smoothing"": true}, ""sax"": {""alphabet_size"": 3}, ""sliding_window"": {""size"": 4, ""stride"": 1}, ""unseen_pattern"": {""enabled"": true, ""method"": ""levenshtein""}}, ""dataset"": {""config"": {""drop_columns"": [""datetime"", ""changepoint"", ""source_group"", ""source_file""], ""group_column"": ""source_file"", ""split"": {""test"": 0.2, ""train"": 0.6, ""validation"": 0.2}, ""target_column"": ""anomaly"", ""valve_folders"": [""valve1"", ""valve2""]}, ""name"": ""SKAB""}, ""model"": {""config"": {""architecture"": ""gru"", ""dropout"": 0.2, ""enabled"": true, ""hidden_size"": 64, ""input_size"": 1, ""learning_rate"": 0.001, ""num_layers"": 2, ""output_size"": 1}, ""name"": ""GRU""}, ""noise"": {""enabled"": true, ""gaussian_mean"": 0.0, ""gaussian_std"": 0.05}, ""preprocessing"": {""dataset_overrides"": {""SKAB"": {""pca"": {""enabled"": false}, ""sequence_length"": 32}}, ""missing_data"": {""enabled"": true, ""strategy"": ""mean""}, ""pca"": {""enabled"": true, ""n_components"": 1}, ""scaler"": ""standard"", ""sequence_length"": 16, ""sequence_stride"": 1}, ""project"": {""device"": ""cuda"", ""random_seeds"": [2026]}, ""run"": {""family"": ""DEEP"", ""seed"": 2026, ""split"": ""fold_4""}, ""training"": {""batch_size"": 32, ""class_imbalance"": {""dataset_model_overrides"": [{""dataset"": ""BATADAL"", ""focal_gamma"": 2.0, ""loss_name"": ""focal"", ""model"": ""GRU""}], ""dataset_overrides"": {""SKAB"": {""use_pos_weight"": false}}, ""focal_gamma"": 2.0, ""loss_name"": ""bce"", ""pos_weight_strategy"": ""neg_pos_ratio"", ""use_pos_weight"": true}, ""early_stopping"": {""enabled"": true, ""mode"": ""min"", ""monitor"": ""val_loss"", ""patience"": 5}, ""epochs"": 50, ""optimizer"": ""adam"", ""threshold_tuning"": {""beta"": 2.0, ""dataset_overrides"": {""BATADAL"": {""metric"": ""f2""}, ""SKAB"": {""metric"": ""f1"", ""min_threshold"": 0.1}}, ""enabled"": true, ""end"": 0.99, ""metric"": ""f1"", ""start"": 0.01, ""step"": 0.01}}}",SKAB,"[""valve1"", ""valve2""]",anomaly,"[""datetime"", ""changepoint"", ""source_group"", ""source_file""]",source_file,0.6,0.2,0.2,True,mean,standard,True,1,16,1,False,32,True,0.0,0.05,cuda,[2026],32,50,True,5,val_loss,min,True,neg_pos_ratio,bce,2.0,False,"[{""dataset"": ""BATADAL"", ""focal_gamma"": 2.0, ""loss_name"": ""focal"", ""model"": ""GRU""}]",True,f1,2.0,0.01,0.99,0.01,f2,f1,0.1,adam,0.1,4,3,4,1,True,levenshtein,True,0.0001,average_log_probability,0.05,DEEP,2026,fold_4,GRU,gru,True,1.0,64.0,2.0,0.2,1,0.001,,,,,,
SKAB,GRU,fold_4,2026,tuned_threshold_weighted_loss,0.96,0.8927989573150863,0.9730113636363636,0.8248043347381095,6,0.28733341185900935,val_loss,0.28733341185900935,1.0,bce,4503,0.37942814704790195,0.3765586034912718,0.37219631356873195,0.9136131467910282,1.0,0.7678997613365155,0.8687141410732366,"{""automata"": {""anomaly_threshold"": 0.1, ""decision"": {""fallback_quantile"": 0.05, ""score_field"": ""average_log_probability""}, ""paa"": {""window_size"": 4}, ""probability"": {""epsilon"": 0.0001, ""smoothing"": true}, ""sax"": {""alphabet_size"": 3}, ""sliding_window"": {""size"": 4, ""stride"": 1}, ""unseen_pattern"": {""enabled"": true, ""method"": ""levenshtein""}}, ""dataset"": {""config"": {""drop_columns"": [""datetime"", ""changepoint"", ""source_group"", ""source_file""], ""group_column"": ""source_file"", ""split"": {""test"": 0.2, ""train"": 0.6, ""validation"": 0.2}, ""target_column"": ""anomaly"", ""valve_folders"": [""valve1"", ""valve2""]}, ""name"": ""SKAB""}, ""model"": {""config"": {""architecture"": ""gru"", ""dropout"": 0.2, ""enabled"": true, ""hidden_size"": 64, ""input_size"": 1, ""learning_rate"": 0.001, ""num_layers"": 2, ""output_size"": 1}, ""name"": ""GRU""}, ""noise"": {""enabled"": true, ""gaussian_mean"": 0.0, ""gaussian_std"": 0.05}, ""preprocessing"": {""dataset_overrides"": {""SKAB"": {""pca"": {""enabled"": false}, ""sequence_length"": 32}}, ""missing_data"": {""enabled"": true, ""strategy"": ""mean""}, ""pca"": {""enabled"": true, ""n_components"": 1}, ""scaler"": ""standard"", ""sequence_length"": 16, ""sequence_stride"": 1}, ""project"": {""device"": ""cuda"", ""random_seeds"": [2026]}, ""run"": {""family"": ""DEEP"", ""seed"": 2026, ""split"": ""fold_4""}, ""training"": {""batch_size"": 32, ""class_imbalance"": {""dataset_model_overrides"": [{""dataset"": ""BATADAL"", ""focal_gamma"": 2.0, ""loss_name"": ""focal"", ""model"": ""GRU""}], ""dataset_overrides"": {""SKAB"": {""use_pos_weight"": false}}, ""focal_gamma"": 2.0, ""loss_name"": ""bce"", ""pos_weight_strategy"": ""neg_pos_ratio"", ""use_pos_weight"": true}, ""early_stopping"": {""enabled"": true, ""mode"": ""min"", ""monitor"": ""val_loss"", ""patience"": 5}, ""epochs"": 50, ""optimizer"": ""adam"", ""threshold_tuning"": {""beta"": 2.0, ""dataset_overrides"": {""BATADAL"": {""metric"": ""f2""}, ""SKAB"": {""metric"": ""f1"", ""min_threshold"": 0.1}}, ""enabled"": true, ""end"": 0.99, ""metric"": ""f1"", ""start"": 0.01, ""step"": 0.01}}}",SKAB,"[""valve1"", ""valve2""]",anomaly,"[""datetime"", ""changepoint"", ""source_group"", ""source_file""]",source_file,0.6,0.2,0.2,True,mean,standard,True,1,16,1,False,32,True,0.0,0.05,cuda,[2026],32,50,True,5,val_loss,min,True,neg_pos_ratio,bce,2.0,False,"[{""dataset"": ""BATADAL"", ""focal_gamma"": 2.0, ""loss_name"": ""focal"", ""model"": ""GRU""}]",True,f1,2.0,0.01,0.99,0.01,f2,f1,0.1,adam,0.1,4,3,4,1,True,levenshtein,True,0.0001,average_log_probability,0.05,DEEP,2026,fold_4,GRU,gru,True,1.0,64.0,2.0,0.2,1,0.001,,,,,,
SKAB,CNN,fold_4,2026,baseline_0.5_threshold,0.5,0.8845901639344262,0.9712023038156947,0.8121613485851896,8,0.2808638187740817,val_loss,0.2808638187740817,1.0,bce,4503,0.37942814704790195,0.3765586034912718,0.37219631356873195,0.9280479680213192,1.0,0.8066825775656324,0.892998678996037,"{""automata"": {""anomaly_threshold"": 0.1, ""decision"": {""fallback_quantile"": 0.05, ""score_field"": ""average_log_probability""}, ""paa"": {""window_size"": 4}, ""probability"": {""epsilon"": 0.0001, ""smoothing"": true}, ""sax"": {""alphabet_size"": 3}, ""sliding_window"": {""size"": 4, ""stride"": 1}, ""unseen_pattern"": {""enabled"": true, ""method"": ""levenshtein""}}, ""dataset"": {""config"": {""drop_columns"": [""datetime"", ""changepoint"", ""source_group"", ""source_file""], ""group_column"": ""source_file"", ""split"": {""test"": 0.2, ""train"": 0.6, ""validation"": 0.2}, ""target_column"": ""anomaly"", ""valve_folders"": [""valve1"", ""valve2""]}, ""name"": ""SKAB""}, ""model"": {""config"": {""architecture"": ""cnn"", ""dropout"": 0.2, ""enabled"": true, ""input_channels"": 1, ""kernel_size"": 3, ""learning_rate"": 0.001, ""num_filters"": 64, ""output_size"": 1}, ""name"": ""CNN""}, ""noise"": {""enabled"": true, ""gaussian_mean"": 0.0, ""gaussian_std"": 0.05}, ""preprocessing"": {""dataset_overrides"": {""SKAB"": {""pca"": {""enabled"": false}, ""sequence_length"": 32}}, ""missing_data"": {""enabled"": true, ""strategy"": ""mean""}, ""pca"": {""enabled"": true, ""n_components"": 1}, ""scaler"": ""standard"", ""sequence_length"": 16, ""sequence_stride"": 1}, ""project"": {""device"": ""cuda"", ""random_seeds"": [2026]}, ""run"": {""family"": ""DEEP"", ""seed"": 2026, ""split"": ""fold_4""}, ""training"": {""batch_size"": 32, ""class_imbalance"": {""dataset_model_overrides"": [{""dataset"": ""BATADAL"", ""focal_gamma"": 2.0, ""loss_name"": ""focal"", ""model"": ""GRU""}], ""dataset_overrides"": {""SKAB"": {""use_pos_weight"": false}}, ""focal_gamma"": 2.0, ""loss_name"": ""bce"", ""pos_weight_strategy"": ""neg_pos_ratio"", ""use_pos_weight"": true}, ""early_stopping"": {""enabled"": true, ""mode"": ""min"", ""monitor"": ""val_loss"", ""patience"": 5}, ""epochs"": 50, ""optimizer"": ""adam"", ""threshold_tuning"": {""beta"": 2.0, ""dataset_overrides"": {""BATADAL"": {""metric"": ""f2""}, ""SKAB"": {""metric"": ""f1"", ""min_threshold"": 0.1}}, ""enabled"": true, ""end"": 0.99, ""metric"": ""f1"", ""start"": 0.01, ""step"": 0.01}}}",SKAB,"[""valve1"", ""valve2""]",anomaly,"[""datetime"", ""changepoint"", ""source_group"", ""source_file""]",source_file,0.6,0.2,0.2,True,mean,standard,True,1,16,1,False,32,True,0.0,0.05,cuda,[2026],32,50,True,5,val_loss,min,True,neg_pos_ratio,bce,2.0,False,"[{""dataset"": ""BATADAL"", ""focal_gamma"": 2.0, ""loss_name"": ""focal"", ""model"": ""GRU""}]",True,f1,2.0,0.01,0.99,0.01,f2,f1,0.1,adam,0.1,4,3,4,1,True,levenshtein,True,0.0001,average_log_probability,0.05,DEEP,2026,fold_4,CNN,cnn,True,,,,0.2,1,0.001,1.0,64.0,3.0,,,
SKAB,CNN,fold_4,2026,tuned_threshold_weighted_loss,0.75,0.8845901639344262,0.9712023038156947,0.8121613485851896,8,0.2808638187740817,val_loss,0.2808638187740817,1.0,bce,4503,0.37942814704790195,0.3765586034912718,0.37219631356873195,0.9156118143459916,1.0,0.7732696897374701,0.8721399730820996,"{""automata"": {""anomaly_threshold"": 0.1, ""decision"": {""fallback_quantile"": 0.05, ""score_field"": ""average_log_probability""}, ""paa"": {""window_size"": 4}, ""probability"": {""epsilon"": 0.0001, ""smoothing"": true}, ""sax"": {""alphabet_size"": 3}, ""sliding_window"": {""size"": 4, ""stride"": 1}, ""unseen_pattern"": {""enabled"": true, ""method"": ""levenshtein""}}, ""dataset"": {""config"": {""drop_columns"": [""datetime"", ""changepoint"", ""source_group"", ""source_file""], ""group_column"": ""source_file"", ""split"": {""test"": 0.2, ""train"": 0.6, ""validation"": 0.2}, ""target_column"": ""anomaly"", ""valve_folders"": [""valve1"", ""valve2""]}, ""name"": ""SKAB""}, ""model"": {""config"": {""architecture"": ""cnn"", ""dropout"": 0.2, ""enabled"": true, ""input_channels"": 1, ""kernel_size"": 3, ""learning_rate"": 0.001, ""num_filters"": 64, ""output_size"": 1}, ""name"": ""CNN""}, ""noise"": {""enabled"": true, ""gaussian_mean"": 0.0, ""gaussian_std"": 0.05}, ""preprocessing"": {""dataset_overrides"": {""SKAB"": {""pca"": {""enabled"": false}, ""sequence_length"": 32}}, ""missing_data"": {""enabled"": true, ""strategy"": ""mean""}, ""pca"": {""enabled"": true, ""n_components"": 1}, ""scaler"": ""standard"", ""sequence_length"": 16, ""sequence_stride"": 1}, ""project"": {""device"": ""cuda"", ""random_seeds"": [2026]}, ""run"": {""family"": ""DEEP"", ""seed"": 2026, ""split"": ""fold_4""}, ""training"": {""batch_size"": 32, ""class_imbalance"": {""dataset_model_overrides"": [{""dataset"": ""BATADAL"", ""focal_gamma"": 2.0, ""loss_name"": ""focal"", ""model"": ""GRU""}], ""dataset_overrides"": {""SKAB"": {""use_pos_weight"": false}}, ""focal_gamma"": 2.0, ""loss_name"": ""bce"", ""pos_weight_strategy"": ""neg_pos_ratio"", ""use_pos_weight"": true}, ""early_stopping"": {""enabled"": true, ""mode"": ""min"", ""monitor"": ""val_loss"", ""patience"": 5}, ""epochs"": 50, ""optimizer"": ""adam"", ""threshold_tuning"": {""beta"": 2.0, ""dataset_overrides"": {""BATADAL"": {""metric"": ""f2""}, ""SKAB"": {""metric"": ""f1"", ""min_threshold"": 0.1}}, ""enabled"": true, ""end"": 0.99, ""metric"": ""f1"", ""start"": 0.01, ""step"": 0.01}}}",SKAB,"[""valve1"", ""valve2""]",anomaly,"[""datetime"", ""changepoint"", ""source_group"", ""source_file""]",source_file,0.6,0.2,0.2,True,mean,standard,True,1,16,1,False,32,True,0.0,0.05,cuda,[2026],32,50,True,5,val_loss,min,True,neg_pos_ratio,bce,2.0,False,"[{""dataset"": ""BATADAL"", ""focal_gamma"": 2.0, ""loss_name"": ""focal"", ""model"": ""GRU""}]",True,f1,2.0,0.01,0.99,0.01,f2,f1,0.1,adam,0.1,4,3,4,1,True,levenshtein,True,0.0001,average_log_probability,0.05,DEEP,2026,fold_4,CNN,cnn,True,,,,0.2,1,0.001,1.0,64.0,3.0,,,
SKAB,LSTM,fold_0,7,baseline_0.5_threshold,0.5,0.7606745604592752,0.9506726457399103,0.6339712918660287,6,0.4376321697073673,val_loss,0.4376321697073673,1.0,bce,4467,0.3809027260539252,0.3727151136870263,0.3716140586523394,0.9229908215804791,0.9713467048710601,0.8168674698795181,0.887434554973822,"{""automata"": {""anomaly_threshold"": 0.1, ""decision"": {""fallback_quantile"": 0.05, ""score_field"": ""average_log_probability""}, ""paa"": {""window_size"": 4}, ""probability"": {""epsilon"": 0.0001, ""smoothing"": true}, ""sax"": {""alphabet_size"": 3}, ""sliding_window"": {""size"": 4, ""stride"": 1}, ""unseen_pattern"": {""enabled"": true, ""method"": ""levenshtein""}}, ""dataset"": {""config"": {""drop_columns"": [""datetime"", ""changepoint"", ""source_group"", ""source_file""], ""group_column"": ""source_file"", ""split"": {""test"": 0.2, ""train"": 0.6, ""validation"": 0.2}, ""target_column"": ""anomaly"", ""valve_folders"": [""valve1"", ""valve2""]}, ""name"": ""SKAB""}, ""model"": {""config"": {""architecture"": ""lstm"", ""dropout"": 0.2, ""enabled"": true, ""hidden_size"": 64, ""input_size"": 1, ""learning_rate"": 0.001, ""num_layers"": 2, ""output_size"": 1}, ""name"": ""LSTM""}, ""noise"": {""enabled"": true, ""gaussian_mean"": 0.0, ""gaussian_std"": 0.05}, ""preprocessing"": {""dataset_overrides"": {""SKAB"": {""pca"": {""enabled"": false}, ""sequence_length"": 32}}, ""missing_data"": {""enabled"": true, ""strategy"": ""mean""}, ""pca"": {""enabled"": true, ""n_components"": 1}, ""scaler"": ""standard"", ""sequence_length"": 16, ""sequence_stride"": 1}, ""project"": {""device"": ""cuda"", ""random_seeds"": [7]}, ""run"": {""family"": ""DEEP"", ""seed"": 7, ""split"": ""fold_0""}, ""training"": {""batch_size"": 32, ""class_imbalance"": {""dataset_model_overrides"": [{""dataset"": ""BATADAL"", ""focal_gamma"": 2.0, ""loss_name"": ""focal"", ""model"": ""GRU""}], ""dataset_overrides"": {""SKAB"": {""use_pos_weight"": false}}, ""focal_gamma"": 2.0, ""loss_name"": ""bce"", ""pos_weight_strategy"": ""neg_pos_ratio"", ""use_pos_weight"": true}, ""early_stopping"": {""enabled"": true, ""mode"": ""min"", ""monitor"": ""val_loss"", ""patience"": 5}, ""epochs"": 50, ""optimizer"": ""adam"", ""threshold_tuning"": {""beta"": 2.0, ""dataset_overrides"": {""BATADAL"": {""metric"": ""f2""}, ""SKAB"": {""metric"": ""f1"", ""min_threshold"": 0.1}}, ""enabled"": true, ""end"": 0.99, ""metric"": ""f1"", ""start"": 0.01, ""step"": 0.01}}}",SKAB,"[""valve1"", ""valve2""]",anomaly,"[""datetime"", ""changepoint"", ""source_group"", ""source_file""]",source_file,0.6,0.2,0.2,True,mean,standard,True,1,16,1,False,32,True,0.0,0.05,cuda,[7],32,50,True,5,val_loss,min,True,neg_pos_ratio,bce,2.0,False,"[{""dataset"": ""BATADAL"", ""focal_gamma"": 2.0, ""loss_name"": ""focal"", ""model"": ""GRU""}]",True,f1,2.0,0.01,0.99,0.01,f2,f1,0.1,adam,0.1,4,3,4,1,True,levenshtein,True,0.0001,average_log_probability,0.05,DEEP,7,fold_0,LSTM,lstm,True,1.0,64.0,2.0,0.2,1,0.001,,,,,,
SKAB,LSTM,fold_0,7,tuned_threshold_weighted_loss,0.2,0.7606745604592752,0.9506726457399103,0.6339712918660287,6,0.4376321697073673,val_loss,0.4376321697073673,1.0,bce,4467,0.3809027260539252,0.3727151136870263,0.3716140586523394,0.8571748376986792,0.7816979051819184,0.8542168674698796,0.816350028785262,"{""automata"": {""anomaly_threshold"": 0.1, ""decision"": {""fallback_quantile"": 0.05, ""score_field"": ""average_log_probability""}, ""paa"": {""window_size"": 4}, ""probability"": {""epsilon"": 0.0001, ""smoothing"": true}, ""sax"": {""alphabet_size"": 3}, ""sliding_window"": {""size"": 4, ""stride"": 1}, ""unseen_pattern"": {""enabled"": true, ""method"": ""levenshtein""}}, ""dataset"": {""config"": {""drop_columns"": [""datetime"", ""changepoint"", ""source_group"", ""source_file""], ""group_column"": ""source_file"", ""split"": {""test"": 0.2, ""train"": 0.6, ""validation"": 0.2}, ""target_column"": ""anomaly"", ""valve_folders"": [""valve1"", ""valve2""]}, ""name"": ""SKAB""}, ""model"": {""config"": {""architecture"": ""lstm"", ""dropout"": 0.2, ""enabled"": true, ""hidden_size"": 64, ""input_size"": 1, ""learning_rate"": 0.001, ""num_layers"": 2, ""output_size"": 1}, ""name"": ""LSTM""}, ""noise"": {""enabled"": true, ""gaussian_mean"": 0.0, ""gaussian_std"": 0.05}, ""preprocessing"": {""dataset_overrides"": {""SKAB"": {""pca"": {""enabled"": false}, ""sequence_length"": 32}}, ""missing_data"": {""enabled"": true, ""strategy"": ""mean""}, ""pca"": {""enabled"": true, ""n_components"": 1}, ""scaler"": ""standard"", ""sequence_length"": 16, ""sequence_stride"": 1}, ""project"": {""device"": ""cuda"", ""random_seeds"": [7]}, ""run"": {""family"": ""DEEP"", ""seed"": 7, ""split"": ""fold_0""}, ""training"": {""batch_size"": 32, ""class_imbalance"": {""dataset_model_overrides"": [{""dataset"": ""BATADAL"", ""focal_gamma"": 2.0, ""loss_name"": ""focal"", ""model"": ""GRU""}], ""dataset_overrides"": {""SKAB"": {""use_pos_weight"": false}}, ""focal_gamma"": 2.0, ""loss_name"": ""bce"", ""pos_weight_strategy"": ""neg_pos_ratio"", ""use_pos_weight"": true}, ""early_stopping"": {""enabled"": true, ""mode"": ""min"", ""monitor"": ""val_loss"", ""patience"": 5}, ""epochs"": 50, ""optimizer"": ""adam"", ""threshold_tuning"": {""beta"": 2.0, ""dataset_overrides"": {""BATADAL"": {""metric"": ""f2""}, ""SKAB"": {""metric"": ""f1"", ""min_threshold"": 0.1}}, ""enabled"": true, ""end"": 0.99, ""metric"": ""f1"", ""start"": 0.01, ""step"": 0.01}}}",SKAB,"[""valve1"", ""valve2""]",anomaly,"[""datetime"", ""changepoint"", ""source_group"", ""source_file""]",source_file,0.6,0.2,0.2,True,mean,standard,True,1,16,1,False,32,True,0.0,0.05,cuda,[7],32,50,True,5,val_loss,min,True,neg_pos_ratio,bce,2.0,False,"[{""dataset"": ""BATADAL"", ""focal_gamma"": 2.0, ""loss_name"": ""focal"", ""model"": ""GRU""}]",True,f1,2.0,0.01,0.99,0.01,f2,f1,0.1,adam,0.1,4,3,4,1,True,levenshtein,True,0.0001,average_log_probability,0.05,DEEP,7,fold_0,LSTM,lstm,True,1.0,64.0,2.0,0.2,1,0.001,,,,,,
SKAB,GRU,fold_0,7,baseline_0.5_threshold,0.5,0.7987243090007087,0.98,0.6740430622009569,6,0.39818025322907535,val_loss,0.39818025322907535,1.0,bce,4467,0.3809027260539252,0.3727151136870263,0.3716140586523394,0.9236624132527423,0.946513202437373,0.8421686746987952,0.8912974179152056,"{""automata"": {""anomaly_threshold"": 0.1, ""decision"": {""fallback_quantile"": 0.05, ""score_field"": ""average_log_probability""}, ""paa"": {""window_size"": 4}, ""probability"": {""epsilon"": 0.0001, ""smoothing"": true}, ""sax"": {""alphabet_size"": 3}, ""sliding_window"": {""size"": 4, ""stride"": 1}, ""unseen_pattern"": {""enabled"": true, ""method"": ""levenshtein""}}, ""dataset"": {""config"": {""drop_columns"": [""datetime"", ""changepoint"", ""source_group"", ""source_file""], ""group_column"": ""source_file"", ""split"": {""test"": 0.2, ""train"": 0.6, ""validation"": 0.2}, ""target_column"": ""anomaly"", ""valve_folders"": [""valve1"", ""valve2""]}, ""name"": ""SKAB""}, ""model"": {""config"": {""architecture"": ""gru"", ""dropout"": 0.2, ""enabled"": true, ""hidden_size"": 64, ""input_size"": 1, ""learning_rate"": 0.001, ""num_layers"": 2, ""output_size"": 1}, ""name"": ""GRU""}, ""noise"": {""enabled"": true, ""gaussian_mean"": 0.0, ""gaussian_std"": 0.05}, ""preprocessing"": {""dataset_overrides"": {""SKAB"": {""pca"": {""enabled"": false}, ""sequence_length"": 32}}, ""missing_data"": {""enabled"": true, ""strategy"": ""mean""}, ""pca"": {""enabled"": true, ""n_components"": 1}, ""scaler"": ""standard"", ""sequence_length"": 16, ""sequence_stride"": 1}, ""project"": {""device"": ""cuda"", ""random_seeds"": [7]}, ""run"": {""family"": ""DEEP"", ""seed"": 7, ""split"": ""fold_0""}, ""training"": {""batch_size"": 32, ""class_imbalance"": {""dataset_model_overrides"": [{""dataset"": ""BATADAL"", ""focal_gamma"": 2.0, ""loss_name"": ""focal"", ""model"": ""GRU""}], ""dataset_overrides"": {""SKAB"": {""use_pos_weight"": false}}, ""focal_gamma"": 2.0, ""loss_name"": ""bce"", ""pos_weight_strategy"": ""neg_pos_ratio"", ""use_pos_weight"": true}, ""early_stopping"": {""enabled"": true, ""mode"": ""min"", ""monitor"": ""val_loss"", ""patience"": 5}, ""epochs"": 50, ""optimizer"": ""adam"", ""threshold_tuning"": {""beta"": 2.0, ""dataset_overrides"": {""BATADAL"": {""metric"": ""f2""}, ""SKAB"": {""metric"": ""f1"", ""min_threshold"": 0.1}}, ""enabled"": true, ""end"": 0.99, ""metric"": ""f1"", ""start"": 0.01, ""step"": 0.01}}}",SKAB,"[""valve1"", ""valve2""]",anomaly,"[""datetime"", ""changepoint"", ""source_group"", ""source_file""]",source_file,0.6,0.2,0.2,True,mean,standard,True,1,16,1,False,32,True,0.0,0.05,cuda,[7],32,50,True,5,val_loss,min,True,neg_pos_ratio,bce,2.0,False,"[{""dataset"": ""BATADAL"", ""focal_gamma"": 2.0, ""loss_name"": ""focal"", ""model"": ""GRU""}]",True,f1,2.0,0.01,0.99,0.01,f2,f1,0.1,adam,0.1,4,3,4,1,True,levenshtein,True,0.0001,average_log_probability,0.05,DEEP,7,fold_0,GRU,gru,True,1.0,64.0,2.0,0.2,1,0.001,,,,,,
SKAB,GRU,fold_0,7,tuned_threshold_weighted_loss,0.19,0.7987243090007087,0.98,0.6740430622009569,6,0.39818025322907535,val_loss,0.39818025322907535,1.0,bce,4467,0.3809027260539252,0.3727151136870263,0.3716140586523394,0.8665771211103649,0.7929515418502202,0.8674698795180723,0.8285385500575374,"{""automata"": {""anomaly_threshold"": 0.1, ""decision"": {""fallback_quantile"": 0.05, ""score_field"": ""average_log_probability""}, ""paa"": {""window_size"": 4}, ""probability"": {""epsilon"": 0.0001, ""smoothing"": true}, ""sax"": {""alphabet_size"": 3}, ""sliding_window"": {""size"": 4, ""stride"": 1}, ""unseen_pattern"": {""enabled"": true, ""method"": ""levenshtein""}}, ""dataset"": {""config"": {""drop_columns"": [""datetime"", ""changepoint"", ""source_group"", ""source_file""], ""group_column"": ""source_file"", ""split"": {""test"": 0.2, ""train"": 0.6, ""validation"": 0.2}, ""target_column"": ""anomaly"", ""valve_folders"": [""valve1"", ""valve2""]}, ""name"": ""SKAB""}, ""model"": {""config"": {""architecture"": ""gru"", ""dropout"": 0.2, ""enabled"": true, ""hidden_size"": 64, ""input_size"": 1, ""learning_rate"": 0.001, ""num_layers"": 2, ""output_size"": 1}, ""name"": ""GRU""}, ""noise"": {""enabled"": true, ""gaussian_mean"": 0.0, ""gaussian_std"": 0.05}, ""preprocessing"": {""dataset_overrides"": {""SKAB"": {""pca"": {""enabled"": false}, ""sequence_length"": 32}}, ""missing_data"": {""enabled"": true, ""strategy"": ""mean""}, ""pca"": {""enabled"": true, ""n_components"": 1}, ""scaler"": ""standard"", ""sequence_length"": 16, ""sequence_stride"": 1}, ""project"": {""device"": ""cuda"", ""random_seeds"": [7]}, ""run"": {""family"": ""DEEP"", ""seed"": 7, ""split"": ""fold_0""}, ""training"": {""batch_size"": 32, ""class_imbalance"": {""dataset_model_overrides"": [{""dataset"": ""BATADAL"", ""focal_gamma"": 2.0, ""loss_name"": ""focal"", ""model"": ""GRU""}], ""dataset_overrides"": {""SKAB"": {""use_pos_weight"": false}}, ""focal_gamma"": 2.0, ""loss_name"": ""bce"", ""pos_weight_strategy"": ""neg_pos_ratio"", ""use_pos_weight"": true}, ""early_stopping"": {""enabled"": true, ""mode"": ""min"", ""monitor"": ""val_loss"", ""patience"": 5}, ""epochs"": 50, ""optimizer"": ""adam"", ""threshold_tuning"": {""beta"": 2.0, ""dataset_overrides"": {""BATADAL"": {""metric"": ""f2""}, ""SKAB"": {""metric"": ""f1"", ""min_threshold"": 0.1}}, ""enabled"": true, ""end"": 0.99, ""metric"": ""f1"", ""start"": 0.01, ""step"": 0.01}}}",SKAB,"[""valve1"", ""valve2""]",anomaly,"[""datetime"", ""changepoint"", ""source_group"", ""source_file""]",source_file,0.6,0.2,0.2,True,mean,standard,True,1,16,1,False,32,True,0.0,0.05,cuda,[7],32,50,True,5,val_loss,min,True,neg_pos_ratio,bce,2.0,False,"[{""dataset"": ""BATADAL"", ""focal_gamma"": 2.0, ""loss_name"": ""focal"", ""model"": ""GRU""}]",True,f1,2.0,0.01,0.99,0.01,f2,f1,0.1,adam,0.1,4,3,4,1,True,levenshtein,True,0.0001,average_log_probability,0.05,DEEP,7,fold_0,GRU,gru,True,1.0,64.0,2.0,0.2,1,0.001,,,,,,
SKAB,CNN,fold_0,7,baseline_0.5_threshold,0.5,0.8163136263041416,0.8658618376928237,0.7721291866028708,11,0.3760401294386073,val_loss,0.3760401294386073,1.0,bce,4467,0.3809027260539252,0.3727151136870263,0.3716140586523394,0.904857846429371,0.9065174456879526,0.8295180722891566,0.8663101604278075,"{""automata"": {""anomaly_threshold"": 0.1, ""decision"": {""fallback_quantile"": 0.05, ""score_field"": ""average_log_probability""}, ""paa"": {""window_size"": 4}, ""probability"": {""epsilon"": 0.0001, ""smoothing"": true}, ""sax"": {""alphabet_size"": 3}, ""sliding_window"": {""size"": 4, ""stride"": 1}, ""unseen_pattern"": {""enabled"": true, ""method"": ""levenshtein""}}, ""dataset"": {""config"": {""drop_columns"": [""datetime"", ""changepoint"", ""source_group"", ""source_file""], ""group_column"": ""source_file"", ""split"": {""test"": 0.2, ""train"": 0.6, ""validation"": 0.2}, ""target_column"": ""anomaly"", ""valve_folders"": [""valve1"", ""valve2""]}, ""name"": ""SKAB""}, ""model"": {""config"": {""architecture"": ""cnn"", ""dropout"": 0.2, ""enabled"": true, ""input_channels"": 1, ""kernel_size"": 3, ""learning_rate"": 0.001, ""num_filters"": 64, ""output_size"": 1}, ""name"": ""CNN""}, ""noise"": {""enabled"": true, ""gaussian_mean"": 0.0, ""gaussian_std"": 0.05}, ""preprocessing"": {""dataset_overrides"": {""SKAB"": {""pca"": {""enabled"": false}, ""sequence_length"": 32}}, ""missing_data"": {""enabled"": true, ""strategy"": ""mean""}, ""pca"": {""enabled"": true, ""n_components"": 1}, ""scaler"": ""standard"", ""sequence_length"": 16, ""sequence_stride"": 1}, ""project"": {""device"": ""cuda"", ""random_seeds"": [7]}, ""run"": {""family"": ""DEEP"", ""seed"": 7, ""split"": ""fold_0""}, ""training"": {""batch_size"": 32, ""class_imbalance"": {""dataset_model_overrides"": [{""dataset"": ""BATADAL"", ""focal_gamma"": 2.0, ""loss_name"": ""focal"", ""model"": ""GRU""}], ""dataset_overrides"": {""SKAB"": {""use_pos_weight"": false}}, ""focal_gamma"": 2.0, ""loss_name"": ""bce"", ""pos_weight_strategy"": ""neg_pos_ratio"", ""use_pos_weight"": true}, ""early_stopping"": {""enabled"": true, ""mode"": ""min"", ""monitor"": ""val_loss"", ""patience"": 5}, ""epochs"": 50, ""optimizer"": ""adam"", ""threshold_tuning"": {""beta"": 2.0, ""dataset_overrides"": {""BATADAL"": {""metric"": ""f2""}, ""SKAB"": {""metric"": ""f1"", ""min_threshold"": 0.1}}, ""enabled"": true, ""end"": 0.99, ""metric"": ""f1"", ""start"": 0.01, ""step"": 0.01}}}",SKAB,"[""valve1"", ""valve2""]",anomaly,"[""datetime"", ""changepoint"", ""source_group"", ""source_file""]",source_file,0.6,0.2,0.2,True,mean,standard,True,1,16,1,False,32,True,0.0,0.05,cuda,[7],32,50,True,5,val_loss,min,True,neg_pos_ratio,bce,2.0,False,"[{""dataset"": ""BATADAL"", ""focal_gamma"": 2.0, ""loss_name"": ""focal"", ""model"": ""GRU""}]",True,f1,2.0,0.01,0.99,0.01,f2,f1,0.1,adam,0.1,4,3,4,1,True,levenshtein,True,0.0001,average_log_probability,0.05,DEEP,7,fold_0,CNN,cnn,True,,,,0.2,1,0.001,1.0,64.0,3.0,,,
SKAB,CNN,fold_0,7,tuned_threshold_weighted_loss,0.35,0.8163136263041416,0.8658618376928237,0.7721291866028708,11,0.3760401294386073,val_loss,0.3760401294386073,1.0,bce,4467,0.3809027260539252,0.3727151136870263,0.3716140586523394,0.8488918737407656,0.7698630136986301,0.8463855421686747,0.806312769010043,"{""automata"": {""anomaly_threshold"": 0.1, ""decision"": {""fallback_quantile"": 0.05, ""score_field"": ""average_log_probability""}, ""paa"": {""window_size"": 4}, ""probability"": {""epsilon"": 0.0001, ""smoothing"": true}, ""sax"": {""alphabet_size"": 3}, ""sliding_window"": {""size"": 4, ""stride"": 1}, ""unseen_pattern"": {""enabled"": true, ""method"": ""levenshtein""}}, ""dataset"": {""config"": {""drop_columns"": [""datetime"", ""changepoint"", ""source_group"", ""source_file""], ""group_column"": ""source_file"", ""split"": {""test"": 0.2, ""train"": 0.6, ""validation"": 0.2}, ""target_column"": ""anomaly"", ""valve_folders"": [""valve1"", ""valve2""]}, ""name"": ""SKAB""}, ""model"": {""config"": {""architecture"": ""cnn"", ""dropout"": 0.2, ""enabled"": true, ""input_channels"": 1, ""kernel_size"": 3, ""learning_rate"": 0.001, ""num_filters"": 64, ""output_size"": 1}, ""name"": ""CNN""}, ""noise"": {""enabled"": true, ""gaussian_mean"": 0.0, ""gaussian_std"": 0.05}, ""preprocessing"": {""dataset_overrides"": {""SKAB"": {""pca"": {""enabled"": false}, ""sequence_length"": 32}}, ""missing_data"": {""enabled"": true, ""strategy"": ""mean""}, ""pca"": {""enabled"": true, ""n_components"": 1}, ""scaler"": ""standard"", ""sequence_length"": 16, ""sequence_stride"": 1}, ""project"": {""device"": ""cuda"", ""random_seeds"": [7]}, ""run"": {""family"": ""DEEP"", ""seed"": 7, ""split"": ""fold_0""}, ""training"": {""batch_size"": 32, ""class_imbalance"": {""dataset_model_overrides"": [{""dataset"": ""BATADAL"", ""focal_gamma"": 2.0, ""loss_name"": ""focal"", ""model"": ""GRU""}], ""dataset_overrides"": {""SKAB"": {""use_pos_weight"": false}}, ""focal_gamma"": 2.0, ""loss_name"": ""bce"", ""pos_weight_strategy"": ""neg_pos_ratio"", ""use_pos_weight"": true}, ""early_stopping"": {""enabled"": true, ""mode"": ""min"", ""monitor"": ""val_loss"", ""patience"": 5}, ""epochs"": 50, ""optimizer"": ""adam"", ""threshold_tuning"": {""beta"": 2.0, ""dataset_overrides"": {""BATADAL"": {""metric"": ""f2""}, ""SKAB"": {""metric"": ""f1"", ""min_threshold"": 0.1}}, ""enabled"": true, ""end"": 0.99, ""metric"": ""f1"", ""start"": 0.01, ""step"": 0.01}}}",SKAB,"[""valve1"", ""valve2""]",anomaly,"[""datetime"", ""changepoint"", ""source_group"", ""source_file""]",source_file,0.6,0.2,0.2,True,mean,standard,True,1,16,1,False,32,True,0.0,0.05,cuda,[7],32,50,True,5,val_loss,min,True,neg_pos_ratio,bce,2.0,False,"[{""dataset"": ""BATADAL"", ""focal_gamma"": 2.0, ""loss_name"": ""focal"", ""model"": ""GRU""}]",True,f1,2.0,0.01,0.99,0.01,f2,f1,0.1,adam,0.1,4,3,4,1,True,levenshtein,True,0.0001,average_log_probability,0.05,DEEP,7,fold_0,CNN,cnn,True,,,,0.2,1,0.001,1.0,64.0,3.0,,,
SKAB,LSTM,fold_1,7,baseline_0.5_threshold,0.5,0.8044728434504792,0.8948116560056859,0.730702263493906,14,0.38794538591964767,val_loss,0.38794538591964767,1.0,bce,4471,0.37837433634936063,0.37993384785005513,0.3719525833146947,0.9210467456944755,0.9407806191117093,0.8406494287432351,0.8879009209272785,"{""automata"": {""anomaly_threshold"": 0.1, ""decision"": {""fallback_quantile"": 0.05, ""score_field"": ""average_log_probability""}, ""paa"": {""window_size"": 4}, ""probability"": {""epsilon"": 0.0001, ""smoothing"": true}, ""sax"": {""alphabet_size"": 3}, ""sliding_window"": {""size"": 4, ""stride"": 1}, ""unseen_pattern"": {""enabled"": true, ""method"": ""levenshtein""}}, ""dataset"": {""config"": {""drop_columns"": [""datetime"", ""changepoint"", ""source_group"", ""source_file""], ""group_column"": ""source_file"", ""split"": {""test"": 0.2, ""train"": 0.6, ""validation"": 0.2}, ""target_column"": ""anomaly"", ""valve_folders"": [""valve1"", ""valve2""]}, ""name"": ""SKAB""}, ""model"": {""config"": {""architecture"": ""lstm"", ""dropout"": 0.2, ""enabled"": true, ""hidden_size"": 64, ""input_size"": 1, ""learning_rate"": 0.001, ""num_layers"": 2, ""output_size"": 1}, ""name"": ""LSTM""}, ""noise"": {""enabled"": true, ""gaussian_mean"": 0.0, ""gaussian_std"": 0.05}, ""preprocessing"": {""dataset_overrides"": {""SKAB"": {""pca"": {""enabled"": false}, ""sequence_length"": 32}}, ""missing_data"": {""enabled"": true, ""strategy"": ""mean""}, ""pca"": {""enabled"": true, ""n_components"": 1}, ""scaler"": ""standard"", ""sequence_length"": 16, ""sequence_stride"": 1}, ""project"": {""device"": ""cuda"", ""random_seeds"": [7]}, ""run"": {""family"": ""DEEP"", ""seed"": 7, ""split"": ""fold_1""}, ""training"": {""batch_size"": 32, ""class_imbalance"": {""dataset_model_overrides"": [{""dataset"": ""BATADAL"", ""focal_gamma"": 2.0, ""loss_name"": ""focal"", ""model"": ""GRU""}], ""dataset_overrides"": {""SKAB"": {""use_pos_weight"": false}}, ""focal_gamma"": 2.0, ""loss_name"": ""bce"", ""pos_weight_strategy"": ""neg_pos_ratio"", ""use_pos_weight"": true}, ""early_stopping"": {""enabled"": true, ""mode"": ""min"", ""monitor"": ""val_loss"", ""patience"": 5}, ""epochs"": 50, ""optimizer"": ""adam"", ""threshold_tuning"": {""beta"": 2.0, ""dataset_overrides"": {""BATADAL"": {""metric"": ""f2""}, ""SKAB"": {""metric"": ""f1"", ""min_threshold"": 0.1}}, ""enabled"": true, ""end"": 0.99, ""metric"": ""f1"", ""start"": 0.01, ""step"": 0.01}}}",SKAB,"[""valve1"", ""valve2""]",anomaly,"[""datetime"", ""changepoint"", ""source_group"", ""source_file""]",source_file,0.6,0.2,0.2,True,mean,standard,True,1,16,1,False,32,True,0.0,0.05,cuda,[7],32,50,True,5,val_loss,min,True,neg_pos_ratio,bce,2.0,False,"[{""dataset"": ""BATADAL"", ""focal_gamma"": 2.0, ""loss_name"": ""focal"", ""model"": ""GRU""}]",True,f1,2.0,0.01,0.99,0.01,f2,f1,0.1,adam,0.1,4,3,4,1,True,levenshtein,True,0.0001,average_log_probability,0.05,DEEP,7,fold_1,LSTM,lstm,True,1.0,64.0,2.0,0.2,1,0.001,,,,,,
SKAB,LSTM,fold_1,7,tuned_threshold_weighted_loss,0.3,0.8044728434504792,0.8948116560056859,0.730702263493906,14,0.38794538591964767,val_loss,0.38794538591964767,1.0,bce,4471,0.37837433634936063,0.37993384785005513,0.3719525833146947,0.9051666293893983,0.8817005545286506,0.8604930847865304,0.8709677419354839,"{""automata"": {""anomaly_threshold"": 0.1, ""decision"": {""fallback_quantile"": 0.05, ""score_field"": ""average_log_probability""}, ""paa"": {""window_size"": 4}, ""probability"": {""epsilon"": 0.0001, ""smoothing"": true}, ""sax"": {""alphabet_size"": 3}, ""sliding_window"": {""size"": 4, ""stride"": 1}, ""unseen_pattern"": {""enabled"": true, ""method"": ""levenshtein""}}, ""dataset"": {""config"": {""drop_columns"": [""datetime"", ""changepoint"", ""source_group"", ""source_file""], ""group_column"": ""source_file"", ""split"": {""test"": 0.2, ""train"": 0.6, ""validation"": 0.2}, ""target_column"": ""anomaly"", ""valve_folders"": [""valve1"", ""valve2""]}, ""name"": ""SKAB""}, ""model"": {""config"": {""architecture"": ""lstm"", ""dropout"": 0.2, ""enabled"": true, ""hidden_size"": 64, ""input_size"": 1, ""learning_rate"": 0.001, ""num_layers"": 2, ""output_size"": 1}, ""name"": ""LSTM""}, ""noise"": {""enabled"": true, ""gaussian_mean"": 0.0, ""gaussian_std"": 0.05}, ""preprocessing"": {""dataset_overrides"": {""SKAB"": {""pca"": {""enabled"": false}, ""sequence_length"": 32}}, ""missing_data"": {""enabled"": true, ""strategy"": ""mean""}, ""pca"": {""enabled"": true, ""n_components"": 1}, ""scaler"": ""standard"", ""sequence_length"": 16, ""sequence_stride"": 1}, ""project"": {""device"": ""cuda"", ""random_seeds"": [7]}, ""run"": {""family"": ""DEEP"", ""seed"": 7, ""split"": ""fold_1""}, ""training"": {""batch_size"": 32, ""class_imbalance"": {""dataset_model_overrides"": [{""dataset"": ""BATADAL"", ""focal_gamma"": 2.0, ""loss_name"": ""focal"", ""model"": ""GRU""}], ""dataset_overrides"": {""SKAB"": {""use_pos_weight"": false}}, ""focal_gamma"": 2.0, ""loss_name"": ""bce"", ""pos_weight_strategy"": ""neg_pos_ratio"", ""use_pos_weight"": true}, ""early_stopping"": {""enabled"": true, ""mode"": ""min"", ""monitor"": ""val_loss"", ""patience"": 5}, ""epochs"": 50, ""optimizer"": ""adam"", ""threshold_tuning"": {""beta"": 2.0, ""dataset_overrides"": {""BATADAL"": {""metric"": ""f2""}, ""SKAB"": {""metric"": ""f1"", ""min_threshold"": 0.1}}, ""enabled"": true, ""end"": 0.99, ""metric"": ""f1"", ""start"": 0.01, ""step"": 0.01}}}",SKAB,"[""valve1"", ""valve2""]",anomaly,"[""datetime"", ""changepoint"", ""source_group"", ""source_file""]",source_file,0.6,0.2,0.2,True,mean,standard,True,1,16,1,False,32,True,0.0,0.05,cuda,[7],32,50,True,5,val_loss,min,True,neg_pos_ratio,bce,2.0,False,"[{""dataset"": ""BATADAL"", ""focal_gamma"": 2.0, ""loss_name"": ""focal"", ""model"": ""GRU""}]",True,f1,2.0,0.01,0.99,0.01,f2,f1,0.1,adam,0.1,4,3,4,1,True,levenshtein,True,0.0001,average_log_probability,0.05,DEEP,7,fold_1,LSTM,lstm,True,1.0,64.0,2.0,0.2,1,0.001,,,,,,
SKAB,GRU,fold_1,7,baseline_0.5_threshold,0.5,0.8001387925052047,0.994823123382226,0.669181659895531,9,0.3751303878548127,val_loss,0.3751303878548127,1.0,bce,4471,0.37837433634936063,0.37993384785005513,0.3719525833146947,0.9219414001341981,0.9845132743362832,0.8027660853878533,0.8843988075521696,"{""automata"": {""anomaly_threshold"": 0.1, ""decision"": {""fallback_quantile"": 0.05, ""score_field"": ""average_log_probability""}, ""paa"": {""window_size"": 4}, ""probability"": {""epsilon"": 0.0001, ""smoothing"": true}, ""sax"": {""alphabet_size"": 3}, ""sliding_window"": {""size"": 4, ""stride"": 1}, ""unseen_pattern"": {""enabled"": true, ""method"": ""levenshtein""}}, ""dataset"": {""config"": {""drop_columns"": [""datetime"", ""changepoint"", ""source_group"", ""source_file""], ""group_column"": ""source_file"", ""split"": {""test"": 0.2, ""train"": 0.6, ""validation"": 0.2}, ""target_column"": ""anomaly"", ""valve_folders"": [""valve1"", ""valve2""]}, ""name"": ""SKAB""}, ""model"": {""config"": {""architecture"": ""gru"", ""dropout"": 0.2, ""enabled"": true, ""hidden_size"": 64, ""input_size"": 1, ""learning_rate"": 0.001, ""num_layers"": 2, ""output_size"": 1}, ""name"": ""GRU""}, ""noise"": {""enabled"": true, ""gaussian_mean"": 0.0, ""gaussian_std"": 0.05}, ""preprocessing"": {""dataset_overrides"": {""SKAB"": {""pca"": {""enabled"": false}, ""sequence_length"": 32}}, ""missing_data"": {""enabled"": true, ""strategy"": ""mean""}, ""pca"": {""enabled"": true, ""n_components"": 1}, ""scaler"": ""standard"", ""sequence_length"": 16, ""sequence_stride"": 1}, ""project"": {""device"": ""cuda"", ""random_seeds"": [7]}, ""run"": {""family"": ""DEEP"", ""seed"": 7, ""split"": ""fold_1""}, ""training"": {""batch_size"": 32, ""class_imbalance"": {""dataset_model_overrides"": [{""dataset"": ""BATADAL"", ""focal_gamma"": 2.0, ""loss_name"": ""focal"", ""model"": ""GRU""}], ""dataset_overrides"": {""SKAB"": {""use_pos_weight"": false}}, ""focal_gamma"": 2.0, ""loss_name"": ""bce"", ""pos_weight_strategy"": ""neg_pos_ratio"", ""use_pos_weight"": true}, ""early_stopping"": {""enabled"": true, ""mode"": ""min"", ""monitor"": ""val_loss"", ""patience"": 5}, ""epochs"": 50, ""optimizer"": ""adam"", ""threshold_tuning"": {""beta"": 2.0, ""dataset_overrides"": {""BATADAL"": {""metric"": ""f2""}, ""SKAB"": {""metric"": ""f1"", ""min_threshold"": 0.1}}, ""enabled"": true, ""end"": 0.99, ""metric"": ""f1"", ""start"": 0.01, ""step"": 0.01}}}",SKAB,"[""valve1"", ""valve2""]",anomaly,"[""datetime"", ""changepoint"", ""source_group"", ""source_file""]",source_file,0.6,0.2,0.2,True,mean,standard,True,1,16,1,False,32,True,0.0,0.05,cuda,[7],32,50,True,5,val_loss,min,True,neg_pos_ratio,bce,2.0,False,"[{""dataset"": ""BATADAL"", ""focal_gamma"": 2.0, ""loss_name"": ""focal"", ""model"": ""GRU""}]",True,f1,2.0,0.01,0.99,0.01,f2,f1,0.1,adam,0.1,4,3,4,1,True,levenshtein,True,0.0001,average_log_probability,0.05,DEEP,7,fold_1,GRU,gru,True,1.0,64.0,2.0,0.2,1,0.001,,,,,,
SKAB,GRU,fold_1,7,tuned_threshold_weighted_loss,0.74,0.8001387925052047,0.994823123382226,0.669181659895531,9,0.3751303878548127,val_loss,0.3751303878548127,1.0,bce,4471,0.37837433634936063,0.37993384785005513,0.3719525833146947,0.9212704093044062,0.9954648526077098,0.7919422730006013,0.8821165438713998,"{""automata"": {""anomaly_threshold"": 0.1, ""decision"": {""fallback_quantile"": 0.05, ""score_field"": ""average_log_probability""}, ""paa"": {""window_size"": 4}, ""probability"": {""epsilon"": 0.0001, ""smoothing"": true}, ""sax"": {""alphabet_size"": 3}, ""sliding_window"": {""size"": 4, ""stride"": 1}, ""unseen_pattern"": {""enabled"": true, ""method"": ""levenshtein""}}, ""dataset"": {""config"": {""drop_columns"": [""datetime"", ""changepoint"", ""source_group"", ""source_file""], ""group_column"": ""source_file"", ""split"": {""test"": 0.2, ""train"": 0.6, ""validation"": 0.2}, ""target_column"": ""anomaly"", ""valve_folders"": [""valve1"", ""valve2""]}, ""name"": ""SKAB""}, ""model"": {""config"": {""architecture"": ""gru"", ""dropout"": 0.2, ""enabled"": true, ""hidden_size"": 64, ""input_size"": 1, ""learning_rate"": 0.001, ""num_layers"": 2, ""output_size"": 1}, ""name"": ""GRU""}, ""noise"": {""enabled"": true, ""gaussian_mean"": 0.0, ""gaussian_std"": 0.05}, ""preprocessing"": {""dataset_overrides"": {""SKAB"": {""pca"": {""enabled"": false}, ""sequence_length"": 32}}, ""missing_data"": {""enabled"": true, ""strategy"": ""mean""}, ""pca"": {""enabled"": true, ""n_components"": 1}, ""scaler"": ""standard"", ""sequence_length"": 16, ""sequence_stride"": 1}, ""project"": {""device"": ""cuda"", ""random_seeds"": [7]}, ""run"": {""family"": ""DEEP"", ""seed"": 7, ""split"": ""fold_1""}, ""training"": {""batch_size"": 32, ""class_imbalance"": {""dataset_model_overrides"": [{""dataset"": ""BATADAL"", ""focal_gamma"": 2.0, ""loss_name"": ""focal"", ""model"": ""GRU""}], ""dataset_overrides"": {""SKAB"": {""use_pos_weight"": false}}, ""focal_gamma"": 2.0, ""loss_name"": ""bce"", ""pos_weight_strategy"": ""neg_pos_ratio"", ""use_pos_weight"": true}, ""early_stopping"": {""enabled"": true, ""mode"": ""min"", ""monitor"": ""val_loss"", ""patience"": 5}, ""epochs"": 50, ""optimizer"": ""adam"", ""threshold_tuning"": {""beta"": 2.0, ""dataset_overrides"": {""BATADAL"": {""metric"": ""f2""}, ""SKAB"": {""metric"": ""f1"", ""min_threshold"": 0.1}}, ""enabled"": true, ""end"": 0.99, ""metric"": ""f1"", ""start"": 0.01, ""step"": 0.01}}}",SKAB,"[""valve1"", ""valve2""]",anomaly,"[""datetime"", ""changepoint"", ""source_group"", ""source_file""]",source_file,0.6,0.2,0.2,True,mean,standard,True,1,16,1,False,32,True,0.0,0.05,cuda,[7],32,50,True,5,val_loss,min,True,neg_pos_ratio,bce,2.0,False,"[{""dataset"": ""BATADAL"", ""focal_gamma"": 2.0, ""loss_name"": ""focal"", ""model"": ""GRU""}]",True,f1,2.0,0.01,0.99,0.01,f2,f1,0.1,adam,0.1,4,3,4,1,True,levenshtein,True,0.0001,average_log_probability,0.05,DEEP,7,fold_1,GRU,gru,True,1.0,64.0,2.0,0.2,1,0.001,,,,,,
SKAB,CNN,fold_1,7,baseline_0.5_threshold,0.5,0.7869352869352869,0.8300064391500322,0.7481137550783518,6,0.4363195172596267,val_loss,0.4363195172596267,1.0,bce,4471,0.37837433634936063,0.37993384785005513,0.3719525833146947,0.9194811004249609,1.0,0.783523752254961,0.8786244099797708,"{""automata"": {""anomaly_threshold"": 0.1, ""decision"": {""fallback_quantile"": 0.05, ""score_field"": ""average_log_probability""}, ""paa"": {""window_size"": 4}, ""probability"": {""epsilon"": 0.0001, ""smoothing"": true}, ""sax"": {""alphabet_size"": 3}, ""sliding_window"": {""size"": 4, ""stride"": 1}, ""unseen_pattern"": {""enabled"": true, ""method"": ""levenshtein""}}, ""dataset"": {""config"": {""drop_columns"": [""datetime"", ""changepoint"", ""source_group"", ""source_file""], ""group_column"": ""source_file"", ""split"": {""test"": 0.2, ""train"": 0.6, ""validation"": 0.2}, ""target_column"": ""anomaly"", ""valve_folders"": [""valve1"", ""valve2""]}, ""name"": ""SKAB""}, ""model"": {""config"": {""architecture"": ""cnn"", ""dropout"": 0.2, ""enabled"": true, ""input_channels"": 1, ""kernel_size"": 3, ""learning_rate"": 0.001, ""num_filters"": 64, ""output_size"": 1}, ""name"": ""CNN""}, ""noise"": {""enabled"": true, ""gaussian_mean"": 0.0, ""gaussian_std"": 0.05}, ""preprocessing"": {""dataset_overrides"": {""SKAB"": {""pca"": {""enabled"": false}, ""sequence_length"": 32}}, ""missing_data"": {""enabled"": true, ""strategy"": ""mean""}, ""pca"": {""enabled"": true, ""n_components"": 1}, ""scaler"": ""standard"", ""sequence_length"": 16, ""sequence_stride"": 1}, ""project"": {""device"": ""cuda"", ""random_seeds"": [7]}, ""run"": {""family"": ""DEEP"", ""seed"": 7, ""split"": ""fold_1""}, ""training"": {""batch_size"": 32, ""class_imbalance"": {""dataset_model_overrides"": [{""dataset"": ""BATADAL"", ""focal_gamma"": 2.0, ""loss_name"": ""focal"", ""model"": ""GRU""}], ""dataset_overrides"": {""SKAB"": {""use_pos_weight"": false}}, ""focal_gamma"": 2.0, ""loss_name"": ""bce"", ""pos_weight_strategy"": ""neg_pos_ratio"", ""use_pos_weight"": true}, ""early_stopping"": {""enabled"": true, ""mode"": ""min"", ""monitor"": ""val_loss"", ""patience"": 5}, ""epochs"": 50, ""optimizer"": ""adam"", ""threshold_tuning"": {""beta"": 2.0, ""dataset_overrides"": {""BATADAL"": {""metric"": ""f2""}, ""SKAB"": {""metric"": ""f1"", ""min_threshold"": 0.1}}, ""enabled"": true, ""end"": 0.99, ""metric"": ""f1"", ""start"": 0.01, ""step"": 0.01}}}",SKAB,"[""valve1"", ""valve2""]",anomaly,"[""datetime"", ""changepoint"", ""source_group"", ""source_file""]",source_file,0.6,0.2,0.2,True,mean,standard,True,1,16,1,False,32,True,0.0,0.05,cuda,[7],32,50,True,5,val_loss,min,True,neg_pos_ratio,bce,2.0,False,"[{""dataset"": ""BATADAL"", ""focal_gamma"": 2.0, ""loss_name"": ""focal"", ""model"": ""GRU""}]",True,f1,2.0,0.01,0.99,0.01,f2,f1,0.1,adam,0.1,4,3,4,1,True,levenshtein,True,0.0001,average_log_probability,0.05,DEEP,7,fold_1,CNN,cnn,True,,,,0.2,1,0.001,1.0,64.0,3.0,,,
SKAB,CNN,fold_1,7,tuned_threshold_weighted_loss,0.18,0.7869352869352869,0.8300064391500322,0.7481137550783518,6,0.4363195172596267,val_loss,0.4363195172596267,1.0,bce,4471,0.37837433634936063,0.37993384785005513,0.3719525833146947,0.8356072467009618,0.7281219272369714,0.8905592303066747,0.8011901541790641,"{""automata"": {""anomaly_threshold"": 0.1, ""decision"": {""fallback_quantile"": 0.05, ""score_field"": ""average_log_probability""}, ""paa"": {""window_size"": 4}, ""probability"": {""epsilon"": 0.0001, ""smoothing"": true}, ""sax"": {""alphabet_size"": 3}, ""sliding_window"": {""size"": 4, ""stride"": 1}, ""unseen_pattern"": {""enabled"": true, ""method"": ""levenshtein""}}, ""dataset"": {""config"": {""drop_columns"": [""datetime"", ""changepoint"", ""source_group"", ""source_file""], ""group_column"": ""source_file"", ""split"": {""test"": 0.2, ""train"": 0.6, ""validation"": 0.2}, ""target_column"": ""anomaly"", ""valve_folders"": [""valve1"", ""valve2""]}, ""name"": ""SKAB""}, ""model"": {""config"": {""architecture"": ""cnn"", ""dropout"": 0.2, ""enabled"": true, ""input_channels"": 1, ""kernel_size"": 3, ""learning_rate"": 0.001, ""num_filters"": 64, ""output_size"": 1}, ""name"": ""CNN""}, ""noise"": {""enabled"": true, ""gaussian_mean"": 0.0, ""gaussian_std"": 0.05}, ""preprocessing"": {""dataset_overrides"": {""SKAB"": {""pca"": {""enabled"": false}, ""sequence_length"": 32}}, ""missing_data"": {""enabled"": true, ""strategy"": ""mean""}, ""pca"": {""enabled"": true, ""n_components"": 1}, ""scaler"": ""standard"", ""sequence_length"": 16, ""sequence_stride"": 1}, ""project"": {""device"": ""cuda"", ""random_seeds"": [7]}, ""run"": {""family"": ""DEEP"", ""seed"": 7, ""split"": ""fold_1""}, ""training"": {""batch_size"": 32, ""class_imbalance"": {""dataset_model_overrides"": [{""dataset"": ""BATADAL"", ""focal_gamma"": 2.0, ""loss_name"": ""focal"", ""model"": ""GRU""}], ""dataset_overrides"": {""SKAB"": {""use_pos_weight"": false}}, ""focal_gamma"": 2.0, ""loss_name"": ""bce"", ""pos_weight_strategy"": ""neg_pos_ratio"", ""use_pos_weight"": true}, ""early_stopping"": {""enabled"": true, ""mode"": ""min"", ""monitor"": ""val_loss"", ""patience"": 5}, ""epochs"": 50, ""optimizer"": ""adam"", ""threshold_tuning"": {""beta"": 2.0, ""dataset_overrides"": {""BATADAL"": {""metric"": ""f2""}, ""SKAB"": {""metric"": ""f1"", ""min_threshold"": 0.1}}, ""enabled"": true, ""end"": 0.99, ""metric"": ""f1"", ""start"": 0.01, ""step"": 0.01}}}",SKAB,"[""valve1"", ""valve2""]",anomaly,"[""datetime"", ""changepoint"", ""source_group"", ""source_file""]",source_file,0.6,0.2,0.2,True,mean,standard,True,1,16,1,False,32,True,0.0,0.05,cuda,[7],32,50,True,5,val_loss,min,True,neg_pos_ratio,bce,2.0,False,"[{""dataset"": ""BATADAL"", ""focal_gamma"": 2.0, ""loss_name"": ""focal"", ""model"": ""GRU""}]",True,f1,2.0,0.01,0.99,0.01,f2,f1,0.1,adam,0.1,4,3,4,1,True,levenshtein,True,0.0001,average_log_probability,0.05,DEEP,7,fold_1,CNN,cnn,True,,,,0.2,1,0.001,1.0,64.0,3.0,,,
SKAB,LSTM,fold_2,7,baseline_0.5_threshold,0.5,0.9067273318167046,0.9830866807610994,0.8413751507840772,6,0.22208503292565354,val_loss,0.22208503292565354,1.0,bce,4476,0.3769723131884489,0.3711663308708305,0.3849419124218052,0.8489722966934763,1.0,0.6076610562971562,0.755956678700361,"{""automata"": {""anomaly_threshold"": 0.1, ""decision"": {""fallback_quantile"": 0.05, ""score_field"": ""average_log_probability""}, ""paa"": {""window_size"": 4}, ""probability"": {""epsilon"": 0.0001, ""smoothing"": true}, ""sax"": {""alphabet_size"": 3}, ""sliding_window"": {""size"": 4, ""stride"": 1}, ""unseen_pattern"": {""enabled"": true, ""method"": ""levenshtein""}}, ""dataset"": {""config"": {""drop_columns"": [""datetime"", ""changepoint"", ""source_group"", ""source_file""], ""group_column"": ""source_file"", ""split"": {""test"": 0.2, ""train"": 0.6, ""validation"": 0.2}, ""target_column"": ""anomaly"", ""valve_folders"": [""valve1"", ""valve2""]}, ""name"": ""SKAB""}, ""model"": {""config"": {""architecture"": ""lstm"", ""dropout"": 0.2, ""enabled"": true, ""hidden_size"": 64, ""input_size"": 1, ""learning_rate"": 0.001, ""num_layers"": 2, ""output_size"": 1}, ""name"": ""LSTM""}, ""noise"": {""enabled"": true, ""gaussian_mean"": 0.0, ""gaussian_std"": 0.05}, ""preprocessing"": {""dataset_overrides"": {""SKAB"": {""pca"": {""enabled"": false}, ""sequence_length"": 32}}, ""missing_data"": {""enabled"": true, ""strategy"": ""mean""}, ""pca"": {""enabled"": true, ""n_components"": 1}, ""scaler"": ""standard"", ""sequence_length"": 16, ""sequence_stride"": 1}, ""project"": {""device"": ""cuda"", ""random_seeds"": [7]}, ""run"": {""family"": ""DEEP"", ""seed"": 7, ""split"": ""fold_2""}, ""training"": {""batch_size"": 32, ""class_imbalance"": {""dataset_model_overrides"": [{""dataset"": ""BATADAL"", ""focal_gamma"": 2.0, ""loss_name"": ""focal"", ""model"": ""GRU""}], ""dataset_overrides"": {""SKAB"": {""use_pos_weight"": false}}, ""focal_gamma"": 2.0, ""loss_name"": ""bce"", ""pos_weight_strategy"": ""neg_pos_ratio"", ""use_pos_weight"": true}, ""early_stopping"": {""enabled"": true, ""mode"": ""min"", ""monitor"": ""val_loss"", ""patience"": 5}, ""epochs"": 50, ""optimizer"": ""adam"", ""threshold_tuning"": {""beta"": 2.0, ""dataset_overrides"": {""BATADAL"": {""metric"": ""f2""}, ""SKAB"": {""metric"": ""f1"", ""min_threshold"": 0.1}}, ""enabled"": true, ""end"": 0.99, ""metric"": ""f1"", ""start"": 0.01, ""step"": 0.01}}}",SKAB,"[""valve1"", ""valve2""]",anomaly,"[""datetime"", ""changepoint"", ""source_group"", ""source_file""]",source_file,0.6,0.2,0.2,True,mean,standard,True,1,16,1,False,32,True,0.0,0.05,cuda,[7],32,50,True,5,val_loss,min,True,neg_pos_ratio,bce,2.0,False,"[{""dataset"": ""BATADAL"", ""focal_gamma"": 2.0, ""loss_name"": ""focal"", ""model"": ""GRU""}]",True,f1,2.0,0.01,0.99,0.01,f2,f1,0.1,adam,0.1,4,3,4,1,True,levenshtein,True,0.0001,average_log_probability,0.05,DEEP,7,fold_2,LSTM,lstm,True,1.0,64.0,2.0,0.2,1,0.001,,,,,,
SKAB,LSTM,fold_2,7,tuned_threshold_weighted_loss,0.75,0.9067273318167046,0.9830866807610994,0.8413751507840772,6,0.22208503292565354,val_loss,0.22208503292565354,1.0,bce,4476,0.3769723131884489,0.3711663308708305,0.3849419124218052,0.8453976764968723,1.0,0.5983749274521184,0.7487291212781408,"{""automata"": {""anomaly_threshold"": 0.1, ""decision"": {""fallback_quantile"": 0.05, ""score_field"": ""average_log_probability""}, ""paa"": {""window_size"": 4}, ""probability"": {""epsilon"": 0.0001, ""smoothing"": true}, ""sax"": {""alphabet_size"": 3}, ""sliding_window"": {""size"": 4, ""stride"": 1}, ""unseen_pattern"": {""enabled"": true, ""method"": ""levenshtein""}}, ""dataset"": {""config"": {""drop_columns"": [""datetime"", ""changepoint"", ""source_group"", ""source_file""], ""group_column"": ""source_file"", ""split"": {""test"": 0.2, ""train"": 0.6, ""validation"": 0.2}, ""target_column"": ""anomaly"", ""valve_folders"": [""valve1"", ""valve2""]}, ""name"": ""SKAB""}, ""model"": {""config"": {""architecture"": ""lstm"", ""dropout"": 0.2, ""enabled"": true, ""hidden_size"": 64, ""input_size"": 1, ""learning_rate"": 0.001, ""num_layers"": 2, ""output_size"": 1}, ""name"": ""LSTM""}, ""noise"": {""enabled"": true, ""gaussian_mean"": 0.0, ""gaussian_std"": 0.05}, ""preprocessing"": {""dataset_overrides"": {""SKAB"": {""pca"": {""enabled"": false}, ""sequence_length"": 32}}, ""missing_data"": {""enabled"": true, ""strategy"": ""mean""}, ""pca"": {""enabled"": true, ""n_components"": 1}, ""scaler"": ""standard"", ""sequence_length"": 16, ""sequence_stride"": 1}, ""project"": {""device"": ""cuda"", ""random_seeds"": [7]}, ""run"": {""family"": ""DEEP"", ""seed"": 7, ""split"": ""fold_2""}, ""training"": {""batch_size"": 32, ""class_imbalance"": {""dataset_model_overrides"": [{""dataset"": ""BATADAL"", ""focal_gamma"": 2.0, ""loss_name"": ""focal"", ""model"": ""GRU""}], ""dataset_overrides"": {""SKAB"": {""use_pos_weight"": false}}, ""focal_gamma"": 2.0, ""loss_name"": ""bce"", ""pos_weight_strategy"": ""neg_pos_ratio"", ""use_pos_weight"": true}, ""early_stopping"": {""enabled"": true, ""mode"": ""min"", ""monitor"": ""val_loss"", ""patience"": 5}, ""epochs"": 50, ""optimizer"": ""adam"", ""threshold_tuning"": {""beta"": 2.0, ""dataset_overrides"": {""BATADAL"": {""metric"": ""f2""}, ""SKAB"": {""metric"": ""f1"", ""min_threshold"": 0.1}}, ""enabled"": true, ""end"": 0.99, ""metric"": ""f1"", ""start"": 0.01, ""step"": 0.01}}}",SKAB,"[""valve1"", ""valve2""]",anomaly,"[""datetime"", ""changepoint"", ""source_group"", ""source_file""]",source_file,0.6,0.2,0.2,True,mean,standard,True,1,16,1,False,32,True,0.0,0.05,cuda,[7],32,50,True,5,val_loss,min,True,neg_pos_ratio,bce,2.0,False,"[{""dataset"": ""BATADAL"", ""focal_gamma"": 2.0, ""loss_name"": ""focal"", ""model"": ""GRU""}]",True,f1,2.0,0.01,0.99,0.01,f2,f1,0.1,adam,0.1,4,3,4,1,True,levenshtein,True,0.0001,average_log_probability,0.05,DEEP,7,fold_2,LSTM,lstm,True,1.0,64.0,2.0,0.2,1,0.001,,,,,,
SKAB,GRU,fold_2,7,baseline_0.5_threshold,0.5,0.9114649681528663,0.9655870445344129,0.8630880579010857,6,0.22925002915475734,val_loss,0.22925002915475734,1.0,bce,4476,0.3769723131884489,0.3711663308708305,0.3849419124218052,0.796916890080429,1.0,0.4724318049912943,0.6417027985810012,"{""automata"": {""anomaly_threshold"": 0.1, ""decision"": {""fallback_quantile"": 0.05, ""score_field"": ""average_log_probability""}, ""paa"": {""window_size"": 4}, ""probability"": {""epsilon"": 0.0001, ""smoothing"": true}, ""sax"": {""alphabet_size"": 3}, ""sliding_window"": {""size"": 4, ""stride"": 1}, ""unseen_pattern"": {""enabled"": true, ""method"": ""levenshtein""}}, ""dataset"": {""config"": {""drop_columns"": [""datetime"", ""changepoint"", ""source_group"", ""source_file""], ""group_column"": ""source_file"", ""split"": {""test"": 0.2, ""train"": 0.6, ""validation"": 0.2}, ""target_column"": ""anomaly"", ""valve_folders"": [""valve1"", ""valve2""]}, ""name"": ""SKAB""}, ""model"": {""config"": {""architecture"": ""gru"", ""dropout"": 0.2, ""enabled"": true, ""hidden_size"": 64, ""input_size"": 1, ""learning_rate"": 0.001, ""num_layers"": 2, ""output_size"": 1}, ""name"": ""GRU""}, ""noise"": {""enabled"": true, ""gaussian_mean"": 0.0, ""gaussian_std"": 0.05}, ""preprocessing"": {""dataset_overrides"": {""SKAB"": {""pca"": {""enabled"": false}, ""sequence_length"": 32}}, ""missing_data"": {""enabled"": true, ""strategy"": ""mean""}, ""pca"": {""enabled"": true, ""n_components"": 1}, ""scaler"": ""standard"", ""sequence_length"": 16, ""sequence_stride"": 1}, ""project"": {""device"": ""cuda"", ""random_seeds"": [7]}, ""run"": {""family"": ""DEEP"", ""seed"": 7, ""split"": ""fold_2""}, ""training"": {""batch_size"": 32, ""class_imbalance"": {""dataset_model_overrides"": [{""dataset"": ""BATADAL"", ""focal_gamma"": 2.0, ""loss_name"": ""focal"", ""model"": ""GRU""}], ""dataset_overrides"": {""SKAB"": {""use_pos_weight"": false}}, ""focal_gamma"": 2.0, ""loss_name"": ""bce"", ""pos_weight_strategy"": ""neg_pos_ratio"", ""use_pos_weight"": true}, ""early_stopping"": {""enabled"": true, ""mode"": ""min"", ""monitor"": ""val_loss"", ""patience"": 5}, ""epochs"": 50, ""optimizer"": ""adam"", ""threshold_tuning"": {""beta"": 2.0, ""dataset_overrides"": {""BATADAL"": {""metric"": ""f2""}, ""SKAB"": {""metric"": ""f1"", ""min_threshold"": 0.1}}, ""enabled"": true, ""end"": 0.99, ""metric"": ""f1"", ""start"": 0.01, ""step"": 0.01}}}",SKAB,"[""valve1"", ""valve2""]",anomaly,"[""datetime"", ""changepoint"", ""source_group"", ""source_file""]",source_file,0.6,0.2,0.2,True,mean,standard,True,1,16,1,False,32,True,0.0,0.05,cuda,[7],32,50,True,5,val_loss,min,True,neg_pos_ratio,bce,2.0,False,"[{""dataset"": ""BATADAL"", ""focal_gamma"": 2.0, ""loss_name"": ""focal"", ""model"": ""GRU""}]",True,f1,2.0,0.01,0.99,0.01,f2,f1,0.1,adam,0.1,4,3,4,1,True,levenshtein,True,0.0001,average_log_probability,0.05,DEEP,7,fold_2,GRU,gru,True,1.0,64.0,2.0,0.2,1,0.001,,,,,,
SKAB,GRU,fold_2,7,tuned_threshold_weighted_loss,0.37,0.9114649681528663,0.9655870445344129,0.8630880579010857,6,0.22925002915475734,val_loss,0.22925002915475734,1.0,bce,4476,0.3769723131884489,0.3711663308708305,0.3849419124218052,0.8058534405719392,1.0,0.4956471271038886,0.6627861854870004,"{""automata"": {""anomaly_threshold"": 0.1, ""decision"": {""fallback_quantile"": 0.05, ""score_field"": ""average_log_probability""}, ""paa"": {""window_size"": 4}, ""probability"": {""epsilon"": 0.0001, ""smoothing"": true}, ""sax"": {""alphabet_size"": 3}, ""sliding_window"": {""size"": 4, ""stride"": 1}, ""unseen_pattern"": {""enabled"": true, ""method"": ""levenshtein""}}, ""dataset"": {""config"": {""drop_columns"": [""datetime"", ""changepoint"", ""source_group"", ""source_file""], ""group_column"": ""source_file"", ""split"": {""test"": 0.2, ""train"": 0.6, ""validation"": 0.2}, ""target_column"": ""anomaly"", ""valve_folders"": [""valve1"", ""valve2""]}, ""name"": ""SKAB""}, ""model"": {""config"": {""architecture"": ""gru"", ""dropout"": 0.2, ""enabled"": true, ""hidden_size"": 64, ""input_size"": 1, ""learning_rate"": 0.001, ""num_layers"": 2, ""output_size"": 1}, ""name"": ""GRU""}, ""noise"": {""enabled"": true, ""gaussian_mean"": 0.0, ""gaussian_std"": 0.05}, ""preprocessing"": {""dataset_overrides"": {""SKAB"": {""pca"": {""enabled"": false}, ""sequence_length"": 32}}, ""missing_data"": {""enabled"": true, ""strategy"": ""mean""}, ""pca"": {""enabled"": true, ""n_components"": 1}, ""scaler"": ""standard"", ""sequence_length"": 16, ""sequence_stride"": 1}, ""project"": {""device"": ""cuda"", ""random_seeds"": [7]}, ""run"": {""family"": ""DEEP"", ""seed"": 7, ""split"": ""fold_2""}, ""training"": {""batch_size"": 32, ""class_imbalance"": {""dataset_model_overrides"": [{""dataset"": ""BATADAL"", ""focal_gamma"": 2.0, ""loss_name"": ""focal"", ""model"": ""GRU""}], ""dataset_overrides"": {""SKAB"": {""use_pos_weight"": false}}, ""focal_gamma"": 2.0, ""loss_name"": ""bce"", ""pos_weight_strategy"": ""neg_pos_ratio"", ""use_pos_weight"": true}, ""early_stopping"": {""enabled"": true, ""mode"": ""min"", ""monitor"": ""val_loss"", ""patience"": 5}, ""epochs"": 50, ""optimizer"": ""adam"", ""threshold_tuning"": {""beta"": 2.0, ""dataset_overrides"": {""BATADAL"": {""metric"": ""f2""}, ""SKAB"": {""metric"": ""f1"", ""min_threshold"": 0.1}}, ""enabled"": true, ""end"": 0.99, ""metric"": ""f1"", ""start"": 0.01, ""step"": 0.01}}}",SKAB,"[""valve1"", ""valve2""]",anomaly,"[""datetime"", ""changepoint"", ""source_group"", ""source_file""]",source_file,0.6,0.2,0.2,True,mean,standard,True,1,16,1,False,32,True,0.0,0.05,cuda,[7],32,50,True,5,val_loss,min,True,neg_pos_ratio,bce,2.0,False,"[{""dataset"": ""BATADAL"", ""focal_gamma"": 2.0, ""loss_name"": ""focal"", ""model"": ""GRU""}]",True,f1,2.0,0.01,0.99,0.01,f2,f1,0.1,adam,0.1,4,3,4,1,True,levenshtein,True,0.0001,average_log_probability,0.05,DEEP,7,fold_2,GRU,gru,True,1.0,64.0,2.0,0.2,1,0.001,,,,,,
SKAB,CNN,fold_2,7,baseline_0.5_threshold,0.5,0.8891044293566117,0.9581881533101045,0.8293124246079614,7,0.2838740234113655,val_loss,0.2838740234113655,1.0,bce,4476,0.3769723131884489,0.3711663308708305,0.3849419124218052,0.7915549597855228,1.0,0.4585026117237377,0.6287306008754476,"{""automata"": {""anomaly_threshold"": 0.1, ""decision"": {""fallback_quantile"": 0.05, ""score_field"": ""average_log_probability""}, ""paa"": {""window_size"": 4}, ""probability"": {""epsilon"": 0.0001, ""smoothing"": true}, ""sax"": {""alphabet_size"": 3}, ""sliding_window"": {""size"": 4, ""stride"": 1}, ""unseen_pattern"": {""enabled"": true, ""method"": ""levenshtein""}}, ""dataset"": {""config"": {""drop_columns"": [""datetime"", ""changepoint"", ""source_group"", ""source_file""], ""group_column"": ""source_file"", ""split"": {""test"": 0.2, ""train"": 0.6, ""validation"": 0.2}, ""target_column"": ""anomaly"", ""valve_folders"": [""valve1"", ""valve2""]}, ""name"": ""SKAB""}, ""model"": {""config"": {""architecture"": ""cnn"", ""dropout"": 0.2, ""enabled"": true, ""input_channels"": 1, ""kernel_size"": 3, ""learning_rate"": 0.001, ""num_filters"": 64, ""output_size"": 1}, ""name"": ""CNN""}, ""noise"": {""enabled"": true, ""gaussian_mean"": 0.0, ""gaussian_std"": 0.05}, ""preprocessing"": {""dataset_overrides"": {""SKAB"": {""pca"": {""enabled"": false}, ""sequence_length"": 32}}, ""missing_data"": {""enabled"": true, ""strategy"": ""mean""}, ""pca"": {""enabled"": true, ""n_components"": 1}, ""scaler"": ""standard"", ""sequence_length"": 16, ""sequence_stride"": 1}, ""project"": {""device"": ""cuda"", ""random_seeds"": [7]}, ""run"": {""family"": ""DEEP"", ""seed"": 7, ""split"": ""fold_2""}, ""training"": {""batch_size"": 32, ""class_imbalance"": {""dataset_model_overrides"": [{""dataset"": ""BATADAL"", ""focal_gamma"": 2.0, ""loss_name"": ""focal"", ""model"": ""GRU""}], ""dataset_overrides"": {""SKAB"": {""use_pos_weight"": false}}, ""focal_gamma"": 2.0, ""loss_name"": ""bce"", ""pos_weight_strategy"": ""neg_pos_ratio"", ""use_pos_weight"": true}, ""early_stopping"": {""enabled"": true, ""mode"": ""min"", ""monitor"": ""val_loss"", ""patience"": 5}, ""epochs"": 50, ""optimizer"": ""adam"", ""threshold_tuning"": {""beta"": 2.0, ""dataset_overrides"": {""BATADAL"": {""metric"": ""f2""}, ""SKAB"": {""metric"": ""f1"", ""min_threshold"": 0.1}}, ""enabled"": true, ""end"": 0.99, ""metric"": ""f1"", ""start"": 0.01, ""step"": 0.01}}}",SKAB,"[""valve1"", ""valve2""]",anomaly,"[""datetime"", ""changepoint"", ""source_group"", ""source_file""]",source_file,0.6,0.2,0.2,True,mean,standard,True,1,16,1,False,32,True,0.0,0.05,cuda,[7],32,50,True,5,val_loss,min,True,neg_pos_ratio,bce,2.0,False,"[{""dataset"": ""BATADAL"", ""focal_gamma"": 2.0, ""loss_name"": ""focal"", ""model"": ""GRU""}]",True,f1,2.0,0.01,0.99,0.01,f2,f1,0.1,adam,0.1,4,3,4,1,True,levenshtein,True,0.0001,average_log_probability,0.05,DEEP,7,fold_2,CNN,cnn,True,,,,0.2,1,0.001,1.0,64.0,3.0,,,
SKAB,CNN,fold_2,7,tuned_threshold_weighted_loss,0.49,0.8891044293566117,0.9581881533101045,0.8293124246079614,7,0.2838740234113655,val_loss,0.2838740234113655,1.0,bce,4476,0.3769723131884489,0.3711663308708305,0.3849419124218052,0.7933422698838248,1.0,0.4631456761462565,0.6330821102737009,"{""automata"": {""anomaly_threshold"": 0.1, ""decision"": {""fallback_quantile"": 0.05, ""score_field"": ""average_log_probability""}, ""paa"": {""window_size"": 4}, ""probability"": {""epsilon"": 0.0001, ""smoothing"": true}, ""sax"": {""alphabet_size"": 3}, ""sliding_window"": {""size"": 4, ""stride"": 1}, ""unseen_pattern"": {""enabled"": true, ""method"": ""levenshtein""}}, ""dataset"": {""config"": {""drop_columns"": [""datetime"", ""changepoint"", ""source_group"", ""source_file""], ""group_column"": ""source_file"", ""split"": {""test"": 0.2, ""train"": 0.6, ""validation"": 0.2}, ""target_column"": ""anomaly"", ""valve_folders"": [""valve1"", ""valve2""]}, ""name"": ""SKAB""}, ""model"": {""config"": {""architecture"": ""cnn"", ""dropout"": 0.2, ""enabled"": true, ""input_channels"": 1, ""kernel_size"": 3, ""learning_rate"": 0.001, ""num_filters"": 64, ""output_size"": 1}, ""name"": ""CNN""}, ""noise"": {""enabled"": true, ""gaussian_mean"": 0.0, ""gaussian_std"": 0.05}, ""preprocessing"": {""dataset_overrides"": {""SKAB"": {""pca"": {""enabled"": false}, ""sequence_length"": 32}}, ""missing_data"": {""enabled"": true, ""strategy"": ""mean""}, ""pca"": {""enabled"": true, ""n_components"": 1}, ""scaler"": ""standard"", ""sequence_length"": 16, ""sequence_stride"": 1}, ""project"": {""device"": ""cuda"", ""random_seeds"": [7]}, ""run"": {""family"": ""DEEP"", ""seed"": 7, ""split"": ""fold_2""}, ""training"": {""batch_size"": 32, ""class_imbalance"": {""dataset_model_overrides"": [{""dataset"": ""BATADAL"", ""focal_gamma"": 2.0, ""loss_name"": ""focal"", ""model"": ""GRU""}], ""dataset_overrides"": {""SKAB"": {""use_pos_weight"": false}}, ""focal_gamma"": 2.0, ""loss_name"": ""bce"", ""pos_weight_strategy"": ""neg_pos_ratio"", ""use_pos_weight"": true}, ""early_stopping"": {""enabled"": true, ""mode"": ""min"", ""monitor"": ""val_loss"", ""patience"": 5}, ""epochs"": 50, ""optimizer"": ""adam"", ""threshold_tuning"": {""beta"": 2.0, ""dataset_overrides"": {""BATADAL"": {""metric"": ""f2""}, ""SKAB"": {""metric"": ""f1"", ""min_threshold"": 0.1}}, ""enabled"": true, ""end"": 0.99, ""metric"": ""f1"", ""start"": 0.01, ""step"": 0.01}}}",SKAB,"[""valve1"", ""valve2""]",anomaly,"[""datetime"", ""changepoint"", ""source_group"", ""source_file""]",source_file,0.6,0.2,0.2,True,mean,standard,True,1,16,1,False,32,True,0.0,0.05,cuda,[7],32,50,True,5,val_loss,min,True,neg_pos_ratio,bce,2.0,False,"[{""dataset"": ""BATADAL"", ""focal_gamma"": 2.0, ""loss_name"": ""focal"", ""model"": ""GRU""}]",True,f1,2.0,0.01,0.99,0.01,f2,f1,0.1,adam,0.1,4,3,4,1,True,levenshtein,True,0.0001,average_log_probability,0.05,DEEP,7,fold_2,CNN,cnn,True,,,,0.2,1,0.001,1.0,64.0,3.0,,,
SKAB,LSTM,fold_3,7,baseline_0.5_threshold,0.5,0.8680908782638183,1.0,0.7669263031755542,9,0.26789997657813597,val_loss,0.26789997657813597,1.0,bce,4398,0.3728238418412511,0.37717514124293783,0.39176898590268305,0.9213278763074124,1.0,0.7991874637260592,0.8883870967741936,"{""automata"": {""anomaly_threshold"": 0.1, ""decision"": {""fallback_quantile"": 0.05, ""score_field"": ""average_log_probability""}, ""paa"": {""window_size"": 4}, ""probability"": {""epsilon"": 0.0001, ""smoothing"": true}, ""sax"": {""alphabet_size"": 3}, ""sliding_window"": {""size"": 4, ""stride"": 1}, ""unseen_pattern"": {""enabled"": true, ""method"": ""levenshtein""}}, ""dataset"": {""config"": {""drop_columns"": [""datetime"", ""changepoint"", ""source_group"", ""source_file""], ""group_column"": ""source_file"", ""split"": {""test"": 0.2, ""train"": 0.6, ""validation"": 0.2}, ""target_column"": ""anomaly"", ""valve_folders"": [""valve1"", ""valve2""]}, ""name"": ""SKAB""}, ""model"": {""config"": {""architecture"": ""lstm"", ""dropout"": 0.2, ""enabled"": true, ""hidden_size"": 64, ""input_size"": 1, ""learning_rate"": 0.001, ""num_layers"": 2, ""output_size"": 1}, ""name"": ""LSTM""}, ""noise"": {""enabled"": true, ""gaussian_mean"": 0.0, ""gaussian_std"": 0.05}, ""preprocessing"": {""dataset_overrides"": {""SKAB"": {""pca"": {""enabled"": false}, ""sequence_length"": 32}}, ""missing_data"": {""enabled"": true, ""strategy"": ""mean""}, ""pca"": {""enabled"": true, ""n_components"": 1}, ""scaler"": ""standard"", ""sequence_length"": 16, ""sequence_stride"": 1}, ""project"": {""device"": ""cuda"", ""random_seeds"": [7]}, ""run"": {""family"": ""DEEP"", ""seed"": 7, ""split"": ""fold_3""}, ""training"": {""batch_size"": 32, ""class_imbalance"": {""dataset_model_overrides"": [{""dataset"": ""BATADAL"", ""focal_gamma"": 2.0, ""loss_name"": ""focal"", ""model"": ""GRU""}], ""dataset_overrides"": {""SKAB"": {""use_pos_weight"": false}}, ""focal_gamma"": 2.0, ""loss_name"": ""bce"", ""pos_weight_strategy"": ""neg_pos_ratio"", ""use_pos_weight"": true}, ""early_stopping"": {""enabled"": true, ""mode"": ""min"", ""monitor"": ""val_loss"", ""patience"": 5}, ""epochs"": 50, ""optimizer"": ""adam"", ""threshold_tuning"": {""beta"": 2.0, ""dataset_overrides"": {""BATADAL"": {""metric"": ""f2""}, ""SKAB"": {""metric"": ""f1"", ""min_threshold"": 0.1}}, ""enabled"": true, ""end"": 0.99, ""metric"": ""f1"", ""start"": 0.01, ""step"": 0.01}}}",SKAB,"[""valve1"", ""valve2""]",anomaly,"[""datetime"", ""changepoint"", ""source_group"", ""source_file""]",source_file,0.6,0.2,0.2,True,mean,standard,True,1,16,1,False,32,True,0.0,0.05,cuda,[7],32,50,True,5,val_loss,min,True,neg_pos_ratio,bce,2.0,False,"[{""dataset"": ""BATADAL"", ""focal_gamma"": 2.0, ""loss_name"": ""focal"", ""model"": ""GRU""}]",True,f1,2.0,0.01,0.99,0.01,f2,f1,0.1,adam,0.1,4,3,4,1,True,levenshtein,True,0.0001,average_log_probability,0.05,DEEP,7,fold_3,LSTM,lstm,True,1.0,64.0,2.0,0.2,1,0.001,,,,,,
SKAB,LSTM,fold_3,7,tuned_threshold_weighted_loss,0.18,0.8680908782638183,1.0,0.7669263031755542,9,0.26789997657813597,val_loss,0.26789997657813597,1.0,bce,4398,0.3728238418412511,0.37717514124293783,0.39176898590268305,0.9245111414279218,0.9929128277817151,0.8131166569936158,0.8940650925335035,"{""automata"": {""anomaly_threshold"": 0.1, ""decision"": {""fallback_quantile"": 0.05, ""score_field"": ""average_log_probability""}, ""paa"": {""window_size"": 4}, ""probability"": {""epsilon"": 0.0001, ""smoothing"": true}, ""sax"": {""alphabet_size"": 3}, ""sliding_window"": {""size"": 4, ""stride"": 1}, ""unseen_pattern"": {""enabled"": true, ""method"": ""levenshtein""}}, ""dataset"": {""config"": {""drop_columns"": [""datetime"", ""changepoint"", ""source_group"", ""source_file""], ""group_column"": ""source_file"", ""split"": {""test"": 0.2, ""train"": 0.6, ""validation"": 0.2}, ""target_column"": ""anomaly"", ""valve_folders"": [""valve1"", ""valve2""]}, ""name"": ""SKAB""}, ""model"": {""config"": {""architecture"": ""lstm"", ""dropout"": 0.2, ""enabled"": true, ""hidden_size"": 64, ""input_size"": 1, ""learning_rate"": 0.001, ""num_layers"": 2, ""output_size"": 1}, ""name"": ""LSTM""}, ""noise"": {""enabled"": true, ""gaussian_mean"": 0.0, ""gaussian_std"": 0.05}, ""preprocessing"": {""dataset_overrides"": {""SKAB"": {""pca"": {""enabled"": false}, ""sequence_length"": 32}}, ""missing_data"": {""enabled"": true, ""strategy"": ""mean""}, ""pca"": {""enabled"": true, ""n_components"": 1}, ""scaler"": ""standard"", ""sequence_length"": 16, ""sequence_stride"": 1}, ""project"": {""device"": ""cuda"", ""random_seeds"": [7]}, ""run"": {""family"": ""DEEP"", ""seed"": 7, ""split"": ""fold_3""}, ""training"": {""batch_size"": 32, ""class_imbalance"": {""dataset_model_overrides"": [{""dataset"": ""BATADAL"", ""focal_gamma"": 2.0, ""loss_name"": ""focal"", ""model"": ""GRU""}], ""dataset_overrides"": {""SKAB"": {""use_pos_weight"": false}}, ""focal_gamma"": 2.0, ""loss_name"": ""bce"", ""pos_weight_strategy"": ""neg_pos_ratio"", ""use_pos_weight"": true}, ""early_stopping"": {""enabled"": true, ""mode"": ""min"", ""monitor"": ""val_loss"", ""patience"": 5}, ""epochs"": 50, ""optimizer"": ""adam"", ""threshold_tuning"": {""beta"": 2.0, ""dataset_overrides"": {""BATADAL"": {""metric"": ""f2""}, ""SKAB"": {""metric"": ""f1"", ""min_threshold"": 0.1}}, ""enabled"": true, ""end"": 0.99, ""metric"": ""f1"", ""start"": 0.01, ""step"": 0.01}}}",SKAB,"[""valve1"", ""valve2""]",anomaly,"[""datetime"", ""changepoint"", ""source_group"", ""source_file""]",source_file,0.6,0.2,0.2,True,mean,standard,True,1,16,1,False,32,True,0.0,0.05,cuda,[7],32,50,True,5,val_loss,min,True,neg_pos_ratio,bce,2.0,False,"[{""dataset"": ""BATADAL"", ""focal_gamma"": 2.0, ""loss_name"": ""focal"", ""model"": ""GRU""}]",True,f1,2.0,0.01,0.99,0.01,f2,f1,0.1,adam,0.1,4,3,4,1,True,levenshtein,True,0.0001,average_log_probability,0.05,DEEP,7,fold_3,LSTM,lstm,True,1.0,64.0,2.0,0.2,1,0.001,,,,,,
SKAB,GRU,fold_3,7,baseline_0.5_threshold,0.5,0.859375,0.9921568627450981,0.7579388855602157,7,0.28957537287035906,val_loss,0.28957537287035906,1.0,bce,4398,0.3728238418412511,0.37717514124293783,0.39176898590268305,0.9256480218281037,0.9761255115961801,0.8305281485780616,0.8974600188146754,"{""automata"": {""anomaly_threshold"": 0.1, ""decision"": {""fallback_quantile"": 0.05, ""score_field"": ""average_log_probability""}, ""paa"": {""window_size"": 4}, ""probability"": {""epsilon"": 0.0001, ""smoothing"": true}, ""sax"": {""alphabet_size"": 3}, ""sliding_window"": {""size"": 4, ""stride"": 1}, ""unseen_pattern"": {""enabled"": true, ""method"": ""levenshtein""}}, ""dataset"": {""config"": {""drop_columns"": [""datetime"", ""changepoint"", ""source_group"", ""source_file""], ""group_column"": ""source_file"", ""split"": {""test"": 0.2, ""train"": 0.6, ""validation"": 0.2}, ""target_column"": ""anomaly"", ""valve_folders"": [""valve1"", ""valve2""]}, ""name"": ""SKAB""}, ""model"": {""config"": {""architecture"": ""gru"", ""dropout"": 0.2, ""enabled"": true, ""hidden_size"": 64, ""input_size"": 1, ""learning_rate"": 0.001, ""num_layers"": 2, ""output_size"": 1}, ""name"": ""GRU""}, ""noise"": {""enabled"": true, ""gaussian_mean"": 0.0, ""gaussian_std"": 0.05}, ""preprocessing"": {""dataset_overrides"": {""SKAB"": {""pca"": {""enabled"": false}, ""sequence_length"": 32}}, ""missing_data"": {""enabled"": true, ""strategy"": ""mean""}, ""pca"": {""enabled"": true, ""n_components"": 1}, ""scaler"": ""standard"", ""sequence_length"": 16, ""sequence_stride"": 1}, ""project"": {""device"": ""cuda"", ""random_seeds"": [7]}, ""run"": {""family"": ""DEEP"", ""seed"": 7, ""split"": ""fold_3""}, ""training"": {""batch_size"": 32, ""class_imbalance"": {""dataset_model_overrides"": [{""dataset"": ""BATADAL"", ""focal_gamma"": 2.0, ""loss_name"": ""focal"", ""model"": ""GRU""}], ""dataset_overrides"": {""SKAB"": {""use_pos_weight"": false}}, ""focal_gamma"": 2.0, ""loss_name"": ""bce"", ""pos_weight_strategy"": ""neg_pos_ratio"", ""use_pos_weight"": true}, ""early_stopping"": {""enabled"": true, ""mode"": ""min"", ""monitor"": ""val_loss"", ""patience"": 5}, ""epochs"": 50, ""optimizer"": ""adam"", ""threshold_tuning"": {""beta"": 2.0, ""dataset_overrides"": {""BATADAL"": {""metric"": ""f2""}, ""SKAB"": {""metric"": ""f1"", ""min_threshold"": 0.1}}, ""enabled"": true, ""end"": 0.99, ""metric"": ""f1"", ""start"": 0.01, ""step"": 0.01}}}",SKAB,"[""valve1"", ""valve2""]",anomaly,"[""datetime"", ""changepoint"", ""source_group"", ""source_file""]",source_file,0.6,0.2,0.2,True,mean,standard,True,1,16,1,False,32,True,0.0,0.05,cuda,[7],32,50,True,5,val_loss,min,True,neg_pos_ratio,bce,2.0,False,"[{""dataset"": ""BATADAL"", ""focal_gamma"": 2.0, ""loss_name"": ""focal"", ""model"": ""GRU""}]",True,f1,2.0,0.01,0.99,0.01,f2,f1,0.1,adam,0.1,4,3,4,1,True,levenshtein,True,0.0001,average_log_probability,0.05,DEEP,7,fold_3,GRU,gru,True,1.0,64.0,2.0,0.2,1,0.001,,,,,,
SKAB,GRU,fold_3,7,tuned_threshold_weighted_loss,0.86,0.859375,0.9921568627450981,0.7579388855602157,7,0.28957537287035906,val_loss,0.28957537287035906,1.0,bce,4398,0.3728238418412511,0.37717514124293783,0.39176898590268305,0.9197362437471578,0.9810393258426966,0.8107951247823564,0.8878296790594217,"{""automata"": {""anomaly_threshold"": 0.1, ""decision"": {""fallback_quantile"": 0.05, ""score_field"": ""average_log_probability""}, ""paa"": {""window_size"": 4}, ""probability"": {""epsilon"": 0.0001, ""smoothing"": true}, ""sax"": {""alphabet_size"": 3}, ""sliding_window"": {""size"": 4, ""stride"": 1}, ""unseen_pattern"": {""enabled"": true, ""method"": ""levenshtein""}}, ""dataset"": {""config"": {""drop_columns"": [""datetime"", ""changepoint"", ""source_group"", ""source_file""], ""group_column"": ""source_file"", ""split"": {""test"": 0.2, ""train"": 0.6, ""validation"": 0.2}, ""target_column"": ""anomaly"", ""valve_folders"": [""valve1"", ""valve2""]}, ""name"": ""SKAB""}, ""model"": {""config"": {""architecture"": ""gru"", ""dropout"": 0.2, ""enabled"": true, ""hidden_size"": 64, ""input_size"": 1, ""learning_rate"": 0.001, ""num_layers"": 2, ""output_size"": 1}, ""name"": ""GRU""}, ""noise"": {""enabled"": true, ""gaussian_mean"": 0.0, ""gaussian_std"": 0.05}, ""preprocessing"": {""dataset_overrides"": {""SKAB"": {""pca"": {""enabled"": false}, ""sequence_length"": 32}}, ""missing_data"": {""enabled"": true, ""strategy"": ""mean""}, ""pca"": {""enabled"": true, ""n_components"": 1}, ""scaler"": ""standard"", ""sequence_length"": 16, ""sequence_stride"": 1}, ""project"": {""device"": ""cuda"", ""random_seeds"": [7]}, ""run"": {""family"": ""DEEP"", ""seed"": 7, ""split"": ""fold_3""}, ""training"": {""batch_size"": 32, ""class_imbalance"": {""dataset_model_overrides"": [{""dataset"": ""BATADAL"", ""focal_gamma"": 2.0, ""loss_name"": ""focal"", ""model"": ""GRU""}], ""dataset_overrides"": {""SKAB"": {""use_pos_weight"": false}}, ""focal_gamma"": 2.0, ""loss_name"": ""bce"", ""pos_weight_strategy"": ""neg_pos_ratio"", ""use_pos_weight"": true}, ""early_stopping"": {""enabled"": true, ""mode"": ""min"", ""monitor"": ""val_loss"", ""patience"": 5}, ""epochs"": 50, ""optimizer"": ""adam"", ""threshold_tuning"": {""beta"": 2.0, ""dataset_overrides"": {""BATADAL"": {""metric"": ""f2""}, ""SKAB"": {""metric"": ""f1"", ""min_threshold"": 0.1}}, ""enabled"": true, ""end"": 0.99, ""metric"": ""f1"", ""start"": 0.01, ""step"": 0.01}}}",SKAB,"[""valve1"", ""valve2""]",anomaly,"[""datetime"", ""changepoint"", ""source_group"", ""source_file""]",source_file,0.6,0.2,0.2,True,mean,standard,True,1,16,1,False,32,True,0.0,0.05,cuda,[7],32,50,True,5,val_loss,min,True,neg_pos_ratio,bce,2.0,False,"[{""dataset"": ""BATADAL"", ""focal_gamma"": 2.0, ""loss_name"": ""focal"", ""model"": ""GRU""}]",True,f1,2.0,0.01,0.99,0.01,f2,f1,0.1,adam,0.1,4,3,4,1,True,levenshtein,True,0.0001,average_log_probability,0.05,DEEP,7,fold_3,GRU,gru,True,1.0,64.0,2.0,0.2,1,0.001,,,,,,
SKAB,CNN,fold_3,7,baseline_0.5_threshold,0.5,0.8640321500334897,0.979498861047836,0.7729179149191132,8,0.281697715887857,val_loss,0.281697715887857,1.0,bce,4398,0.3728238418412511,0.37717514124293783,0.39176898590268305,0.9147339699863575,0.9807417974322397,0.7980266976204294,0.88,"{""automata"": {""anomaly_threshold"": 0.1, ""decision"": {""fallback_quantile"": 0.05, ""score_field"": ""average_log_probability""}, ""paa"": {""window_size"": 4}, ""probability"": {""epsilon"": 0.0001, ""smoothing"": true}, ""sax"": {""alphabet_size"": 3}, ""sliding_window"": {""size"": 4, ""stride"": 1}, ""unseen_pattern"": {""enabled"": true, ""method"": ""levenshtein""}}, ""dataset"": {""config"": {""drop_columns"": [""datetime"", ""changepoint"", ""source_group"", ""source_file""], ""group_column"": ""source_file"", ""split"": {""test"": 0.2, ""train"": 0.6, ""validation"": 0.2}, ""target_column"": ""anomaly"", ""valve_folders"": [""valve1"", ""valve2""]}, ""name"": ""SKAB""}, ""model"": {""config"": {""architecture"": ""cnn"", ""dropout"": 0.2, ""enabled"": true, ""input_channels"": 1, ""kernel_size"": 3, ""learning_rate"": 0.001, ""num_filters"": 64, ""output_size"": 1}, ""name"": ""CNN""}, ""noise"": {""enabled"": true, ""gaussian_mean"": 0.0, ""gaussian_std"": 0.05}, ""preprocessing"": {""dataset_overrides"": {""SKAB"": {""pca"": {""enabled"": false}, ""sequence_length"": 32}}, ""missing_data"": {""enabled"": true, ""strategy"": ""mean""}, ""pca"": {""enabled"": true, ""n_components"": 1}, ""scaler"": ""standard"", ""sequence_length"": 16, ""sequence_stride"": 1}, ""project"": {""device"": ""cuda"", ""random_seeds"": [7]}, ""run"": {""family"": ""DEEP"", ""seed"": 7, ""split"": ""fold_3""}, ""training"": {""batch_size"": 32, ""class_imbalance"": {""dataset_model_overrides"": [{""dataset"": ""BATADAL"", ""focal_gamma"": 2.0, ""loss_name"": ""focal"", ""model"": ""GRU""}], ""dataset_overrides"": {""SKAB"": {""use_pos_weight"": false}}, ""focal_gamma"": 2.0, ""loss_name"": ""bce"", ""pos_weight_strategy"": ""neg_pos_ratio"", ""use_pos_weight"": true}, ""early_stopping"": {""enabled"": true, ""mode"": ""min"", ""monitor"": ""val_loss"", ""patience"": 5}, ""epochs"": 50, ""optimizer"": ""adam"", ""threshold_tuning"": {""beta"": 2.0, ""dataset_overrides"": {""BATADAL"": {""metric"": ""f2""}, ""SKAB"": {""metric"": ""f1"", ""min_threshold"": 0.1}}, ""enabled"": true, ""end"": 0.99, ""metric"": ""f1"", ""start"": 0.01, ""step"": 0.01}}}",SKAB,"[""valve1"", ""valve2""]",anomaly,"[""datetime"", ""changepoint"", ""source_group"", ""source_file""]",source_file,0.6,0.2,0.2,True,mean,standard,True,1,16,1,False,32,True,0.0,0.05,cuda,[7],32,50,True,5,val_loss,min,True,neg_pos_ratio,bce,2.0,False,"[{""dataset"": ""BATADAL"", ""focal_gamma"": 2.0, ""loss_name"": ""focal"", ""model"": ""GRU""}]",True,f1,2.0,0.01,0.99,0.01,f2,f1,0.1,adam,0.1,4,3,4,1,True,levenshtein,True,0.0001,average_log_probability,0.05,DEEP,7,fold_3,CNN,cnn,True,,,,0.2,1,0.001,1.0,64.0,3.0,,,
SKAB,CNN,fold_3,7,tuned_threshold_weighted_loss,0.49,0.8640321500334897,0.979498861047836,0.7729179149191132,8,0.281697715887857,val_loss,0.281697715887857,1.0,bce,4398,0.3728238418412511,0.37717514124293783,0.39176898590268305,0.914506593906321,0.9793594306049822,0.7986070806732444,0.8797953964194374,"{""automata"": {""anomaly_threshold"": 0.1, ""decision"": {""fallback_quantile"": 0.05, ""score_field"": ""average_log_probability""}, ""paa"": {""window_size"": 4}, ""probability"": {""epsilon"": 0.0001, ""smoothing"": true}, ""sax"": {""alphabet_size"": 3}, ""sliding_window"": {""size"": 4, ""stride"": 1}, ""unseen_pattern"": {""enabled"": true, ""method"": ""levenshtein""}}, ""dataset"": {""config"": {""drop_columns"": [""datetime"", ""changepoint"", ""source_group"", ""source_file""], ""group_column"": ""source_file"", ""split"": {""test"": 0.2, ""train"": 0.6, ""validation"": 0.2}, ""target_column"": ""anomaly"", ""valve_folders"": [""valve1"", ""valve2""]}, ""name"": ""SKAB""}, ""model"": {""config"": {""architecture"": ""cnn"", ""dropout"": 0.2, ""enabled"": true, ""input_channels"": 1, ""kernel_size"": 3, ""learning_rate"": 0.001, ""num_filters"": 64, ""output_size"": 1}, ""name"": ""CNN""}, ""noise"": {""enabled"": true, ""gaussian_mean"": 0.0, ""gaussian_std"": 0.05}, ""preprocessing"": {""dataset_overrides"": {""SKAB"": {""pca"": {""enabled"": false}, ""sequence_length"": 32}}, ""missing_data"": {""enabled"": true, ""strategy"": ""mean""}, ""pca"": {""enabled"": true, ""n_components"": 1}, ""scaler"": ""standard"", ""sequence_length"": 16, ""sequence_stride"": 1}, ""project"": {""device"": ""cuda"", ""random_seeds"": [7]}, ""run"": {""family"": ""DEEP"", ""seed"": 7, ""split"": ""fold_3""}, ""training"": {""batch_size"": 32, ""class_imbalance"": {""dataset_model_overrides"": [{""dataset"": ""BATADAL"", ""focal_gamma"": 2.0, ""loss_name"": ""focal"", ""model"": ""GRU""}], ""dataset_overrides"": {""SKAB"": {""use_pos_weight"": false}}, ""focal_gamma"": 2.0, ""loss_name"": ""bce"", ""pos_weight_strategy"": ""neg_pos_ratio"", ""use_pos_weight"": true}, ""early_stopping"": {""enabled"": true, ""mode"": ""min"", ""monitor"": ""val_loss"", ""patience"": 5}, ""epochs"": 50, ""optimizer"": ""adam"", ""threshold_tuning"": {""beta"": 2.0, ""dataset_overrides"": {""BATADAL"": {""metric"": ""f2""}, ""SKAB"": {""metric"": ""f1"", ""min_threshold"": 0.1}}, ""enabled"": true, ""end"": 0.99, ""metric"": ""f1"", ""start"": 0.01, ""step"": 0.01}}}",SKAB,"[""valve1"", ""valve2""]",anomaly,"[""datetime"", ""changepoint"", ""source_group"", ""source_file""]",source_file,0.6,0.2,0.2,True,mean,standard,True,1,16,1,False,32,True,0.0,0.05,cuda,[7],32,50,True,5,val_loss,min,True,neg_pos_ratio,bce,2.0,False,"[{""dataset"": ""BATADAL"", ""focal_gamma"": 2.0, ""loss_name"": ""focal"", ""model"": ""GRU""}]",True,f1,2.0,0.01,0.99,0.01,f2,f1,0.1,adam,0.1,4,3,4,1,True,levenshtein,True,0.0001,average_log_probability,0.05,DEEP,7,fold_3,CNN,cnn,True,,,,0.2,1,0.001,1.0,64.0,3.0,,,
SKAB,LSTM,fold_4,7,baseline_0.5_threshold,0.5,0.8919437340153452,0.9971408148677627,0.8068247541931752,10,0.24027208125570562,val_loss,0.24027208125570562,1.0,bce,4505,0.37272592811714245,0.39728860294117646,0.3722530521642619,0.9029966703662597,0.9397163120567376,0.7901013714967203,0.8584386135406543,"{""automata"": {""anomaly_threshold"": 0.1, ""decision"": {""fallback_quantile"": 0.05, ""score_field"": ""average_log_probability""}, ""paa"": {""window_size"": 4}, ""probability"": {""epsilon"": 0.0001, ""smoothing"": true}, ""sax"": {""alphabet_size"": 3}, ""sliding_window"": {""size"": 4, ""stride"": 1}, ""unseen_pattern"": {""enabled"": true, ""method"": ""levenshtein""}}, ""dataset"": {""config"": {""drop_columns"": [""datetime"", ""changepoint"", ""source_group"", ""source_file""], ""group_column"": ""source_file"", ""split"": {""test"": 0.2, ""train"": 0.6, ""validation"": 0.2}, ""target_column"": ""anomaly"", ""valve_folders"": [""valve1"", ""valve2""]}, ""name"": ""SKAB""}, ""model"": {""config"": {""architecture"": ""lstm"", ""dropout"": 0.2, ""enabled"": true, ""hidden_size"": 64, ""input_size"": 1, ""learning_rate"": 0.001, ""num_layers"": 2, ""output_size"": 1}, ""name"": ""LSTM""}, ""noise"": {""enabled"": true, ""gaussian_mean"": 0.0, ""gaussian_std"": 0.05}, ""preprocessing"": {""dataset_overrides"": {""SKAB"": {""pca"": {""enabled"": false}, ""sequence_length"": 32}}, ""missing_data"": {""enabled"": true, ""strategy"": ""mean""}, ""pca"": {""enabled"": true, ""n_components"": 1}, ""scaler"": ""standard"", ""sequence_length"": 16, ""sequence_stride"": 1}, ""project"": {""device"": ""cuda"", ""random_seeds"": [7]}, ""run"": {""family"": ""DEEP"", ""seed"": 7, ""split"": ""fold_4""}, ""training"": {""batch_size"": 32, ""class_imbalance"": {""dataset_model_overrides"": [{""dataset"": ""BATADAL"", ""focal_gamma"": 2.0, ""loss_name"": ""focal"", ""model"": ""GRU""}], ""dataset_overrides"": {""SKAB"": {""use_pos_weight"": false}}, ""focal_gamma"": 2.0, ""loss_name"": ""bce"", ""pos_weight_strategy"": ""neg_pos_ratio"", ""use_pos_weight"": true}, ""early_stopping"": {""enabled"": true, ""mode"": ""min"", ""monitor"": ""val_loss"", ""patience"": 5}, ""epochs"": 50, ""optimizer"": ""adam"", ""threshold_tuning"": {""beta"": 2.0, ""dataset_overrides"": {""BATADAL"": {""metric"": ""f2""}, ""SKAB"": {""metric"": ""f1"", ""min_threshold"": 0.1}}, ""enabled"": true, ""end"": 0.99, ""metric"": ""f1"", ""start"": 0.01, ""step"": 0.01}}}",SKAB,"[""valve1"", ""valve2""]",anomaly,"[""datetime"", ""changepoint"", ""source_group"", ""source_file""]",source_file,0.6,0.2,0.2,True,mean,standard,True,1,16,1,False,32,True,0.0,0.05,cuda,[7],32,50,True,5,val_loss,min,True,neg_pos_ratio,bce,2.0,False,"[{""dataset"": ""BATADAL"", ""focal_gamma"": 2.0, ""loss_name"": ""focal"", ""model"": ""GRU""}]",True,f1,2.0,0.01,0.99,0.01,f2,f1,0.1,adam,0.1,4,3,4,1,True,levenshtein,True,0.0001,average_log_probability,0.05,DEEP,7,fold_4,LSTM,lstm,True,1.0,64.0,2.0,0.2,1,0.001,,,,,,
SKAB,LSTM,fold_4,7,tuned_threshold_weighted_loss,0.45,0.8919437340153452,0.9971408148677627,0.8068247541931752,10,0.24027208125570562,val_loss,0.24027208125570562,1.0,bce,4505,0.37272592811714245,0.39728860294117646,0.3722530521642619,0.9049944506104328,0.9388615600843289,0.7966607036374478,0.8619354838709677,"{""automata"": {""anomaly_threshold"": 0.1, ""decision"": {""fallback_quantile"": 0.05, ""score_field"": ""average_log_probability""}, ""paa"": {""window_size"": 4}, ""probability"": {""epsilon"": 0.0001, ""smoothing"": true}, ""sax"": {""alphabet_size"": 3}, ""sliding_window"": {""size"": 4, ""stride"": 1}, ""unseen_pattern"": {""enabled"": true, ""method"": ""levenshtein""}}, ""dataset"": {""config"": {""drop_columns"": [""datetime"", ""changepoint"", ""source_group"", ""source_file""], ""group_column"": ""source_file"", ""split"": {""test"": 0.2, ""train"": 0.6, ""validation"": 0.2}, ""target_column"": ""anomaly"", ""valve_folders"": [""valve1"", ""valve2""]}, ""name"": ""SKAB""}, ""model"": {""config"": {""architecture"": ""lstm"", ""dropout"": 0.2, ""enabled"": true, ""hidden_size"": 64, ""input_size"": 1, ""learning_rate"": 0.001, ""num_layers"": 2, ""output_size"": 1}, ""name"": ""LSTM""}, ""noise"": {""enabled"": true, ""gaussian_mean"": 0.0, ""gaussian_std"": 0.05}, ""preprocessing"": {""dataset_overrides"": {""SKAB"": {""pca"": {""enabled"": false}, ""sequence_length"": 32}}, ""missing_data"": {""enabled"": true, ""strategy"": ""mean""}, ""pca"": {""enabled"": true, ""n_components"": 1}, ""scaler"": ""standard"", ""sequence_length"": 16, ""sequence_stride"": 1}, ""project"": {""device"": ""cuda"", ""random_seeds"": [7]}, ""run"": {""family"": ""DEEP"", ""seed"": 7, ""split"": ""fold_4""}, ""training"": {""batch_size"": 32, ""class_imbalance"": {""dataset_model_overrides"": [{""dataset"": ""BATADAL"", ""focal_gamma"": 2.0, ""loss_name"": ""focal"", ""model"": ""GRU""}], ""dataset_overrides"": {""SKAB"": {""use_pos_weight"": false}}, ""focal_gamma"": 2.0, ""loss_name"": ""bce"", ""pos_weight_strategy"": ""neg_pos_ratio"", ""use_pos_weight"": true}, ""early_stopping"": {""enabled"": true, ""mode"": ""min"", ""monitor"": ""val_loss"", ""patience"": 5}, ""epochs"": 50, ""optimizer"": ""adam"", ""threshold_tuning"": {""beta"": 2.0, ""dataset_overrides"": {""BATADAL"": {""metric"": ""f2""}, ""SKAB"": {""metric"": ""f1"", ""min_threshold"": 0.1}}, ""enabled"": true, ""end"": 0.99, ""metric"": ""f1"", ""start"": 0.01, ""step"": 0.01}}}",SKAB,"[""valve1"", ""valve2""]",anomaly,"[""datetime"", ""changepoint"", ""source_group"", ""source_file""]",source_file,0.6,0.2,0.2,True,mean,standard,True,1,16,1,False,32,True,0.0,0.05,cuda,[7],32,50,True,5,val_loss,min,True,neg_pos_ratio,bce,2.0,False,"[{""dataset"": ""BATADAL"", ""focal_gamma"": 2.0, ""loss_name"": ""focal"", ""model"": ""GRU""}]",True,f1,2.0,0.01,0.99,0.01,f2,f1,0.1,adam,0.1,4,3,4,1,True,levenshtein,True,0.0001,average_log_probability,0.05,DEEP,7,fold_4,LSTM,lstm,True,1.0,64.0,2.0,0.2,1,0.001,,,,,,
SKAB,GRU,fold_4,7,baseline_0.5_threshold,0.5,0.8920863309352518,0.9713896457765667,0.8247541931752458,7,0.24530163404244162,val_loss,0.24530163404244162,1.0,bce,4505,0.37272592811714245,0.39728860294117646,0.3722530521642619,0.9369589345172031,1.0,0.8306499701848539,0.9074918566775244,"{""automata"": {""anomaly_threshold"": 0.1, ""decision"": {""fallback_quantile"": 0.05, ""score_field"": ""average_log_probability""}, ""paa"": {""window_size"": 4}, ""probability"": {""epsilon"": 0.0001, ""smoothing"": true}, ""sax"": {""alphabet_size"": 3}, ""sliding_window"": {""size"": 4, ""stride"": 1}, ""unseen_pattern"": {""enabled"": true, ""method"": ""levenshtein""}}, ""dataset"": {""config"": {""drop_columns"": [""datetime"", ""changepoint"", ""source_group"", ""source_file""], ""group_column"": ""source_file"", ""split"": {""test"": 0.2, ""train"": 0.6, ""validation"": 0.2}, ""target_column"": ""anomaly"", ""valve_folders"": [""valve1"", ""valve2""]}, ""name"": ""SKAB""}, ""model"": {""config"": {""architecture"": ""gru"", ""dropout"": 0.2, ""enabled"": true, ""hidden_size"": 64, ""input_size"": 1, ""learning_rate"": 0.001, ""num_layers"": 2, ""output_size"": 1}, ""name"": ""GRU""}, ""noise"": {""enabled"": true, ""gaussian_mean"": 0.0, ""gaussian_std"": 0.05}, ""preprocessing"": {""dataset_overrides"": {""SKAB"": {""pca"": {""enabled"": false}, ""sequence_length"": 32}}, ""missing_data"": {""enabled"": true, ""strategy"": ""mean""}, ""pca"": {""enabled"": true, ""n_components"": 1}, ""scaler"": ""standard"", ""sequence_length"": 16, ""sequence_stride"": 1}, ""project"": {""device"": ""cuda"", ""random_seeds"": [7]}, ""run"": {""family"": ""DEEP"", ""seed"": 7, ""split"": ""fold_4""}, ""training"": {""batch_size"": 32, ""class_imbalance"": {""dataset_model_overrides"": [{""dataset"": ""BATADAL"", ""focal_gamma"": 2.0, ""loss_name"": ""focal"", ""model"": ""GRU""}], ""dataset_overrides"": {""SKAB"": {""use_pos_weight"": false}}, ""focal_gamma"": 2.0, ""loss_name"": ""bce"", ""pos_weight_strategy"": ""neg_pos_ratio"", ""use_pos_weight"": true}, ""early_stopping"": {""enabled"": true, ""mode"": ""min"", ""monitor"": ""val_loss"", ""patience"": 5}, ""epochs"": 50, ""optimizer"": ""adam"", ""threshold_tuning"": {""beta"": 2.0, ""dataset_overrides"": {""BATADAL"": {""metric"": ""f2""}, ""SKAB"": {""metric"": ""f1"", ""min_threshold"": 0.1}}, ""enabled"": true, ""end"": 0.99, ""metric"": ""f1"", ""start"": 0.01, ""step"": 0.01}}}",SKAB,"[""valve1"", ""valve2""]",anomaly,"[""datetime"", ""changepoint"", ""source_group"", ""source_file""]",source_file,0.6,0.2,0.2,True,mean,standard,True,1,16,1,False,32,True,0.0,0.05,cuda,[7],32,50,True,5,val_loss,min,True,neg_pos_ratio,bce,2.0,False,"[{""dataset"": ""BATADAL"", ""focal_gamma"": 2.0, ""loss_name"": ""focal"", ""model"": ""GRU""}]",True,f1,2.0,0.01,0.99,0.01,f2,f1,0.1,adam,0.1,4,3,4,1,True,levenshtein,True,0.0001,average_log_probability,0.05,DEEP,7,fold_4,GRU,gru,True,1.0,64.0,2.0,0.2,1,0.001,,,,,,
SKAB,GRU,fold_4,7,tuned_threshold_weighted_loss,0.2,0.8920863309352518,0.9713896457765667,0.8247541931752458,7,0.24530163404244162,val_loss,0.24530163404244162,1.0,bce,4505,0.37272592811714245,0.39728860294117646,0.3722530521642619,0.9402885682574916,0.9888888888888889,0.8491353607632678,0.9136990696182227,"{""automata"": {""anomaly_threshold"": 0.1, ""decision"": {""fallback_quantile"": 0.05, ""score_field"": ""average_log_probability""}, ""paa"": {""window_size"": 4}, ""probability"": {""epsilon"": 0.0001, ""smoothing"": true}, ""sax"": {""alphabet_size"": 3}, ""sliding_window"": {""size"": 4, ""stride"": 1}, ""unseen_pattern"": {""enabled"": true, ""method"": ""levenshtein""}}, ""dataset"": {""config"": {""drop_columns"": [""datetime"", ""changepoint"", ""source_group"", ""source_file""], ""group_column"": ""source_file"", ""split"": {""test"": 0.2, ""train"": 0.6, ""validation"": 0.2}, ""target_column"": ""anomaly"", ""valve_folders"": [""valve1"", ""valve2""]}, ""name"": ""SKAB""}, ""model"": {""config"": {""architecture"": ""gru"", ""dropout"": 0.2, ""enabled"": true, ""hidden_size"": 64, ""input_size"": 1, ""learning_rate"": 0.001, ""num_layers"": 2, ""output_size"": 1}, ""name"": ""GRU""}, ""noise"": {""enabled"": true, ""gaussian_mean"": 0.0, ""gaussian_std"": 0.05}, ""preprocessing"": {""dataset_overrides"": {""SKAB"": {""pca"": {""enabled"": false}, ""sequence_length"": 32}}, ""missing_data"": {""enabled"": true, ""strategy"": ""mean""}, ""pca"": {""enabled"": true, ""n_components"": 1}, ""scaler"": ""standard"", ""sequence_length"": 16, ""sequence_stride"": 1}, ""project"": {""device"": ""cuda"", ""random_seeds"": [7]}, ""run"": {""family"": ""DEEP"", ""seed"": 7, ""split"": ""fold_4""}, ""training"": {""batch_size"": 32, ""class_imbalance"": {""dataset_model_overrides"": [{""dataset"": ""BATADAL"", ""focal_gamma"": 2.0, ""loss_name"": ""focal"", ""model"": ""GRU""}], ""dataset_overrides"": {""SKAB"": {""use_pos_weight"": false}}, ""focal_gamma"": 2.0, ""loss_name"": ""bce"", ""pos_weight_strategy"": ""neg_pos_ratio"", ""use_pos_weight"": true}, ""early_stopping"": {""enabled"": true, ""mode"": ""min"", ""monitor"": ""val_loss"", ""patience"": 5}, ""epochs"": 50, ""optimizer"": ""adam"", ""threshold_tuning"": {""beta"": 2.0, ""dataset_overrides"": {""BATADAL"": {""metric"": ""f2""}, ""SKAB"": {""metric"": ""f1"", ""min_threshold"": 0.1}}, ""enabled"": true, ""end"": 0.99, ""metric"": ""f1"", ""start"": 0.01, ""step"": 0.01}}}",SKAB,"[""valve1"", ""valve2""]",anomaly,"[""datetime"", ""changepoint"", ""source_group"", ""source_file""]",source_file,0.6,0.2,0.2,True,mean,standard,True,1,16,1,False,32,True,0.0,0.05,cuda,[7],32,50,True,5,val_loss,min,True,neg_pos_ratio,bce,2.0,False,"[{""dataset"": ""BATADAL"", ""focal_gamma"": 2.0, ""loss_name"": ""focal"", ""model"": ""GRU""}]",True,f1,2.0,0.01,0.99,0.01,f2,f1,0.1,adam,0.1,4,3,4,1,True,levenshtein,True,0.0001,average_log_probability,0.05,DEEP,7,fold_4,GRU,gru,True,1.0,64.0,2.0,0.2,1,0.001,,,,,,
SKAB,CNN,fold_4,7,baseline_0.5_threshold,0.5,0.8801770471071767,0.9707112970711297,0.8050896471949104,10,0.25096485610083213,val_loss,0.25096485610083213,1.0,bce,4505,0.37272592811714245,0.39728860294117646,0.3722530521642619,0.9309655937846837,1.0,0.8145497912939773,0.8977982254354255,"{""automata"": {""anomaly_threshold"": 0.1, ""decision"": {""fallback_quantile"": 0.05, ""score_field"": ""average_log_probability""}, ""paa"": {""window_size"": 4}, ""probability"": {""epsilon"": 0.0001, ""smoothing"": true}, ""sax"": {""alphabet_size"": 3}, ""sliding_window"": {""size"": 4, ""stride"": 1}, ""unseen_pattern"": {""enabled"": true, ""method"": ""levenshtein""}}, ""dataset"": {""config"": {""drop_columns"": [""datetime"", ""changepoint"", ""source_group"", ""source_file""], ""group_column"": ""source_file"", ""split"": {""test"": 0.2, ""train"": 0.6, ""validation"": 0.2}, ""target_column"": ""anomaly"", ""valve_folders"": [""valve1"", ""valve2""]}, ""name"": ""SKAB""}, ""model"": {""config"": {""architecture"": ""cnn"", ""dropout"": 0.2, ""enabled"": true, ""input_channels"": 1, ""kernel_size"": 3, ""learning_rate"": 0.001, ""num_filters"": 64, ""output_size"": 1}, ""name"": ""CNN""}, ""noise"": {""enabled"": true, ""gaussian_mean"": 0.0, ""gaussian_std"": 0.05}, ""preprocessing"": {""dataset_overrides"": {""SKAB"": {""pca"": {""enabled"": false}, ""sequence_length"": 32}}, ""missing_data"": {""enabled"": true, ""strategy"": ""mean""}, ""pca"": {""enabled"": true, ""n_components"": 1}, ""scaler"": ""standard"", ""sequence_length"": 16, ""sequence_stride"": 1}, ""project"": {""device"": ""cuda"", ""random_seeds"": [7]}, ""run"": {""family"": ""DEEP"", ""seed"": 7, ""split"": ""fold_4""}, ""training"": {""batch_size"": 32, ""class_imbalance"": {""dataset_model_overrides"": [{""dataset"": ""BATADAL"", ""focal_gamma"": 2.0, ""loss_name"": ""focal"", ""model"": ""GRU""}], ""dataset_overrides"": {""SKAB"": {""use_pos_weight"": false}}, ""focal_gamma"": 2.0, ""loss_name"": ""bce"", ""pos_weight_strategy"": ""neg_pos_ratio"", ""use_pos_weight"": true}, ""early_stopping"": {""enabled"": true, ""mode"": ""min"", ""monitor"": ""val_loss"", ""patience"": 5}, ""epochs"": 50, ""optimizer"": ""adam"", ""threshold_tuning"": {""beta"": 2.0, ""dataset_overrides"": {""BATADAL"": {""metric"": ""f2""}, ""SKAB"": {""metric"": ""f1"", ""min_threshold"": 0.1}}, ""enabled"": true, ""end"": 0.99, ""metric"": ""f1"", ""start"": 0.01, ""step"": 0.01}}}",SKAB,"[""valve1"", ""valve2""]",anomaly,"[""datetime"", ""changepoint"", ""source_group"", ""source_file""]",source_file,0.6,0.2,0.2,True,mean,standard,True,1,16,1,False,32,True,0.0,0.05,cuda,[7],32,50,True,5,val_loss,min,True,neg_pos_ratio,bce,2.0,False,"[{""dataset"": ""BATADAL"", ""focal_gamma"": 2.0, ""loss_name"": ""focal"", ""model"": ""GRU""}]",True,f1,2.0,0.01,0.99,0.01,f2,f1,0.1,adam,0.1,4,3,4,1,True,levenshtein,True,0.0001,average_log_probability,0.05,DEEP,7,fold_4,CNN,cnn,True,,,,0.2,1,0.001,1.0,64.0,3.0,,,
SKAB,CNN,fold_4,7,tuned_threshold_weighted_loss,0.37,0.8801770471071767,0.9707112970711297,0.8050896471949104,10,0.25096485610083213,val_loss,0.25096485610083213,1.0,bce,4505,0.37272592811714245,0.39728860294117646,0.3722530521642619,0.9334073251942286,0.9949676491732566,0.8252832438878951,0.9022164276401564,"{""automata"": {""anomaly_threshold"": 0.1, ""decision"": {""fallback_quantile"": 0.05, ""score_field"": ""average_log_probability""}, ""paa"": {""window_size"": 4}, ""probability"": {""epsilon"": 0.0001, ""smoothing"": true}, ""sax"": {""alphabet_size"": 3}, ""sliding_window"": {""size"": 4, ""stride"": 1}, ""unseen_pattern"": {""enabled"": true, ""method"": ""levenshtein""}}, ""dataset"": {""config"": {""drop_columns"": [""datetime"", ""changepoint"", ""source_group"", ""source_file""], ""group_column"": ""source_file"", ""split"": {""test"": 0.2, ""train"": 0.6, ""validation"": 0.2}, ""target_column"": ""anomaly"", ""valve_folders"": [""valve1"", ""valve2""]}, ""name"": ""SKAB""}, ""model"": {""config"": {""architecture"": ""cnn"", ""dropout"": 0.2, ""enabled"": true, ""input_channels"": 1, ""kernel_size"": 3, ""learning_rate"": 0.001, ""num_filters"": 64, ""output_size"": 1}, ""name"": ""CNN""}, ""noise"": {""enabled"": true, ""gaussian_mean"": 0.0, ""gaussian_std"": 0.05}, ""preprocessing"": {""dataset_overrides"": {""SKAB"": {""pca"": {""enabled"": false}, ""sequence_length"": 32}}, ""missing_data"": {""enabled"": true, ""strategy"": ""mean""}, ""pca"": {""enabled"": true, ""n_components"": 1}, ""scaler"": ""standard"", ""sequence_length"": 16, ""sequence_stride"": 1}, ""project"": {""device"": ""cuda"", ""random_seeds"": [7]}, ""run"": {""family"": ""DEEP"", ""seed"": 7, ""split"": ""fold_4""}, ""training"": {""batch_size"": 32, ""class_imbalance"": {""dataset_model_overrides"": [{""dataset"": ""BATADAL"", ""focal_gamma"": 2.0, ""loss_name"": ""focal"", ""model"": ""GRU""}], ""dataset_overrides"": {""SKAB"": {""use_pos_weight"": false}}, ""focal_gamma"": 2.0, ""loss_name"": ""bce"", ""pos_weight_strategy"": ""neg_pos_ratio"", ""use_pos_weight"": true}, ""early_stopping"": {""enabled"": true, ""mode"": ""min"", ""monitor"": ""val_loss"", ""patience"": 5}, ""epochs"": 50, ""optimizer"": ""adam"", ""threshold_tuning"": {""beta"": 2.0, ""dataset_overrides"": {""BATADAL"": {""metric"": ""f2""}, ""SKAB"": {""metric"": ""f1"", ""min_threshold"": 0.1}}, ""enabled"": true, ""end"": 0.99, ""metric"": ""f1"", ""start"": 0.01, ""step"": 0.01}}}",SKAB,"[""valve1"", ""valve2""]",anomaly,"[""datetime"", ""changepoint"", ""source_group"", ""source_file""]",source_file,0.6,0.2,0.2,True,mean,standard,True,1,16,1,False,32,True,0.0,0.05,cuda,[7],32,50,True,5,val_loss,min,True,neg_pos_ratio,bce,2.0,False,"[{""dataset"": ""BATADAL"", ""focal_gamma"": 2.0, ""loss_name"": ""focal"", ""model"": ""GRU""}]",True,f1,2.0,0.01,0.99,0.01,f2,f1,0.1,adam,0.1,4,3,4,1,True,levenshtein,True,0.0001,average_log_probability,0.05,DEEP,7,fold_4,CNN,cnn,True,,,,0.2,1,0.001,1.0,64.0,3.0,,,
SKAB,LSTM,fold_0,999,baseline_0.5_threshold,0.5,0.9134406263592867,0.9990485252140818,0.8413461538461539,10,0.20530561520911833,val_loss,0.20530561520911833,1.0,bce,4471,0.38063806380638066,0.37098692033293695,0.371728919704764,0.8691567881905614,0.8162066940692895,0.8363417569193743,0.826151560178306,"{""automata"": {""anomaly_threshold"": 0.1, ""decision"": {""fallback_quantile"": 0.05, ""score_field"": ""average_log_probability""}, ""paa"": {""window_size"": 4}, ""probability"": {""epsilon"": 0.0001, ""smoothing"": true}, ""sax"": {""alphabet_size"": 3}, ""sliding_window"": {""size"": 4, ""stride"": 1}, ""unseen_pattern"": {""enabled"": true, ""method"": ""levenshtein""}}, ""dataset"": {""config"": {""drop_columns"": [""datetime"", ""changepoint"", ""source_group"", ""source_file""], ""group_column"": ""source_file"", ""split"": {""test"": 0.2, ""train"": 0.6, ""validation"": 0.2}, ""target_column"": ""anomaly"", ""valve_folders"": [""valve1"", ""valve2""]}, ""name"": ""SKAB""}, ""model"": {""config"": {""architecture"": ""lstm"", ""dropout"": 0.2, ""enabled"": true, ""hidden_size"": 64, ""input_size"": 1, ""learning_rate"": 0.001, ""num_layers"": 2, ""output_size"": 1}, ""name"": ""LSTM""}, ""noise"": {""enabled"": true, ""gaussian_mean"": 0.0, ""gaussian_std"": 0.05}, ""preprocessing"": {""dataset_overrides"": {""SKAB"": {""pca"": {""enabled"": false}, ""sequence_length"": 32}}, ""missing_data"": {""enabled"": true, ""strategy"": ""mean""}, ""pca"": {""enabled"": true, ""n_components"": 1}, ""scaler"": ""standard"", ""sequence_length"": 16, ""sequence_stride"": 1}, ""project"": {""device"": ""cuda"", ""random_seeds"": [999]}, ""run"": {""family"": ""DEEP"", ""seed"": 999, ""split"": ""fold_0""}, ""training"": {""batch_size"": 32, ""class_imbalance"": {""dataset_model_overrides"": [{""dataset"": ""BATADAL"", ""focal_gamma"": 2.0, ""loss_name"": ""focal"", ""model"": ""GRU""}], ""dataset_overrides"": {""SKAB"": {""use_pos_weight"": false}}, ""focal_gamma"": 2.0, ""loss_name"": ""bce"", ""pos_weight_strategy"": ""neg_pos_ratio"", ""use_pos_weight"": true}, ""early_stopping"": {""enabled"": true, ""mode"": ""min"", ""monitor"": ""val_loss"", ""patience"": 5}, ""epochs"": 50, ""optimizer"": ""adam"", ""threshold_tuning"": {""beta"": 2.0, ""dataset_overrides"": {""BATADAL"": {""metric"": ""f2""}, ""SKAB"": {""metric"": ""f1"", ""min_threshold"": 0.1}}, ""enabled"": true, ""end"": 0.99, ""metric"": ""f1"", ""start"": 0.01, ""step"": 0.01}}}",SKAB,"[""valve1"", ""valve2""]",anomaly,"[""datetime"", ""changepoint"", ""source_group"", ""source_file""]",source_file,0.6,0.2,0.2,True,mean,standard,True,1,16,1,False,32,True,0.0,0.05,cuda,[999],32,50,True,5,val_loss,min,True,neg_pos_ratio,bce,2.0,False,"[{""dataset"": ""BATADAL"", ""focal_gamma"": 2.0, ""loss_name"": ""focal"", ""model"": ""GRU""}]",True,f1,2.0,0.01,0.99,0.01,f2,f1,0.1,adam,0.1,4,3,4,1,True,levenshtein,True,0.0001,average_log_probability,0.05,DEEP,999,fold_0,LSTM,lstm,True,1.0,64.0,2.0,0.2,1,0.001,,,,,,
SKAB,LSTM,fold_0,999,tuned_threshold_weighted_loss,0.19,0.9134406263592867,0.9990485252140818,0.8413461538461539,10,0.20530561520911833,val_loss,0.20530561520911833,1.0,bce,4471,0.38063806380638066,0.37098692033293695,0.371728919704764,0.8239767389845672,0.7249357326478149,0.8483754512635379,0.7818131411144996,"{""automata"": {""anomaly_threshold"": 0.1, ""decision"": {""fallback_quantile"": 0.05, ""score_field"": ""average_log_probability""}, ""paa"": {""window_size"": 4}, ""probability"": {""epsilon"": 0.0001, ""smoothing"": true}, ""sax"": {""alphabet_size"": 3}, ""sliding_window"": {""size"": 4, ""stride"": 1}, ""unseen_pattern"": {""enabled"": true, ""method"": ""levenshtein""}}, ""dataset"": {""config"": {""drop_columns"": [""datetime"", ""changepoint"", ""source_group"", ""source_file""], ""group_column"": ""source_file"", ""split"": {""test"": 0.2, ""train"": 0.6, ""validation"": 0.2}, ""target_column"": ""anomaly"", ""valve_folders"": [""valve1"", ""valve2""]}, ""name"": ""SKAB""}, ""model"": {""config"": {""architecture"": ""lstm"", ""dropout"": 0.2, ""enabled"": true, ""hidden_size"": 64, ""input_size"": 1, ""learning_rate"": 0.001, ""num_layers"": 2, ""output_size"": 1}, ""name"": ""LSTM""}, ""noise"": {""enabled"": true, ""gaussian_mean"": 0.0, ""gaussian_std"": 0.05}, ""preprocessing"": {""dataset_overrides"": {""SKAB"": {""pca"": {""enabled"": false}, ""sequence_length"": 32}}, ""missing_data"": {""enabled"": true, ""strategy"": ""mean""}, ""pca"": {""enabled"": true, ""n_components"": 1}, ""scaler"": ""standard"", ""sequence_length"": 16, ""sequence_stride"": 1}, ""project"": {""device"": ""cuda"", ""random_seeds"": [999]}, ""run"": {""family"": ""DEEP"", ""seed"": 999, ""split"": ""fold_0""}, ""training"": {""batch_size"": 32, ""class_imbalance"": {""dataset_model_overrides"": [{""dataset"": ""BATADAL"", ""focal_gamma"": 2.0, ""loss_name"": ""focal"", ""model"": ""GRU""}], ""dataset_overrides"": {""SKAB"": {""use_pos_weight"": false}}, ""focal_gamma"": 2.0, ""loss_name"": ""bce"", ""pos_weight_strategy"": ""neg_pos_ratio"", ""use_pos_weight"": true}, ""early_stopping"": {""enabled"": true, ""mode"": ""min"", ""monitor"": ""val_loss"", ""patience"": 5}, ""epochs"": 50, ""optimizer"": ""adam"", ""threshold_tuning"": {""beta"": 2.0, ""dataset_overrides"": {""BATADAL"": {""metric"": ""f2""}, ""SKAB"": {""metric"": ""f1"", ""min_threshold"": 0.1}}, ""enabled"": true, ""end"": 0.99, ""metric"": ""f1"", ""start"": 0.01, ""step"": 0.01}}}",SKAB,"[""valve1"", ""valve2""]",anomaly,"[""datetime"", ""changepoint"", ""source_group"", ""source_file""]",source_file,0.6,0.2,0.2,True,mean,standard,True,1,16,1,False,32,True,0.0,0.05,cuda,[999],32,50,True,5,val_loss,min,True,neg_pos_ratio,bce,2.0,False,"[{""dataset"": ""BATADAL"", ""focal_gamma"": 2.0, ""loss_name"": ""focal"", ""model"": ""GRU""}]",True,f1,2.0,0.01,0.99,0.01,f2,f1,0.1,adam,0.1,4,3,4,1,True,levenshtein,True,0.0001,average_log_probability,0.05,DEEP,999,fold_0,LSTM,lstm,True,1.0,64.0,2.0,0.2,1,0.001,,,,,,
SKAB,GRU,fold_0,999,baseline_0.5_threshold,0.5,0.9154746423927178,0.9971671388101983,0.8461538461538461,10,0.19875461351434842,val_loss,0.19875461351434842,1.0,bce,4471,0.38063806380638066,0.37098692033293695,0.371728919704764,0.8566316260344442,0.7822001105583195,0.8513838748495788,0.815326995102276,"{""automata"": {""anomaly_threshold"": 0.1, ""decision"": {""fallback_quantile"": 0.05, ""score_field"": ""average_log_probability""}, ""paa"": {""window_size"": 4}, ""probability"": {""epsilon"": 0.0001, ""smoothing"": true}, ""sax"": {""alphabet_size"": 3}, ""sliding_window"": {""size"": 4, ""stride"": 1}, ""unseen_pattern"": {""enabled"": true, ""method"": ""levenshtein""}}, ""dataset"": {""config"": {""drop_columns"": [""datetime"", ""changepoint"", ""source_group"", ""source_file""], ""group_column"": ""source_file"", ""split"": {""test"": 0.2, ""train"": 0.6, ""validation"": 0.2}, ""target_column"": ""anomaly"", ""valve_folders"": [""valve1"", ""valve2""]}, ""name"": ""SKAB""}, ""model"": {""config"": {""architecture"": ""gru"", ""dropout"": 0.2, ""enabled"": true, ""hidden_size"": 64, ""input_size"": 1, ""learning_rate"": 0.001, ""num_layers"": 2, ""output_size"": 1}, ""name"": ""GRU""}, ""noise"": {""enabled"": true, ""gaussian_mean"": 0.0, ""gaussian_std"": 0.05}, ""preprocessing"": {""dataset_overrides"": {""SKAB"": {""pca"": {""enabled"": false}, ""sequence_length"": 32}}, ""missing_data"": {""enabled"": true, ""strategy"": ""mean""}, ""pca"": {""enabled"": true, ""n_components"": 1}, ""scaler"": ""standard"", ""sequence_length"": 16, ""sequence_stride"": 1}, ""project"": {""device"": ""cuda"", ""random_seeds"": [999]}, ""run"": {""family"": ""DEEP"", ""seed"": 999, ""split"": ""fold_0""}, ""training"": {""batch_size"": 32, ""class_imbalance"": {""dataset_model_overrides"": [{""dataset"": ""BATADAL"", ""focal_gamma"": 2.0, ""loss_name"": ""focal"", ""model"": ""GRU""}], ""dataset_overrides"": {""SKAB"": {""use_pos_weight"": false}}, ""focal_gamma"": 2.0, ""loss_name"": ""bce"", ""pos_weight_strategy"": ""neg_pos_ratio"", ""use_pos_weight"": true}, ""early_stopping"": {""enabled"": true, ""mode"": ""min"", ""monitor"": ""val_loss"", ""patience"": 5}, ""epochs"": 50, ""optimizer"": ""adam"", ""threshold_tuning"": {""beta"": 2.0, ""dataset_overrides"": {""BATADAL"": {""metric"": ""f2""}, ""SKAB"": {""metric"": ""f1"", ""min_threshold"": 0.1}}, ""enabled"": true, ""end"": 0.99, ""metric"": ""f1"", ""start"": 0.01, ""step"": 0.01}}}",SKAB,"[""valve1"", ""valve2""]",anomaly,"[""datetime"", ""changepoint"", ""source_group"", ""source_file""]",source_file,0.6,0.2,0.2,True,mean,standard,True,1,16,1,False,32,True,0.0,0.05,cuda,[999],32,50,True,5,val_loss,min,True,neg_pos_ratio,bce,2.0,False,"[{""dataset"": ""BATADAL"", ""focal_gamma"": 2.0, ""loss_name"": ""focal"", ""model"": ""GRU""}]",True,f1,2.0,0.01,0.99,0.01,f2,f1,0.1,adam,0.1,4,3,4,1,True,levenshtein,True,0.0001,average_log_probability,0.05,DEEP,999,fold_0,GRU,gru,True,1.0,64.0,2.0,0.2,1,0.001,,,,,,
SKAB,GRU,fold_0,999,tuned_threshold_weighted_loss,0.24,0.9154746423927178,0.9971671388101983,0.8461538461538461,10,0.19875461351434842,val_loss,0.19875461351434842,1.0,bce,4471,0.38063806380638066,0.37098692033293695,0.371728919704764,0.8264370386938045,0.7253306205493387,0.8580024067388689,0.7861080485115767,"{""automata"": {""anomaly_threshold"": 0.1, ""decision"": {""fallback_quantile"": 0.05, ""score_field"": ""average_log_probability""}, ""paa"": {""window_size"": 4}, ""probability"": {""epsilon"": 0.0001, ""smoothing"": true}, ""sax"": {""alphabet_size"": 3}, ""sliding_window"": {""size"": 4, ""stride"": 1}, ""unseen_pattern"": {""enabled"": true, ""method"": ""levenshtein""}}, ""dataset"": {""config"": {""drop_columns"": [""datetime"", ""changepoint"", ""source_group"", ""source_file""], ""group_column"": ""source_file"", ""split"": {""test"": 0.2, ""train"": 0.6, ""validation"": 0.2}, ""target_column"": ""anomaly"", ""valve_folders"": [""valve1"", ""valve2""]}, ""name"": ""SKAB""}, ""model"": {""config"": {""architecture"": ""gru"", ""dropout"": 0.2, ""enabled"": true, ""hidden_size"": 64, ""input_size"": 1, ""learning_rate"": 0.001, ""num_layers"": 2, ""output_size"": 1}, ""name"": ""GRU""}, ""noise"": {""enabled"": true, ""gaussian_mean"": 0.0, ""gaussian_std"": 0.05}, ""preprocessing"": {""dataset_overrides"": {""SKAB"": {""pca"": {""enabled"": false}, ""sequence_length"": 32}}, ""missing_data"": {""enabled"": true, ""strategy"": ""mean""}, ""pca"": {""enabled"": true, ""n_components"": 1}, ""scaler"": ""standard"", ""sequence_length"": 16, ""sequence_stride"": 1}, ""project"": {""device"": ""cuda"", ""random_seeds"": [999]}, ""run"": {""family"": ""DEEP"", ""seed"": 999, ""split"": ""fold_0""}, ""training"": {""batch_size"": 32, ""class_imbalance"": {""dataset_model_overrides"": [{""dataset"": ""BATADAL"", ""focal_gamma"": 2.0, ""loss_name"": ""focal"", ""model"": ""GRU""}], ""dataset_overrides"": {""SKAB"": {""use_pos_weight"": false}}, ""focal_gamma"": 2.0, ""loss_name"": ""bce"", ""pos_weight_strategy"": ""neg_pos_ratio"", ""use_pos_weight"": true}, ""early_stopping"": {""enabled"": true, ""mode"": ""min"", ""monitor"": ""val_loss"", ""patience"": 5}, ""epochs"": 50, ""optimizer"": ""adam"", ""threshold_tuning"": {""beta"": 2.0, ""dataset_overrides"": {""BATADAL"": {""metric"": ""f2""}, ""SKAB"": {""metric"": ""f1"", ""min_threshold"": 0.1}}, ""enabled"": true, ""end"": 0.99, ""metric"": ""f1"", ""start"": 0.01, ""step"": 0.01}}}",SKAB,"[""valve1"", ""valve2""]",anomaly,"[""datetime"", ""changepoint"", ""source_group"", ""source_file""]",source_file,0.6,0.2,0.2,True,mean,standard,True,1,16,1,False,32,True,0.0,0.05,cuda,[999],32,50,True,5,val_loss,min,True,neg_pos_ratio,bce,2.0,False,"[{""dataset"": ""BATADAL"", ""focal_gamma"": 2.0, ""loss_name"": ""focal"", ""model"": ""GRU""}]",True,f1,2.0,0.01,0.99,0.01,f2,f1,0.1,adam,0.1,4,3,4,1,True,levenshtein,True,0.0001,average_log_probability,0.05,DEEP,999,fold_0,GRU,gru,True,1.0,64.0,2.0,0.2,1,0.001,,,,,,
SKAB,CNN,fold_0,999,baseline_0.5_threshold,0.5,0.9062634989200864,0.9831302717900656,0.8405448717948718,13,0.23674629806468128,val_loss,0.23674629806468128,1.0,bce,4471,0.38063806380638066,0.37098692033293695,0.371728919704764,0.8631178707224335,0.8151260504201681,0.8170878459687124,0.8161057692307693,"{""automata"": {""anomaly_threshold"": 0.1, ""decision"": {""fallback_quantile"": 0.05, ""score_field"": ""average_log_probability""}, ""paa"": {""window_size"": 4}, ""probability"": {""epsilon"": 0.0001, ""smoothing"": true}, ""sax"": {""alphabet_size"": 3}, ""sliding_window"": {""size"": 4, ""stride"": 1}, ""unseen_pattern"": {""enabled"": true, ""method"": ""levenshtein""}}, ""dataset"": {""config"": {""drop_columns"": [""datetime"", ""changepoint"", ""source_group"", ""source_file""], ""group_column"": ""source_file"", ""split"": {""test"": 0.2, ""train"": 0.6, ""validation"": 0.2}, ""target_column"": ""anomaly"", ""valve_folders"": [""valve1"", ""valve2""]}, ""name"": ""SKAB""}, ""model"": {""config"": {""architecture"": ""cnn"", ""dropout"": 0.2, ""enabled"": true, ""input_channels"": 1, ""kernel_size"": 3, ""learning_rate"": 0.001, ""num_filters"": 64, ""output_size"": 1}, ""name"": ""CNN""}, ""noise"": {""enabled"": true, ""gaussian_mean"": 0.0, ""gaussian_std"": 0.05}, ""preprocessing"": {""dataset_overrides"": {""SKAB"": {""pca"": {""enabled"": false}, ""sequence_length"": 32}}, ""missing_data"": {""enabled"": true, ""strategy"": ""mean""}, ""pca"": {""enabled"": true, ""n_components"": 1}, ""scaler"": ""standard"", ""sequence_length"": 16, ""sequence_stride"": 1}, ""project"": {""device"": ""cuda"", ""random_seeds"": [999]}, ""run"": {""family"": ""DEEP"", ""seed"": 999, ""split"": ""fold_0""}, ""training"": {""batch_size"": 32, ""class_imbalance"": {""dataset_model_overrides"": [{""dataset"": ""BATADAL"", ""focal_gamma"": 2.0, ""loss_name"": ""focal"", ""model"": ""GRU""}], ""dataset_overrides"": {""SKAB"": {""use_pos_weight"": false}}, ""focal_gamma"": 2.0, ""loss_name"": ""bce"", ""pos_weight_strategy"": ""neg_pos_ratio"", ""use_pos_weight"": true}, ""early_stopping"": {""enabled"": true, ""mode"": ""min"", ""monitor"": ""val_loss"", ""patience"": 5}, ""epochs"": 50, ""optimizer"": ""adam"", ""threshold_tuning"": {""beta"": 2.0, ""dataset_overrides"": {""BATADAL"": {""metric"": ""f2""}, ""SKAB"": {""metric"": ""f1"", ""min_threshold"": 0.1}}, ""enabled"": true, ""end"": 0.99, ""metric"": ""f1"", ""start"": 0.01, ""step"": 0.01}}}",SKAB,"[""valve1"", ""valve2""]",anomaly,"[""datetime"", ""changepoint"", ""source_group"", ""source_file""]",source_file,0.6,0.2,0.2,True,mean,standard,True,1,16,1,False,32,True,0.0,0.05,cuda,[999],32,50,True,5,val_loss,min,True,neg_pos_ratio,bce,2.0,False,"[{""dataset"": ""BATADAL"", ""focal_gamma"": 2.0, ""loss_name"": ""focal"", ""model"": ""GRU""}]",True,f1,2.0,0.01,0.99,0.01,f2,f1,0.1,adam,0.1,4,3,4,1,True,levenshtein,True,0.0001,average_log_probability,0.05,DEEP,999,fold_0,CNN,cnn,True,,,,0.2,1,0.001,1.0,64.0,3.0,,,
SKAB,CNN,fold_0,999,tuned_threshold_weighted_loss,0.21,0.9062634989200864,0.9831302717900656,0.8405448717948718,13,0.23674629806468128,val_loss,0.23674629806468128,1.0,bce,4471,0.38063806380638066,0.37098692033293695,0.371728919704764,0.7667188548423172,0.637616718541574,0.8628158844765343,0.7333162873945283,"{""automata"": {""anomaly_threshold"": 0.1, ""decision"": {""fallback_quantile"": 0.05, ""score_field"": ""average_log_probability""}, ""paa"": {""window_size"": 4}, ""probability"": {""epsilon"": 0.0001, ""smoothing"": true}, ""sax"": {""alphabet_size"": 3}, ""sliding_window"": {""size"": 4, ""stride"": 1}, ""unseen_pattern"": {""enabled"": true, ""method"": ""levenshtein""}}, ""dataset"": {""config"": {""drop_columns"": [""datetime"", ""changepoint"", ""source_group"", ""source_file""], ""group_column"": ""source_file"", ""split"": {""test"": 0.2, ""train"": 0.6, ""validation"": 0.2}, ""target_column"": ""anomaly"", ""valve_folders"": [""valve1"", ""valve2""]}, ""name"": ""SKAB""}, ""model"": {""config"": {""architecture"": ""cnn"", ""dropout"": 0.2, ""enabled"": true, ""input_channels"": 1, ""kernel_size"": 3, ""learning_rate"": 0.001, ""num_filters"": 64, ""output_size"": 1}, ""name"": ""CNN""}, ""noise"": {""enabled"": true, ""gaussian_mean"": 0.0, ""gaussian_std"": 0.05}, ""preprocessing"": {""dataset_overrides"": {""SKAB"": {""pca"": {""enabled"": false}, ""sequence_length"": 32}}, ""missing_data"": {""enabled"": true, ""strategy"": ""mean""}, ""pca"": {""enabled"": true, ""n_components"": 1}, ""scaler"": ""standard"", ""sequence_length"": 16, ""sequence_stride"": 1}, ""project"": {""device"": ""cuda"", ""random_seeds"": [999]}, ""run"": {""family"": ""DEEP"", ""seed"": 999, ""split"": ""fold_0""}, ""training"": {""batch_size"": 32, ""class_imbalance"": {""dataset_model_overrides"": [{""dataset"": ""BATADAL"", ""focal_gamma"": 2.0, ""loss_name"": ""focal"", ""model"": ""GRU""}], ""dataset_overrides"": {""SKAB"": {""use_pos_weight"": false}}, ""focal_gamma"": 2.0, ""loss_name"": ""bce"", ""pos_weight_strategy"": ""neg_pos_ratio"", ""use_pos_weight"": true}, ""early_stopping"": {""enabled"": true, ""mode"": ""min"", ""monitor"": ""val_loss"", ""patience"": 5}, ""epochs"": 50, ""optimizer"": ""adam"", ""threshold_tuning"": {""beta"": 2.0, ""dataset_overrides"": {""BATADAL"": {""metric"": ""f2""}, ""SKAB"": {""metric"": ""f1"", ""min_threshold"": 0.1}}, ""enabled"": true, ""end"": 0.99, ""metric"": ""f1"", ""start"": 0.01, ""step"": 0.01}}}",SKAB,"[""valve1"", ""valve2""]",anomaly,"[""datetime"", ""changepoint"", ""source_group"", ""source_file""]",source_file,0.6,0.2,0.2,True,mean,standard,True,1,16,1,False,32,True,0.0,0.05,cuda,[999],32,50,True,5,val_loss,min,True,neg_pos_ratio,bce,2.0,False,"[{""dataset"": ""BATADAL"", ""focal_gamma"": 2.0, ""loss_name"": ""focal"", ""model"": ""GRU""}]",True,f1,2.0,0.01,0.99,0.01,f2,f1,0.1,adam,0.1,4,3,4,1,True,levenshtein,True,0.0001,average_log_probability,0.05,DEEP,999,fold_0,CNN,cnn,True,,,,0.2,1,0.001,1.0,64.0,3.0,,,
SKAB,LSTM,fold_1,999,baseline_0.5_threshold,0.5,0.8991703892788768,1.0,0.8168115942028985,9,0.2566673725682747,val_loss,0.2566673725682747,1.0,bce,4461,0.3746762376970325,0.39160045402951194,0.3716655458417395,0.8820892176642009,0.8329411764705882,0.8540410132689988,0.8433591423466349,"{""automata"": {""anomaly_threshold"": 0.1, ""decision"": {""fallback_quantile"": 0.05, ""score_field"": ""average_log_probability""}, ""paa"": {""window_size"": 4}, ""probability"": {""epsilon"": 0.0001, ""smoothing"": true}, ""sax"": {""alphabet_size"": 3}, ""sliding_window"": {""size"": 4, ""stride"": 1}, ""unseen_pattern"": {""enabled"": true, ""method"": ""levenshtein""}}, ""dataset"": {""config"": {""drop_columns"": [""datetime"", ""changepoint"", ""source_group"", ""source_file""], ""group_column"": ""source_file"", ""split"": {""test"": 0.2, ""train"": 0.6, ""validation"": 0.2}, ""target_column"": ""anomaly"", ""valve_folders"": [""valve1"", ""valve2""]}, ""name"": ""SKAB""}, ""model"": {""config"": {""architecture"": ""lstm"", ""dropout"": 0.2, ""enabled"": true, ""hidden_size"": 64, ""input_size"": 1, ""learning_rate"": 0.001, ""num_layers"": 2, ""output_size"": 1}, ""name"": ""LSTM""}, ""noise"": {""enabled"": true, ""gaussian_mean"": 0.0, ""gaussian_std"": 0.05}, ""preprocessing"": {""dataset_overrides"": {""SKAB"": {""pca"": {""enabled"": false}, ""sequence_length"": 32}}, ""missing_data"": {""enabled"": true, ""strategy"": ""mean""}, ""pca"": {""enabled"": true, ""n_components"": 1}, ""scaler"": ""standard"", ""sequence_length"": 16, ""sequence_stride"": 1}, ""project"": {""device"": ""cuda"", ""random_seeds"": [999]}, ""run"": {""family"": ""DEEP"", ""seed"": 999, ""split"": ""fold_1""}, ""training"": {""batch_size"": 32, ""class_imbalance"": {""dataset_model_overrides"": [{""dataset"": ""BATADAL"", ""focal_gamma"": 2.0, ""loss_name"": ""focal"", ""model"": ""GRU""}], ""dataset_overrides"": {""SKAB"": {""use_pos_weight"": false}}, ""focal_gamma"": 2.0, ""loss_name"": ""bce"", ""pos_weight_strategy"": ""neg_pos_ratio"", ""use_pos_weight"": true}, ""early_stopping"": {""enabled"": true, ""mode"": ""min"", ""monitor"": ""val_loss"", ""patience"": 5}, ""epochs"": 50, ""optimizer"": ""adam"", ""threshold_tuning"": {""beta"": 2.0, ""dataset_overrides"": {""BATADAL"": {""metric"": ""f2""}, ""SKAB"": {""metric"": ""f1"", ""min_threshold"": 0.1}}, ""enabled"": true, ""end"": 0.99, ""metric"": ""f1"", ""start"": 0.01, ""step"": 0.01}}}",SKAB,"[""valve1"", ""valve2""]",anomaly,"[""datetime"", ""changepoint"", ""source_group"", ""source_file""]",source_file,0.6,0.2,0.2,True,mean,standard,True,1,16,1,False,32,True,0.0,0.05,cuda,[999],32,50,True,5,val_loss,min,True,neg_pos_ratio,bce,2.0,False,"[{""dataset"": ""BATADAL"", ""focal_gamma"": 2.0, ""loss_name"": ""focal"", ""model"": ""GRU""}]",True,f1,2.0,0.01,0.99,0.01,f2,f1,0.1,adam,0.1,4,3,4,1,True,levenshtein,True,0.0001,average_log_probability,0.05,DEEP,999,fold_1,LSTM,lstm,True,1.0,64.0,2.0,0.2,1,0.001,,,,,,
SKAB,LSTM,fold_1,999,tuned_threshold_weighted_loss,0.74,0.8991703892788768,1.0,0.8168115942028985,9,0.2566673725682747,val_loss,0.2566673725682747,1.0,bce,4461,0.3746762376970325,0.39160045402951194,0.3716655458417395,0.8897108271687962,0.8512048192771084,0.8522316043425814,0.8517179023508138,"{""automata"": {""anomaly_threshold"": 0.1, ""decision"": {""fallback_quantile"": 0.05, ""score_field"": ""average_log_probability""}, ""paa"": {""window_size"": 4}, ""probability"": {""epsilon"": 0.0001, ""smoothing"": true}, ""sax"": {""alphabet_size"": 3}, ""sliding_window"": {""size"": 4, ""stride"": 1}, ""unseen_pattern"": {""enabled"": true, ""method"": ""levenshtein""}}, ""dataset"": {""config"": {""drop_columns"": [""datetime"", ""changepoint"", ""source_group"", ""source_file""], ""group_column"": ""source_file"", ""split"": {""test"": 0.2, ""train"": 0.6, ""validation"": 0.2}, ""target_column"": ""anomaly"", ""valve_folders"": [""valve1"", ""valve2""]}, ""name"": ""SKAB""}, ""model"": {""config"": {""architecture"": ""lstm"", ""dropout"": 0.2, ""enabled"": true, ""hidden_size"": 64, ""input_size"": 1, ""learning_rate"": 0.001, ""num_layers"": 2, ""output_size"": 1}, ""name"": ""LSTM""}, ""noise"": {""enabled"": true, ""gaussian_mean"": 0.0, ""gaussian_std"": 0.05}, ""preprocessing"": {""dataset_overrides"": {""SKAB"": {""pca"": {""enabled"": false}, ""sequence_length"": 32}}, ""missing_data"": {""enabled"": true, ""strategy"": ""mean""}, ""pca"": {""enabled"": true, ""n_components"": 1}, ""scaler"": ""standard"", ""sequence_length"": 16, ""sequence_stride"": 1}, ""project"": {""device"": ""cuda"", ""random_seeds"": [999]}, ""run"": {""family"": ""DEEP"", ""seed"": 999, ""split"": ""fold_1""}, ""training"": {""batch_size"": 32, ""class_imbalance"": {""dataset_model_overrides"": [{""dataset"": ""BATADAL"", ""focal_gamma"": 2.0, ""loss_name"": ""focal"", ""model"": ""GRU""}], ""dataset_overrides"": {""SKAB"": {""use_pos_weight"": false}}, ""focal_gamma"": 2.0, ""loss_name"": ""bce"", ""pos_weight_strategy"": ""neg_pos_ratio"", ""use_pos_weight"": true}, ""early_stopping"": {""enabled"": true, ""mode"": ""min"", ""monitor"": ""val_loss"", ""patience"": 5}, ""epochs"": 50, ""optimizer"": ""adam"", ""threshold_tuning"": {""beta"": 2.0, ""dataset_overrides"": {""BATADAL"": {""metric"": ""f2""}, ""SKAB"": {""metric"": ""f1"", ""min_threshold"": 0.1}}, ""enabled"": true, ""end"": 0.99, ""metric"": ""f1"", ""start"": 0.01, ""step"": 0.01}}}",SKAB,"[""valve1"", ""valve2""]",anomaly,"[""datetime"", ""changepoint"", ""source_group"", ""source_file""]",source_file,0.6,0.2,0.2,True,mean,standard,True,1,16,1,False,32,True,0.0,0.05,cuda,[999],32,50,True,5,val_loss,min,True,neg_pos_ratio,bce,2.0,False,"[{""dataset"": ""BATADAL"", ""focal_gamma"": 2.0, ""loss_name"": ""focal"", ""model"": ""GRU""}]",True,f1,2.0,0.01,0.99,0.01,f2,f1,0.1,adam,0.1,4,3,4,1,True,levenshtein,True,0.0001,average_log_probability,0.05,DEEP,999,fold_1,LSTM,lstm,True,1.0,64.0,2.0,0.2,1,0.001,,,,,,
SKAB,GRU,fold_1,999,baseline_0.5_threshold,0.5,0.8968380709038646,0.9985775248933144,0.8139130434782609,7,0.2533774061215181,val_loss,0.2533774061215181,1.0,bce,4461,0.3746762376970325,0.39160045402951194,0.3716655458417395,0.8899349921542256,0.8313458262350937,0.8829915560916767,0.8563907575314419,"{""automata"": {""anomaly_threshold"": 0.1, ""decision"": {""fallback_quantile"": 0.05, ""score_field"": ""average_log_probability""}, ""paa"": {""window_size"": 4}, ""probability"": {""epsilon"": 0.0001, ""smoothing"": true}, ""sax"": {""alphabet_size"": 3}, ""sliding_window"": {""size"": 4, ""stride"": 1}, ""unseen_pattern"": {""enabled"": true, ""method"": ""levenshtein""}}, ""dataset"": {""config"": {""drop_columns"": [""datetime"", ""changepoint"", ""source_group"", ""source_file""], ""group_column"": ""source_file"", ""split"": {""test"": 0.2, ""train"": 0.6, ""validation"": 0.2}, ""target_column"": ""anomaly"", ""valve_folders"": [""valve1"", ""valve2""]}, ""name"": ""SKAB""}, ""model"": {""config"": {""architecture"": ""gru"", ""dropout"": 0.2, ""enabled"": true, ""hidden_size"": 64, ""input_size"": 1, ""learning_rate"": 0.001, ""num_layers"": 2, ""output_size"": 1}, ""name"": ""GRU""}, ""noise"": {""enabled"": true, ""gaussian_mean"": 0.0, ""gaussian_std"": 0.05}, ""preprocessing"": {""dataset_overrides"": {""SKAB"": {""pca"": {""enabled"": false}, ""sequence_length"": 32}}, ""missing_data"": {""enabled"": true, ""strategy"": ""mean""}, ""pca"": {""enabled"": true, ""n_components"": 1}, ""scaler"": ""standard"", ""sequence_length"": 16, ""sequence_stride"": 1}, ""project"": {""device"": ""cuda"", ""random_seeds"": [999]}, ""run"": {""family"": ""DEEP"", ""seed"": 999, ""split"": ""fold_1""}, ""training"": {""batch_size"": 32, ""class_imbalance"": {""dataset_model_overrides"": [{""dataset"": ""BATADAL"", ""focal_gamma"": 2.0, ""loss_name"": ""focal"", ""model"": ""GRU""}], ""dataset_overrides"": {""SKAB"": {""use_pos_weight"": false}}, ""focal_gamma"": 2.0, ""loss_name"": ""bce"", ""pos_weight_strategy"": ""neg_pos_ratio"", ""use_pos_weight"": true}, ""early_stopping"": {""enabled"": true, ""mode"": ""min"", ""monitor"": ""val_loss"", ""patience"": 5}, ""epochs"": 50, ""optimizer"": ""adam"", ""threshold_tuning"": {""beta"": 2.0, ""dataset_overrides"": {""BATADAL"": {""metric"": ""f2""}, ""SKAB"": {""metric"": ""f1"", ""min_threshold"": 0.1}}, ""enabled"": true, ""end"": 0.99, ""metric"": ""f1"", ""start"": 0.01, ""step"": 0.01}}}",SKAB,"[""valve1"", ""valve2""]",anomaly,"[""datetime"", ""changepoint"", ""source_group"", ""source_file""]",source_file,0.6,0.2,0.2,True,mean,standard,True,1,16,1,False,32,True,0.0,0.05,cuda,[999],32,50,True,5,val_loss,min,True,neg_pos_ratio,bce,2.0,False,"[{""dataset"": ""BATADAL"", ""focal_gamma"": 2.0, ""loss_name"": ""focal"", ""model"": ""GRU""}]",True,f1,2.0,0.01,0.99,0.01,f2,f1,0.1,adam,0.1,4,3,4,1,True,levenshtein,True,0.0001,average_log_probability,0.05,DEEP,999,fold_1,GRU,gru,True,1.0,64.0,2.0,0.2,1,0.001,,,,,,
SKAB,GRU,fold_1,999,tuned_threshold_weighted_loss,0.34,0.8968380709038646,0.9985775248933144,0.8139130434782609,7,0.2533774061215181,val_loss,0.2533774061215181,1.0,bce,4461,0.3746762376970325,0.39160045402951194,0.3716655458417395,0.8733467832324591,0.7868766404199475,0.9041013268998793,0.8414257648049397,"{""automata"": {""anomaly_threshold"": 0.1, ""decision"": {""fallback_quantile"": 0.05, ""score_field"": ""average_log_probability""}, ""paa"": {""window_size"": 4}, ""probability"": {""epsilon"": 0.0001, ""smoothing"": true}, ""sax"": {""alphabet_size"": 3}, ""sliding_window"": {""size"": 4, ""stride"": 1}, ""unseen_pattern"": {""enabled"": true, ""method"": ""levenshtein""}}, ""dataset"": {""config"": {""drop_columns"": [""datetime"", ""changepoint"", ""source_group"", ""source_file""], ""group_column"": ""source_file"", ""split"": {""test"": 0.2, ""train"": 0.6, ""validation"": 0.2}, ""target_column"": ""anomaly"", ""valve_folders"": [""valve1"", ""valve2""]}, ""name"": ""SKAB""}, ""model"": {""config"": {""architecture"": ""gru"", ""dropout"": 0.2, ""enabled"": true, ""hidden_size"": 64, ""input_size"": 1, ""learning_rate"": 0.001, ""num_layers"": 2, ""output_size"": 1}, ""name"": ""GRU""}, ""noise"": {""enabled"": true, ""gaussian_mean"": 0.0, ""gaussian_std"": 0.05}, ""preprocessing"": {""dataset_overrides"": {""SKAB"": {""pca"": {""enabled"": false}, ""sequence_length"": 32}}, ""missing_data"": {""enabled"": true, ""strategy"": ""mean""}, ""pca"": {""enabled"": true, ""n_components"": 1}, ""scaler"": ""standard"", ""sequence_length"": 16, ""sequence_stride"": 1}, ""project"": {""device"": ""cuda"", ""random_seeds"": [999]}, ""run"": {""family"": ""DEEP"", ""seed"": 999, ""split"": ""fold_1""}, ""training"": {""batch_size"": 32, ""class_imbalance"": {""dataset_model_overrides"": [{""dataset"": ""BATADAL"", ""focal_gamma"": 2.0, ""loss_name"": ""focal"", ""model"": ""GRU""}], ""dataset_overrides"": {""SKAB"": {""use_pos_weight"": false}}, ""focal_gamma"": 2.0, ""loss_name"": ""bce"", ""pos_weight_strategy"": ""neg_pos_ratio"", ""use_pos_weight"": true}, ""early_stopping"": {""enabled"": true, ""mode"": ""min"", ""monitor"": ""val_loss"", ""patience"": 5}, ""epochs"": 50, ""optimizer"": ""adam"", ""threshold_tuning"": {""beta"": 2.0, ""dataset_overrides"": {""BATADAL"": {""metric"": ""f2""}, ""SKAB"": {""metric"": ""f1"", ""min_threshold"": 0.1}}, ""enabled"": true, ""end"": 0.99, ""metric"": ""f1"", ""start"": 0.01, ""step"": 0.01}}}",SKAB,"[""valve1"", ""valve2""]",anomaly,"[""datetime"", ""changepoint"", ""source_group"", ""source_file""]",source_file,0.6,0.2,0.2,True,mean,standard,True,1,16,1,False,32,True,0.0,0.05,cuda,[999],32,50,True,5,val_loss,min,True,neg_pos_ratio,bce,2.0,False,"[{""dataset"": ""BATADAL"", ""focal_gamma"": 2.0, ""loss_name"": ""focal"", ""model"": ""GRU""}]",True,f1,2.0,0.01,0.99,0.01,f2,f1,0.1,adam,0.1,4,3,4,1,True,levenshtein,True,0.0001,average_log_probability,0.05,DEEP,999,fold_1,GRU,gru,True,1.0,64.0,2.0,0.2,1,0.001,,,,,,
SKAB,CNN,fold_1,999,baseline_0.5_threshold,0.5,0.8850793650793651,0.9782456140350877,0.8081159420289855,15,0.275019354347495,val_loss,0.275019354347495,1.0,bce,4461,0.3746762376970325,0.39160045402951194,0.3716655458417395,0.917955615332885,0.9194805194805195,0.8540410132689988,0.8855534709193246,"{""automata"": {""anomaly_threshold"": 0.1, ""decision"": {""fallback_quantile"": 0.05, ""score_field"": ""average_log_probability""}, ""paa"": {""window_size"": 4}, ""probability"": {""epsilon"": 0.0001, ""smoothing"": true}, ""sax"": {""alphabet_size"": 3}, ""sliding_window"": {""size"": 4, ""stride"": 1}, ""unseen_pattern"": {""enabled"": true, ""method"": ""levenshtein""}}, ""dataset"": {""config"": {""drop_columns"": [""datetime"", ""changepoint"", ""source_group"", ""source_file""], ""group_column"": ""source_file"", ""split"": {""test"": 0.2, ""train"": 0.6, ""validation"": 0.2}, ""target_column"": ""anomaly"", ""valve_folders"": [""valve1"", ""valve2""]}, ""name"": ""SKAB""}, ""model"": {""config"": {""architecture"": ""cnn"", ""dropout"": 0.2, ""enabled"": true, ""input_channels"": 1, ""kernel_size"": 3, ""learning_rate"": 0.001, ""num_filters"": 64, ""output_size"": 1}, ""name"": ""CNN""}, ""noise"": {""enabled"": true, ""gaussian_mean"": 0.0, ""gaussian_std"": 0.05}, ""preprocessing"": {""dataset_overrides"": {""SKAB"": {""pca"": {""enabled"": false}, ""sequence_length"": 32}}, ""missing_data"": {""enabled"": true, ""strategy"": ""mean""}, ""pca"": {""enabled"": true, ""n_components"": 1}, ""scaler"": ""standard"", ""sequence_length"": 16, ""sequence_stride"": 1}, ""project"": {""device"": ""cuda"", ""random_seeds"": [999]}, ""run"": {""family"": ""DEEP"", ""seed"": 999, ""split"": ""fold_1""}, ""training"": {""batch_size"": 32, ""class_imbalance"": {""dataset_model_overrides"": [{""dataset"": ""BATADAL"", ""focal_gamma"": 2.0, ""loss_name"": ""focal"", ""model"": ""GRU""}], ""dataset_overrides"": {""SKAB"": {""use_pos_weight"": false}}, ""focal_gamma"": 2.0, ""loss_name"": ""bce"", ""pos_weight_strategy"": ""neg_pos_ratio"", ""use_pos_weight"": true}, ""early_stopping"": {""enabled"": true, ""mode"": ""min"", ""monitor"": ""val_loss"", ""patience"": 5}, ""epochs"": 50, ""optimizer"": ""adam"", ""threshold_tuning"": {""beta"": 2.0, ""dataset_overrides"": {""BATADAL"": {""metric"": ""f2""}, ""SKAB"": {""metric"": ""f1"", ""min_threshold"": 0.1}}, ""enabled"": true, ""end"": 0.99, ""metric"": ""f1"", ""start"": 0.01, ""step"": 0.01}}}",SKAB,"[""valve1"", ""valve2""]",anomaly,"[""datetime"", ""changepoint"", ""source_group"", ""source_file""]",source_file,0.6,0.2,0.2,True,mean,standard,True,1,16,1,False,32,True,0.0,0.05,cuda,[999],32,50,True,5,val_loss,min,True,neg_pos_ratio,bce,2.0,False,"[{""dataset"": ""BATADAL"", ""focal_gamma"": 2.0, ""loss_name"": ""focal"", ""model"": ""GRU""}]",True,f1,2.0,0.01,0.99,0.01,f2,f1,0.1,adam,0.1,4,3,4,1,True,levenshtein,True,0.0001,average_log_probability,0.05,DEEP,999,fold_1,CNN,cnn,True,,,,0.2,1,0.001,1.0,64.0,3.0,,,
SKAB,CNN,fold_1,999,tuned_threshold_weighted_loss,0.57,0.8850793650793651,0.9782456140350877,0.8081159420289855,15,0.275019354347495,val_loss,0.275019354347495,1.0,bce,4461,0.3746762376970325,0.39160045402951194,0.3716655458417395,0.9266980497646268,0.9487525286581254,0.8486127864897467,0.8958930276981852,"{""automata"": {""anomaly_threshold"": 0.1, ""decision"": {""fallback_quantile"": 0.05, ""score_field"": ""average_log_probability""}, ""paa"": {""window_size"": 4}, ""probability"": {""epsilon"": 0.0001, ""smoothing"": true}, ""sax"": {""alphabet_size"": 3}, ""sliding_window"": {""size"": 4, ""stride"": 1}, ""unseen_pattern"": {""enabled"": true, ""method"": ""levenshtein""}}, ""dataset"": {""config"": {""drop_columns"": [""datetime"", ""changepoint"", ""source_group"", ""source_file""], ""group_column"": ""source_file"", ""split"": {""test"": 0.2, ""train"": 0.6, ""validation"": 0.2}, ""target_column"": ""anomaly"", ""valve_folders"": [""valve1"", ""valve2""]}, ""name"": ""SKAB""}, ""model"": {""config"": {""architecture"": ""cnn"", ""dropout"": 0.2, ""enabled"": true, ""input_channels"": 1, ""kernel_size"": 3, ""learning_rate"": 0.001, ""num_filters"": 64, ""output_size"": 1}, ""name"": ""CNN""}, ""noise"": {""enabled"": true, ""gaussian_mean"": 0.0, ""gaussian_std"": 0.05}, ""preprocessing"": {""dataset_overrides"": {""SKAB"": {""pca"": {""enabled"": false}, ""sequence_length"": 32}}, ""missing_data"": {""enabled"": true, ""strategy"": ""mean""}, ""pca"": {""enabled"": true, ""n_components"": 1}, ""scaler"": ""standard"", ""sequence_length"": 16, ""sequence_stride"": 1}, ""project"": {""device"": ""cuda"", ""random_seeds"": [999]}, ""run"": {""family"": ""DEEP"", ""seed"": 999, ""split"": ""fold_1""}, ""training"": {""batch_size"": 32, ""class_imbalance"": {""dataset_model_overrides"": [{""dataset"": ""BATADAL"", ""focal_gamma"": 2.0, ""loss_name"": ""focal"", ""model"": ""GRU""}], ""dataset_overrides"": {""SKAB"": {""use_pos_weight"": false}}, ""focal_gamma"": 2.0, ""loss_name"": ""bce"", ""pos_weight_strategy"": ""neg_pos_ratio"", ""use_pos_weight"": true}, ""early_stopping"": {""enabled"": true, ""mode"": ""min"", ""monitor"": ""val_loss"", ""patience"": 5}, ""epochs"": 50, ""optimizer"": ""adam"", ""threshold_tuning"": {""beta"": 2.0, ""dataset_overrides"": {""BATADAL"": {""metric"": ""f2""}, ""SKAB"": {""metric"": ""f1"", ""min_threshold"": 0.1}}, ""enabled"": true, ""end"": 0.99, ""metric"": ""f1"", ""start"": 0.01, ""step"": 0.01}}}",SKAB,"[""valve1"", ""valve2""]",anomaly,"[""datetime"", ""changepoint"", ""source_group"", ""source_file""]",source_file,0.6,0.2,0.2,True,mean,standard,True,1,16,1,False,32,True,0.0,0.05,cuda,[999],32,50,True,5,val_loss,min,True,neg_pos_ratio,bce,2.0,False,"[{""dataset"": ""BATADAL"", ""focal_gamma"": 2.0, ""loss_name"": ""focal"", ""model"": ""GRU""}]",True,f1,2.0,0.01,0.99,0.01,f2,f1,0.1,adam,0.1,4,3,4,1,True,levenshtein,True,0.0001,average_log_probability,0.05,DEEP,999,fold_1,CNN,cnn,True,,,,0.2,1,0.001,1.0,64.0,3.0,,,
SKAB,LSTM,fold_2,999,baseline_0.5_threshold,0.5,0.8653407238343658,0.9940074906367041,0.7661662817551963,8,0.2896476142256912,val_loss,0.2896476142256912,1.0,bce,4476,0.3700600578334693,0.39221014492753625,0.3849419124218052,0.7902144772117963,1.0,0.4550203134068485,0.6254487435181492,"{""automata"": {""anomaly_threshold"": 0.1, ""decision"": {""fallback_quantile"": 0.05, ""score_field"": ""average_log_probability""}, ""paa"": {""window_size"": 4}, ""probability"": {""epsilon"": 0.0001, ""smoothing"": true}, ""sax"": {""alphabet_size"": 3}, ""sliding_window"": {""size"": 4, ""stride"": 1}, ""unseen_pattern"": {""enabled"": true, ""method"": ""levenshtein""}}, ""dataset"": {""config"": {""drop_columns"": [""datetime"", ""changepoint"", ""source_group"", ""source_file""], ""group_column"": ""source_file"", ""split"": {""test"": 0.2, ""train"": 0.6, ""validation"": 0.2}, ""target_column"": ""anomaly"", ""valve_folders"": [""valve1"", ""valve2""]}, ""name"": ""SKAB""}, ""model"": {""config"": {""architecture"": ""lstm"", ""dropout"": 0.2, ""enabled"": true, ""hidden_size"": 64, ""input_size"": 1, ""learning_rate"": 0.001, ""num_layers"": 2, ""output_size"": 1}, ""name"": ""LSTM""}, ""noise"": {""enabled"": true, ""gaussian_mean"": 0.0, ""gaussian_std"": 0.05}, ""preprocessing"": {""dataset_overrides"": {""SKAB"": {""pca"": {""enabled"": false}, ""sequence_length"": 32}}, ""missing_data"": {""enabled"": true, ""strategy"": ""mean""}, ""pca"": {""enabled"": true, ""n_components"": 1}, ""scaler"": ""standard"", ""sequence_length"": 16, ""sequence_stride"": 1}, ""project"": {""device"": ""cuda"", ""random_seeds"": [999]}, ""run"": {""family"": ""DEEP"", ""seed"": 999, ""split"": ""fold_2""}, ""training"": {""batch_size"": 32, ""class_imbalance"": {""dataset_model_overrides"": [{""dataset"": ""BATADAL"", ""focal_gamma"": 2.0, ""loss_name"": ""focal"", ""model"": ""GRU""}], ""dataset_overrides"": {""SKAB"": {""use_pos_weight"": false}}, ""focal_gamma"": 2.0, ""loss_name"": ""bce"", ""pos_weight_strategy"": ""neg_pos_ratio"", ""use_pos_weight"": true}, ""early_stopping"": {""enabled"": true, ""mode"": ""min"", ""monitor"": ""val_loss"", ""patience"": 5}, ""epochs"": 50, ""optimizer"": ""adam"", ""threshold_tuning"": {""beta"": 2.0, ""dataset_overrides"": {""BATADAL"": {""metric"": ""f2""}, ""SKAB"": {""metric"": ""f1"", ""min_threshold"": 0.1}}, ""enabled"": true, ""end"": 0.99, ""metric"": ""f1"", ""start"": 0.01, ""step"": 0.01}}}",SKAB,"[""valve1"", ""valve2""]",anomaly,"[""datetime"", ""changepoint"", ""source_group"", ""source_file""]",source_file,0.6,0.2,0.2,True,mean,standard,True,1,16,1,False,32,True,0.0,0.05,cuda,[999],32,50,True,5,val_loss,min,True,neg_pos_ratio,bce,2.0,False,"[{""dataset"": ""BATADAL"", ""focal_gamma"": 2.0, ""loss_name"": ""focal"", ""model"": ""GRU""}]",True,f1,2.0,0.01,0.99,0.01,f2,f1,0.1,adam,0.1,4,3,4,1,True,levenshtein,True,0.0001,average_log_probability,0.05,DEEP,999,fold_2,LSTM,lstm,True,1.0,64.0,2.0,0.2,1,0.001,,,,,,
SKAB,LSTM,fold_2,999,tuned_threshold_weighted_loss,0.57,0.8653407238343658,0.9940074906367041,0.7661662817551963,8,0.2896476142256912,val_loss,0.2896476142256912,1.0,bce,4476,0.3700600578334693,0.39221014492753625,0.3849419124218052,0.7875335120643432,1.0,0.4480557167730702,0.6188376753507014,"{""automata"": {""anomaly_threshold"": 0.1, ""decision"": {""fallback_quantile"": 0.05, ""score_field"": ""average_log_probability""}, ""paa"": {""window_size"": 4}, ""probability"": {""epsilon"": 0.0001, ""smoothing"": true}, ""sax"": {""alphabet_size"": 3}, ""sliding_window"": {""size"": 4, ""stride"": 1}, ""unseen_pattern"": {""enabled"": true, ""method"": ""levenshtein""}}, ""dataset"": {""config"": {""drop_columns"": [""datetime"", ""changepoint"", ""source_group"", ""source_file""], ""group_column"": ""source_file"", ""split"": {""test"": 0.2, ""train"": 0.6, ""validation"": 0.2}, ""target_column"": ""anomaly"", ""valve_folders"": [""valve1"", ""valve2""]}, ""name"": ""SKAB""}, ""model"": {""config"": {""architecture"": ""lstm"", ""dropout"": 0.2, ""enabled"": true, ""hidden_size"": 64, ""input_size"": 1, ""learning_rate"": 0.001, ""num_layers"": 2, ""output_size"": 1}, ""name"": ""LSTM""}, ""noise"": {""enabled"": true, ""gaussian_mean"": 0.0, ""gaussian_std"": 0.05}, ""preprocessing"": {""dataset_overrides"": {""SKAB"": {""pca"": {""enabled"": false}, ""sequence_length"": 32}}, ""missing_data"": {""enabled"": true, ""strategy"": ""mean""}, ""pca"": {""enabled"": true, ""n_components"": 1}, ""scaler"": ""standard"", ""sequence_length"": 16, ""sequence_stride"": 1}, ""project"": {""device"": ""cuda"", ""random_seeds"": [999]}, ""run"": {""family"": ""DEEP"", ""seed"": 999, ""split"": ""fold_2""}, ""training"": {""batch_size"": 32, ""class_imbalance"": {""dataset_model_overrides"": [{""dataset"": ""BATADAL"", ""focal_gamma"": 2.0, ""loss_name"": ""focal"", ""model"": ""GRU""}], ""dataset_overrides"": {""SKAB"": {""use_pos_weight"": false}}, ""focal_gamma"": 2.0, ""loss_name"": ""bce"", ""pos_weight_strategy"": ""neg_pos_ratio"", ""use_pos_weight"": true}, ""early_stopping"": {""enabled"": true, ""mode"": ""min"", ""monitor"": ""val_loss"", ""patience"": 5}, ""epochs"": 50, ""optimizer"": ""adam"", ""threshold_tuning"": {""beta"": 2.0, ""dataset_overrides"": {""BATADAL"": {""metric"": ""f2""}, ""SKAB"": {""metric"": ""f1"", ""min_threshold"": 0.1}}, ""enabled"": true, ""end"": 0.99, ""metric"": ""f1"", ""start"": 0.01, ""step"": 0.01}}}",SKAB,"[""valve1"", ""valve2""]",anomaly,"[""datetime"", ""changepoint"", ""source_group"", ""source_file""]",source_file,0.6,0.2,0.2,True,mean,standard,True,1,16,1,False,32,True,0.0,0.05,cuda,[999],32,50,True,5,val_loss,min,True,neg_pos_ratio,bce,2.0,False,"[{""dataset"": ""BATADAL"", ""focal_gamma"": 2.0, ""loss_name"": ""focal"", ""model"": ""GRU""}]",True,f1,2.0,0.01,0.99,0.01,f2,f1,0.1,adam,0.1,4,3,4,1,True,levenshtein,True,0.0001,average_log_probability,0.05,DEEP,999,fold_2,LSTM,lstm,True,1.0,64.0,2.0,0.2,1,0.001,,,,,,
SKAB,GRU,fold_2,999,baseline_0.5_threshold,0.5,0.8737864077669902,0.9941089837997055,0.7794457274826789,8,0.29039468858357304,val_loss,0.29039468858357304,1.0,bce,4476,0.3700600578334693,0.39221014492753625,0.3849419124218052,0.8355674709562109,1.0,0.5728380731282646,0.7284132841328413,"{""automata"": {""anomaly_threshold"": 0.1, ""decision"": {""fallback_quantile"": 0.05, ""score_field"": ""average_log_probability""}, ""paa"": {""window_size"": 4}, ""probability"": {""epsilon"": 0.0001, ""smoothing"": true}, ""sax"": {""alphabet_size"": 3}, ""sliding_window"": {""size"": 4, ""stride"": 1}, ""unseen_pattern"": {""enabled"": true, ""method"": ""levenshtein""}}, ""dataset"": {""config"": {""drop_columns"": [""datetime"", ""changepoint"", ""source_group"", ""source_file""], ""group_column"": ""source_file"", ""split"": {""test"": 0.2, ""train"": 0.6, ""validation"": 0.2}, ""target_column"": ""anomaly"", ""valve_folders"": [""valve1"", ""valve2""]}, ""name"": ""SKAB""}, ""model"": {""config"": {""architecture"": ""gru"", ""dropout"": 0.2, ""enabled"": true, ""hidden_size"": 64, ""input_size"": 1, ""learning_rate"": 0.001, ""num_layers"": 2, ""output_size"": 1}, ""name"": ""GRU""}, ""noise"": {""enabled"": true, ""gaussian_mean"": 0.0, ""gaussian_std"": 0.05}, ""preprocessing"": {""dataset_overrides"": {""SKAB"": {""pca"": {""enabled"": false}, ""sequence_length"": 32}}, ""missing_data"": {""enabled"": true, ""strategy"": ""mean""}, ""pca"": {""enabled"": true, ""n_components"": 1}, ""scaler"": ""standard"", ""sequence_length"": 16, ""sequence_stride"": 1}, ""project"": {""device"": ""cuda"", ""random_seeds"": [999]}, ""run"": {""family"": ""DEEP"", ""seed"": 999, ""split"": ""fold_2""}, ""training"": {""batch_size"": 32, ""class_imbalance"": {""dataset_model_overrides"": [{""dataset"": ""BATADAL"", ""focal_gamma"": 2.0, ""loss_name"": ""focal"", ""model"": ""GRU""}], ""dataset_overrides"": {""SKAB"": {""use_pos_weight"": false}}, ""focal_gamma"": 2.0, ""loss_name"": ""bce"", ""pos_weight_strategy"": ""neg_pos_ratio"", ""use_pos_weight"": true}, ""early_stopping"": {""enabled"": true, ""mode"": ""min"", ""monitor"": ""val_loss"", ""patience"": 5}, ""epochs"": 50, ""optimizer"": ""adam"", ""threshold_tuning"": {""beta"": 2.0, ""dataset_overrides"": {""BATADAL"": {""metric"": ""f2""}, ""SKAB"": {""metric"": ""f1"", ""min_threshold"": 0.1}}, ""enabled"": true, ""end"": 0.99, ""metric"": ""f1"", ""start"": 0.01, ""step"": 0.01}}}",SKAB,"[""valve1"", ""valve2""]",anomaly,"[""datetime"", ""changepoint"", ""source_group"", ""source_file""]",source_file,0.6,0.2,0.2,True,mean,standard,True,1,16,1,False,32,True,0.0,0.05,cuda,[999],32,50,True,5,val_loss,min,True,neg_pos_ratio,bce,2.0,False,"[{""dataset"": ""BATADAL"", ""focal_gamma"": 2.0, ""loss_name"": ""focal"", ""model"": ""GRU""}]",True,f1,2.0,0.01,0.99,0.01,f2,f1,0.1,adam,0.1,4,3,4,1,True,levenshtein,True,0.0001,average_log_probability,0.05,DEEP,999,fold_2,GRU,gru,True,1.0,64.0,2.0,0.2,1,0.001,,,,,,
SKAB,GRU,fold_2,999,tuned_threshold_weighted_loss,0.26,0.8737864077669902,0.9941089837997055,0.7794457274826789,8,0.29039468858357304,val_loss,0.29039468858357304,1.0,bce,4476,0.3700600578334693,0.39221014492753625,0.3849419124218052,0.8357908847184986,0.974088291746641,0.5890887986070806,0.7341772151898734,"{""automata"": {""anomaly_threshold"": 0.1, ""decision"": {""fallback_quantile"": 0.05, ""score_field"": ""average_log_probability""}, ""paa"": {""window_size"": 4}, ""probability"": {""epsilon"": 0.0001, ""smoothing"": true}, ""sax"": {""alphabet_size"": 3}, ""sliding_window"": {""size"": 4, ""stride"": 1}, ""unseen_pattern"": {""enabled"": true, ""method"": ""levenshtein""}}, ""dataset"": {""config"": {""drop_columns"": [""datetime"", ""changepoint"", ""source_group"", ""source_file""], ""group_column"": ""source_file"", ""split"": {""test"": 0.2, ""train"": 0.6, ""validation"": 0.2}, ""target_column"": ""anomaly"", ""valve_folders"": [""valve1"", ""valve2""]}, ""name"": ""SKAB""}, ""model"": {""config"": {""architecture"": ""gru"", ""dropout"": 0.2, ""enabled"": true, ""hidden_size"": 64, ""input_size"": 1, ""learning_rate"": 0.001, ""num_layers"": 2, ""output_size"": 1}, ""name"": ""GRU""}, ""noise"": {""enabled"": true, ""gaussian_mean"": 0.0, ""gaussian_std"": 0.05}, ""preprocessing"": {""dataset_overrides"": {""SKAB"": {""pca"": {""enabled"": false}, ""sequence_length"": 32}}, ""missing_data"": {""enabled"": true, ""strategy"": ""mean""}, ""pca"": {""enabled"": true, ""n_components"": 1}, ""scaler"": ""standard"", ""sequence_length"": 16, ""sequence_stride"": 1}, ""project"": {""device"": ""cuda"", ""random_seeds"": [999]}, ""run"": {""family"": ""DEEP"", ""seed"": 999, ""split"": ""fold_2""}, ""training"": {""batch_size"": 32, ""class_imbalance"": {""dataset_model_overrides"": [{""dataset"": ""BATADAL"", ""focal_gamma"": 2.0, ""loss_name"": ""focal"", ""model"": ""GRU""}], ""dataset_overrides"": {""SKAB"": {""use_pos_weight"": false}}, ""focal_gamma"": 2.0, ""loss_name"": ""bce"", ""pos_weight_strategy"": ""neg_pos_ratio"", ""use_pos_weight"": true}, ""early_stopping"": {""enabled"": true, ""mode"": ""min"", ""monitor"": ""val_loss"", ""patience"": 5}, ""epochs"": 50, ""optimizer"": ""adam"", ""threshold_tuning"": {""beta"": 2.0, ""dataset_overrides"": {""BATADAL"": {""metric"": ""f2""}, ""SKAB"": {""metric"": ""f1"", ""min_threshold"": 0.1}}, ""enabled"": true, ""end"": 0.99, ""metric"": ""f1"", ""start"": 0.01, ""step"": 0.01}}}",SKAB,"[""valve1"", ""valve2""]",anomaly,"[""datetime"", ""changepoint"", ""source_group"", ""source_file""]",source_file,0.6,0.2,0.2,True,mean,standard,True,1,16,1,False,32,True,0.0,0.05,cuda,[999],32,50,True,5,val_loss,min,True,neg_pos_ratio,bce,2.0,False,"[{""dataset"": ""BATADAL"", ""focal_gamma"": 2.0, ""loss_name"": ""focal"", ""model"": ""GRU""}]",True,f1,2.0,0.01,0.99,0.01,f2,f1,0.1,adam,0.1,4,3,4,1,True,levenshtein,True,0.0001,average_log_probability,0.05,DEEP,999,fold_2,GRU,gru,True,1.0,64.0,2.0,0.2,1,0.001,,,,,,
SKAB,CNN,fold_2,999,baseline_0.5_threshold,0.5,0.8679738562091504,1.0,0.766743648960739,8,0.297856913074305,val_loss,0.297856913074305,1.0,bce,4476,0.3700600578334693,0.39221014492753625,0.3849419124218052,0.7931188561215371,1.0,0.4625652930934417,0.6325396825396825,"{""automata"": {""anomaly_threshold"": 0.1, ""decision"": {""fallback_quantile"": 0.05, ""score_field"": ""average_log_probability""}, ""paa"": {""window_size"": 4}, ""probability"": {""epsilon"": 0.0001, ""smoothing"": true}, ""sax"": {""alphabet_size"": 3}, ""sliding_window"": {""size"": 4, ""stride"": 1}, ""unseen_pattern"": {""enabled"": true, ""method"": ""levenshtein""}}, ""dataset"": {""config"": {""drop_columns"": [""datetime"", ""changepoint"", ""source_group"", ""source_file""], ""group_column"": ""source_file"", ""split"": {""test"": 0.2, ""train"": 0.6, ""validation"": 0.2}, ""target_column"": ""anomaly"", ""valve_folders"": [""valve1"", ""valve2""]}, ""name"": ""SKAB""}, ""model"": {""config"": {""architecture"": ""cnn"", ""dropout"": 0.2, ""enabled"": true, ""input_channels"": 1, ""kernel_size"": 3, ""learning_rate"": 0.001, ""num_filters"": 64, ""output_size"": 1}, ""name"": ""CNN""}, ""noise"": {""enabled"": true, ""gaussian_mean"": 0.0, ""gaussian_std"": 0.05}, ""preprocessing"": {""dataset_overrides"": {""SKAB"": {""pca"": {""enabled"": false}, ""sequence_length"": 32}}, ""missing_data"": {""enabled"": true, ""strategy"": ""mean""}, ""pca"": {""enabled"": true, ""n_components"": 1}, ""scaler"": ""standard"", ""sequence_length"": 16, ""sequence_stride"": 1}, ""project"": {""device"": ""cuda"", ""random_seeds"": [999]}, ""run"": {""family"": ""DEEP"", ""seed"": 999, ""split"": ""fold_2""}, ""training"": {""batch_size"": 32, ""class_imbalance"": {""dataset_model_overrides"": [{""dataset"": ""BATADAL"", ""focal_gamma"": 2.0, ""loss_name"": ""focal"", ""model"": ""GRU""}], ""dataset_overrides"": {""SKAB"": {""use_pos_weight"": false}}, ""focal_gamma"": 2.0, ""loss_name"": ""bce"", ""pos_weight_strategy"": ""neg_pos_ratio"", ""use_pos_weight"": true}, ""early_stopping"": {""enabled"": true, ""mode"": ""min"", ""monitor"": ""val_loss"", ""patience"": 5}, ""epochs"": 50, ""optimizer"": ""adam"", ""threshold_tuning"": {""beta"": 2.0, ""dataset_overrides"": {""BATADAL"": {""metric"": ""f2""}, ""SKAB"": {""metric"": ""f1"", ""min_threshold"": 0.1}}, ""enabled"": true, ""end"": 0.99, ""metric"": ""f1"", ""start"": 0.01, ""step"": 0.01}}}",SKAB,"[""valve1"", ""valve2""]",anomaly,"[""datetime"", ""changepoint"", ""source_group"", ""source_file""]",source_file,0.6,0.2,0.2,True,mean,standard,True,1,16,1,False,32,True,0.0,0.05,cuda,[999],32,50,True,5,val_loss,min,True,neg_pos_ratio,bce,2.0,False,"[{""dataset"": ""BATADAL"", ""focal_gamma"": 2.0, ""loss_name"": ""focal"", ""model"": ""GRU""}]",True,f1,2.0,0.01,0.99,0.01,f2,f1,0.1,adam,0.1,4,3,4,1,True,levenshtein,True,0.0001,average_log_probability,0.05,DEEP,999,fold_2,CNN,cnn,True,,,,0.2,1,0.001,1.0,64.0,3.0,,,
SKAB,CNN,fold_2,999,tuned_threshold_weighted_loss,0.31,0.8679738562091504,1.0,0.766743648960739,8,0.297856913074305,val_loss,0.297856913074305,1.0,bce,4476,0.3700600578334693,0.39221014492753625,0.3849419124218052,0.8279714030384272,0.9948078920041536,0.5560069645966338,0.7133283693224125,"{""automata"": {""anomaly_threshold"": 0.1, ""decision"": {""fallback_quantile"": 0.05, ""score_field"": ""average_log_probability""}, ""paa"": {""window_size"": 4}, ""probability"": {""epsilon"": 0.0001, ""smoothing"": true}, ""sax"": {""alphabet_size"": 3}, ""sliding_window"": {""size"": 4, ""stride"": 1}, ""unseen_pattern"": {""enabled"": true, ""method"": ""levenshtein""}}, ""dataset"": {""config"": {""drop_columns"": [""datetime"", ""changepoint"", ""source_group"", ""source_file""], ""group_column"": ""source_file"", ""split"": {""test"": 0.2, ""train"": 0.6, ""validation"": 0.2}, ""target_column"": ""anomaly"", ""valve_folders"": [""valve1"", ""valve2""]}, ""name"": ""SKAB""}, ""model"": {""config"": {""architecture"": ""cnn"", ""dropout"": 0.2, ""enabled"": true, ""input_channels"": 1, ""kernel_size"": 3, ""learning_rate"": 0.001, ""num_filters"": 64, ""output_size"": 1}, ""name"": ""CNN""}, ""noise"": {""enabled"": true, ""gaussian_mean"": 0.0, ""gaussian_std"": 0.05}, ""preprocessing"": {""dataset_overrides"": {""SKAB"": {""pca"": {""enabled"": false}, ""sequence_length"": 32}}, ""missing_data"": {""enabled"": true, ""strategy"": ""mean""}, ""pca"": {""enabled"": true, ""n_components"": 1}, ""scaler"": ""standard"", ""sequence_length"": 16, ""sequence_stride"": 1}, ""project"": {""device"": ""cuda"", ""random_seeds"": [999]}, ""run"": {""family"": ""DEEP"", ""seed"": 999, ""split"": ""fold_2""}, ""training"": {""batch_size"": 32, ""class_imbalance"": {""dataset_model_overrides"": [{""dataset"": ""BATADAL"", ""focal_gamma"": 2.0, ""loss_name"": ""focal"", ""model"": ""GRU""}], ""dataset_overrides"": {""SKAB"": {""use_pos_weight"": false}}, ""focal_gamma"": 2.0, ""loss_name"": ""bce"", ""pos_weight_strategy"": ""neg_pos_ratio"", ""use_pos_weight"": true}, ""early_stopping"": {""enabled"": true, ""mode"": ""min"", ""monitor"": ""val_loss"", ""patience"": 5}, ""epochs"": 50, ""optimizer"": ""adam"", ""threshold_tuning"": {""beta"": 2.0, ""dataset_overrides"": {""BATADAL"": {""metric"": ""f2""}, ""SKAB"": {""metric"": ""f1"", ""min_threshold"": 0.1}}, ""enabled"": true, ""end"": 0.99, ""metric"": ""f1"", ""start"": 0.01, ""step"": 0.01}}}",SKAB,"[""valve1"", ""valve2""]",anomaly,"[""datetime"", ""changepoint"", ""source_group"", ""source_file""]",source_file,0.6,0.2,0.2,True,mean,standard,True,1,16,1,False,32,True,0.0,0.05,cuda,[999],32,50,True,5,val_loss,min,True,neg_pos_ratio,bce,2.0,False,"[{""dataset"": ""BATADAL"", ""focal_gamma"": 2.0, ""loss_name"": ""focal"", ""model"": ""GRU""}]",True,f1,2.0,0.01,0.99,0.01,f2,f1,0.1,adam,0.1,4,3,4,1,True,levenshtein,True,0.0001,average_log_probability,0.05,DEEP,999,fold_2,CNN,cnn,True,,,,0.2,1,0.001,1.0,64.0,3.0,,,
SKAB,LSTM,fold_3,999,baseline_0.5_threshold,0.5,0.7652111667859699,0.9972014925373134,0.6207897793263647,7,0.5283635419283138,val_loss,0.5283635419283138,1.0,bce,4398,0.37204285076625504,0.37937871777924653,0.39176898590268305,0.930650295588904,1.0,0.8229831688914684,0.9028971665074816,"{""automata"": {""anomaly_threshold"": 0.1, ""decision"": {""fallback_quantile"": 0.05, ""score_field"": ""average_log_probability""}, ""paa"": {""window_size"": 4}, ""probability"": {""epsilon"": 0.0001, ""smoothing"": true}, ""sax"": {""alphabet_size"": 3}, ""sliding_window"": {""size"": 4, ""stride"": 1}, ""unseen_pattern"": {""enabled"": true, ""method"": ""levenshtein""}}, ""dataset"": {""config"": {""drop_columns"": [""datetime"", ""changepoint"", ""source_group"", ""source_file""], ""group_column"": ""source_file"", ""split"": {""test"": 0.2, ""train"": 0.6, ""validation"": 0.2}, ""target_column"": ""anomaly"", ""valve_folders"": [""valve1"", ""valve2""]}, ""name"": ""SKAB""}, ""model"": {""config"": {""architecture"": ""lstm"", ""dropout"": 0.2, ""enabled"": true, ""hidden_size"": 64, ""input_size"": 1, ""learning_rate"": 0.001, ""num_layers"": 2, ""output_size"": 1}, ""name"": ""LSTM""}, ""noise"": {""enabled"": true, ""gaussian_mean"": 0.0, ""gaussian_std"": 0.05}, ""preprocessing"": {""dataset_overrides"": {""SKAB"": {""pca"": {""enabled"": false}, ""sequence_length"": 32}}, ""missing_data"": {""enabled"": true, ""strategy"": ""mean""}, ""pca"": {""enabled"": true, ""n_components"": 1}, ""scaler"": ""standard"", ""sequence_length"": 16, ""sequence_stride"": 1}, ""project"": {""device"": ""cuda"", ""random_seeds"": [999]}, ""run"": {""family"": ""DEEP"", ""seed"": 999, ""split"": ""fold_3""}, ""training"": {""batch_size"": 32, ""class_imbalance"": {""dataset_model_overrides"": [{""dataset"": ""BATADAL"", ""focal_gamma"": 2.0, ""loss_name"": ""focal"", ""model"": ""GRU""}], ""dataset_overrides"": {""SKAB"": {""use_pos_weight"": false}}, ""focal_gamma"": 2.0, ""loss_name"": ""bce"", ""pos_weight_strategy"": ""neg_pos_ratio"", ""use_pos_weight"": true}, ""early_stopping"": {""enabled"": true, ""mode"": ""min"", ""monitor"": ""val_loss"", ""patience"": 5}, ""epochs"": 50, ""optimizer"": ""adam"", ""threshold_tuning"": {""beta"": 2.0, ""dataset_overrides"": {""BATADAL"": {""metric"": ""f2""}, ""SKAB"": {""metric"": ""f1"", ""min_threshold"": 0.1}}, ""enabled"": true, ""end"": 0.99, ""metric"": ""f1"", ""start"": 0.01, ""step"": 0.01}}}",SKAB,"[""valve1"", ""valve2""]",anomaly,"[""datetime"", ""changepoint"", ""source_group"", ""source_file""]",source_file,0.6,0.2,0.2,True,mean,standard,True,1,16,1,False,32,True,0.0,0.05,cuda,[999],32,50,True,5,val_loss,min,True,neg_pos_ratio,bce,2.0,False,"[{""dataset"": ""BATADAL"", ""focal_gamma"": 2.0, ""loss_name"": ""focal"", ""model"": ""GRU""}]",True,f1,2.0,0.01,0.99,0.01,f2,f1,0.1,adam,0.1,4,3,4,1,True,levenshtein,True,0.0001,average_log_probability,0.05,DEEP,999,fold_3,LSTM,lstm,True,1.0,64.0,2.0,0.2,1,0.001,,,,,,
SKAB,LSTM,fold_3,999,tuned_threshold_weighted_loss,0.32,0.7652111667859699,0.9972014925373134,0.6207897793263647,7,0.5283635419283138,val_loss,0.5283635419283138,1.0,bce,4398,0.37204285076625504,0.37937871777924653,0.39176898590268305,0.9320145520691223,0.9992987377279102,0.8270458502611724,0.9050492219752302,"{""automata"": {""anomaly_threshold"": 0.1, ""decision"": {""fallback_quantile"": 0.05, ""score_field"": ""average_log_probability""}, ""paa"": {""window_size"": 4}, ""probability"": {""epsilon"": 0.0001, ""smoothing"": true}, ""sax"": {""alphabet_size"": 3}, ""sliding_window"": {""size"": 4, ""stride"": 1}, ""unseen_pattern"": {""enabled"": true, ""method"": ""levenshtein""}}, ""dataset"": {""config"": {""drop_columns"": [""datetime"", ""changepoint"", ""source_group"", ""source_file""], ""group_column"": ""source_file"", ""split"": {""test"": 0.2, ""train"": 0.6, ""validation"": 0.2}, ""target_column"": ""anomaly"", ""valve_folders"": [""valve1"", ""valve2""]}, ""name"": ""SKAB""}, ""model"": {""config"": {""architecture"": ""lstm"", ""dropout"": 0.2, ""enabled"": true, ""hidden_size"": 64, ""input_size"": 1, ""learning_rate"": 0.001, ""num_layers"": 2, ""output_size"": 1}, ""name"": ""LSTM""}, ""noise"": {""enabled"": true, ""gaussian_mean"": 0.0, ""gaussian_std"": 0.05}, ""preprocessing"": {""dataset_overrides"": {""SKAB"": {""pca"": {""enabled"": false}, ""sequence_length"": 32}}, ""missing_data"": {""enabled"": true, ""strategy"": ""mean""}, ""pca"": {""enabled"": true, ""n_components"": 1}, ""scaler"": ""standard"", ""sequence_length"": 16, ""sequence_stride"": 1}, ""project"": {""device"": ""cuda"", ""random_seeds"": [999]}, ""run"": {""family"": ""DEEP"", ""seed"": 999, ""split"": ""fold_3""}, ""training"": {""batch_size"": 32, ""class_imbalance"": {""dataset_model_overrides"": [{""dataset"": ""BATADAL"", ""focal_gamma"": 2.0, ""loss_name"": ""focal"", ""model"": ""GRU""}], ""dataset_overrides"": {""SKAB"": {""use_pos_weight"": false}}, ""focal_gamma"": 2.0, ""loss_name"": ""bce"", ""pos_weight_strategy"": ""neg_pos_ratio"", ""use_pos_weight"": true}, ""early_stopping"": {""enabled"": true, ""mode"": ""min"", ""monitor"": ""val_loss"", ""patience"": 5}, ""epochs"": 50, ""optimizer"": ""adam"", ""threshold_tuning"": {""beta"": 2.0, ""dataset_overrides"": {""BATADAL"": {""metric"": ""f2""}, ""SKAB"": {""metric"": ""f1"", ""min_threshold"": 0.1}}, ""enabled"": true, ""end"": 0.99, ""metric"": ""f1"", ""start"": 0.01, ""step"": 0.01}}}",SKAB,"[""valve1"", ""valve2""]",anomaly,"[""datetime"", ""changepoint"", ""source_group"", ""source_file""]",source_file,0.6,0.2,0.2,True,mean,standard,True,1,16,1,False,32,True,0.0,0.05,cuda,[999],32,50,True,5,val_loss,min,True,neg_pos_ratio,bce,2.0,False,"[{""dataset"": ""BATADAL"", ""focal_gamma"": 2.0, ""loss_name"": ""focal"", ""model"": ""GRU""}]",True,f1,2.0,0.01,0.99,0.01,f2,f1,0.1,adam,0.1,4,3,4,1,True,levenshtein,True,0.0001,average_log_probability,0.05,DEEP,999,fold_3,LSTM,lstm,True,1.0,64.0,2.0,0.2,1,0.001,,,,,,
SKAB,GRU,fold_3,999,baseline_0.5_threshold,0.5,0.775052557813595,0.9770318021201413,0.6422764227642277,7,0.49658521190761706,val_loss,0.49658521190761706,1.0,bce,4398,0.37204285076625504,0.37937871777924653,0.39176898590268305,0.9411095952705776,1.0,0.8496807893209518,0.918732350172576,"{""automata"": {""anomaly_threshold"": 0.1, ""decision"": {""fallback_quantile"": 0.05, ""score_field"": ""average_log_probability""}, ""paa"": {""window_size"": 4}, ""probability"": {""epsilon"": 0.0001, ""smoothing"": true}, ""sax"": {""alphabet_size"": 3}, ""sliding_window"": {""size"": 4, ""stride"": 1}, ""unseen_pattern"": {""enabled"": true, ""method"": ""levenshtein""}}, ""dataset"": {""config"": {""drop_columns"": [""datetime"", ""changepoint"", ""source_group"", ""source_file""], ""group_column"": ""source_file"", ""split"": {""test"": 0.2, ""train"": 0.6, ""validation"": 0.2}, ""target_column"": ""anomaly"", ""valve_folders"": [""valve1"", ""valve2""]}, ""name"": ""SKAB""}, ""model"": {""config"": {""architecture"": ""gru"", ""dropout"": 0.2, ""enabled"": true, ""hidden_size"": 64, ""input_size"": 1, ""learning_rate"": 0.001, ""num_layers"": 2, ""output_size"": 1}, ""name"": ""GRU""}, ""noise"": {""enabled"": true, ""gaussian_mean"": 0.0, ""gaussian_std"": 0.05}, ""preprocessing"": {""dataset_overrides"": {""SKAB"": {""pca"": {""enabled"": false}, ""sequence_length"": 32}}, ""missing_data"": {""enabled"": true, ""strategy"": ""mean""}, ""pca"": {""enabled"": true, ""n_components"": 1}, ""scaler"": ""standard"", ""sequence_length"": 16, ""sequence_stride"": 1}, ""project"": {""device"": ""cuda"", ""random_seeds"": [999]}, ""run"": {""family"": ""DEEP"", ""seed"": 999, ""split"": ""fold_3""}, ""training"": {""batch_size"": 32, ""class_imbalance"": {""dataset_model_overrides"": [{""dataset"": ""BATADAL"", ""focal_gamma"": 2.0, ""loss_name"": ""focal"", ""model"": ""GRU""}], ""dataset_overrides"": {""SKAB"": {""use_pos_weight"": false}}, ""focal_gamma"": 2.0, ""loss_name"": ""bce"", ""pos_weight_strategy"": ""neg_pos_ratio"", ""use_pos_weight"": true}, ""early_stopping"": {""enabled"": true, ""mode"": ""min"", ""monitor"": ""val_loss"", ""patience"": 5}, ""epochs"": 50, ""optimizer"": ""adam"", ""threshold_tuning"": {""beta"": 2.0, ""dataset_overrides"": {""BATADAL"": {""metric"": ""f2""}, ""SKAB"": {""metric"": ""f1"", ""min_threshold"": 0.1}}, ""enabled"": true, ""end"": 0.99, ""metric"": ""f1"", ""start"": 0.01, ""step"": 0.01}}}",SKAB,"[""valve1"", ""valve2""]",anomaly,"[""datetime"", ""changepoint"", ""source_group"", ""source_file""]",source_file,0.6,0.2,0.2,True,mean,standard,True,1,16,1,False,32,True,0.0,0.05,cuda,[999],32,50,True,5,val_loss,min,True,neg_pos_ratio,bce,2.0,False,"[{""dataset"": ""BATADAL"", ""focal_gamma"": 2.0, ""loss_name"": ""focal"", ""model"": ""GRU""}]",True,f1,2.0,0.01,0.99,0.01,f2,f1,0.1,adam,0.1,4,3,4,1,True,levenshtein,True,0.0001,average_log_probability,0.05,DEEP,999,fold_3,GRU,gru,True,1.0,64.0,2.0,0.2,1,0.001,,,,,,
SKAB,GRU,fold_3,999,tuned_threshold_weighted_loss,0.38,0.775052557813595,0.9770318021201413,0.6422764227642277,7,0.49658521190761706,val_loss,0.49658521190761706,1.0,bce,4398,0.37204285076625504,0.37937871777924653,0.39176898590268305,0.9440654843110505,0.9979770734996628,0.8589669181659896,0.9232688708671242,"{""automata"": {""anomaly_threshold"": 0.1, ""decision"": {""fallback_quantile"": 0.05, ""score_field"": ""average_log_probability""}, ""paa"": {""window_size"": 4}, ""probability"": {""epsilon"": 0.0001, ""smoothing"": true}, ""sax"": {""alphabet_size"": 3}, ""sliding_window"": {""size"": 4, ""stride"": 1}, ""unseen_pattern"": {""enabled"": true, ""method"": ""levenshtein""}}, ""dataset"": {""config"": {""drop_columns"": [""datetime"", ""changepoint"", ""source_group"", ""source_file""], ""group_column"": ""source_file"", ""split"": {""test"": 0.2, ""train"": 0.6, ""validation"": 0.2}, ""target_column"": ""anomaly"", ""valve_folders"": [""valve1"", ""valve2""]}, ""name"": ""SKAB""}, ""model"": {""config"": {""architecture"": ""gru"", ""dropout"": 0.2, ""enabled"": true, ""hidden_size"": 64, ""input_size"": 1, ""learning_rate"": 0.001, ""num_layers"": 2, ""output_size"": 1}, ""name"": ""GRU""}, ""noise"": {""enabled"": true, ""gaussian_mean"": 0.0, ""gaussian_std"": 0.05}, ""preprocessing"": {""dataset_overrides"": {""SKAB"": {""pca"": {""enabled"": false}, ""sequence_length"": 32}}, ""missing_data"": {""enabled"": true, ""strategy"": ""mean""}, ""pca"": {""enabled"": true, ""n_components"": 1}, ""scaler"": ""standard"", ""sequence_length"": 16, ""sequence_stride"": 1}, ""project"": {""device"": ""cuda"", ""random_seeds"": [999]}, ""run"": {""family"": ""DEEP"", ""seed"": 999, ""split"": ""fold_3""}, ""training"": {""batch_size"": 32, ""class_imbalance"": {""dataset_model_overrides"": [{""dataset"": ""BATADAL"", ""focal_gamma"": 2.0, ""loss_name"": ""focal"", ""model"": ""GRU""}], ""dataset_overrides"": {""SKAB"": {""use_pos_weight"": false}}, ""focal_gamma"": 2.0, ""loss_name"": ""bce"", ""pos_weight_strategy"": ""neg_pos_ratio"", ""use_pos_weight"": true}, ""early_stopping"": {""enabled"": true, ""mode"": ""min"", ""monitor"": ""val_loss"", ""patience"": 5}, ""epochs"": 50, ""optimizer"": ""adam"", ""threshold_tuning"": {""beta"": 2.0, ""dataset_overrides"": {""BATADAL"": {""metric"": ""f2""}, ""SKAB"": {""metric"": ""f1"", ""min_threshold"": 0.1}}, ""enabled"": true, ""end"": 0.99, ""metric"": ""f1"", ""start"": 0.01, ""step"": 0.01}}}",SKAB,"[""valve1"", ""valve2""]",anomaly,"[""datetime"", ""changepoint"", ""source_group"", ""source_file""]",source_file,0.6,0.2,0.2,True,mean,standard,True,1,16,1,False,32,True,0.0,0.05,cuda,[999],32,50,True,5,val_loss,min,True,neg_pos_ratio,bce,2.0,False,"[{""dataset"": ""BATADAL"", ""focal_gamma"": 2.0, ""loss_name"": ""focal"", ""model"": ""GRU""}]",True,f1,2.0,0.01,0.99,0.01,f2,f1,0.1,adam,0.1,4,3,4,1,True,levenshtein,True,0.0001,average_log_probability,0.05,DEEP,999,fold_3,GRU,gru,True,1.0,64.0,2.0,0.2,1,0.001,,,,,,
SKAB,CNN,fold_3,999,baseline_0.5_threshold,0.5,0.726179170623615,0.7981906750173974,0.6660859465737514,6,0.43939205655496955,val_loss,0.43939205655496955,1.0,bce,4398,0.37204285076625504,0.37937871777924653,0.39176898590268305,0.9249658935879945,1.0,0.808473592571097,0.8940949935815148,"{""automata"": {""anomaly_threshold"": 0.1, ""decision"": {""fallback_quantile"": 0.05, ""score_field"": ""average_log_probability""}, ""paa"": {""window_size"": 4}, ""probability"": {""epsilon"": 0.0001, ""smoothing"": true}, ""sax"": {""alphabet_size"": 3}, ""sliding_window"": {""size"": 4, ""stride"": 1}, ""unseen_pattern"": {""enabled"": true, ""method"": ""levenshtein""}}, ""dataset"": {""config"": {""drop_columns"": [""datetime"", ""changepoint"", ""source_group"", ""source_file""], ""group_column"": ""source_file"", ""split"": {""test"": 0.2, ""train"": 0.6, ""validation"": 0.2}, ""target_column"": ""anomaly"", ""valve_folders"": [""valve1"", ""valve2""]}, ""name"": ""SKAB""}, ""model"": {""config"": {""architecture"": ""cnn"", ""dropout"": 0.2, ""enabled"": true, ""input_channels"": 1, ""kernel_size"": 3, ""learning_rate"": 0.001, ""num_filters"": 64, ""output_size"": 1}, ""name"": ""CNN""}, ""noise"": {""enabled"": true, ""gaussian_mean"": 0.0, ""gaussian_std"": 0.05}, ""preprocessing"": {""dataset_overrides"": {""SKAB"": {""pca"": {""enabled"": false}, ""sequence_length"": 32}}, ""missing_data"": {""enabled"": true, ""strategy"": ""mean""}, ""pca"": {""enabled"": true, ""n_components"": 1}, ""scaler"": ""standard"", ""sequence_length"": 16, ""sequence_stride"": 1}, ""project"": {""device"": ""cuda"", ""random_seeds"": [999]}, ""run"": {""family"": ""DEEP"", ""seed"": 999, ""split"": ""fold_3""}, ""training"": {""batch_size"": 32, ""class_imbalance"": {""dataset_model_overrides"": [{""dataset"": ""BATADAL"", ""focal_gamma"": 2.0, ""loss_name"": ""focal"", ""model"": ""GRU""}], ""dataset_overrides"": {""SKAB"": {""use_pos_weight"": false}}, ""focal_gamma"": 2.0, ""loss_name"": ""bce"", ""pos_weight_strategy"": ""neg_pos_ratio"", ""use_pos_weight"": true}, ""early_stopping"": {""enabled"": true, ""mode"": ""min"", ""monitor"": ""val_loss"", ""patience"": 5}, ""epochs"": 50, ""optimizer"": ""adam"", ""threshold_tuning"": {""beta"": 2.0, ""dataset_overrides"": {""BATADAL"": {""metric"": ""f2""}, ""SKAB"": {""metric"": ""f1"", ""min_threshold"": 0.1}}, ""enabled"": true, ""end"": 0.99, ""metric"": ""f1"", ""start"": 0.01, ""step"": 0.01}}}",SKAB,"[""valve1"", ""valve2""]",anomaly,"[""datetime"", ""changepoint"", ""source_group"", ""source_file""]",source_file,0.6,0.2,0.2,True,mean,standard,True,1,16,1,False,32,True,0.0,0.05,cuda,[999],32,50,True,5,val_loss,min,True,neg_pos_ratio,bce,2.0,False,"[{""dataset"": ""BATADAL"", ""focal_gamma"": 2.0, ""loss_name"": ""focal"", ""model"": ""GRU""}]",True,f1,2.0,0.01,0.99,0.01,f2,f1,0.1,adam,0.1,4,3,4,1,True,levenshtein,True,0.0001,average_log_probability,0.05,DEEP,999,fold_3,CNN,cnn,True,,,,0.2,1,0.001,1.0,64.0,3.0,,,
SKAB,CNN,fold_3,999,tuned_threshold_weighted_loss,0.3,0.726179170623615,0.7981906750173974,0.6660859465737514,6,0.43939205655496955,val_loss,0.43939205655496955,1.0,bce,4398,0.37204285076625504,0.37937871777924653,0.39176898590268305,0.9274670304683947,0.9477040816326531,0.8624492164828786,0.9030689759951382,"{""automata"": {""anomaly_threshold"": 0.1, ""decision"": {""fallback_quantile"": 0.05, ""score_field"": ""average_log_probability""}, ""paa"": {""window_size"": 4}, ""probability"": {""epsilon"": 0.0001, ""smoothing"": true}, ""sax"": {""alphabet_size"": 3}, ""sliding_window"": {""size"": 4, ""stride"": 1}, ""unseen_pattern"": {""enabled"": true, ""method"": ""levenshtein""}}, ""dataset"": {""config"": {""drop_columns"": [""datetime"", ""changepoint"", ""source_group"", ""source_file""], ""group_column"": ""source_file"", ""split"": {""test"": 0.2, ""train"": 0.6, ""validation"": 0.2}, ""target_column"": ""anomaly"", ""valve_folders"": [""valve1"", ""valve2""]}, ""name"": ""SKAB""}, ""model"": {""config"": {""architecture"": ""cnn"", ""dropout"": 0.2, ""enabled"": true, ""input_channels"": 1, ""kernel_size"": 3, ""learning_rate"": 0.001, ""num_filters"": 64, ""output_size"": 1}, ""name"": ""CNN""}, ""noise"": {""enabled"": true, ""gaussian_mean"": 0.0, ""gaussian_std"": 0.05}, ""preprocessing"": {""dataset_overrides"": {""SKAB"": {""pca"": {""enabled"": false}, ""sequence_length"": 32}}, ""missing_data"": {""enabled"": true, ""strategy"": ""mean""}, ""pca"": {""enabled"": true, ""n_components"": 1}, ""scaler"": ""standard"", ""sequence_length"": 16, ""sequence_stride"": 1}, ""project"": {""device"": ""cuda"", ""random_seeds"": [999]}, ""run"": {""family"": ""DEEP"", ""seed"": 999, ""split"": ""fold_3""}, ""training"": {""batch_size"": 32, ""class_imbalance"": {""dataset_model_overrides"": [{""dataset"": ""BATADAL"", ""focal_gamma"": 2.0, ""loss_name"": ""focal"", ""model"": ""GRU""}], ""dataset_overrides"": {""SKAB"": {""use_pos_weight"": false}}, ""focal_gamma"": 2.0, ""loss_name"": ""bce"", ""pos_weight_strategy"": ""neg_pos_ratio"", ""use_pos_weight"": true}, ""early_stopping"": {""enabled"": true, ""mode"": ""min"", ""monitor"": ""val_loss"", ""patience"": 5}, ""epochs"": 50, ""optimizer"": ""adam"", ""threshold_tuning"": {""beta"": 2.0, ""dataset_overrides"": {""BATADAL"": {""metric"": ""f2""}, ""SKAB"": {""metric"": ""f1"", ""min_threshold"": 0.1}}, ""enabled"": true, ""end"": 0.99, ""metric"": ""f1"", ""start"": 0.01, ""step"": 0.01}}}",SKAB,"[""valve1"", ""valve2""]",anomaly,"[""datetime"", ""changepoint"", ""source_group"", ""source_file""]",source_file,0.6,0.2,0.2,True,mean,standard,True,1,16,1,False,32,True,0.0,0.05,cuda,[999],32,50,True,5,val_loss,min,True,neg_pos_ratio,bce,2.0,False,"[{""dataset"": ""BATADAL"", ""focal_gamma"": 2.0, ""loss_name"": ""focal"", ""model"": ""GRU""}]",True,f1,2.0,0.01,0.99,0.01,f2,f1,0.1,adam,0.1,4,3,4,1,True,levenshtein,True,0.0001,average_log_probability,0.05,DEEP,999,fold_3,CNN,cnn,True,,,,0.2,1,0.001,1.0,64.0,3.0,,,
SKAB,LSTM,fold_4,999,baseline_0.5_threshold,0.5,0.8668810289389067,0.975397973950796,0.7800925925925926,6,0.2684744146251933,val_loss,0.2684744146251933,1.0,bce,4511,0.37429420505200595,0.39201451905626133,0.3724229660829084,0.8725338062513855,1.0,0.6577380952380952,0.7935368043087971,"{""automata"": {""anomaly_threshold"": 0.1, ""decision"": {""fallback_quantile"": 0.05, ""score_field"": ""average_log_probability""}, ""paa"": {""window_size"": 4}, ""probability"": {""epsilon"": 0.0001, ""smoothing"": true}, ""sax"": {""alphabet_size"": 3}, ""sliding_window"": {""size"": 4, ""stride"": 1}, ""unseen_pattern"": {""enabled"": true, ""method"": ""levenshtein""}}, ""dataset"": {""config"": {""drop_columns"": [""datetime"", ""changepoint"", ""source_group"", ""source_file""], ""group_column"": ""source_file"", ""split"": {""test"": 0.2, ""train"": 0.6, ""validation"": 0.2}, ""target_column"": ""anomaly"", ""valve_folders"": [""valve1"", ""valve2""]}, ""name"": ""SKAB""}, ""model"": {""config"": {""architecture"": ""lstm"", ""dropout"": 0.2, ""enabled"": true, ""hidden_size"": 64, ""input_size"": 1, ""learning_rate"": 0.001, ""num_layers"": 2, ""output_size"": 1}, ""name"": ""LSTM""}, ""noise"": {""enabled"": true, ""gaussian_mean"": 0.0, ""gaussian_std"": 0.05}, ""preprocessing"": {""dataset_overrides"": {""SKAB"": {""pca"": {""enabled"": false}, ""sequence_length"": 32}}, ""missing_data"": {""enabled"": true, ""strategy"": ""mean""}, ""pca"": {""enabled"": true, ""n_components"": 1}, ""scaler"": ""standard"", ""sequence_length"": 16, ""sequence_stride"": 1}, ""project"": {""device"": ""cuda"", ""random_seeds"": [999]}, ""run"": {""family"": ""DEEP"", ""seed"": 999, ""split"": ""fold_4""}, ""training"": {""batch_size"": 32, ""class_imbalance"": {""dataset_model_overrides"": [{""dataset"": ""BATADAL"", ""focal_gamma"": 2.0, ""loss_name"": ""focal"", ""model"": ""GRU""}], ""dataset_overrides"": {""SKAB"": {""use_pos_weight"": false}}, ""focal_gamma"": 2.0, ""loss_name"": ""bce"", ""pos_weight_strategy"": ""neg_pos_ratio"", ""use_pos_weight"": true}, ""early_stopping"": {""enabled"": true, ""mode"": ""min"", ""monitor"": ""val_loss"", ""patience"": 5}, ""epochs"": 50, ""optimizer"": ""adam"", ""threshold_tuning"": {""beta"": 2.0, ""dataset_overrides"": {""BATADAL"": {""metric"": ""f2""}, ""SKAB"": {""metric"": ""f1"", ""min_threshold"": 0.1}}, ""enabled"": true, ""end"": 0.99, ""metric"": ""f1"", ""start"": 0.01, ""step"": 0.01}}}",SKAB,"[""valve1"", ""valve2""]",anomaly,"[""datetime"", ""changepoint"", ""source_group"", ""source_file""]",source_file,0.6,0.2,0.2,True,mean,standard,True,1,16,1,False,32,True,0.0,0.05,cuda,[999],32,50,True,5,val_loss,min,True,neg_pos_ratio,bce,2.0,False,"[{""dataset"": ""BATADAL"", ""focal_gamma"": 2.0, ""loss_name"": ""focal"", ""model"": ""GRU""}]",True,f1,2.0,0.01,0.99,0.01,f2,f1,0.1,adam,0.1,4,3,4,1,True,levenshtein,True,0.0001,average_log_probability,0.05,DEEP,999,fold_4,LSTM,lstm,True,1.0,64.0,2.0,0.2,1,0.001,,,,,,
SKAB,LSTM,fold_4,999,tuned_threshold_weighted_loss,0.24,0.8668810289389067,0.975397973950796,0.7800925925925926,6,0.2684744146251933,val_loss,0.2684744146251933,1.0,bce,4511,0.37429420505200595,0.39201451905626133,0.3724229660829084,0.9190866770117491,1.0,0.7827380952380952,0.8781302170283807,"{""automata"": {""anomaly_threshold"": 0.1, ""decision"": {""fallback_quantile"": 0.05, ""score_field"": ""average_log_probability""}, ""paa"": {""window_size"": 4}, ""probability"": {""epsilon"": 0.0001, ""smoothing"": true}, ""sax"": {""alphabet_size"": 3}, ""sliding_window"": {""size"": 4, ""stride"": 1}, ""unseen_pattern"": {""enabled"": true, ""method"": ""levenshtein""}}, ""dataset"": {""config"": {""drop_columns"": [""datetime"", ""changepoint"", ""source_group"", ""source_file""], ""group_column"": ""source_file"", ""split"": {""test"": 0.2, ""train"": 0.6, ""validation"": 0.2}, ""target_column"": ""anomaly"", ""valve_folders"": [""valve1"", ""valve2""]}, ""name"": ""SKAB""}, ""model"": {""config"": {""architecture"": ""lstm"", ""dropout"": 0.2, ""enabled"": true, ""hidden_size"": 64, ""input_size"": 1, ""learning_rate"": 0.001, ""num_layers"": 2, ""output_size"": 1}, ""name"": ""LSTM""}, ""noise"": {""enabled"": true, ""gaussian_mean"": 0.0, ""gaussian_std"": 0.05}, ""preprocessing"": {""dataset_overrides"": {""SKAB"": {""pca"": {""enabled"": false}, ""sequence_length"": 32}}, ""missing_data"": {""enabled"": true, ""strategy"": ""mean""}, ""pca"": {""enabled"": true, ""n_components"": 1}, ""scaler"": ""standard"", ""sequence_length"": 16, ""sequence_stride"": 1}, ""project"": {""device"": ""cuda"", ""random_seeds"": [999]}, ""run"": {""family"": ""DEEP"", ""seed"": 999, ""split"": ""fold_4""}, ""training"": {""batch_size"": 32, ""class_imbalance"": {""dataset_model_overrides"": [{""dataset"": ""BATADAL"", ""focal_gamma"": 2.0, ""loss_name"": ""focal"", ""model"": ""GRU""}], ""dataset_overrides"": {""SKAB"": {""use_pos_weight"": false}}, ""focal_gamma"": 2.0, ""loss_name"": ""bce"", ""pos_weight_strategy"": ""neg_pos_ratio"", ""use_pos_weight"": true}, ""early_stopping"": {""enabled"": true, ""mode"": ""min"", ""monitor"": ""val_loss"", ""patience"": 5}, ""epochs"": 50, ""optimizer"": ""adam"", ""threshold_tuning"": {""beta"": 2.0, ""dataset_overrides"": {""BATADAL"": {""metric"": ""f2""}, ""SKAB"": {""metric"": ""f1"", ""min_threshold"": 0.1}}, ""enabled"": true, ""end"": 0.99, ""metric"": ""f1"", ""start"": 0.01, ""step"": 0.01}}}",SKAB,"[""valve1"", ""valve2""]",anomaly,"[""datetime"", ""changepoint"", ""source_group"", ""source_file""]",source_file,0.6,0.2,0.2,True,mean,standard,True,1,16,1,False,32,True,0.0,0.05,cuda,[999],32,50,True,5,val_loss,min,True,neg_pos_ratio,bce,2.0,False,"[{""dataset"": ""BATADAL"", ""focal_gamma"": 2.0, ""loss_name"": ""focal"", ""model"": ""GRU""}]",True,f1,2.0,0.01,0.99,0.01,f2,f1,0.1,adam,0.1,4,3,4,1,True,levenshtein,True,0.0001,average_log_probability,0.05,DEEP,999,fold_4,LSTM,lstm,True,1.0,64.0,2.0,0.2,1,0.001,,,,,,
SKAB,GRU,fold_4,999,baseline_0.5_threshold,0.5,0.8997772828507795,0.9992932862190813,0.8182870370370371,7,0.2511175499972084,val_loss,0.2511175499972084,1.0,bce,4511,0.37429420505200595,0.39201451905626133,0.3724229660829084,0.9272888494790512,1.0,0.8047619047619048,0.8918205804749341,"{""automata"": {""anomaly_threshold"": 0.1, ""decision"": {""fallback_quantile"": 0.05, ""score_field"": ""average_log_probability""}, ""paa"": {""window_size"": 4}, ""probability"": {""epsilon"": 0.0001, ""smoothing"": true}, ""sax"": {""alphabet_size"": 3}, ""sliding_window"": {""size"": 4, ""stride"": 1}, ""unseen_pattern"": {""enabled"": true, ""method"": ""levenshtein""}}, ""dataset"": {""config"": {""drop_columns"": [""datetime"", ""changepoint"", ""source_group"", ""source_file""], ""group_column"": ""source_file"", ""split"": {""test"": 0.2, ""train"": 0.6, ""validation"": 0.2}, ""target_column"": ""anomaly"", ""valve_folders"": [""valve1"", ""valve2""]}, ""name"": ""SKAB""}, ""model"": {""config"": {""architecture"": ""gru"", ""dropout"": 0.2, ""enabled"": true, ""hidden_size"": 64, ""input_size"": 1, ""learning_rate"": 0.001, ""num_layers"": 2, ""output_size"": 1}, ""name"": ""GRU""}, ""noise"": {""enabled"": true, ""gaussian_mean"": 0.0, ""gaussian_std"": 0.05}, ""preprocessing"": {""dataset_overrides"": {""SKAB"": {""pca"": {""enabled"": false}, ""sequence_length"": 32}}, ""missing_data"": {""enabled"": true, ""strategy"": ""mean""}, ""pca"": {""enabled"": true, ""n_components"": 1}, ""scaler"": ""standard"", ""sequence_length"": 16, ""sequence_stride"": 1}, ""project"": {""device"": ""cuda"", ""random_seeds"": [999]}, ""run"": {""family"": ""DEEP"", ""seed"": 999, ""split"": ""fold_4""}, ""training"": {""batch_size"": 32, ""class_imbalance"": {""dataset_model_overrides"": [{""dataset"": ""BATADAL"", ""focal_gamma"": 2.0, ""loss_name"": ""focal"", ""model"": ""GRU""}], ""dataset_overrides"": {""SKAB"": {""use_pos_weight"": false}}, ""focal_gamma"": 2.0, ""loss_name"": ""bce"", ""pos_weight_strategy"": ""neg_pos_ratio"", ""use_pos_weight"": true}, ""early_stopping"": {""enabled"": true, ""mode"": ""min"", ""monitor"": ""val_loss"", ""patience"": 5}, ""epochs"": 50, ""optimizer"": ""adam"", ""threshold_tuning"": {""beta"": 2.0, ""dataset_overrides"": {""BATADAL"": {""metric"": ""f2""}, ""SKAB"": {""metric"": ""f1"", ""min_threshold"": 0.1}}, ""enabled"": true, ""end"": 0.99, ""metric"": ""f1"", ""start"": 0.01, ""step"": 0.01}}}",SKAB,"[""valve1"", ""valve2""]",anomaly,"[""datetime"", ""changepoint"", ""source_group"", ""source_file""]",source_file,0.6,0.2,0.2,True,mean,standard,True,1,16,1,False,32,True,0.0,0.05,cuda,[999],32,50,True,5,val_loss,min,True,neg_pos_ratio,bce,2.0,False,"[{""dataset"": ""BATADAL"", ""focal_gamma"": 2.0, ""loss_name"": ""focal"", ""model"": ""GRU""}]",True,f1,2.0,0.01,0.99,0.01,f2,f1,0.1,adam,0.1,4,3,4,1,True,levenshtein,True,0.0001,average_log_probability,0.05,DEEP,999,fold_4,GRU,gru,True,1.0,64.0,2.0,0.2,1,0.001,,,,,,
SKAB,GRU,fold_4,999,tuned_threshold_weighted_loss,0.18,0.8997772828507795,0.9992932862190813,0.8182870370370371,7,0.2511175499972084,val_loss,0.2511175499972084,1.0,bce,4511,0.37429420505200595,0.39201451905626133,0.3724229660829084,0.9319441365550876,0.994240460763139,0.8220238095238095,0.8999674160964484,"{""automata"": {""anomaly_threshold"": 0.1, ""decision"": {""fallback_quantile"": 0.05, ""score_field"": ""average_log_probability""}, ""paa"": {""window_size"": 4}, ""probability"": {""epsilon"": 0.0001, ""smoothing"": true}, ""sax"": {""alphabet_size"": 3}, ""sliding_window"": {""size"": 4, ""stride"": 1}, ""unseen_pattern"": {""enabled"": true, ""method"": ""levenshtein""}}, ""dataset"": {""config"": {""drop_columns"": [""datetime"", ""changepoint"", ""source_group"", ""source_file""], ""group_column"": ""source_file"", ""split"": {""test"": 0.2, ""train"": 0.6, ""validation"": 0.2}, ""target_column"": ""anomaly"", ""valve_folders"": [""valve1"", ""valve2""]}, ""name"": ""SKAB""}, ""model"": {""config"": {""architecture"": ""gru"", ""dropout"": 0.2, ""enabled"": true, ""hidden_size"": 64, ""input_size"": 1, ""learning_rate"": 0.001, ""num_layers"": 2, ""output_size"": 1}, ""name"": ""GRU""}, ""noise"": {""enabled"": true, ""gaussian_mean"": 0.0, ""gaussian_std"": 0.05}, ""preprocessing"": {""dataset_overrides"": {""SKAB"": {""pca"": {""enabled"": false}, ""sequence_length"": 32}}, ""missing_data"": {""enabled"": true, ""strategy"": ""mean""}, ""pca"": {""enabled"": true, ""n_components"": 1}, ""scaler"": ""standard"", ""sequence_length"": 16, ""sequence_stride"": 1}, ""project"": {""device"": ""cuda"", ""random_seeds"": [999]}, ""run"": {""family"": ""DEEP"", ""seed"": 999, ""split"": ""fold_4""}, ""training"": {""batch_size"": 32, ""class_imbalance"": {""dataset_model_overrides"": [{""dataset"": ""BATADAL"", ""focal_gamma"": 2.0, ""loss_name"": ""focal"", ""model"": ""GRU""}], ""dataset_overrides"": {""SKAB"": {""use_pos_weight"": false}}, ""focal_gamma"": 2.0, ""loss_name"": ""bce"", ""pos_weight_strategy"": ""neg_pos_ratio"", ""use_pos_weight"": true}, ""early_stopping"": {""enabled"": true, ""mode"": ""min"", ""monitor"": ""val_loss"", ""patience"": 5}, ""epochs"": 50, ""optimizer"": ""adam"", ""threshold_tuning"": {""beta"": 2.0, ""dataset_overrides"": {""BATADAL"": {""metric"": ""f2""}, ""SKAB"": {""metric"": ""f1"", ""min_threshold"": 0.1}}, ""enabled"": true, ""end"": 0.99, ""metric"": ""f1"", ""start"": 0.01, ""step"": 0.01}}}",SKAB,"[""valve1"", ""valve2""]",anomaly,"[""datetime"", ""changepoint"", ""source_group"", ""source_file""]",source_file,0.6,0.2,0.2,True,mean,standard,True,1,16,1,False,32,True,0.0,0.05,cuda,[999],32,50,True,5,val_loss,min,True,neg_pos_ratio,bce,2.0,False,"[{""dataset"": ""BATADAL"", ""focal_gamma"": 2.0, ""loss_name"": ""focal"", ""model"": ""GRU""}]",True,f1,2.0,0.01,0.99,0.01,f2,f1,0.1,adam,0.1,4,3,4,1,True,levenshtein,True,0.0001,average_log_probability,0.05,DEEP,999,fold_4,GRU,gru,True,1.0,64.0,2.0,0.2,1,0.001,,,,,,
SKAB,CNN,fold_4,999,baseline_0.5_threshold,0.5,0.8879037365421153,0.9804195804195804,0.8113425925925926,9,0.2587156725673506,val_loss,0.2587156725673506,1.0,bce,4511,0.37429420505200595,0.39201451905626133,0.3724229660829084,0.916869873642208,1.0,0.7767857142857143,0.8743718592964824,"{""automata"": {""anomaly_threshold"": 0.1, ""decision"": {""fallback_quantile"": 0.05, ""score_field"": ""average_log_probability""}, ""paa"": {""window_size"": 4}, ""probability"": {""epsilon"": 0.0001, ""smoothing"": true}, ""sax"": {""alphabet_size"": 3}, ""sliding_window"": {""size"": 4, ""stride"": 1}, ""unseen_pattern"": {""enabled"": true, ""method"": ""levenshtein""}}, ""dataset"": {""config"": {""drop_columns"": [""datetime"", ""changepoint"", ""source_group"", ""source_file""], ""group_column"": ""source_file"", ""split"": {""test"": 0.2, ""train"": 0.6, ""validation"": 0.2}, ""target_column"": ""anomaly"", ""valve_folders"": [""valve1"", ""valve2""]}, ""name"": ""SKAB""}, ""model"": {""config"": {""architecture"": ""cnn"", ""dropout"": 0.2, ""enabled"": true, ""input_channels"": 1, ""kernel_size"": 3, ""learning_rate"": 0.001, ""num_filters"": 64, ""output_size"": 1}, ""name"": ""CNN""}, ""noise"": {""enabled"": true, ""gaussian_mean"": 0.0, ""gaussian_std"": 0.05}, ""preprocessing"": {""dataset_overrides"": {""SKAB"": {""pca"": {""enabled"": false}, ""sequence_length"": 32}}, ""missing_data"": {""enabled"": true, ""strategy"": ""mean""}, ""pca"": {""enabled"": true, ""n_components"": 1}, ""scaler"": ""standard"", ""sequence_length"": 16, ""sequence_stride"": 1}, ""project"": {""device"": ""cuda"", ""random_seeds"": [999]}, ""run"": {""family"": ""DEEP"", ""seed"": 999, ""split"": ""fold_4""}, ""training"": {""batch_size"": 32, ""class_imbalance"": {""dataset_model_overrides"": [{""dataset"": ""BATADAL"", ""focal_gamma"": 2.0, ""loss_name"": ""focal"", ""model"": ""GRU""}], ""dataset_overrides"": {""SKAB"": {""use_pos_weight"": false}}, ""focal_gamma"": 2.0, ""loss_name"": ""bce"", ""pos_weight_strategy"": ""neg_pos_ratio"", ""use_pos_weight"": true}, ""early_stopping"": {""enabled"": true, ""mode"": ""min"", ""monitor"": ""val_loss"", ""patience"": 5}, ""epochs"": 50, ""optimizer"": ""adam"", ""threshold_tuning"": {""beta"": 2.0, ""dataset_overrides"": {""BATADAL"": {""metric"": ""f2""}, ""SKAB"": {""metric"": ""f1"", ""min_threshold"": 0.1}}, ""enabled"": true, ""end"": 0.99, ""metric"": ""f1"", ""start"": 0.01, ""step"": 0.01}}}",SKAB,"[""valve1"", ""valve2""]",anomaly,"[""datetime"", ""changepoint"", ""source_group"", ""source_file""]",source_file,0.6,0.2,0.2,True,mean,standard,True,1,16,1,False,32,True,0.0,0.05,cuda,[999],32,50,True,5,val_loss,min,True,neg_pos_ratio,bce,2.0,False,"[{""dataset"": ""BATADAL"", ""focal_gamma"": 2.0, ""loss_name"": ""focal"", ""model"": ""GRU""}]",True,f1,2.0,0.01,0.99,0.01,f2,f1,0.1,adam,0.1,4,3,4,1,True,levenshtein,True,0.0001,average_log_probability,0.05,DEEP,999,fold_4,CNN,cnn,True,,,,0.2,1,0.001,1.0,64.0,3.0,,,
SKAB,CNN,fold_4,999,tuned_threshold_weighted_loss,0.28,0.8879037365421153,0.9804195804195804,0.8113425925925926,9,0.2587156725673506,val_loss,0.2587156725673506,1.0,bce,4511,0.37429420505200595,0.39201451905626133,0.3724229660829084,0.9219685213921525,0.9853801169590644,0.8023809523809524,0.884514435695538,"{""automata"": {""anomaly_threshold"": 0.1, ""decision"": {""fallback_quantile"": 0.05, ""score_field"": ""average_log_probability""}, ""paa"": {""window_size"": 4}, ""probability"": {""epsilon"": 0.0001, ""smoothing"": true}, ""sax"": {""alphabet_size"": 3}, ""sliding_window"": {""size"": 4, ""stride"": 1}, ""unseen_pattern"": {""enabled"": true, ""method"": ""levenshtein""}}, ""dataset"": {""config"": {""drop_columns"": [""datetime"", ""changepoint"", ""source_group"", ""source_file""], ""group_column"": ""source_file"", ""split"": {""test"": 0.2, ""train"": 0.6, ""validation"": 0.2}, ""target_column"": ""anomaly"", ""valve_folders"": [""valve1"", ""valve2""]}, ""name"": ""SKAB""}, ""model"": {""config"": {""architecture"": ""cnn"", ""dropout"": 0.2, ""enabled"": true, ""input_channels"": 1, ""kernel_size"": 3, ""learning_rate"": 0.001, ""num_filters"": 64, ""output_size"": 1}, ""name"": ""CNN""}, ""noise"": {""enabled"": true, ""gaussian_mean"": 0.0, ""gaussian_std"": 0.05}, ""preprocessing"": {""dataset_overrides"": {""SKAB"": {""pca"": {""enabled"": false}, ""sequence_length"": 32}}, ""missing_data"": {""enabled"": true, ""strategy"": ""mean""}, ""pca"": {""enabled"": true, ""n_components"": 1}, ""scaler"": ""standard"", ""sequence_length"": 16, ""sequence_stride"": 1}, ""project"": {""device"": ""cuda"", ""random_seeds"": [999]}, ""run"": {""family"": ""DEEP"", ""seed"": 999, ""split"": ""fold_4""}, ""training"": {""batch_size"": 32, ""class_imbalance"": {""dataset_model_overrides"": [{""dataset"": ""BATADAL"", ""focal_gamma"": 2.0, ""loss_name"": ""focal"", ""model"": ""GRU""}], ""dataset_overrides"": {""SKAB"": {""use_pos_weight"": false}}, ""focal_gamma"": 2.0, ""loss_name"": ""bce"", ""pos_weight_strategy"": ""neg_pos_ratio"", ""use_pos_weight"": true}, ""early_stopping"": {""enabled"": true, ""mode"": ""min"", ""monitor"": ""val_loss"", ""patience"": 5}, ""epochs"": 50, ""optimizer"": ""adam"", ""threshold_tuning"": {""beta"": 2.0, ""dataset_overrides"": {""BATADAL"": {""metric"": ""f2""}, ""SKAB"": {""metric"": ""f1"", ""min_threshold"": 0.1}}, ""enabled"": true, ""end"": 0.99, ""metric"": ""f1"", ""start"": 0.01, ""step"": 0.01}}}",SKAB,"[""valve1"", ""valve2""]",anomaly,"[""datetime"", ""changepoint"", ""source_group"", ""source_file""]",source_file,0.6,0.2,0.2,True,mean,standard,True,1,16,1,False,32,True,0.0,0.05,cuda,[999],32,50,True,5,val_loss,min,True,neg_pos_ratio,bce,2.0,False,"[{""dataset"": ""BATADAL"", ""focal_gamma"": 2.0, ""loss_name"": ""focal"", ""model"": ""GRU""}]",True,f1,2.0,0.01,0.99,0.01,f2,f1,0.1,adam,0.1,4,3,4,1,True,levenshtein,True,0.0001,average_log_probability,0.05,DEEP,999,fold_4,CNN,cnn,True,,,,0.2,1,0.001,1.0,64.0,3.0,,,
BATADAL,LSTM,test,42,baseline_0.5_threshold,0.5,0.1657754010695187,0.09627329192546584,0.5961538461538461,8,1.4225321441161922,val_loss,1.4225321441161922,17.87121212121212,bce,821,0.05299076676033721,0.06341463414634146,0.13398294762484775,0.47381242387332523,0.07631578947368421,0.2636363636363636,0.11836734693877551,"{""automata"": {""anomaly_threshold"": 0.1, ""decision"": {""fallback_quantile"": 0.05, ""score_field"": ""average_log_probability""}, ""paa"": {""window_size"": 4}, ""probability"": {""epsilon"": 0.0001, ""smoothing"": true}, ""sax"": {""alphabet_size"": 3}, ""sliding_window"": {""size"": 4, ""stride"": 1}, ""unseen_pattern"": {""enabled"": true, ""method"": ""levenshtein""}}, ""dataset"": {""config"": {""anomaly_label_value"": 1, ""drop_columns"": [""DATETIME""], ""normal_label_value"": -999, ""split"": {""test"": 0.2, ""train"": 0.6, ""validation"": 0.2}, ""target_column"": ""ATT_FLAG"", ""train_file"": ""BATADAL_dataset04.csv""}, ""name"": ""BATADAL""}, ""model"": {""config"": {""architecture"": ""lstm"", ""dropout"": 0.2, ""enabled"": true, ""hidden_size"": 64, ""input_size"": 1, ""learning_rate"": 0.001, ""num_layers"": 2, ""output_size"": 1}, ""name"": ""LSTM""}, ""noise"": {""enabled"": true, ""gaussian_mean"": 0.0, ""gaussian_std"": 0.05}, ""preprocessing"": {""dataset_overrides"": {""SKAB"": {""pca"": {""enabled"": false}, ""sequence_length"": 32}}, ""missing_data"": {""enabled"": true, ""strategy"": ""mean""}, ""pca"": {""enabled"": true, ""n_components"": 1}, ""scaler"": ""standard"", ""sequence_length"": 16, ""sequence_stride"": 1}, ""project"": {""device"": ""cuda"", ""random_seeds"": [42]}, ""run"": {""family"": ""DEEP"", ""seed"": 42, ""split"": ""test""}, ""training"": {""batch_size"": 32, ""class_imbalance"": {""dataset_model_overrides"": [{""dataset"": ""BATADAL"", ""focal_gamma"": 2.0, ""loss_name"": ""focal"", ""model"": ""GRU""}], ""dataset_overrides"": {""SKAB"": {""use_pos_weight"": false}}, ""focal_gamma"": 2.0, ""loss_name"": ""bce"", ""pos_weight_strategy"": ""neg_pos_ratio"", ""use_pos_weight"": true}, ""early_stopping"": {""enabled"": true, ""mode"": ""min"", ""monitor"": ""val_loss"", ""patience"": 5}, ""epochs"": 50, ""optimizer"": ""adam"", ""threshold_tuning"": {""beta"": 2.0, ""dataset_overrides"": {""BATADAL"": {""metric"": ""f2""}, ""SKAB"": {""metric"": ""f1"", ""min_threshold"": 0.1}}, ""enabled"": true, ""end"": 0.99, ""metric"": ""f1"", ""start"": 0.01, ""step"": 0.01}}}",BATADAL,,ATT_FLAG,"[""DATETIME""]",,0.6,0.2,0.2,True,mean,standard,True,1,16,1,False,32,True,0.0,0.05,cuda,[42],32,50,True,5,val_loss,min,True,neg_pos_ratio,bce,2.0,False,"[{""dataset"": ""BATADAL"", ""focal_gamma"": 2.0, ""loss_name"": ""focal"", ""model"": ""GRU""}]",True,f1,2.0,0.01,0.99,0.01,f2,f1,0.1,adam,0.1,4,3,4,1,True,levenshtein,True,0.0001,average_log_probability,0.05,DEEP,42,test,LSTM,lstm,True,1.0,64.0,2.0,0.2,1,0.001,,,,BATADAL_dataset04.csv,-999.0,1.0
BATADAL,LSTM,test,42,tuned_threshold_weighted_loss,0.53,0.1657754010695187,0.09627329192546584,0.5961538461538461,8,1.4225321441161922,val_loss,1.4225321441161922,17.87121212121212,bce,821,0.05299076676033721,0.06341463414634146,0.13398294762484775,0.5347137637028014,0.0641025641025641,0.18181818181818182,0.0947867298578199,"{""automata"": {""anomaly_threshold"": 0.1, ""decision"": {""fallback_quantile"": 0.05, ""score_field"": ""average_log_probability""}, ""paa"": {""window_size"": 4}, ""probability"": {""epsilon"": 0.0001, ""smoothing"": true}, ""sax"": {""alphabet_size"": 3}, ""sliding_window"": {""size"": 4, ""stride"": 1}, ""unseen_pattern"": {""enabled"": true, ""method"": ""levenshtein""}}, ""dataset"": {""config"": {""anomaly_label_value"": 1, ""drop_columns"": [""DATETIME""], ""normal_label_value"": -999, ""split"": {""test"": 0.2, ""train"": 0.6, ""validation"": 0.2}, ""target_column"": ""ATT_FLAG"", ""train_file"": ""BATADAL_dataset04.csv""}, ""name"": ""BATADAL""}, ""model"": {""config"": {""architecture"": ""lstm"", ""dropout"": 0.2, ""enabled"": true, ""hidden_size"": 64, ""input_size"": 1, ""learning_rate"": 0.001, ""num_layers"": 2, ""output_size"": 1}, ""name"": ""LSTM""}, ""noise"": {""enabled"": true, ""gaussian_mean"": 0.0, ""gaussian_std"": 0.05}, ""preprocessing"": {""dataset_overrides"": {""SKAB"": {""pca"": {""enabled"": false}, ""sequence_length"": 32}}, ""missing_data"": {""enabled"": true, ""strategy"": ""mean""}, ""pca"": {""enabled"": true, ""n_components"": 1}, ""scaler"": ""standard"", ""sequence_length"": 16, ""sequence_stride"": 1}, ""project"": {""device"": ""cuda"", ""random_seeds"": [42]}, ""run"": {""family"": ""DEEP"", ""seed"": 42, ""split"": ""test""}, ""training"": {""batch_size"": 32, ""class_imbalance"": {""dataset_model_overrides"": [{""dataset"": ""BATADAL"", ""focal_gamma"": 2.0, ""loss_name"": ""focal"", ""model"": ""GRU""}], ""dataset_overrides"": {""SKAB"": {""use_pos_weight"": false}}, ""focal_gamma"": 2.0, ""loss_name"": ""bce"", ""pos_weight_strategy"": ""neg_pos_ratio"", ""use_pos_weight"": true}, ""early_stopping"": {""enabled"": true, ""mode"": ""min"", ""monitor"": ""val_loss"", ""patience"": 5}, ""epochs"": 50, ""optimizer"": ""adam"", ""threshold_tuning"": {""beta"": 2.0, ""dataset_overrides"": {""BATADAL"": {""metric"": ""f2""}, ""SKAB"": {""metric"": ""f1"", ""min_threshold"": 0.1}}, ""enabled"": true, ""end"": 0.99, ""metric"": ""f1"", ""start"": 0.01, ""step"": 0.01}}}",BATADAL,,ATT_FLAG,"[""DATETIME""]",,0.6,0.2,0.2,True,mean,standard,True,1,16,1,False,32,True,0.0,0.05,cuda,[42],32,50,True,5,val_loss,min,True,neg_pos_ratio,bce,2.0,False,"[{""dataset"": ""BATADAL"", ""focal_gamma"": 2.0, ""loss_name"": ""focal"", ""model"": ""GRU""}]",True,f1,2.0,0.01,0.99,0.01,f2,f1,0.1,adam,0.1,4,3,4,1,True,levenshtein,True,0.0001,average_log_probability,0.05,DEEP,42,test,LSTM,lstm,True,1.0,64.0,2.0,0.2,1,0.001,,,,BATADAL_dataset04.csv,-999.0,1.0
BATADAL,GRU,test,42,baseline_0.5_threshold,0.5,0.25688073394495414,0.15272727272727274,0.8076923076923077,14,0.2880362643701274,val_loss,0.2880362643701274,17.87121212121212,focal,821,0.05299076676033721,0.06341463414634146,0.13398294762484775,0.5420219244823387,0.11337209302325581,0.35454545454545455,0.17180616740088106,"{""automata"": {""anomaly_threshold"": 0.1, ""decision"": {""fallback_quantile"": 0.05, ""score_field"": ""average_log_probability""}, ""paa"": {""window_size"": 4}, ""probability"": {""epsilon"": 0.0001, ""smoothing"": true}, ""sax"": {""alphabet_size"": 3}, ""sliding_window"": {""size"": 4, ""stride"": 1}, ""unseen_pattern"": {""enabled"": true, ""method"": ""levenshtein""}}, ""dataset"": {""config"": {""anomaly_label_value"": 1, ""drop_columns"": [""DATETIME""], ""normal_label_value"": -999, ""split"": {""test"": 0.2, ""train"": 0.6, ""validation"": 0.2}, ""target_column"": ""ATT_FLAG"", ""train_file"": ""BATADAL_dataset04.csv""}, ""name"": ""BATADAL""}, ""model"": {""config"": {""architecture"": ""gru"", ""dropout"": 0.2, ""enabled"": true, ""hidden_size"": 64, ""input_size"": 1, ""learning_rate"": 0.001, ""num_layers"": 2, ""output_size"": 1}, ""name"": ""GRU""}, ""noise"": {""enabled"": true, ""gaussian_mean"": 0.0, ""gaussian_std"": 0.05}, ""preprocessing"": {""dataset_overrides"": {""SKAB"": {""pca"": {""enabled"": false}, ""sequence_length"": 32}}, ""missing_data"": {""enabled"": true, ""strategy"": ""mean""}, ""pca"": {""enabled"": true, ""n_components"": 1}, ""scaler"": ""standard"", ""sequence_length"": 16, ""sequence_stride"": 1}, ""project"": {""device"": ""cuda"", ""random_seeds"": [42]}, ""run"": {""family"": ""DEEP"", ""seed"": 42, ""split"": ""test""}, ""training"": {""batch_size"": 32, ""class_imbalance"": {""dataset_model_overrides"": [{""dataset"": ""BATADAL"", ""focal_gamma"": 2.0, ""loss_name"": ""focal"", ""model"": ""GRU""}], ""dataset_overrides"": {""SKAB"": {""use_pos_weight"": false}}, ""focal_gamma"": 2.0, ""loss_name"": ""bce"", ""pos_weight_strategy"": ""neg_pos_ratio"", ""use_pos_weight"": true}, ""early_stopping"": {""enabled"": true, ""mode"": ""min"", ""monitor"": ""val_loss"", ""patience"": 5}, ""epochs"": 50, ""optimizer"": ""adam"", ""threshold_tuning"": {""beta"": 2.0, ""dataset_overrides"": {""BATADAL"": {""metric"": ""f2""}, ""SKAB"": {""metric"": ""f1"", ""min_threshold"": 0.1}}, ""enabled"": true, ""end"": 0.99, ""metric"": ""f1"", ""start"": 0.01, ""step"": 0.01}}}",BATADAL,,ATT_FLAG,"[""DATETIME""]",,0.6,0.2,0.2,True,mean,standard,True,1,16,1,False,32,True,0.0,0.05,cuda,[42],32,50,True,5,val_loss,min,True,neg_pos_ratio,bce,2.0,False,"[{""dataset"": ""BATADAL"", ""focal_gamma"": 2.0, ""loss_name"": ""focal"", ""model"": ""GRU""}]",True,f1,2.0,0.01,0.99,0.01,f2,f1,0.1,adam,0.1,4,3,4,1,True,levenshtein,True,0.0001,average_log_probability,0.05,DEEP,42,test,GRU,gru,True,1.0,64.0,2.0,0.2,1,0.001,,,,BATADAL_dataset04.csv,-999.0,1.0
BATADAL,GRU,test,42,tuned_threshold_weighted_loss,0.55,0.25688073394495414,0.15272727272727274,0.8076923076923077,14,0.2880362643701274,val_loss,0.2880362643701274,17.87121212121212,focal,821,0.05299076676033721,0.06341463414634146,0.13398294762484775,0.679658952496955,0.1506849315068493,0.3,0.2006079027355623,"{""automata"": {""anomaly_threshold"": 0.1, ""decision"": {""fallback_quantile"": 0.05, ""score_field"": ""average_log_probability""}, ""paa"": {""window_size"": 4}, ""probability"": {""epsilon"": 0.0001, ""smoothing"": true}, ""sax"": {""alphabet_size"": 3}, ""sliding_window"": {""size"": 4, ""stride"": 1}, ""unseen_pattern"": {""enabled"": true, ""method"": ""levenshtein""}}, ""dataset"": {""config"": {""anomaly_label_value"": 1, ""drop_columns"": [""DATETIME""], ""normal_label_value"": -999, ""split"": {""test"": 0.2, ""train"": 0.6, ""validation"": 0.2}, ""target_column"": ""ATT_FLAG"", ""train_file"": ""BATADAL_dataset04.csv""}, ""name"": ""BATADAL""}, ""model"": {""config"": {""architecture"": ""gru"", ""dropout"": 0.2, ""enabled"": true, ""hidden_size"": 64, ""input_size"": 1, ""learning_rate"": 0.001, ""num_layers"": 2, ""output_size"": 1}, ""name"": ""GRU""}, ""noise"": {""enabled"": true, ""gaussian_mean"": 0.0, ""gaussian_std"": 0.05}, ""preprocessing"": {""dataset_overrides"": {""SKAB"": {""pca"": {""enabled"": false}, ""sequence_length"": 32}}, ""missing_data"": {""enabled"": true, ""strategy"": ""mean""}, ""pca"": {""enabled"": true, ""n_components"": 1}, ""scaler"": ""standard"", ""sequence_length"": 16, ""sequence_stride"": 1}, ""project"": {""device"": ""cuda"", ""random_seeds"": [42]}, ""run"": {""family"": ""DEEP"", ""seed"": 42, ""split"": ""test""}, ""training"": {""batch_size"": 32, ""class_imbalance"": {""dataset_model_overrides"": [{""dataset"": ""BATADAL"", ""focal_gamma"": 2.0, ""loss_name"": ""focal"", ""model"": ""GRU""}], ""dataset_overrides"": {""SKAB"": {""use_pos_weight"": false}}, ""focal_gamma"": 2.0, ""loss_name"": ""bce"", ""pos_weight_strategy"": ""neg_pos_ratio"", ""use_pos_weight"": true}, ""early_stopping"": {""enabled"": true, ""mode"": ""min"", ""monitor"": ""val_loss"", ""patience"": 5}, ""epochs"": 50, ""optimizer"": ""adam"", ""threshold_tuning"": {""beta"": 2.0, ""dataset_overrides"": {""BATADAL"": {""metric"": ""f2""}, ""SKAB"": {""metric"": ""f1"", ""min_threshold"": 0.1}}, ""enabled"": true, ""end"": 0.99, ""metric"": ""f1"", ""start"": 0.01, ""step"": 0.01}}}",BATADAL,,ATT_FLAG,"[""DATETIME""]",,0.6,0.2,0.2,True,mean,standard,True,1,16,1,False,32,True,0.0,0.05,cuda,[42],32,50,True,5,val_loss,min,True,neg_pos_ratio,bce,2.0,False,"[{""dataset"": ""BATADAL"", ""focal_gamma"": 2.0, ""loss_name"": ""focal"", ""model"": ""GRU""}]",True,f1,2.0,0.01,0.99,0.01,f2,f1,0.1,adam,0.1,4,3,4,1,True,levenshtein,True,0.0001,average_log_probability,0.05,DEEP,42,test,GRU,gru,True,1.0,64.0,2.0,0.2,1,0.001,,,,BATADAL_dataset04.csv,-999.0,1.0
BATADAL,CNN,test,42,baseline_0.5_threshold,0.5,0.27149321266968324,0.17751479289940827,0.5769230769230769,37,1.2983664393424987,val_loss,1.2983664393424987,17.87121212121212,bce,821,0.05299076676033721,0.06341463414634146,0.13398294762484775,0.5907429963459196,0.12080536912751678,0.32727272727272727,0.17647058823529413,"{""automata"": {""anomaly_threshold"": 0.1, ""decision"": {""fallback_quantile"": 0.05, ""score_field"": ""average_log_probability""}, ""paa"": {""window_size"": 4}, ""probability"": {""epsilon"": 0.0001, ""smoothing"": true}, ""sax"": {""alphabet_size"": 3}, ""sliding_window"": {""size"": 4, ""stride"": 1}, ""unseen_pattern"": {""enabled"": true, ""method"": ""levenshtein""}}, ""dataset"": {""config"": {""anomaly_label_value"": 1, ""drop_columns"": [""DATETIME""], ""normal_label_value"": -999, ""split"": {""test"": 0.2, ""train"": 0.6, ""validation"": 0.2}, ""target_column"": ""ATT_FLAG"", ""train_file"": ""BATADAL_dataset04.csv""}, ""name"": ""BATADAL""}, ""model"": {""config"": {""architecture"": ""cnn"", ""dropout"": 0.2, ""enabled"": true, ""input_channels"": 1, ""kernel_size"": 3, ""learning_rate"": 0.001, ""num_filters"": 64, ""output_size"": 1}, ""name"": ""CNN""}, ""noise"": {""enabled"": true, ""gaussian_mean"": 0.0, ""gaussian_std"": 0.05}, ""preprocessing"": {""dataset_overrides"": {""SKAB"": {""pca"": {""enabled"": false}, ""sequence_length"": 32}}, ""missing_data"": {""enabled"": true, ""strategy"": ""mean""}, ""pca"": {""enabled"": true, ""n_components"": 1}, ""scaler"": ""standard"", ""sequence_length"": 16, ""sequence_stride"": 1}, ""project"": {""device"": ""cuda"", ""random_seeds"": [42]}, ""run"": {""family"": ""DEEP"", ""seed"": 42, ""split"": ""test""}, ""training"": {""batch_size"": 32, ""class_imbalance"": {""dataset_model_overrides"": [{""dataset"": ""BATADAL"", ""focal_gamma"": 2.0, ""loss_name"": ""focal"", ""model"": ""GRU""}], ""dataset_overrides"": {""SKAB"": {""use_pos_weight"": false}}, ""focal_gamma"": 2.0, ""loss_name"": ""bce"", ""pos_weight_strategy"": ""neg_pos_ratio"", ""use_pos_weight"": true}, ""early_stopping"": {""enabled"": true, ""mode"": ""min"", ""monitor"": ""val_loss"", ""patience"": 5}, ""epochs"": 50, ""optimizer"": ""adam"", ""threshold_tuning"": {""beta"": 2.0, ""dataset_overrides"": {""BATADAL"": {""metric"": ""f2""}, ""SKAB"": {""metric"": ""f1"", ""min_threshold"": 0.1}}, ""enabled"": true, ""end"": 0.99, ""metric"": ""f1"", ""start"": 0.01, ""step"": 0.01}}}",BATADAL,,ATT_FLAG,"[""DATETIME""]",,0.6,0.2,0.2,True,mean,standard,True,1,16,1,False,32,True,0.0,0.05,cuda,[42],32,50,True,5,val_loss,min,True,neg_pos_ratio,bce,2.0,False,"[{""dataset"": ""BATADAL"", ""focal_gamma"": 2.0, ""loss_name"": ""focal"", ""model"": ""GRU""}]",True,f1,2.0,0.01,0.99,0.01,f2,f1,0.1,adam,0.1,4,3,4,1,True,levenshtein,True,0.0001,average_log_probability,0.05,DEEP,42,test,CNN,cnn,True,,,,0.2,1,0.001,1.0,64.0,3.0,BATADAL_dataset04.csv,-999.0,1.0
BATADAL,CNN,test,42,tuned_threshold_weighted_loss,0.59,0.27149321266968324,0.17751479289940827,0.5769230769230769,37,1.2983664393424987,val_loss,1.2983664393424987,17.87121212121212,bce,821,0.05299076676033721,0.06341463414634146,0.13398294762484775,0.7381242387332522,0.152317880794702,0.20909090909090908,0.17624521072796934,"{""automata"": {""anomaly_threshold"": 0.1, ""decision"": {""fallback_quantile"": 0.05, ""score_field"": ""average_log_probability""}, ""paa"": {""window_size"": 4}, ""probability"": {""epsilon"": 0.0001, ""smoothing"": true}, ""sax"": {""alphabet_size"": 3}, ""sliding_window"": {""size"": 4, ""stride"": 1}, ""unseen_pattern"": {""enabled"": true, ""method"": ""levenshtein""}}, ""dataset"": {""config"": {""anomaly_label_value"": 1, ""drop_columns"": [""DATETIME""], ""normal_label_value"": -999, ""split"": {""test"": 0.2, ""train"": 0.6, ""validation"": 0.2}, ""target_column"": ""ATT_FLAG"", ""train_file"": ""BATADAL_dataset04.csv""}, ""name"": ""BATADAL""}, ""model"": {""config"": {""architecture"": ""cnn"", ""dropout"": 0.2, ""enabled"": true, ""input_channels"": 1, ""kernel_size"": 3, ""learning_rate"": 0.001, ""num_filters"": 64, ""output_size"": 1}, ""name"": ""CNN""}, ""noise"": {""enabled"": true, ""gaussian_mean"": 0.0, ""gaussian_std"": 0.05}, ""preprocessing"": {""dataset_overrides"": {""SKAB"": {""pca"": {""enabled"": false}, ""sequence_length"": 32}}, ""missing_data"": {""enabled"": true, ""strategy"": ""mean""}, ""pca"": {""enabled"": true, ""n_components"": 1}, ""scaler"": ""standard"", ""sequence_length"": 16, ""sequence_stride"": 1}, ""project"": {""device"": ""cuda"", ""random_seeds"": [42]}, ""run"": {""family"": ""DEEP"", ""seed"": 42, ""split"": ""test""}, ""training"": {""batch_size"": 32, ""class_imbalance"": {""dataset_model_overrides"": [{""dataset"": ""BATADAL"", ""focal_gamma"": 2.0, ""loss_name"": ""focal"", ""model"": ""GRU""}], ""dataset_overrides"": {""SKAB"": {""use_pos_weight"": false}}, ""focal_gamma"": 2.0, ""loss_name"": ""bce"", ""pos_weight_strategy"": ""neg_pos_ratio"", ""use_pos_weight"": true}, ""early_stopping"": {""enabled"": true, ""mode"": ""min"", ""monitor"": ""val_loss"", ""patience"": 5}, ""epochs"": 50, ""optimizer"": ""adam"", ""threshold_tuning"": {""beta"": 2.0, ""dataset_overrides"": {""BATADAL"": {""metric"": ""f2""}, ""SKAB"": {""metric"": ""f1"", ""min_threshold"": 0.1}}, ""enabled"": true, ""end"": 0.99, ""metric"": ""f1"", ""start"": 0.01, ""step"": 0.01}}}",BATADAL,,ATT_FLAG,"[""DATETIME""]",,0.6,0.2,0.2,True,mean,standard,True,1,16,1,False,32,True,0.0,0.05,cuda,[42],32,50,True,5,val_loss,min,True,neg_pos_ratio,bce,2.0,False,"[{""dataset"": ""BATADAL"", ""focal_gamma"": 2.0, ""loss_name"": ""focal"", ""model"": ""GRU""}]",True,f1,2.0,0.01,0.99,0.01,f2,f1,0.1,adam,0.1,4,3,4,1,True,levenshtein,True,0.0001,average_log_probability,0.05,DEEP,42,test,CNN,cnn,True,,,,0.2,1,0.001,1.0,64.0,3.0,BATADAL_dataset04.csv,-999.0,1.0
BATADAL,LSTM,test,123,baseline_0.5_threshold,0.5,0.18695652173913044,0.1053921568627451,0.8269230769230769,15,1.2930826079554674,val_loss,1.2930826079554674,17.87121212121212,bce,821,0.05299076676033721,0.06341463414634146,0.13398294762484775,0.559074299634592,0.09615384615384616,0.2727272727272727,0.14218009478672985,"{""automata"": {""anomaly_threshold"": 0.1, ""decision"": {""fallback_quantile"": 0.05, ""score_field"": ""average_log_probability""}, ""paa"": {""window_size"": 4}, ""probability"": {""epsilon"": 0.0001, ""smoothing"": true}, ""sax"": {""alphabet_size"": 3}, ""sliding_window"": {""size"": 4, ""stride"": 1}, ""unseen_pattern"": {""enabled"": true, ""method"": ""levenshtein""}}, ""dataset"": {""config"": {""anomaly_label_value"": 1, ""drop_columns"": [""DATETIME""], ""normal_label_value"": -999, ""split"": {""test"": 0.2, ""train"": 0.6, ""validation"": 0.2}, ""target_column"": ""ATT_FLAG"", ""train_file"": ""BATADAL_dataset04.csv""}, ""name"": ""BATADAL""}, ""model"": {""config"": {""architecture"": ""lstm"", ""dropout"": 0.2, ""enabled"": true, ""hidden_size"": 64, ""input_size"": 1, ""learning_rate"": 0.001, ""num_layers"": 2, ""output_size"": 1}, ""name"": ""LSTM""}, ""noise"": {""enabled"": true, ""gaussian_mean"": 0.0, ""gaussian_std"": 0.05}, ""preprocessing"": {""dataset_overrides"": {""SKAB"": {""pca"": {""enabled"": false}, ""sequence_length"": 32}}, ""missing_data"": {""enabled"": true, ""strategy"": ""mean""}, ""pca"": {""enabled"": true, ""n_components"": 1}, ""scaler"": ""standard"", ""sequence_length"": 16, ""sequence_stride"": 1}, ""project"": {""device"": ""cuda"", ""random_seeds"": [123]}, ""run"": {""family"": ""DEEP"", ""seed"": 123, ""split"": ""test""}, ""training"": {""batch_size"": 32, ""class_imbalance"": {""dataset_model_overrides"": [{""dataset"": ""BATADAL"", ""focal_gamma"": 2.0, ""loss_name"": ""focal"", ""model"": ""GRU""}], ""dataset_overrides"": {""SKAB"": {""use_pos_weight"": false}}, ""focal_gamma"": 2.0, ""loss_name"": ""bce"", ""pos_weight_strategy"": ""neg_pos_ratio"", ""use_pos_weight"": true}, ""early_stopping"": {""enabled"": true, ""mode"": ""min"", ""monitor"": ""val_loss"", ""patience"": 5}, ""epochs"": 50, ""optimizer"": ""adam"", ""threshold_tuning"": {""beta"": 2.0, ""dataset_overrides"": {""BATADAL"": {""metric"": ""f2""}, ""SKAB"": {""metric"": ""f1"", ""min_threshold"": 0.1}}, ""enabled"": true, ""end"": 0.99, ""metric"": ""f1"", ""start"": 0.01, ""step"": 0.01}}}",BATADAL,,ATT_FLAG,"[""DATETIME""]",,0.6,0.2,0.2,True,mean,standard,True,1,16,1,False,32,True,0.0,0.05,cuda,[123],32,50,True,5,val_loss,min,True,neg_pos_ratio,bce,2.0,False,"[{""dataset"": ""BATADAL"", ""focal_gamma"": 2.0, ""loss_name"": ""focal"", ""model"": ""GRU""}]",True,f1,2.0,0.01,0.99,0.01,f2,f1,0.1,adam,0.1,4,3,4,1,True,levenshtein,True,0.0001,average_log_probability,0.05,DEEP,123,test,LSTM,lstm,True,1.0,64.0,2.0,0.2,1,0.001,,,,BATADAL_dataset04.csv,-999.0,1.0
BATADAL,LSTM,test,123,tuned_threshold_weighted_loss,0.39,0.18695652173913044,0.1053921568627451,0.8269230769230769,15,1.2930826079554674,val_loss,1.2930826079554674,17.87121212121212,bce,821,0.05299076676033721,0.06341463414634146,0.13398294762484775,0.47868453105968334,0.09438775510204081,0.33636363636363636,0.14741035856573706,"{""automata"": {""anomaly_threshold"": 0.1, ""decision"": {""fallback_quantile"": 0.05, ""score_field"": ""average_log_probability""}, ""paa"": {""window_size"": 4}, ""probability"": {""epsilon"": 0.0001, ""smoothing"": true}, ""sax"": {""alphabet_size"": 3}, ""sliding_window"": {""size"": 4, ""stride"": 1}, ""unseen_pattern"": {""enabled"": true, ""method"": ""levenshtein""}}, ""dataset"": {""config"": {""anomaly_label_value"": 1, ""drop_columns"": [""DATETIME""], ""normal_label_value"": -999, ""split"": {""test"": 0.2, ""train"": 0.6, ""validation"": 0.2}, ""target_column"": ""ATT_FLAG"", ""train_file"": ""BATADAL_dataset04.csv""}, ""name"": ""BATADAL""}, ""model"": {""config"": {""architecture"": ""lstm"", ""dropout"": 0.2, ""enabled"": true, ""hidden_size"": 64, ""input_size"": 1, ""learning_rate"": 0.001, ""num_layers"": 2, ""output_size"": 1}, ""name"": ""LSTM""}, ""noise"": {""enabled"": true, ""gaussian_mean"": 0.0, ""gaussian_std"": 0.05}, ""preprocessing"": {""dataset_overrides"": {""SKAB"": {""pca"": {""enabled"": false}, ""sequence_length"": 32}}, ""missing_data"": {""enabled"": true, ""strategy"": ""mean""}, ""pca"": {""enabled"": true, ""n_components"": 1}, ""scaler"": ""standard"", ""sequence_length"": 16, ""sequence_stride"": 1}, ""project"": {""device"": ""cuda"", ""random_seeds"": [123]}, ""run"": {""family"": ""DEEP"", ""seed"": 123, ""split"": ""test""}, ""training"": {""batch_size"": 32, ""class_imbalance"": {""dataset_model_overrides"": [{""dataset"": ""BATADAL"", ""focal_gamma"": 2.0, ""loss_name"": ""focal"", ""model"": ""GRU""}], ""dataset_overrides"": {""SKAB"": {""use_pos_weight"": false}}, ""focal_gamma"": 2.0, ""loss_name"": ""bce"", ""pos_weight_strategy"": ""neg_pos_ratio"", ""use_pos_weight"": true}, ""early_stopping"": {""enabled"": true, ""mode"": ""min"", ""monitor"": ""val_loss"", ""patience"": 5}, ""epochs"": 50, ""optimizer"": ""adam"", ""threshold_tuning"": {""beta"": 2.0, ""dataset_overrides"": {""BATADAL"": {""metric"": ""f2""}, ""SKAB"": {""metric"": ""f1"", ""min_threshold"": 0.1}}, ""enabled"": true, ""end"": 0.99, ""metric"": ""f1"", ""start"": 0.01, ""step"": 0.01}}}",BATADAL,,ATT_FLAG,"[""DATETIME""]",,0.6,0.2,0.2,True,mean,standard,True,1,16,1,False,32,True,0.0,0.05,cuda,[123],32,50,True,5,val_loss,min,True,neg_pos_ratio,bce,2.0,False,"[{""dataset"": ""BATADAL"", ""focal_gamma"": 2.0, ""loss_name"": ""focal"", ""model"": ""GRU""}]",True,f1,2.0,0.01,0.99,0.01,f2,f1,0.1,adam,0.1,4,3,4,1,True,levenshtein,True,0.0001,average_log_probability,0.05,DEEP,123,test,LSTM,lstm,True,1.0,64.0,2.0,0.2,1,0.001,,,,BATADAL_dataset04.csv,-999.0,1.0
BATADAL,GRU,test,123,baseline_0.5_threshold,0.5,0.19068736141906872,0.10776942355889724,0.8269230769230769,12,0.3158804383219742,val_loss,0.3158804383219742,17.87121212121212,focal,821,0.05299076676033721,0.06341463414634146,0.13398294762484775,0.51278928136419,0.10810810810810811,0.36363636363636365,0.16666666666666666,"{""automata"": {""anomaly_threshold"": 0.1, ""decision"": {""fallback_quantile"": 0.05, ""score_field"": ""average_log_probability""}, ""paa"": {""window_size"": 4}, ""probability"": {""epsilon"": 0.0001, ""smoothing"": true}, ""sax"": {""alphabet_size"": 3}, ""sliding_window"": {""size"": 4, ""stride"": 1}, ""unseen_pattern"": {""enabled"": true, ""method"": ""levenshtein""}}, ""dataset"": {""config"": {""anomaly_label_value"": 1, ""drop_columns"": [""DATETIME""], ""normal_label_value"": -999, ""split"": {""test"": 0.2, ""train"": 0.6, ""validation"": 0.2}, ""target_column"": ""ATT_FLAG"", ""train_file"": ""BATADAL_dataset04.csv""}, ""name"": ""BATADAL""}, ""model"": {""config"": {""architecture"": ""gru"", ""dropout"": 0.2, ""enabled"": true, ""hidden_size"": 64, ""input_size"": 1, ""learning_rate"": 0.001, ""num_layers"": 2, ""output_size"": 1}, ""name"": ""GRU""}, ""noise"": {""enabled"": true, ""gaussian_mean"": 0.0, ""gaussian_std"": 0.05}, ""preprocessing"": {""dataset_overrides"": {""SKAB"": {""pca"": {""enabled"": false}, ""sequence_length"": 32}}, ""missing_data"": {""enabled"": true, ""strategy"": ""mean""}, ""pca"": {""enabled"": true, ""n_components"": 1}, ""scaler"": ""standard"", ""sequence_length"": 16, ""sequence_stride"": 1}, ""project"": {""device"": ""cuda"", ""random_seeds"": [123]}, ""run"": {""family"": ""DEEP"", ""seed"": 123, ""split"": ""test""}, ""training"": {""batch_size"": 32, ""class_imbalance"": {""dataset_model_overrides"": [{""dataset"": ""BATADAL"", ""focal_gamma"": 2.0, ""loss_name"": ""focal"", ""model"": ""GRU""}], ""dataset_overrides"": {""SKAB"": {""use_pos_weight"": false}}, ""focal_gamma"": 2.0, ""loss_name"": ""bce"", ""pos_weight_strategy"": ""neg_pos_ratio"", ""use_pos_weight"": true}, ""early_stopping"": {""enabled"": true, ""mode"": ""min"", ""monitor"": ""val_loss"", ""patience"": 5}, ""epochs"": 50, ""optimizer"": ""adam"", ""threshold_tuning"": {""beta"": 2.0, ""dataset_overrides"": {""BATADAL"": {""metric"": ""f2""}, ""SKAB"": {""metric"": ""f1"", ""min_threshold"": 0.1}}, ""enabled"": true, ""end"": 0.99, ""metric"": ""f1"", ""start"": 0.01, ""step"": 0.01}}}",BATADAL,,ATT_FLAG,"[""DATETIME""]",,0.6,0.2,0.2,True,mean,standard,True,1,16,1,False,32,True,0.0,0.05,cuda,[123],32,50,True,5,val_loss,min,True,neg_pos_ratio,bce,2.0,False,"[{""dataset"": ""BATADAL"", ""focal_gamma"": 2.0, ""loss_name"": ""focal"", ""model"": ""GRU""}]",True,f1,2.0,0.01,0.99,0.01,f2,f1,0.1,adam,0.1,4,3,4,1,True,levenshtein,True,0.0001,average_log_probability,0.05,DEEP,123,test,GRU,gru,True,1.0,64.0,2.0,0.2,1,0.001,,,,BATADAL_dataset04.csv,-999.0,1.0
BATADAL,GRU,test,123,tuned_threshold_weighted_loss,0.5,0.19068736141906872,0.10776942355889724,0.8269230769230769,12,0.3158804383219742,val_loss,0.3158804383219742,17.87121212121212,focal,821,0.05299076676033721,0.06341463414634146,0.13398294762484775,0.51278928136419,0.10810810810810811,0.36363636363636365,0.16666666666666666,"{""automata"": {""anomaly_threshold"": 0.1, ""decision"": {""fallback_quantile"": 0.05, ""score_field"": ""average_log_probability""}, ""paa"": {""window_size"": 4}, ""probability"": {""epsilon"": 0.0001, ""smoothing"": true}, ""sax"": {""alphabet_size"": 3}, ""sliding_window"": {""size"": 4, ""stride"": 1}, ""unseen_pattern"": {""enabled"": true, ""method"": ""levenshtein""}}, ""dataset"": {""config"": {""anomaly_label_value"": 1, ""drop_columns"": [""DATETIME""], ""normal_label_value"": -999, ""split"": {""test"": 0.2, ""train"": 0.6, ""validation"": 0.2}, ""target_column"": ""ATT_FLAG"", ""train_file"": ""BATADAL_dataset04.csv""}, ""name"": ""BATADAL""}, ""model"": {""config"": {""architecture"": ""gru"", ""dropout"": 0.2, ""enabled"": true, ""hidden_size"": 64, ""input_size"": 1, ""learning_rate"": 0.001, ""num_layers"": 2, ""output_size"": 1}, ""name"": ""GRU""}, ""noise"": {""enabled"": true, ""gaussian_mean"": 0.0, ""gaussian_std"": 0.05}, ""preprocessing"": {""dataset_overrides"": {""SKAB"": {""pca"": {""enabled"": false}, ""sequence_length"": 32}}, ""missing_data"": {""enabled"": true, ""strategy"": ""mean""}, ""pca"": {""enabled"": true, ""n_components"": 1}, ""scaler"": ""standard"", ""sequence_length"": 16, ""sequence_stride"": 1}, ""project"": {""device"": ""cuda"", ""random_seeds"": [123]}, ""run"": {""family"": ""DEEP"", ""seed"": 123, ""split"": ""test""}, ""training"": {""batch_size"": 32, ""class_imbalance"": {""dataset_model_overrides"": [{""dataset"": ""BATADAL"", ""focal_gamma"": 2.0, ""loss_name"": ""focal"", ""model"": ""GRU""}], ""dataset_overrides"": {""SKAB"": {""use_pos_weight"": false}}, ""focal_gamma"": 2.0, ""loss_name"": ""bce"", ""pos_weight_strategy"": ""neg_pos_ratio"", ""use_pos_weight"": true}, ""early_stopping"": {""enabled"": true, ""mode"": ""min"", ""monitor"": ""val_loss"", ""patience"": 5}, ""epochs"": 50, ""optimizer"": ""adam"", ""threshold_tuning"": {""beta"": 2.0, ""dataset_overrides"": {""BATADAL"": {""metric"": ""f2""}, ""SKAB"": {""metric"": ""f1"", ""min_threshold"": 0.1}}, ""enabled"": true, ""end"": 0.99, ""metric"": ""f1"", ""start"": 0.01, ""step"": 0.01}}}",BATADAL,,ATT_FLAG,"[""DATETIME""]",,0.6,0.2,0.2,True,mean,standard,True,1,16,1,False,32,True,0.0,0.05,cuda,[123],32,50,True,5,val_loss,min,True,neg_pos_ratio,bce,2.0,False,"[{""dataset"": ""BATADAL"", ""focal_gamma"": 2.0, ""loss_name"": ""focal"", ""model"": ""GRU""}]",True,f1,2.0,0.01,0.99,0.01,f2,f1,0.1,adam,0.1,4,3,4,1,True,levenshtein,True,0.0001,average_log_probability,0.05,DEEP,123,test,GRU,gru,True,1.0,64.0,2.0,0.2,1,0.001,,,,BATADAL_dataset04.csv,-999.0,1.0
BATADAL,CNN,test,123,baseline_0.5_threshold,0.5,0.2727272727272727,0.16981132075471697,0.6923076923076923,39,1.2765984683502012,val_loss,1.2765984683502012,17.87121212121212,bce,821,0.05299076676033721,0.06341463414634146,0.13398294762484775,0.535931790499391,0.11830985915492957,0.38181818181818183,0.18064516129032257,"{""automata"": {""anomaly_threshold"": 0.1, ""decision"": {""fallback_quantile"": 0.05, ""score_field"": ""average_log_probability""}, ""paa"": {""window_size"": 4}, ""probability"": {""epsilon"": 0.0001, ""smoothing"": true}, ""sax"": {""alphabet_size"": 3}, ""sliding_window"": {""size"": 4, ""stride"": 1}, ""unseen_pattern"": {""enabled"": true, ""method"": ""levenshtein""}}, ""dataset"": {""config"": {""anomaly_label_value"": 1, ""drop_columns"": [""DATETIME""], ""normal_label_value"": -999, ""split"": {""test"": 0.2, ""train"": 0.6, ""validation"": 0.2}, ""target_column"": ""ATT_FLAG"", ""train_file"": ""BATADAL_dataset04.csv""}, ""name"": ""BATADAL""}, ""model"": {""config"": {""architecture"": ""cnn"", ""dropout"": 0.2, ""enabled"": true, ""input_channels"": 1, ""kernel_size"": 3, ""learning_rate"": 0.001, ""num_filters"": 64, ""output_size"": 1}, ""name"": ""CNN""}, ""noise"": {""enabled"": true, ""gaussian_mean"": 0.0, ""gaussian_std"": 0.05}, ""preprocessing"": {""dataset_overrides"": {""SKAB"": {""pca"": {""enabled"": false}, ""sequence_length"": 32}}, ""missing_data"": {""enabled"": true, ""strategy"": ""mean""}, ""pca"": {""enabled"": true, ""n_components"": 1}, ""scaler"": ""standard"", ""sequence_length"": 16, ""sequence_stride"": 1}, ""project"": {""device"": ""cuda"", ""random_seeds"": [123]}, ""run"": {""family"": ""DEEP"", ""seed"": 123, ""split"": ""test""}, ""training"": {""batch_size"": 32, ""class_imbalance"": {""dataset_model_overrides"": [{""dataset"": ""BATADAL"", ""focal_gamma"": 2.0, ""loss_name"": ""focal"", ""model"": ""GRU""}], ""dataset_overrides"": {""SKAB"": {""use_pos_weight"": false}}, ""focal_gamma"": 2.0, ""loss_name"": ""bce"", ""pos_weight_strategy"": ""neg_pos_ratio"", ""use_pos_weight"": true}, ""early_stopping"": {""enabled"": true, ""mode"": ""min"", ""monitor"": ""val_loss"", ""patience"": 5}, ""epochs"": 50, ""optimizer"": ""adam"", ""threshold_tuning"": {""beta"": 2.0, ""dataset_overrides"": {""BATADAL"": {""metric"": ""f2""}, ""SKAB"": {""metric"": ""f1"", ""min_threshold"": 0.1}}, ""enabled"": true, ""end"": 0.99, ""metric"": ""f1"", ""start"": 0.01, ""step"": 0.01}}}",BATADAL,,ATT_FLAG,"[""DATETIME""]",,0.6,0.2,0.2,True,mean,standard,True,1,16,1,False,32,True,0.0,0.05,cuda,[123],32,50,True,5,val_loss,min,True,neg_pos_ratio,bce,2.0,False,"[{""dataset"": ""BATADAL"", ""focal_gamma"": 2.0, ""loss_name"": ""focal"", ""model"": ""GRU""}]",True,f1,2.0,0.01,0.99,0.01,f2,f1,0.1,adam,0.1,4,3,4,1,True,levenshtein,True,0.0001,average_log_probability,0.05,DEEP,123,test,CNN,cnn,True,,,,0.2,1,0.001,1.0,64.0,3.0,BATADAL_dataset04.csv,-999.0,1.0
BATADAL,CNN,test,123,tuned_threshold_weighted_loss,0.59,0.2727272727272727,0.16981132075471697,0.6923076923076923,39,1.2765984683502012,val_loss,1.2765984683502012,17.87121212121212,bce,821,0.05299076676033721,0.06341463414634146,0.13398294762484775,0.6857490864799025,0.12626262626262627,0.22727272727272727,0.16233766233766234,"{""automata"": {""anomaly_threshold"": 0.1, ""decision"": {""fallback_quantile"": 0.05, ""score_field"": ""average_log_probability""}, ""paa"": {""window_size"": 4}, ""probability"": {""epsilon"": 0.0001, ""smoothing"": true}, ""sax"": {""alphabet_size"": 3}, ""sliding_window"": {""size"": 4, ""stride"": 1}, ""unseen_pattern"": {""enabled"": true, ""method"": ""levenshtein""}}, ""dataset"": {""config"": {""anomaly_label_value"": 1, ""drop_columns"": [""DATETIME""], ""normal_label_value"": -999, ""split"": {""test"": 0.2, ""train"": 0.6, ""validation"": 0.2}, ""target_column"": ""ATT_FLAG"", ""train_file"": ""BATADAL_dataset04.csv""}, ""name"": ""BATADAL""}, ""model"": {""config"": {""architecture"": ""cnn"", ""dropout"": 0.2, ""enabled"": true, ""input_channels"": 1, ""kernel_size"": 3, ""learning_rate"": 0.001, ""num_filters"": 64, ""output_size"": 1}, ""name"": ""CNN""}, ""noise"": {""enabled"": true, ""gaussian_mean"": 0.0, ""gaussian_std"": 0.05}, ""preprocessing"": {""dataset_overrides"": {""SKAB"": {""pca"": {""enabled"": false}, ""sequence_length"": 32}}, ""missing_data"": {""enabled"": true, ""strategy"": ""mean""}, ""pca"": {""enabled"": true, ""n_components"": 1}, ""scaler"": ""standard"", ""sequence_length"": 16, ""sequence_stride"": 1}, ""project"": {""device"": ""cuda"", ""random_seeds"": [123]}, ""run"": {""family"": ""DEEP"", ""seed"": 123, ""split"": ""test""}, ""training"": {""batch_size"": 32, ""class_imbalance"": {""dataset_model_overrides"": [{""dataset"": ""BATADAL"", ""focal_gamma"": 2.0, ""loss_name"": ""focal"", ""model"": ""GRU""}], ""dataset_overrides"": {""SKAB"": {""use_pos_weight"": false}}, ""focal_gamma"": 2.0, ""loss_name"": ""bce"", ""pos_weight_strategy"": ""neg_pos_ratio"", ""use_pos_weight"": true}, ""early_stopping"": {""enabled"": true, ""mode"": ""min"", ""monitor"": ""val_loss"", ""patience"": 5}, ""epochs"": 50, ""optimizer"": ""adam"", ""threshold_tuning"": {""beta"": 2.0, ""dataset_overrides"": {""BATADAL"": {""metric"": ""f2""}, ""SKAB"": {""metric"": ""f1"", ""min_threshold"": 0.1}}, ""enabled"": true, ""end"": 0.99, ""metric"": ""f1"", ""start"": 0.01, ""step"": 0.01}}}",BATADAL,,ATT_FLAG,"[""DATETIME""]",,0.6,0.2,0.2,True,mean,standard,True,1,16,1,False,32,True,0.0,0.05,cuda,[123],32,50,True,5,val_loss,min,True,neg_pos_ratio,bce,2.0,False,"[{""dataset"": ""BATADAL"", ""focal_gamma"": 2.0, ""loss_name"": ""focal"", ""model"": ""GRU""}]",True,f1,2.0,0.01,0.99,0.01,f2,f1,0.1,adam,0.1,4,3,4,1,True,levenshtein,True,0.0001,average_log_probability,0.05,DEEP,123,test,CNN,cnn,True,,,,0.2,1,0.001,1.0,64.0,3.0,BATADAL_dataset04.csv,-999.0,1.0
BATADAL,LSTM,test,2026,baseline_0.5_threshold,0.5,0.29304029304029305,0.18099547511312217,0.7692307692307693,18,1.2176926495098486,val_loss,1.2176926495098486,17.87121212121212,bce,821,0.05299076676033721,0.06341463414634146,0.13398294762484775,0.6613885505481121,0.10747663551401869,0.20909090909090908,0.1419753086419753,"{""automata"": {""anomaly_threshold"": 0.1, ""decision"": {""fallback_quantile"": 0.05, ""score_field"": ""average_log_probability""}, ""paa"": {""window_size"": 4}, ""probability"": {""epsilon"": 0.0001, ""smoothing"": true}, ""sax"": {""alphabet_size"": 3}, ""sliding_window"": {""size"": 4, ""stride"": 1}, ""unseen_pattern"": {""enabled"": true, ""method"": ""levenshtein""}}, ""dataset"": {""config"": {""anomaly_label_value"": 1, ""drop_columns"": [""DATETIME""], ""normal_label_value"": -999, ""split"": {""test"": 0.2, ""train"": 0.6, ""validation"": 0.2}, ""target_column"": ""ATT_FLAG"", ""train_file"": ""BATADAL_dataset04.csv""}, ""name"": ""BATADAL""}, ""model"": {""config"": {""architecture"": ""lstm"", ""dropout"": 0.2, ""enabled"": true, ""hidden_size"": 64, ""input_size"": 1, ""learning_rate"": 0.001, ""num_layers"": 2, ""output_size"": 1}, ""name"": ""LSTM""}, ""noise"": {""enabled"": true, ""gaussian_mean"": 0.0, ""gaussian_std"": 0.05}, ""preprocessing"": {""dataset_overrides"": {""SKAB"": {""pca"": {""enabled"": false}, ""sequence_length"": 32}}, ""missing_data"": {""enabled"": true, ""strategy"": ""mean""}, ""pca"": {""enabled"": true, ""n_components"": 1}, ""scaler"": ""standard"", ""sequence_length"": 16, ""sequence_stride"": 1}, ""project"": {""device"": ""cuda"", ""random_seeds"": [2026]}, ""run"": {""family"": ""DEEP"", ""seed"": 2026, ""split"": ""test""}, ""training"": {""batch_size"": 32, ""class_imbalance"": {""dataset_model_overrides"": [{""dataset"": ""BATADAL"", ""focal_gamma"": 2.0, ""loss_name"": ""focal"", ""model"": ""GRU""}], ""dataset_overrides"": {""SKAB"": {""use_pos_weight"": false}}, ""focal_gamma"": 2.0, ""loss_name"": ""bce"", ""pos_weight_strategy"": ""neg_pos_ratio"", ""use_pos_weight"": true}, ""early_stopping"": {""enabled"": true, ""mode"": ""min"", ""monitor"": ""val_loss"", ""patience"": 5}, ""epochs"": 50, ""optimizer"": ""adam"", ""threshold_tuning"": {""beta"": 2.0, ""dataset_overrides"": {""BATADAL"": {""metric"": ""f2""}, ""SKAB"": {""metric"": ""f1"", ""min_threshold"": 0.1}}, ""enabled"": true, ""end"": 0.99, ""metric"": ""f1"", ""start"": 0.01, ""step"": 0.01}}}",BATADAL,,ATT_FLAG,"[""DATETIME""]",,0.6,0.2,0.2,True,mean,standard,True,1,16,1,False,32,True,0.0,0.05,cuda,[2026],32,50,True,5,val_loss,min,True,neg_pos_ratio,bce,2.0,False,"[{""dataset"": ""BATADAL"", ""focal_gamma"": 2.0, ""loss_name"": ""focal"", ""model"": ""GRU""}]",True,f1,2.0,0.01,0.99,0.01,f2,f1,0.1,adam,0.1,4,3,4,1,True,levenshtein,True,0.0001,average_log_probability,0.05,DEEP,2026,test,LSTM,lstm,True,1.0,64.0,2.0,0.2,1,0.001,,,,BATADAL_dataset04.csv,-999.0,1.0
BATADAL,LSTM,test,2026,tuned_threshold_weighted_loss,0.58,0.29304029304029305,0.18099547511312217,0.7692307692307693,18,1.2176926495098486,val_loss,1.2176926495098486,17.87121212121212,bce,821,0.05299076676033721,0.06341463414634146,0.13398294762484775,0.6894031668696712,0.10810810810810811,0.18181818181818182,0.13559322033898305,"{""automata"": {""anomaly_threshold"": 0.1, ""decision"": {""fallback_quantile"": 0.05, ""score_field"": ""average_log_probability""}, ""paa"": {""window_size"": 4}, ""probability"": {""epsilon"": 0.0001, ""smoothing"": true}, ""sax"": {""alphabet_size"": 3}, ""sliding_window"": {""size"": 4, ""stride"": 1}, ""unseen_pattern"": {""enabled"": true, ""method"": ""levenshtein""}}, ""dataset"": {""config"": {""anomaly_label_value"": 1, ""drop_columns"": [""DATETIME""], ""normal_label_value"": -999, ""split"": {""test"": 0.2, ""train"": 0.6, ""validation"": 0.2}, ""target_column"": ""ATT_FLAG"", ""train_file"": ""BATADAL_dataset04.csv""}, ""name"": ""BATADAL""}, ""model"": {""config"": {""architecture"": ""lstm"", ""dropout"": 0.2, ""enabled"": true, ""hidden_size"": 64, ""input_size"": 1, ""learning_rate"": 0.001, ""num_layers"": 2, ""output_size"": 1}, ""name"": ""LSTM""}, ""noise"": {""enabled"": true, ""gaussian_mean"": 0.0, ""gaussian_std"": 0.05}, ""preprocessing"": {""dataset_overrides"": {""SKAB"": {""pca"": {""enabled"": false}, ""sequence_length"": 32}}, ""missing_data"": {""enabled"": true, ""strategy"": ""mean""}, ""pca"": {""enabled"": true, ""n_components"": 1}, ""scaler"": ""standard"", ""sequence_length"": 16, ""sequence_stride"": 1}, ""project"": {""device"": ""cuda"", ""random_seeds"": [2026]}, ""run"": {""family"": ""DEEP"", ""seed"": 2026, ""split"": ""test""}, ""training"": {""batch_size"": 32, ""class_imbalance"": {""dataset_model_overrides"": [{""dataset"": ""BATADAL"", ""focal_gamma"": 2.0, ""loss_name"": ""focal"", ""model"": ""GRU""}], ""dataset_overrides"": {""SKAB"": {""use_pos_weight"": false}}, ""focal_gamma"": 2.0, ""loss_name"": ""bce"", ""pos_weight_strategy"": ""neg_pos_ratio"", ""use_pos_weight"": true}, ""early_stopping"": {""enabled"": true, ""mode"": ""min"", ""monitor"": ""val_loss"", ""patience"": 5}, ""epochs"": 50, ""optimizer"": ""adam"", ""threshold_tuning"": {""beta"": 2.0, ""dataset_overrides"": {""BATADAL"": {""metric"": ""f2""}, ""SKAB"": {""metric"": ""f1"", ""min_threshold"": 0.1}}, ""enabled"": true, ""end"": 0.99, ""metric"": ""f1"", ""start"": 0.01, ""step"": 0.01}}}",BATADAL,,ATT_FLAG,"[""DATETIME""]",,0.6,0.2,0.2,True,mean,standard,True,1,16,1,False,32,True,0.0,0.05,cuda,[2026],32,50,True,5,val_loss,min,True,neg_pos_ratio,bce,2.0,False,"[{""dataset"": ""BATADAL"", ""focal_gamma"": 2.0, ""loss_name"": ""focal"", ""model"": ""GRU""}]",True,f1,2.0,0.01,0.99,0.01,f2,f1,0.1,adam,0.1,4,3,4,1,True,levenshtein,True,0.0001,average_log_probability,0.05,DEEP,2026,test,LSTM,lstm,True,1.0,64.0,2.0,0.2,1,0.001,,,,BATADAL_dataset04.csv,-999.0,1.0
BATADAL,GRU,test,2026,baseline_0.5_threshold,0.5,0.2545454545454545,0.15695067264573992,0.6730769230769231,15,0.29015961609235624,val_loss,0.29015961609235624,17.87121212121212,focal,821,0.05299076676033721,0.06341463414634146,0.13398294762484775,0.6297198538367844,0.12692307692307692,0.3,0.1783783783783784,"{""automata"": {""anomaly_threshold"": 0.1, ""decision"": {""fallback_quantile"": 0.05, ""score_field"": ""average_log_probability""}, ""paa"": {""window_size"": 4}, ""probability"": {""epsilon"": 0.0001, ""smoothing"": true}, ""sax"": {""alphabet_size"": 3}, ""sliding_window"": {""size"": 4, ""stride"": 1}, ""unseen_pattern"": {""enabled"": true, ""method"": ""levenshtein""}}, ""dataset"": {""config"": {""anomaly_label_value"": 1, ""drop_columns"": [""DATETIME""], ""normal_label_value"": -999, ""split"": {""test"": 0.2, ""train"": 0.6, ""validation"": 0.2}, ""target_column"": ""ATT_FLAG"", ""train_file"": ""BATADAL_dataset04.csv""}, ""name"": ""BATADAL""}, ""model"": {""config"": {""architecture"": ""gru"", ""dropout"": 0.2, ""enabled"": true, ""hidden_size"": 64, ""input_size"": 1, ""learning_rate"": 0.001, ""num_layers"": 2, ""output_size"": 1}, ""name"": ""GRU""}, ""noise"": {""enabled"": true, ""gaussian_mean"": 0.0, ""gaussian_std"": 0.05}, ""preprocessing"": {""dataset_overrides"": {""SKAB"": {""pca"": {""enabled"": false}, ""sequence_length"": 32}}, ""missing_data"": {""enabled"": true, ""strategy"": ""mean""}, ""pca"": {""enabled"": true, ""n_components"": 1}, ""scaler"": ""standard"", ""sequence_length"": 16, ""sequence_stride"": 1}, ""project"": {""device"": ""cuda"", ""random_seeds"": [2026]}, ""run"": {""family"": ""DEEP"", ""seed"": 2026, ""split"": ""test""}, ""training"": {""batch_size"": 32, ""class_imbalance"": {""dataset_model_overrides"": [{""dataset"": ""BATADAL"", ""focal_gamma"": 2.0, ""loss_name"": ""focal"", ""model"": ""GRU""}], ""dataset_overrides"": {""SKAB"": {""use_pos_weight"": false}}, ""focal_gamma"": 2.0, ""loss_name"": ""bce"", ""pos_weight_strategy"": ""neg_pos_ratio"", ""use_pos_weight"": true}, ""early_stopping"": {""enabled"": true, ""mode"": ""min"", ""monitor"": ""val_loss"", ""patience"": 5}, ""epochs"": 50, ""optimizer"": ""adam"", ""threshold_tuning"": {""beta"": 2.0, ""dataset_overrides"": {""BATADAL"": {""metric"": ""f2""}, ""SKAB"": {""metric"": ""f1"", ""min_threshold"": 0.1}}, ""enabled"": true, ""end"": 0.99, ""metric"": ""f1"", ""start"": 0.01, ""step"": 0.01}}}",BATADAL,,ATT_FLAG,"[""DATETIME""]",,0.6,0.2,0.2,True,mean,standard,True,1,16,1,False,32,True,0.0,0.05,cuda,[2026],32,50,True,5,val_loss,min,True,neg_pos_ratio,bce,2.0,False,"[{""dataset"": ""BATADAL"", ""focal_gamma"": 2.0, ""loss_name"": ""focal"", ""model"": ""GRU""}]",True,f1,2.0,0.01,0.99,0.01,f2,f1,0.1,adam,0.1,4,3,4,1,True,levenshtein,True,0.0001,average_log_probability,0.05,DEEP,2026,test,GRU,gru,True,1.0,64.0,2.0,0.2,1,0.001,,,,BATADAL_dataset04.csv,-999.0,1.0
BATADAL,GRU,test,2026,tuned_threshold_weighted_loss,0.55,0.2545454545454545,0.15695067264573992,0.6730769230769231,15,0.29015961609235624,val_loss,0.29015961609235624,17.87121212121212,focal,821,0.05299076676033721,0.06341463414634146,0.13398294762484775,0.7271619975639464,0.16071428571428573,0.24545454545454545,0.19424460431654678,"{""automata"": {""anomaly_threshold"": 0.1, ""decision"": {""fallback_quantile"": 0.05, ""score_field"": ""average_log_probability""}, ""paa"": {""window_size"": 4}, ""probability"": {""epsilon"": 0.0001, ""smoothing"": true}, ""sax"": {""alphabet_size"": 3}, ""sliding_window"": {""size"": 4, ""stride"": 1}, ""unseen_pattern"": {""enabled"": true, ""method"": ""levenshtein""}}, ""dataset"": {""config"": {""anomaly_label_value"": 1, ""drop_columns"": [""DATETIME""], ""normal_label_value"": -999, ""split"": {""test"": 0.2, ""train"": 0.6, ""validation"": 0.2}, ""target_column"": ""ATT_FLAG"", ""train_file"": ""BATADAL_dataset04.csv""}, ""name"": ""BATADAL""}, ""model"": {""config"": {""architecture"": ""gru"", ""dropout"": 0.2, ""enabled"": true, ""hidden_size"": 64, ""input_size"": 1, ""learning_rate"": 0.001, ""num_layers"": 2, ""output_size"": 1}, ""name"": ""GRU""}, ""noise"": {""enabled"": true, ""gaussian_mean"": 0.0, ""gaussian_std"": 0.05}, ""preprocessing"": {""dataset_overrides"": {""SKAB"": {""pca"": {""enabled"": false}, ""sequence_length"": 32}}, ""missing_data"": {""enabled"": true, ""strategy"": ""mean""}, ""pca"": {""enabled"": true, ""n_components"": 1}, ""scaler"": ""standard"", ""sequence_length"": 16, ""sequence_stride"": 1}, ""project"": {""device"": ""cuda"", ""random_seeds"": [2026]}, ""run"": {""family"": ""DEEP"", ""seed"": 2026, ""split"": ""test""}, ""training"": {""batch_size"": 32, ""class_imbalance"": {""dataset_model_overrides"": [{""dataset"": ""BATADAL"", ""focal_gamma"": 2.0, ""loss_name"": ""focal"", ""model"": ""GRU""}], ""dataset_overrides"": {""SKAB"": {""use_pos_weight"": false}}, ""focal_gamma"": 2.0, ""loss_name"": ""bce"", ""pos_weight_strategy"": ""neg_pos_ratio"", ""use_pos_weight"": true}, ""early_stopping"": {""enabled"": true, ""mode"": ""min"", ""monitor"": ""val_loss"", ""patience"": 5}, ""epochs"": 50, ""optimizer"": ""adam"", ""threshold_tuning"": {""beta"": 2.0, ""dataset_overrides"": {""BATADAL"": {""metric"": ""f2""}, ""SKAB"": {""metric"": ""f1"", ""min_threshold"": 0.1}}, ""enabled"": true, ""end"": 0.99, ""metric"": ""f1"", ""start"": 0.01, ""step"": 0.01}}}",BATADAL,,ATT_FLAG,"[""DATETIME""]",,0.6,0.2,0.2,True,mean,standard,True,1,16,1,False,32,True,0.0,0.05,cuda,[2026],32,50,True,5,val_loss,min,True,neg_pos_ratio,bce,2.0,False,"[{""dataset"": ""BATADAL"", ""focal_gamma"": 2.0, ""loss_name"": ""focal"", ""model"": ""GRU""}]",True,f1,2.0,0.01,0.99,0.01,f2,f1,0.1,adam,0.1,4,3,4,1,True,levenshtein,True,0.0001,average_log_probability,0.05,DEEP,2026,test,GRU,gru,True,1.0,64.0,2.0,0.2,1,0.001,,,,BATADAL_dataset04.csv,-999.0,1.0
BATADAL,CNN,test,2026,baseline_0.5_threshold,0.5,0.2229299363057325,0.13358778625954199,0.6730769230769231,34,1.3245438061109402,val_loss,1.3245438061109402,17.87121212121212,bce,821,0.05299076676033721,0.06341463414634146,0.13398294762484775,0.5602923264311814,0.10658307210031348,0.3090909090909091,0.1585081585081585,"{""automata"": {""anomaly_threshold"": 0.1, ""decision"": {""fallback_quantile"": 0.05, ""score_field"": ""average_log_probability""}, ""paa"": {""window_size"": 4}, ""probability"": {""epsilon"": 0.0001, ""smoothing"": true}, ""sax"": {""alphabet_size"": 3}, ""sliding_window"": {""size"": 4, ""stride"": 1}, ""unseen_pattern"": {""enabled"": true, ""method"": ""levenshtein""}}, ""dataset"": {""config"": {""anomaly_label_value"": 1, ""drop_columns"": [""DATETIME""], ""normal_label_value"": -999, ""split"": {""test"": 0.2, ""train"": 0.6, ""validation"": 0.2}, ""target_column"": ""ATT_FLAG"", ""train_file"": ""BATADAL_dataset04.csv""}, ""name"": ""BATADAL""}, ""model"": {""config"": {""architecture"": ""cnn"", ""dropout"": 0.2, ""enabled"": true, ""input_channels"": 1, ""kernel_size"": 3, ""learning_rate"": 0.001, ""num_filters"": 64, ""output_size"": 1}, ""name"": ""CNN""}, ""noise"": {""enabled"": true, ""gaussian_mean"": 0.0, ""gaussian_std"": 0.05}, ""preprocessing"": {""dataset_overrides"": {""SKAB"": {""pca"": {""enabled"": false}, ""sequence_length"": 32}}, ""missing_data"": {""enabled"": true, ""strategy"": ""mean""}, ""pca"": {""enabled"": true, ""n_components"": 1}, ""scaler"": ""standard"", ""sequence_length"": 16, ""sequence_stride"": 1}, ""project"": {""device"": ""cuda"", ""random_seeds"": [2026]}, ""run"": {""family"": ""DEEP"", ""seed"": 2026, ""split"": ""test""}, ""training"": {""batch_size"": 32, ""class_imbalance"": {""dataset_model_overrides"": [{""dataset"": ""BATADAL"", ""focal_gamma"": 2.0, ""loss_name"": ""focal"", ""model"": ""GRU""}], ""dataset_overrides"": {""SKAB"": {""use_pos_weight"": false}}, ""focal_gamma"": 2.0, ""loss_name"": ""bce"", ""pos_weight_strategy"": ""neg_pos_ratio"", ""use_pos_weight"": true}, ""early_stopping"": {""enabled"": true, ""mode"": ""min"", ""monitor"": ""val_loss"", ""patience"": 5}, ""epochs"": 50, ""optimizer"": ""adam"", ""threshold_tuning"": {""beta"": 2.0, ""dataset_overrides"": {""BATADAL"": {""metric"": ""f2""}, ""SKAB"": {""metric"": ""f1"", ""min_threshold"": 0.1}}, ""enabled"": true, ""end"": 0.99, ""metric"": ""f1"", ""start"": 0.01, ""step"": 0.01}}}",BATADAL,,ATT_FLAG,"[""DATETIME""]",,0.6,0.2,0.2,True,mean,standard,True,1,16,1,False,32,True,0.0,0.05,cuda,[2026],32,50,True,5,val_loss,min,True,neg_pos_ratio,bce,2.0,False,"[{""dataset"": ""BATADAL"", ""focal_gamma"": 2.0, ""loss_name"": ""focal"", ""model"": ""GRU""}]",True,f1,2.0,0.01,0.99,0.01,f2,f1,0.1,adam,0.1,4,3,4,1,True,levenshtein,True,0.0001,average_log_probability,0.05,DEEP,2026,test,CNN,cnn,True,,,,0.2,1,0.001,1.0,64.0,3.0,BATADAL_dataset04.csv,-999.0,1.0
BATADAL,CNN,test,2026,tuned_threshold_weighted_loss,0.55,0.2229299363057325,0.13358778625954199,0.6730769230769231,34,1.3245438061109402,val_loss,1.3245438061109402,17.87121212121212,bce,821,0.05299076676033721,0.06341463414634146,0.13398294762484775,0.6406820950060901,0.10970464135021098,0.23636363636363636,0.14985590778097982,"{""automata"": {""anomaly_threshold"": 0.1, ""decision"": {""fallback_quantile"": 0.05, ""score_field"": ""average_log_probability""}, ""paa"": {""window_size"": 4}, ""probability"": {""epsilon"": 0.0001, ""smoothing"": true}, ""sax"": {""alphabet_size"": 3}, ""sliding_window"": {""size"": 4, ""stride"": 1}, ""unseen_pattern"": {""enabled"": true, ""method"": ""levenshtein""}}, ""dataset"": {""config"": {""anomaly_label_value"": 1, ""drop_columns"": [""DATETIME""], ""normal_label_value"": -999, ""split"": {""test"": 0.2, ""train"": 0.6, ""validation"": 0.2}, ""target_column"": ""ATT_FLAG"", ""train_file"": ""BATADAL_dataset04.csv""}, ""name"": ""BATADAL""}, ""model"": {""config"": {""architecture"": ""cnn"", ""dropout"": 0.2, ""enabled"": true, ""input_channels"": 1, ""kernel_size"": 3, ""learning_rate"": 0.001, ""num_filters"": 64, ""output_size"": 1}, ""name"": ""CNN""}, ""noise"": {""enabled"": true, ""gaussian_mean"": 0.0, ""gaussian_std"": 0.05}, ""preprocessing"": {""dataset_overrides"": {""SKAB"": {""pca"": {""enabled"": false}, ""sequence_length"": 32}}, ""missing_data"": {""enabled"": true, ""strategy"": ""mean""}, ""pca"": {""enabled"": true, ""n_components"": 1}, ""scaler"": ""standard"", ""sequence_length"": 16, ""sequence_stride"": 1}, ""project"": {""device"": ""cuda"", ""random_seeds"": [2026]}, ""run"": {""family"": ""DEEP"", ""seed"": 2026, ""split"": ""test""}, ""training"": {""batch_size"": 32, ""class_imbalance"": {""dataset_model_overrides"": [{""dataset"": ""BATADAL"", ""focal_gamma"": 2.0, ""loss_name"": ""focal"", ""model"": ""GRU""}], ""dataset_overrides"": {""SKAB"": {""use_pos_weight"": false}}, ""focal_gamma"": 2.0, ""loss_name"": ""bce"", ""pos_weight_strategy"": ""neg_pos_ratio"", ""use_pos_weight"": true}, ""early_stopping"": {""enabled"": true, ""mode"": ""min"", ""monitor"": ""val_loss"", ""patience"": 5}, ""epochs"": 50, ""optimizer"": ""adam"", ""threshold_tuning"": {""beta"": 2.0, ""dataset_overrides"": {""BATADAL"": {""metric"": ""f2""}, ""SKAB"": {""metric"": ""f1"", ""min_threshold"": 0.1}}, ""enabled"": true, ""end"": 0.99, ""metric"": ""f1"", ""start"": 0.01, ""step"": 0.01}}}",BATADAL,,ATT_FLAG,"[""DATETIME""]",,0.6,0.2,0.2,True,mean,standard,True,1,16,1,False,32,True,0.0,0.05,cuda,[2026],32,50,True,5,val_loss,min,True,neg_pos_ratio,bce,2.0,False,"[{""dataset"": ""BATADAL"", ""focal_gamma"": 2.0, ""loss_name"": ""focal"", ""model"": ""GRU""}]",True,f1,2.0,0.01,0.99,0.01,f2,f1,0.1,adam,0.1,4,3,4,1,True,levenshtein,True,0.0001,average_log_probability,0.05,DEEP,2026,test,CNN,cnn,True,,,,0.2,1,0.001,1.0,64.0,3.0,BATADAL_dataset04.csv,-999.0,1.0
BATADAL,LSTM,test,7,baseline_0.5_threshold,0.5,0.19736842105263158,0.11904761904761904,0.5769230769230769,9,1.3922005906337644,val_loss,1.3922005906337644,17.87121212121212,bce,821,0.05299076676033721,0.06341463414634146,0.13398294762484775,0.47381242387332523,0.1111111111111111,0.41818181818181815,0.17557251908396945,"{""automata"": {""anomaly_threshold"": 0.1, ""decision"": {""fallback_quantile"": 0.05, ""score_field"": ""average_log_probability""}, ""paa"": {""window_size"": 4}, ""probability"": {""epsilon"": 0.0001, ""smoothing"": true}, ""sax"": {""alphabet_size"": 3}, ""sliding_window"": {""size"": 4, ""stride"": 1}, ""unseen_pattern"": {""enabled"": true, ""method"": ""levenshtein""}}, ""dataset"": {""config"": {""anomaly_label_value"": 1, ""drop_columns"": [""DATETIME""], ""normal_label_value"": -999, ""split"": {""test"": 0.2, ""train"": 0.6, ""validation"": 0.2}, ""target_column"": ""ATT_FLAG"", ""train_file"": ""BATADAL_dataset04.csv""}, ""name"": ""BATADAL""}, ""model"": {""config"": {""architecture"": ""lstm"", ""dropout"": 0.2, ""enabled"": true, ""hidden_size"": 64, ""input_size"": 1, ""learning_rate"": 0.001, ""num_layers"": 2, ""output_size"": 1}, ""name"": ""LSTM""}, ""noise"": {""enabled"": true, ""gaussian_mean"": 0.0, ""gaussian_std"": 0.05}, ""preprocessing"": {""dataset_overrides"": {""SKAB"": {""pca"": {""enabled"": false}, ""sequence_length"": 32}}, ""missing_data"": {""enabled"": true, ""strategy"": ""mean""}, ""pca"": {""enabled"": true, ""n_components"": 1}, ""scaler"": ""standard"", ""sequence_length"": 16, ""sequence_stride"": 1}, ""project"": {""device"": ""cuda"", ""random_seeds"": [7]}, ""run"": {""family"": ""DEEP"", ""seed"": 7, ""split"": ""test""}, ""training"": {""batch_size"": 32, ""class_imbalance"": {""dataset_model_overrides"": [{""dataset"": ""BATADAL"", ""focal_gamma"": 2.0, ""loss_name"": ""focal"", ""model"": ""GRU""}], ""dataset_overrides"": {""SKAB"": {""use_pos_weight"": false}}, ""focal_gamma"": 2.0, ""loss_name"": ""bce"", ""pos_weight_strategy"": ""neg_pos_ratio"", ""use_pos_weight"": true}, ""early_stopping"": {""enabled"": true, ""mode"": ""min"", ""monitor"": ""val_loss"", ""patience"": 5}, ""epochs"": 50, ""optimizer"": ""adam"", ""threshold_tuning"": {""beta"": 2.0, ""dataset_overrides"": {""BATADAL"": {""metric"": ""f2""}, ""SKAB"": {""metric"": ""f1"", ""min_threshold"": 0.1}}, ""enabled"": true, ""end"": 0.99, ""metric"": ""f1"", ""start"": 0.01, ""step"": 0.01}}}",BATADAL,,ATT_FLAG,"[""DATETIME""]",,0.6,0.2,0.2,True,mean,standard,True,1,16,1,False,32,True,0.0,0.05,cuda,[7],32,50,True,5,val_loss,min,True,neg_pos_ratio,bce,2.0,False,"[{""dataset"": ""BATADAL"", ""focal_gamma"": 2.0, ""loss_name"": ""focal"", ""model"": ""GRU""}]",True,f1,2.0,0.01,0.99,0.01,f2,f1,0.1,adam,0.1,4,3,4,1,True,levenshtein,True,0.0001,average_log_probability,0.05,DEEP,7,test,LSTM,lstm,True,1.0,64.0,2.0,0.2,1,0.001,,,,BATADAL_dataset04.csv,-999.0,1.0
BATADAL,LSTM,test,7,tuned_threshold_weighted_loss,0.61,0.19736842105263158,0.11904761904761904,0.5769230769230769,9,1.3922005906337644,val_loss,1.3922005906337644,17.87121212121212,bce,821,0.05299076676033721,0.06341463414634146,0.13398294762484775,0.6138855054811205,0.059574468085106386,0.12727272727272726,0.08115942028985507,"{""automata"": {""anomaly_threshold"": 0.1, ""decision"": {""fallback_quantile"": 0.05, ""score_field"": ""average_log_probability""}, ""paa"": {""window_size"": 4}, ""probability"": {""epsilon"": 0.0001, ""smoothing"": true}, ""sax"": {""alphabet_size"": 3}, ""sliding_window"": {""size"": 4, ""stride"": 1}, ""unseen_pattern"": {""enabled"": true, ""method"": ""levenshtein""}}, ""dataset"": {""config"": {""anomaly_label_value"": 1, ""drop_columns"": [""DATETIME""], ""normal_label_value"": -999, ""split"": {""test"": 0.2, ""train"": 0.6, ""validation"": 0.2}, ""target_column"": ""ATT_FLAG"", ""train_file"": ""BATADAL_dataset04.csv""}, ""name"": ""BATADAL""}, ""model"": {""config"": {""architecture"": ""lstm"", ""dropout"": 0.2, ""enabled"": true, ""hidden_size"": 64, ""input_size"": 1, ""learning_rate"": 0.001, ""num_layers"": 2, ""output_size"": 1}, ""name"": ""LSTM""}, ""noise"": {""enabled"": true, ""gaussian_mean"": 0.0, ""gaussian_std"": 0.05}, ""preprocessing"": {""dataset_overrides"": {""SKAB"": {""pca"": {""enabled"": false}, ""sequence_length"": 32}}, ""missing_data"": {""enabled"": true, ""strategy"": ""mean""}, ""pca"": {""enabled"": true, ""n_components"": 1}, ""scaler"": ""standard"", ""sequence_length"": 16, ""sequence_stride"": 1}, ""project"": {""device"": ""cuda"", ""random_seeds"": [7]}, ""run"": {""family"": ""DEEP"", ""seed"": 7, ""split"": ""test""}, ""training"": {""batch_size"": 32, ""class_imbalance"": {""dataset_model_overrides"": [{""dataset"": ""BATADAL"", ""focal_gamma"": 2.0, ""loss_name"": ""focal"", ""model"": ""GRU""}], ""dataset_overrides"": {""SKAB"": {""use_pos_weight"": false}}, ""focal_gamma"": 2.0, ""loss_name"": ""bce"", ""pos_weight_strategy"": ""neg_pos_ratio"", ""use_pos_weight"": true}, ""early_stopping"": {""enabled"": true, ""mode"": ""min"", ""monitor"": ""val_loss"", ""patience"": 5}, ""epochs"": 50, ""optimizer"": ""adam"", ""threshold_tuning"": {""beta"": 2.0, ""dataset_overrides"": {""BATADAL"": {""metric"": ""f2""}, ""SKAB"": {""metric"": ""f1"", ""min_threshold"": 0.1}}, ""enabled"": true, ""end"": 0.99, ""metric"": ""f1"", ""start"": 0.01, ""step"": 0.01}}}",BATADAL,,ATT_FLAG,"[""DATETIME""]",,0.6,0.2,0.2,True,mean,standard,True,1,16,1,False,32,True,0.0,0.05,cuda,[7],32,50,True,5,val_loss,min,True,neg_pos_ratio,bce,2.0,False,"[{""dataset"": ""BATADAL"", ""focal_gamma"": 2.0, ""loss_name"": ""focal"", ""model"": ""GRU""}]",True,f1,2.0,0.01,0.99,0.01,f2,f1,0.1,adam,0.1,4,3,4,1,True,levenshtein,True,0.0001,average_log_probability,0.05,DEEP,7,test,LSTM,lstm,True,1.0,64.0,2.0,0.2,1,0.001,,,,BATADAL_dataset04.csv,-999.0,1.0
BATADAL,GRU,test,7,baseline_0.5_threshold,0.5,0.1896551724137931,0.10679611650485436,0.8461538461538461,12,0.31669890088279073,val_loss,0.31669890088279073,17.87121212121212,focal,821,0.05299076676033721,0.06341463414634146,0.13398294762484775,0.4762484774665043,0.12085308056872038,0.4636363636363636,0.19172932330827067,"{""automata"": {""anomaly_threshold"": 0.1, ""decision"": {""fallback_quantile"": 0.05, ""score_field"": ""average_log_probability""}, ""paa"": {""window_size"": 4}, ""probability"": {""epsilon"": 0.0001, ""smoothing"": true}, ""sax"": {""alphabet_size"": 3}, ""sliding_window"": {""size"": 4, ""stride"": 1}, ""unseen_pattern"": {""enabled"": true, ""method"": ""levenshtein""}}, ""dataset"": {""config"": {""anomaly_label_value"": 1, ""drop_columns"": [""DATETIME""], ""normal_label_value"": -999, ""split"": {""test"": 0.2, ""train"": 0.6, ""validation"": 0.2}, ""target_column"": ""ATT_FLAG"", ""train_file"": ""BATADAL_dataset04.csv""}, ""name"": ""BATADAL""}, ""model"": {""config"": {""architecture"": ""gru"", ""dropout"": 0.2, ""enabled"": true, ""hidden_size"": 64, ""input_size"": 1, ""learning_rate"": 0.001, ""num_layers"": 2, ""output_size"": 1}, ""name"": ""GRU""}, ""noise"": {""enabled"": true, ""gaussian_mean"": 0.0, ""gaussian_std"": 0.05}, ""preprocessing"": {""dataset_overrides"": {""SKAB"": {""pca"": {""enabled"": false}, ""sequence_length"": 32}}, ""missing_data"": {""enabled"": true, ""strategy"": ""mean""}, ""pca"": {""enabled"": true, ""n_components"": 1}, ""scaler"": ""standard"", ""sequence_length"": 16, ""sequence_stride"": 1}, ""project"": {""device"": ""cuda"", ""random_seeds"": [7]}, ""run"": {""family"": ""DEEP"", ""seed"": 7, ""split"": ""test""}, ""training"": {""batch_size"": 32, ""class_imbalance"": {""dataset_model_overrides"": [{""dataset"": ""BATADAL"", ""focal_gamma"": 2.0, ""loss_name"": ""focal"", ""model"": ""GRU""}], ""dataset_overrides"": {""SKAB"": {""use_pos_weight"": false}}, ""focal_gamma"": 2.0, ""loss_name"": ""bce"", ""pos_weight_strategy"": ""neg_pos_ratio"", ""use_pos_weight"": true}, ""early_stopping"": {""enabled"": true, ""mode"": ""min"", ""monitor"": ""val_loss"", ""patience"": 5}, ""epochs"": 50, ""optimizer"": ""adam"", ""threshold_tuning"": {""beta"": 2.0, ""dataset_overrides"": {""BATADAL"": {""metric"": ""f2""}, ""SKAB"": {""metric"": ""f1"", ""min_threshold"": 0.1}}, ""enabled"": true, ""end"": 0.99, ""metric"": ""f1"", ""start"": 0.01, ""step"": 0.01}}}",BATADAL,,ATT_FLAG,"[""DATETIME""]",,0.6,0.2,0.2,True,mean,standard,True,1,16,1,False,32,True,0.0,0.05,cuda,[7],32,50,True,5,val_loss,min,True,neg_pos_ratio,bce,2.0,False,"[{""dataset"": ""BATADAL"", ""focal_gamma"": 2.0, ""loss_name"": ""focal"", ""model"": ""GRU""}]",True,f1,2.0,0.01,0.99,0.01,f2,f1,0.1,adam,0.1,4,3,4,1,True,levenshtein,True,0.0001,average_log_probability,0.05,DEEP,7,test,GRU,gru,True,1.0,64.0,2.0,0.2,1,0.001,,,,BATADAL_dataset04.csv,-999.0,1.0
BATADAL,GRU,test,7,tuned_threshold_weighted_loss,0.52,0.1896551724137931,0.10679611650485436,0.8461538461538461,12,0.31669890088279073,val_loss,0.31669890088279073,17.87121212121212,focal,821,0.05299076676033721,0.06341463414634146,0.13398294762484775,0.5310596833130329,0.1293800539083558,0.43636363636363634,0.1995841995841996,"{""automata"": {""anomaly_threshold"": 0.1, ""decision"": {""fallback_quantile"": 0.05, ""score_field"": ""average_log_probability""}, ""paa"": {""window_size"": 4}, ""probability"": {""epsilon"": 0.0001, ""smoothing"": true}, ""sax"": {""alphabet_size"": 3}, ""sliding_window"": {""size"": 4, ""stride"": 1}, ""unseen_pattern"": {""enabled"": true, ""method"": ""levenshtein""}}, ""dataset"": {""config"": {""anomaly_label_value"": 1, ""drop_columns"": [""DATETIME""], ""normal_label_value"": -999, ""split"": {""test"": 0.2, ""train"": 0.6, ""validation"": 0.2}, ""target_column"": ""ATT_FLAG"", ""train_file"": ""BATADAL_dataset04.csv""}, ""name"": ""BATADAL""}, ""model"": {""config"": {""architecture"": ""gru"", ""dropout"": 0.2, ""enabled"": true, ""hidden_size"": 64, ""input_size"": 1, ""learning_rate"": 0.001, ""num_layers"": 2, ""output_size"": 1}, ""name"": ""GRU""}, ""noise"": {""enabled"": true, ""gaussian_mean"": 0.0, ""gaussian_std"": 0.05}, ""preprocessing"": {""dataset_overrides"": {""SKAB"": {""pca"": {""enabled"": false}, ""sequence_length"": 32}}, ""missing_data"": {""enabled"": true, ""strategy"": ""mean""}, ""pca"": {""enabled"": true, ""n_components"": 1}, ""scaler"": ""standard"", ""sequence_length"": 16, ""sequence_stride"": 1}, ""project"": {""device"": ""cuda"", ""random_seeds"": [7]}, ""run"": {""family"": ""DEEP"", ""seed"": 7, ""split"": ""test""}, ""training"": {""batch_size"": 32, ""class_imbalance"": {""dataset_model_overrides"": [{""dataset"": ""BATADAL"", ""focal_gamma"": 2.0, ""loss_name"": ""focal"", ""model"": ""GRU""}], ""dataset_overrides"": {""SKAB"": {""use_pos_weight"": false}}, ""focal_gamma"": 2.0, ""loss_name"": ""bce"", ""pos_weight_strategy"": ""neg_pos_ratio"", ""use_pos_weight"": true}, ""early_stopping"": {""enabled"": true, ""mode"": ""min"", ""monitor"": ""val_loss"", ""patience"": 5}, ""epochs"": 50, ""optimizer"": ""adam"", ""threshold_tuning"": {""beta"": 2.0, ""dataset_overrides"": {""BATADAL"": {""metric"": ""f2""}, ""SKAB"": {""metric"": ""f1"", ""min_threshold"": 0.1}}, ""enabled"": true, ""end"": 0.99, ""metric"": ""f1"", ""start"": 0.01, ""step"": 0.01}}}",BATADAL,,ATT_FLAG,"[""DATETIME""]",,0.6,0.2,0.2,True,mean,standard,True,1,16,1,False,32,True,0.0,0.05,cuda,[7],32,50,True,5,val_loss,min,True,neg_pos_ratio,bce,2.0,False,"[{""dataset"": ""BATADAL"", ""focal_gamma"": 2.0, ""loss_name"": ""focal"", ""model"": ""GRU""}]",True,f1,2.0,0.01,0.99,0.01,f2,f1,0.1,adam,0.1,4,3,4,1,True,levenshtein,True,0.0001,average_log_probability,0.05,DEEP,7,test,GRU,gru,True,1.0,64.0,2.0,0.2,1,0.001,,,,BATADAL_dataset04.csv,-999.0,1.0
BATADAL,CNN,test,7,baseline_0.5_threshold,0.5,0.24812030075187969,0.1542056074766355,0.6346153846153846,46,1.2929670313509498,val_loss,1.2929670313509498,17.87121212121212,bce,821,0.05299076676033721,0.06341463414634146,0.13398294762484775,0.5663824604141291,0.11801242236024845,0.34545454545454546,0.17592592592592593,"{""automata"": {""anomaly_threshold"": 0.1, ""decision"": {""fallback_quantile"": 0.05, ""score_field"": ""average_log_probability""}, ""paa"": {""window_size"": 4}, ""probability"": {""epsilon"": 0.0001, ""smoothing"": true}, ""sax"": {""alphabet_size"": 3}, ""sliding_window"": {""size"": 4, ""stride"": 1}, ""unseen_pattern"": {""enabled"": true, ""method"": ""levenshtein""}}, ""dataset"": {""config"": {""anomaly_label_value"": 1, ""drop_columns"": [""DATETIME""], ""normal_label_value"": -999, ""split"": {""test"": 0.2, ""train"": 0.6, ""validation"": 0.2}, ""target_column"": ""ATT_FLAG"", ""train_file"": ""BATADAL_dataset04.csv""}, ""name"": ""BATADAL""}, ""model"": {""config"": {""architecture"": ""cnn"", ""dropout"": 0.2, ""enabled"": true, ""input_channels"": 1, ""kernel_size"": 3, ""learning_rate"": 0.001, ""num_filters"": 64, ""output_size"": 1}, ""name"": ""CNN""}, ""noise"": {""enabled"": true, ""gaussian_mean"": 0.0, ""gaussian_std"": 0.05}, ""preprocessing"": {""dataset_overrides"": {""SKAB"": {""pca"": {""enabled"": false}, ""sequence_length"": 32}}, ""missing_data"": {""enabled"": true, ""strategy"": ""mean""}, ""pca"": {""enabled"": true, ""n_components"": 1}, ""scaler"": ""standard"", ""sequence_length"": 16, ""sequence_stride"": 1}, ""project"": {""device"": ""cuda"", ""random_seeds"": [7]}, ""run"": {""family"": ""DEEP"", ""seed"": 7, ""split"": ""test""}, ""training"": {""batch_size"": 32, ""class_imbalance"": {""dataset_model_overrides"": [{""dataset"": ""BATADAL"", ""focal_gamma"": 2.0, ""loss_name"": ""focal"", ""model"": ""GRU""}], ""dataset_overrides"": {""SKAB"": {""use_pos_weight"": false}}, ""focal_gamma"": 2.0, ""loss_name"": ""bce"", ""pos_weight_strategy"": ""neg_pos_ratio"", ""use_pos_weight"": true}, ""early_stopping"": {""enabled"": true, ""mode"": ""min"", ""monitor"": ""val_loss"", ""patience"": 5}, ""epochs"": 50, ""optimizer"": ""adam"", ""threshold_tuning"": {""beta"": 2.0, ""dataset_overrides"": {""BATADAL"": {""metric"": ""f2""}, ""SKAB"": {""metric"": ""f1"", ""min_threshold"": 0.1}}, ""enabled"": true, ""end"": 0.99, ""metric"": ""f1"", ""start"": 0.01, ""step"": 0.01}}}",BATADAL,,ATT_FLAG,"[""DATETIME""]",,0.6,0.2,0.2,True,mean,standard,True,1,16,1,False,32,True,0.0,0.05,cuda,[7],32,50,True,5,val_loss,min,True,neg_pos_ratio,bce,2.0,False,"[{""dataset"": ""BATADAL"", ""focal_gamma"": 2.0, ""loss_name"": ""focal"", ""model"": ""GRU""}]",True,f1,2.0,0.01,0.99,0.01,f2,f1,0.1,adam,0.1,4,3,4,1,True,levenshtein,True,0.0001,average_log_probability,0.05,DEEP,7,test,CNN,cnn,True,,,,0.2,1,0.001,1.0,64.0,3.0,BATADAL_dataset04.csv,-999.0,1.0
BATADAL,CNN,test,7,tuned_threshold_weighted_loss,0.57,0.24812030075187969,0.1542056074766355,0.6346153846153846,46,1.2929670313509498,val_loss,1.2929670313509498,17.87121212121212,bce,821,0.05299076676033721,0.06341463414634146,0.13398294762484775,0.6881851400730816,0.13861386138613863,0.2545454545454545,0.1794871794871795,"{""automata"": {""anomaly_threshold"": 0.1, ""decision"": {""fallback_quantile"": 0.05, ""score_field"": ""average_log_probability""}, ""paa"": {""window_size"": 4}, ""probability"": {""epsilon"": 0.0001, ""smoothing"": true}, ""sax"": {""alphabet_size"": 3}, ""sliding_window"": {""size"": 4, ""stride"": 1}, ""unseen_pattern"": {""enabled"": true, ""method"": ""levenshtein""}}, ""dataset"": {""config"": {""anomaly_label_value"": 1, ""drop_columns"": [""DATETIME""], ""normal_label_value"": -999, ""split"": {""test"": 0.2, ""train"": 0.6, ""validation"": 0.2}, ""target_column"": ""ATT_FLAG"", ""train_file"": ""BATADAL_dataset04.csv""}, ""name"": ""BATADAL""}, ""model"": {""config"": {""architecture"": ""cnn"", ""dropout"": 0.2, ""enabled"": true, ""input_channels"": 1, ""kernel_size"": 3, ""learning_rate"": 0.001, ""num_filters"": 64, ""output_size"": 1}, ""name"": ""CNN""}, ""noise"": {""enabled"": true, ""gaussian_mean"": 0.0, ""gaussian_std"": 0.05}, ""preprocessing"": {""dataset_overrides"": {""SKAB"": {""pca"": {""enabled"": false}, ""sequence_length"": 32}}, ""missing_data"": {""enabled"": true, ""strategy"": ""mean""}, ""pca"": {""enabled"": true, ""n_components"": 1}, ""scaler"": ""standard"", ""sequence_length"": 16, ""sequence_stride"": 1}, ""project"": {""device"": ""cuda"", ""random_seeds"": [7]}, ""run"": {""family"": ""DEEP"", ""seed"": 7, ""split"": ""test""}, ""training"": {""batch_size"": 32, ""class_imbalance"": {""dataset_model_overrides"": [{""dataset"": ""BATADAL"", ""focal_gamma"": 2.0, ""loss_name"": ""focal"", ""model"": ""GRU""}], ""dataset_overrides"": {""SKAB"": {""use_pos_weight"": false}}, ""focal_gamma"": 2.0, ""loss_name"": ""bce"", ""pos_weight_strategy"": ""neg_pos_ratio"", ""use_pos_weight"": true}, ""early_stopping"": {""enabled"": true, ""mode"": ""min"", ""monitor"": ""val_loss"", ""patience"": 5}, ""epochs"": 50, ""optimizer"": ""adam"", ""threshold_tuning"": {""beta"": 2.0, ""dataset_overrides"": {""BATADAL"": {""metric"": ""f2""}, ""SKAB"": {""metric"": ""f1"", ""min_threshold"": 0.1}}, ""enabled"": true, ""end"": 0.99, ""metric"": ""f1"", ""start"": 0.01, ""step"": 0.01}}}",BATADAL,,ATT_FLAG,"[""DATETIME""]",,0.6,0.2,0.2,True,mean,standard,True,1,16,1,False,32,True,0.0,0.05,cuda,[7],32,50,True,5,val_loss,min,True,neg_pos_ratio,bce,2.0,False,"[{""dataset"": ""BATADAL"", ""focal_gamma"": 2.0, ""loss_name"": ""focal"", ""model"": ""GRU""}]",True,f1,2.0,0.01,0.99,0.01,f2,f1,0.1,adam,0.1,4,3,4,1,True,levenshtein,True,0.0001,average_log_probability,0.05,DEEP,7,test,CNN,cnn,True,,,,0.2,1,0.001,1.0,64.0,3.0,BATADAL_dataset04.csv,-999.0,1.0
BATADAL,LSTM,test,999,baseline_0.5_threshold,0.5,0.2109090909090909,0.13004484304932734,0.5576923076923077,9,1.3900448380447015,val_loss,1.3900448380447015,17.87121212121212,bce,821,0.05299076676033721,0.06341463414634146,0.13398294762484775,0.5554202192448234,0.08196721311475409,0.22727272727272727,0.12048192771084337,"{""automata"": {""anomaly_threshold"": 0.1, ""decision"": {""fallback_quantile"": 0.05, ""score_field"": ""average_log_probability""}, ""paa"": {""window_size"": 4}, ""probability"": {""epsilon"": 0.0001, ""smoothing"": true}, ""sax"": {""alphabet_size"": 3}, ""sliding_window"": {""size"": 4, ""stride"": 1}, ""unseen_pattern"": {""enabled"": true, ""method"": ""levenshtein""}}, ""dataset"": {""config"": {""anomaly_label_value"": 1, ""drop_columns"": [""DATETIME""], ""normal_label_value"": -999, ""split"": {""test"": 0.2, ""train"": 0.6, ""validation"": 0.2}, ""target_column"": ""ATT_FLAG"", ""train_file"": ""BATADAL_dataset04.csv""}, ""name"": ""BATADAL""}, ""model"": {""config"": {""architecture"": ""lstm"", ""dropout"": 0.2, ""enabled"": true, ""hidden_size"": 64, ""input_size"": 1, ""learning_rate"": 0.001, ""num_layers"": 2, ""output_size"": 1}, ""name"": ""LSTM""}, ""noise"": {""enabled"": true, ""gaussian_mean"": 0.0, ""gaussian_std"": 0.05}, ""preprocessing"": {""dataset_overrides"": {""SKAB"": {""pca"": {""enabled"": false}, ""sequence_length"": 32}}, ""missing_data"": {""enabled"": true, ""strategy"": ""mean""}, ""pca"": {""enabled"": true, ""n_components"": 1}, ""scaler"": ""standard"", ""sequence_length"": 16, ""sequence_stride"": 1}, ""project"": {""device"": ""cuda"", ""random_seeds"": [999]}, ""run"": {""family"": ""DEEP"", ""seed"": 999, ""split"": ""test""}, ""training"": {""batch_size"": 32, ""class_imbalance"": {""dataset_model_overrides"": [{""dataset"": ""BATADAL"", ""focal_gamma"": 2.0, ""loss_name"": ""focal"", ""model"": ""GRU""}], ""dataset_overrides"": {""SKAB"": {""use_pos_weight"": false}}, ""focal_gamma"": 2.0, ""loss_name"": ""bce"", ""pos_weight_strategy"": ""neg_pos_ratio"", ""use_pos_weight"": true}, ""early_stopping"": {""enabled"": true, ""mode"": ""min"", ""monitor"": ""val_loss"", ""patience"": 5}, ""epochs"": 50, ""optimizer"": ""adam"", ""threshold_tuning"": {""beta"": 2.0, ""dataset_overrides"": {""BATADAL"": {""metric"": ""f2""}, ""SKAB"": {""metric"": ""f1"", ""min_threshold"": 0.1}}, ""enabled"": true, ""end"": 0.99, ""metric"": ""f1"", ""start"": 0.01, ""step"": 0.01}}}",BATADAL,,ATT_FLAG,"[""DATETIME""]",,0.6,0.2,0.2,True,mean,standard,True,1,16,1,False,32,True,0.0,0.05,cuda,[999],32,50,True,5,val_loss,min,True,neg_pos_ratio,bce,2.0,False,"[{""dataset"": ""BATADAL"", ""focal_gamma"": 2.0, ""loss_name"": ""focal"", ""model"": ""GRU""}]",True,f1,2.0,0.01,0.99,0.01,f2,f1,0.1,adam,0.1,4,3,4,1,True,levenshtein,True,0.0001,average_log_probability,0.05,DEEP,999,test,LSTM,lstm,True,1.0,64.0,2.0,0.2,1,0.001,,,,BATADAL_dataset04.csv,-999.0,1.0
BATADAL,LSTM,test,999,tuned_threshold_weighted_loss,0.6,0.2109090909090909,0.13004484304932734,0.5576923076923077,9,1.3900448380447015,val_loss,1.3900448380447015,17.87121212121212,bce,821,0.05299076676033721,0.06341463414634146,0.13398294762484775,0.6540803897685749,0.065,0.11818181818181818,0.08387096774193549,"{""automata"": {""anomaly_threshold"": 0.1, ""decision"": {""fallback_quantile"": 0.05, ""score_field"": ""average_log_probability""}, ""paa"": {""window_size"": 4}, ""probability"": {""epsilon"": 0.0001, ""smoothing"": true}, ""sax"": {""alphabet_size"": 3}, ""sliding_window"": {""size"": 4, ""stride"": 1}, ""unseen_pattern"": {""enabled"": true, ""method"": ""levenshtein""}}, ""dataset"": {""config"": {""anomaly_label_value"": 1, ""drop_columns"": [""DATETIME""], ""normal_label_value"": -999, ""split"": {""test"": 0.2, ""train"": 0.6, ""validation"": 0.2}, ""target_column"": ""ATT_FLAG"", ""train_file"": ""BATADAL_dataset04.csv""}, ""name"": ""BATADAL""}, ""model"": {""config"": {""architecture"": ""lstm"", ""dropout"": 0.2, ""enabled"": true, ""hidden_size"": 64, ""input_size"": 1, ""learning_rate"": 0.001, ""num_layers"": 2, ""output_size"": 1}, ""name"": ""LSTM""}, ""noise"": {""enabled"": true, ""gaussian_mean"": 0.0, ""gaussian_std"": 0.05}, ""preprocessing"": {""dataset_overrides"": {""SKAB"": {""pca"": {""enabled"": false}, ""sequence_length"": 32}}, ""missing_data"": {""enabled"": true, ""strategy"": ""mean""}, ""pca"": {""enabled"": true, ""n_components"": 1}, ""scaler"": ""standard"", ""sequence_length"": 16, ""sequence_stride"": 1}, ""project"": {""device"": ""cuda"", ""random_seeds"": [999]}, ""run"": {""family"": ""DEEP"", ""seed"": 999, ""split"": ""test""}, ""training"": {""batch_size"": 32, ""class_imbalance"": {""dataset_model_overrides"": [{""dataset"": ""BATADAL"", ""focal_gamma"": 2.0, ""loss_name"": ""focal"", ""model"": ""GRU""}], ""dataset_overrides"": {""SKAB"": {""use_pos_weight"": false}}, ""focal_gamma"": 2.0, ""loss_name"": ""bce"", ""pos_weight_strategy"": ""neg_pos_ratio"", ""use_pos_weight"": true}, ""early_stopping"": {""enabled"": true, ""mode"": ""min"", ""monitor"": ""val_loss"", ""patience"": 5}, ""epochs"": 50, ""optimizer"": ""adam"", ""threshold_tuning"": {""beta"": 2.0, ""dataset_overrides"": {""BATADAL"": {""metric"": ""f2""}, ""SKAB"": {""metric"": ""f1"", ""min_threshold"": 0.1}}, ""enabled"": true, ""end"": 0.99, ""metric"": ""f1"", ""start"": 0.01, ""step"": 0.01}}}",BATADAL,,ATT_FLAG,"[""DATETIME""]",,0.6,0.2,0.2,True,mean,standard,True,1,16,1,False,32,True,0.0,0.05,cuda,[999],32,50,True,5,val_loss,min,True,neg_pos_ratio,bce,2.0,False,"[{""dataset"": ""BATADAL"", ""focal_gamma"": 2.0, ""loss_name"": ""focal"", ""model"": ""GRU""}]",True,f1,2.0,0.01,0.99,0.01,f2,f1,0.1,adam,0.1,4,3,4,1,True,levenshtein,True,0.0001,average_log_probability,0.05,DEEP,999,test,LSTM,lstm,True,1.0,64.0,2.0,0.2,1,0.001,,,,BATADAL_dataset04.csv,-999.0,1.0
BATADAL,GRU,test,999,baseline_0.5_threshold,0.5,0.24289405684754523,0.14029850746268657,0.9038461538461539,13,0.3069099495323693,val_loss,0.3069099495323693,17.87121212121212,focal,821,0.05299076676033721,0.06341463414634146,0.13398294762484775,0.7880633373934226,0.23333333333333334,0.2545454545454545,0.24347826086956523,"{""automata"": {""anomaly_threshold"": 0.1, ""decision"": {""fallback_quantile"": 0.05, ""score_field"": ""average_log_probability""}, ""paa"": {""window_size"": 4}, ""probability"": {""epsilon"": 0.0001, ""smoothing"": true}, ""sax"": {""alphabet_size"": 3}, ""sliding_window"": {""size"": 4, ""stride"": 1}, ""unseen_pattern"": {""enabled"": true, ""method"": ""levenshtein""}}, ""dataset"": {""config"": {""anomaly_label_value"": 1, ""drop_columns"": [""DATETIME""], ""normal_label_value"": -999, ""split"": {""test"": 0.2, ""train"": 0.6, ""validation"": 0.2}, ""target_column"": ""ATT_FLAG"", ""train_file"": ""BATADAL_dataset04.csv""}, ""name"": ""BATADAL""}, ""model"": {""config"": {""architecture"": ""gru"", ""dropout"": 0.2, ""enabled"": true, ""hidden_size"": 64, ""input_size"": 1, ""learning_rate"": 0.001, ""num_layers"": 2, ""output_size"": 1}, ""name"": ""GRU""}, ""noise"": {""enabled"": true, ""gaussian_mean"": 0.0, ""gaussian_std"": 0.05}, ""preprocessing"": {""dataset_overrides"": {""SKAB"": {""pca"": {""enabled"": false}, ""sequence_length"": 32}}, ""missing_data"": {""enabled"": true, ""strategy"": ""mean""}, ""pca"": {""enabled"": true, ""n_components"": 1}, ""scaler"": ""standard"", ""sequence_length"": 16, ""sequence_stride"": 1}, ""project"": {""device"": ""cuda"", ""random_seeds"": [999]}, ""run"": {""family"": ""DEEP"", ""seed"": 999, ""split"": ""test""}, ""training"": {""batch_size"": 32, ""class_imbalance"": {""dataset_model_overrides"": [{""dataset"": ""BATADAL"", ""focal_gamma"": 2.0, ""loss_name"": ""focal"", ""model"": ""GRU""}], ""dataset_overrides"": {""SKAB"": {""use_pos_weight"": false}}, ""focal_gamma"": 2.0, ""loss_name"": ""bce"", ""pos_weight_strategy"": ""neg_pos_ratio"", ""use_pos_weight"": true}, ""early_stopping"": {""enabled"": true, ""mode"": ""min"", ""monitor"": ""val_loss"", ""patience"": 5}, ""epochs"": 50, ""optimizer"": ""adam"", ""threshold_tuning"": {""beta"": 2.0, ""dataset_overrides"": {""BATADAL"": {""metric"": ""f2""}, ""SKAB"": {""metric"": ""f1"", ""min_threshold"": 0.1}}, ""enabled"": true, ""end"": 0.99, ""metric"": ""f1"", ""start"": 0.01, ""step"": 0.01}}}",BATADAL,,ATT_FLAG,"[""DATETIME""]",,0.6,0.2,0.2,True,mean,standard,True,1,16,1,False,32,True,0.0,0.05,cuda,[999],32,50,True,5,val_loss,min,True,neg_pos_ratio,bce,2.0,False,"[{""dataset"": ""BATADAL"", ""focal_gamma"": 2.0, ""loss_name"": ""focal"", ""model"": ""GRU""}]",True,f1,2.0,0.01,0.99,0.01,f2,f1,0.1,adam,0.1,4,3,4,1,True,levenshtein,True,0.0001,average_log_probability,0.05,DEEP,999,test,GRU,gru,True,1.0,64.0,2.0,0.2,1,0.001,,,,BATADAL_dataset04.csv,-999.0,1.0
BATADAL,GRU,test,999,tuned_threshold_weighted_loss,0.43,0.24289405684754523,0.14029850746268657,0.9038461538461539,13,0.3069099495323693,val_loss,0.3069099495323693,17.87121212121212,focal,821,0.05299076676033721,0.06341463414634146,0.13398294762484775,0.6090133982947625,0.12455516014234876,0.3181818181818182,0.17902813299232737,"{""automata"": {""anomaly_threshold"": 0.1, ""decision"": {""fallback_quantile"": 0.05, ""score_field"": ""average_log_probability""}, ""paa"": {""window_size"": 4}, ""probability"": {""epsilon"": 0.0001, ""smoothing"": true}, ""sax"": {""alphabet_size"": 3}, ""sliding_window"": {""size"": 4, ""stride"": 1}, ""unseen_pattern"": {""enabled"": true, ""method"": ""levenshtein""}}, ""dataset"": {""config"": {""anomaly_label_value"": 1, ""drop_columns"": [""DATETIME""], ""normal_label_value"": -999, ""split"": {""test"": 0.2, ""train"": 0.6, ""validation"": 0.2}, ""target_column"": ""ATT_FLAG"", ""train_file"": ""BATADAL_dataset04.csv""}, ""name"": ""BATADAL""}, ""model"": {""config"": {""architecture"": ""gru"", ""dropout"": 0.2, ""enabled"": true, ""hidden_size"": 64, ""input_size"": 1, ""learning_rate"": 0.001, ""num_layers"": 2, ""output_size"": 1}, ""name"": ""GRU""}, ""noise"": {""enabled"": true, ""gaussian_mean"": 0.0, ""gaussian_std"": 0.05}, ""preprocessing"": {""dataset_overrides"": {""SKAB"": {""pca"": {""enabled"": false}, ""sequence_length"": 32}}, ""missing_data"": {""enabled"": true, ""strategy"": ""mean""}, ""pca"": {""enabled"": true, ""n_components"": 1}, ""scaler"": ""standard"", ""sequence_length"": 16, ""sequence_stride"": 1}, ""project"": {""device"": ""cuda"", ""random_seeds"": [999]}, ""run"": {""family"": ""DEEP"", ""seed"": 999, ""split"": ""test""}, ""training"": {""batch_size"": 32, ""class_imbalance"": {""dataset_model_overrides"": [{""dataset"": ""BATADAL"", ""focal_gamma"": 2.0, ""loss_name"": ""focal"", ""model"": ""GRU""}], ""dataset_overrides"": {""SKAB"": {""use_pos_weight"": false}}, ""focal_gamma"": 2.0, ""loss_name"": ""bce"", ""pos_weight_strategy"": ""neg_pos_ratio"", ""use_pos_weight"": true}, ""early_stopping"": {""enabled"": true, ""mode"": ""min"", ""monitor"": ""val_loss"", ""patience"": 5}, ""epochs"": 50, ""optimizer"": ""adam"", ""threshold_tuning"": {""beta"": 2.0, ""dataset_overrides"": {""BATADAL"": {""metric"": ""f2""}, ""SKAB"": {""metric"": ""f1"", ""min_threshold"": 0.1}}, ""enabled"": true, ""end"": 0.99, ""metric"": ""f1"", ""start"": 0.01, ""step"": 0.01}}}",BATADAL,,ATT_FLAG,"[""DATETIME""]",,0.6,0.2,0.2,True,mean,standard,True,1,16,1,False,32,True,0.0,0.05,cuda,[999],32,50,True,5,val_loss,min,True,neg_pos_ratio,bce,2.0,False,"[{""dataset"": ""BATADAL"", ""focal_gamma"": 2.0, ""loss_name"": ""focal"", ""model"": ""GRU""}]",True,f1,2.0,0.01,0.99,0.01,f2,f1,0.1,adam,0.1,4,3,4,1,True,levenshtein,True,0.0001,average_log_probability,0.05,DEEP,999,test,GRU,gru,True,1.0,64.0,2.0,0.2,1,0.001,,,,BATADAL_dataset04.csv,-999.0,1.0
BATADAL,CNN,test,999,baseline_0.5_threshold,0.5,0.1842696629213483,0.10432569974554708,0.7884615384615384,15,1.3324847637153254,val_loss,1.3324847637153254,17.87121212121212,bce,821,0.05299076676033721,0.06341463414634146,0.13398294762484775,0.5444579780755177,0.1,0.3,0.15,"{""automata"": {""anomaly_threshold"": 0.1, ""decision"": {""fallback_quantile"": 0.05, ""score_field"": ""average_log_probability""}, ""paa"": {""window_size"": 4}, ""probability"": {""epsilon"": 0.0001, ""smoothing"": true}, ""sax"": {""alphabet_size"": 3}, ""sliding_window"": {""size"": 4, ""stride"": 1}, ""unseen_pattern"": {""enabled"": true, ""method"": ""levenshtein""}}, ""dataset"": {""config"": {""anomaly_label_value"": 1, ""drop_columns"": [""DATETIME""], ""normal_label_value"": -999, ""split"": {""test"": 0.2, ""train"": 0.6, ""validation"": 0.2}, ""target_column"": ""ATT_FLAG"", ""train_file"": ""BATADAL_dataset04.csv""}, ""name"": ""BATADAL""}, ""model"": {""config"": {""architecture"": ""cnn"", ""dropout"": 0.2, ""enabled"": true, ""input_channels"": 1, ""kernel_size"": 3, ""learning_rate"": 0.001, ""num_filters"": 64, ""output_size"": 1}, ""name"": ""CNN""}, ""noise"": {""enabled"": true, ""gaussian_mean"": 0.0, ""gaussian_std"": 0.05}, ""preprocessing"": {""dataset_overrides"": {""SKAB"": {""pca"": {""enabled"": false}, ""sequence_length"": 32}}, ""missing_data"": {""enabled"": true, ""strategy"": ""mean""}, ""pca"": {""enabled"": true, ""n_components"": 1}, ""scaler"": ""standard"", ""sequence_length"": 16, ""sequence_stride"": 1}, ""project"": {""device"": ""cuda"", ""random_seeds"": [999]}, ""run"": {""family"": ""DEEP"", ""seed"": 999, ""split"": ""test""}, ""training"": {""batch_size"": 32, ""class_imbalance"": {""dataset_model_overrides"": [{""dataset"": ""BATADAL"", ""focal_gamma"": 2.0, ""loss_name"": ""focal"", ""model"": ""GRU""}], ""dataset_overrides"": {""SKAB"": {""use_pos_weight"": false}}, ""focal_gamma"": 2.0, ""loss_name"": ""bce"", ""pos_weight_strategy"": ""neg_pos_ratio"", ""use_pos_weight"": true}, ""early_stopping"": {""enabled"": true, ""mode"": ""min"", ""monitor"": ""val_loss"", ""patience"": 5}, ""epochs"": 50, ""optimizer"": ""adam"", ""threshold_tuning"": {""beta"": 2.0, ""dataset_overrides"": {""BATADAL"": {""metric"": ""f2""}, ""SKAB"": {""metric"": ""f1"", ""min_threshold"": 0.1}}, ""enabled"": true, ""end"": 0.99, ""metric"": ""f1"", ""start"": 0.01, ""step"": 0.01}}}",BATADAL,,ATT_FLAG,"[""DATETIME""]",,0.6,0.2,0.2,True,mean,standard,True,1,16,1,False,32,True,0.0,0.05,cuda,[999],32,50,True,5,val_loss,min,True,neg_pos_ratio,bce,2.0,False,"[{""dataset"": ""BATADAL"", ""focal_gamma"": 2.0, ""loss_name"": ""focal"", ""model"": ""GRU""}]",True,f1,2.0,0.01,0.99,0.01,f2,f1,0.1,adam,0.1,4,3,4,1,True,levenshtein,True,0.0001,average_log_probability,0.05,DEEP,999,test,CNN,cnn,True,,,,0.2,1,0.001,1.0,64.0,3.0,BATADAL_dataset04.csv,-999.0,1.0
BATADAL,CNN,test,999,tuned_threshold_weighted_loss,0.49,0.1842696629213483,0.10432569974554708,0.7884615384615384,15,1.3324847637153254,val_loss,1.3324847637153254,17.87121212121212,bce,821,0.05299076676033721,0.06341463414634146,0.13398294762484775,0.5200974421437271,0.09659090909090909,0.3090909090909091,0.1471861471861472,"{""automata"": {""anomaly_threshold"": 0.1, ""decision"": {""fallback_quantile"": 0.05, ""score_field"": ""average_log_probability""}, ""paa"": {""window_size"": 4}, ""probability"": {""epsilon"": 0.0001, ""smoothing"": true}, ""sax"": {""alphabet_size"": 3}, ""sliding_window"": {""size"": 4, ""stride"": 1}, ""unseen_pattern"": {""enabled"": true, ""method"": ""levenshtein""}}, ""dataset"": {""config"": {""anomaly_label_value"": 1, ""drop_columns"": [""DATETIME""], ""normal_label_value"": -999, ""split"": {""test"": 0.2, ""train"": 0.6, ""validation"": 0.2}, ""target_column"": ""ATT_FLAG"", ""train_file"": ""BATADAL_dataset04.csv""}, ""name"": ""BATADAL""}, ""model"": {""config"": {""architecture"": ""cnn"", ""dropout"": 0.2, ""enabled"": true, ""input_channels"": 1, ""kernel_size"": 3, ""learning_rate"": 0.001, ""num_filters"": 64, ""output_size"": 1}, ""name"": ""CNN""}, ""noise"": {""enabled"": true, ""gaussian_mean"": 0.0, ""gaussian_std"": 0.05}, ""preprocessing"": {""dataset_overrides"": {""SKAB"": {""pca"": {""enabled"": false}, ""sequence_length"": 32}}, ""missing_data"": {""enabled"": true, ""strategy"": ""mean""}, ""pca"": {""enabled"": true, ""n_components"": 1}, ""scaler"": ""standard"", ""sequence_length"": 16, ""sequence_stride"": 1}, ""project"": {""device"": ""cuda"", ""random_seeds"": [999]}, ""run"": {""family"": ""DEEP"", ""seed"": 999, ""split"": ""test""}, ""training"": {""batch_size"": 32, ""class_imbalance"": {""dataset_model_overrides"": [{""dataset"": ""BATADAL"", ""focal_gamma"": 2.0, ""loss_name"": ""focal"", ""model"": ""GRU""}], ""dataset_overrides"": {""SKAB"": {""use_pos_weight"": false}}, ""focal_gamma"": 2.0, ""loss_name"": ""bce"", ""pos_weight_strategy"": ""neg_pos_ratio"", ""use_pos_weight"": true}, ""early_stopping"": {""enabled"": true, ""mode"": ""min"", ""monitor"": ""val_loss"", ""patience"": 5}, ""epochs"": 50, ""optimizer"": ""adam"", ""threshold_tuning"": {""beta"": 2.0, ""dataset_overrides"": {""BATADAL"": {""metric"": ""f2""}, ""SKAB"": {""metric"": ""f1"", ""min_threshold"": 0.1}}, ""enabled"": true, ""end"": 0.99, ""metric"": ""f1"", ""start"": 0.01, ""step"": 0.01}}}",BATADAL,,ATT_FLAG,"[""DATETIME""]",,0.6,0.2,0.2,True,mean,standard,True,1,16,1,False,32,True,0.0,0.05,cuda,[999],32,50,True,5,val_loss,min,True,neg_pos_ratio,bce,2.0,False,"[{""dataset"": ""BATADAL"", ""focal_gamma"": 2.0, ""loss_name"": ""focal"", ""model"": ""GRU""}]",True,f1,2.0,0.01,0.99,0.01,f2,f1,0.1,adam,0.1,4,3,4,1,True,levenshtein,True,0.0001,average_log_probability,0.05,DEEP,999,test,CNN,cnn,True,,,,0.2,1,0.001,1.0,64.0,3.0,BATADAL_dataset04.csv,-999.0,1.0
