dataset,seed,split,window_size,alphabet_size,accuracy,precision,recall,f1_score,state_count,transition_count,transition_sources,transition_density,unseen_examples,experiment_context,context_dataset_name,context_dataset_config_valve_folders,context_dataset_config_target_column,context_dataset_config_drop_columns,context_dataset_config_group_column,context_dataset_config_split_train,context_dataset_config_split_validation,context_dataset_config_split_test,context_preprocessing_missing_data_enabled,context_preprocessing_missing_data_strategy,context_preprocessing_scaler,context_preprocessing_pca_enabled,context_preprocessing_pca_n_components,context_preprocessing_sequence_length,context_preprocessing_sequence_stride,context_noise_enabled,context_noise_gaussian_mean,context_noise_gaussian_std,context_project_device,context_project_random_seeds,context_training_batch_size,context_training_epochs,context_training_early_stopping_enabled,context_training_early_stopping_patience,context_training_optimizer,context_automata_anomaly_threshold,context_automata_paa_window_size,context_automata_sax_alphabet_size,context_automata_sliding_window_size,context_automata_sliding_window_stride,context_automata_unseen_pattern_enabled,context_automata_unseen_pattern_method,context_automata_probability_smoothing,context_automata_probability_epsilon,context_automata_decision_score_field,context_automata_decision_fallback_quantile,context_run_family,context_run_seed,context_run_split,context_run_scenario,context_extra_window_size,context_extra_alphabet_size,context_dataset_config_train_file,context_dataset_config_normal_label_value,context_dataset_config_anomaly_label_value
SKAB,42,fold_0,3,3,0.6214046822742475,0.2413793103448276,0.04030710172744722,0.06907894736842106,21,41,21,0.09297052154195011,0,"{""automata"": {""anomaly_threshold"": 0.1, ""decision"": {""fallback_quantile"": 0.05, ""score_field"": ""average_log_probability""}, ""paa"": {""window_size"": 4}, ""probability"": {""epsilon"": 0.0001, ""smoothing"": true}, ""sax"": {""alphabet_size"": 3}, ""sliding_window"": {""size"": 4, ""stride"": 1}, ""unseen_pattern"": {""enabled"": true, ""method"": ""levenshtein""}}, ""dataset"": {""config"": {""drop_columns"": [""datetime"", ""changepoint"", ""source_group"", ""source_file""], ""group_column"": ""source_file"", ""split"": {""test"": 0.2, ""train"": 0.6, ""validation"": 0.2}, ""target_column"": ""anomaly"", ""valve_folders"": [""valve1"", ""valve2""]}, ""name"": ""SKAB""}, ""extra"": {""alphabet_size"": 3, ""window_size"": 3}, ""noise"": {""enabled"": true, ""gaussian_mean"": 0.0, ""gaussian_std"": 0.05}, ""preprocessing"": {""missing_data"": {""enabled"": true, ""strategy"": ""mean""}, ""pca"": {""enabled"": true, ""n_components"": 1}, ""scaler"": ""standard"", ""sequence_length"": 16, ""sequence_stride"": 1}, ""project"": {""device"": ""cuda"", ""random_seeds"": [42]}, ""run"": {""family"": ""AUTOMATA"", ""scenario"": ""parameter_analysis"", ""seed"": 42, ""split"": ""fold_0""}, ""training"": {""batch_size"": 32, ""early_stopping"": {""enabled"": true, ""patience"": 5}, ""epochs"": 50, ""optimizer"": ""adam""}}",SKAB,"[""valve1"", ""valve2""]",anomaly,"[""datetime"", ""changepoint"", ""source_group"", ""source_file""]",source_file,0.6,0.2,0.2,True,mean,standard,True,1,16,1,True,0.0,0.05,cuda,[42],32,50,True,5,adam,0.1,4,3,4,1,True,levenshtein,True,0.0001,average_log_probability,0.05,AUTOMATA,42,fold_0,parameter_analysis,3,3,,,
SKAB,42,fold_1,3,3,0.6326666666666667,0.3088235294117647,0.04,0.07082630691399663,19,38,19,0.10526315789473684,2,"{""automata"": {""anomaly_threshold"": 0.1, ""decision"": {""fallback_quantile"": 0.05, ""score_field"": ""average_log_probability""}, ""paa"": {""window_size"": 4}, ""probability"": {""epsilon"": 0.0001, ""smoothing"": true}, ""sax"": {""alphabet_size"": 3}, ""sliding_window"": {""size"": 4, ""stride"": 1}, ""unseen_pattern"": {""enabled"": true, ""method"": ""levenshtein""}}, ""dataset"": {""config"": {""drop_columns"": [""datetime"", ""changepoint"", ""source_group"", ""source_file""], ""group_column"": ""source_file"", ""split"": {""test"": 0.2, ""train"": 0.6, ""validation"": 0.2}, ""target_column"": ""anomaly"", ""valve_folders"": [""valve1"", ""valve2""]}, ""name"": ""SKAB""}, ""extra"": {""alphabet_size"": 3, ""window_size"": 3}, ""noise"": {""enabled"": true, ""gaussian_mean"": 0.0, ""gaussian_std"": 0.05}, ""preprocessing"": {""missing_data"": {""enabled"": true, ""strategy"": ""mean""}, ""pca"": {""enabled"": true, ""n_components"": 1}, ""scaler"": ""standard"", ""sequence_length"": 16, ""sequence_stride"": 1}, ""project"": {""device"": ""cuda"", ""random_seeds"": [42]}, ""run"": {""family"": ""AUTOMATA"", ""scenario"": ""parameter_analysis"", ""seed"": 42, ""split"": ""fold_1""}, ""training"": {""batch_size"": 32, ""early_stopping"": {""enabled"": true, ""patience"": 5}, ""epochs"": 50, ""optimizer"": ""adam""}}",SKAB,"[""valve1"", ""valve2""]",anomaly,"[""datetime"", ""changepoint"", ""source_group"", ""source_file""]",source_file,0.6,0.2,0.2,True,mean,standard,True,1,16,1,True,0.0,0.05,cuda,[42],32,50,True,5,adam,0.1,4,3,4,1,True,levenshtein,True,0.0001,average_log_probability,0.05,AUTOMATA,42,fold_1,parameter_analysis,3,3,,,
SKAB,42,fold_2,3,3,0.6269153897401732,0.3023255813953488,0.02394106813996317,0.04436860068259386,23,48,23,0.09073724007561437,0,"{""automata"": {""anomaly_threshold"": 0.1, ""decision"": {""fallback_quantile"": 0.05, ""score_field"": ""average_log_probability""}, ""paa"": {""window_size"": 4}, ""probability"": {""epsilon"": 0.0001, ""smoothing"": true}, ""sax"": {""alphabet_size"": 3}, ""sliding_window"": {""size"": 4, ""stride"": 1}, ""unseen_pattern"": {""enabled"": true, ""method"": ""levenshtein""}}, ""dataset"": {""config"": {""drop_columns"": [""datetime"", ""changepoint"", ""source_group"", ""source_file""], ""group_column"": ""source_file"", ""split"": {""test"": 0.2, ""train"": 0.6, ""validation"": 0.2}, ""target_column"": ""anomaly"", ""valve_folders"": [""valve1"", ""valve2""]}, ""name"": ""SKAB""}, ""extra"": {""alphabet_size"": 3, ""window_size"": 3}, ""noise"": {""enabled"": true, ""gaussian_mean"": 0.0, ""gaussian_std"": 0.05}, ""preprocessing"": {""missing_data"": {""enabled"": true, ""strategy"": ""mean""}, ""pca"": {""enabled"": true, ""n_components"": 1}, ""scaler"": ""standard"", ""sequence_length"": 16, ""sequence_stride"": 1}, ""project"": {""device"": ""cuda"", ""random_seeds"": [42]}, ""run"": {""family"": ""AUTOMATA"", ""scenario"": ""parameter_analysis"", ""seed"": 42, ""split"": ""fold_2""}, ""training"": {""batch_size"": 32, ""early_stopping"": {""enabled"": true, ""patience"": 5}, ""epochs"": 50, ""optimizer"": ""adam""}}",SKAB,"[""valve1"", ""valve2""]",anomaly,"[""datetime"", ""changepoint"", ""source_group"", ""source_file""]",source_file,0.6,0.2,0.2,True,mean,standard,True,1,16,1,True,0.0,0.05,cuda,[42],32,50,True,5,adam,0.1,4,3,4,1,True,levenshtein,True,0.0001,average_log_probability,0.05,AUTOMATA,42,fold_2,parameter_analysis,3,3,,,
SKAB,42,fold_3,3,3,0.6160108548168249,0.3230769230769231,0.03867403314917127,0.06907894736842106,21,41,21,0.09297052154195011,0,"{""automata"": {""anomaly_threshold"": 0.1, ""decision"": {""fallback_quantile"": 0.05, ""score_field"": ""average_log_probability""}, ""paa"": {""window_size"": 4}, ""probability"": {""epsilon"": 0.0001, ""smoothing"": true}, ""sax"": {""alphabet_size"": 3}, ""sliding_window"": {""size"": 4, ""stride"": 1}, ""unseen_pattern"": {""enabled"": true, ""method"": ""levenshtein""}}, ""dataset"": {""config"": {""drop_columns"": [""datetime"", ""changepoint"", ""source_group"", ""source_file""], ""group_column"": ""source_file"", ""split"": {""test"": 0.2, ""train"": 0.6, ""validation"": 0.2}, ""target_column"": ""anomaly"", ""valve_folders"": [""valve1"", ""valve2""]}, ""name"": ""SKAB""}, ""extra"": {""alphabet_size"": 3, ""window_size"": 3}, ""noise"": {""enabled"": true, ""gaussian_mean"": 0.0, ""gaussian_std"": 0.05}, ""preprocessing"": {""missing_data"": {""enabled"": true, ""strategy"": ""mean""}, ""pca"": {""enabled"": true, ""n_components"": 1}, ""scaler"": ""standard"", ""sequence_length"": 16, ""sequence_stride"": 1}, ""project"": {""device"": ""cuda"", ""random_seeds"": [42]}, ""run"": {""family"": ""AUTOMATA"", ""scenario"": ""parameter_analysis"", ""seed"": 42, ""split"": ""fold_3""}, ""training"": {""batch_size"": 32, ""early_stopping"": {""enabled"": true, ""patience"": 5}, ""epochs"": 50, ""optimizer"": ""adam""}}",SKAB,"[""valve1"", ""valve2""]",anomaly,"[""datetime"", ""changepoint"", ""source_group"", ""source_file""]",source_file,0.6,0.2,0.2,True,mean,standard,True,1,16,1,True,0.0,0.05,cuda,[42],32,50,True,5,adam,0.1,4,3,4,1,True,levenshtein,True,0.0001,average_log_probability,0.05,AUTOMATA,42,fold_3,parameter_analysis,3,3,,,
SKAB,42,fold_4,3,3,0.6164021164021164,0.40310077519379844,0.19622641509433963,0.2639593908629442,18,31,18,0.09567901234567901,98,"{""automata"": {""anomaly_threshold"": 0.1, ""decision"": {""fallback_quantile"": 0.05, ""score_field"": ""average_log_probability""}, ""paa"": {""window_size"": 4}, ""probability"": {""epsilon"": 0.0001, ""smoothing"": true}, ""sax"": {""alphabet_size"": 3}, ""sliding_window"": {""size"": 4, ""stride"": 1}, ""unseen_pattern"": {""enabled"": true, ""method"": ""levenshtein""}}, ""dataset"": {""config"": {""drop_columns"": [""datetime"", ""changepoint"", ""source_group"", ""source_file""], ""group_column"": ""source_file"", ""split"": {""test"": 0.2, ""train"": 0.6, ""validation"": 0.2}, ""target_column"": ""anomaly"", ""valve_folders"": [""valve1"", ""valve2""]}, ""name"": ""SKAB""}, ""extra"": {""alphabet_size"": 3, ""window_size"": 3}, ""noise"": {""enabled"": true, ""gaussian_mean"": 0.0, ""gaussian_std"": 0.05}, ""preprocessing"": {""missing_data"": {""enabled"": true, ""strategy"": ""mean""}, ""pca"": {""enabled"": true, ""n_components"": 1}, ""scaler"": ""standard"", ""sequence_length"": 16, ""sequence_stride"": 1}, ""project"": {""device"": ""cuda"", ""random_seeds"": [42]}, ""run"": {""family"": ""AUTOMATA"", ""scenario"": ""parameter_analysis"", ""seed"": 42, ""split"": ""fold_4""}, ""training"": {""batch_size"": 32, ""early_stopping"": {""enabled"": true, ""patience"": 5}, ""epochs"": 50, ""optimizer"": ""adam""}}",SKAB,"[""valve1"", ""valve2""]",anomaly,"[""datetime"", ""changepoint"", ""source_group"", ""source_file""]",source_file,0.6,0.2,0.2,True,mean,standard,True,1,16,1,True,0.0,0.05,cuda,[42],32,50,True,5,adam,0.1,4,3,4,1,True,levenshtein,True,0.0001,average_log_probability,0.05,AUTOMATA,42,fold_4,parameter_analysis,3,3,,,
SKAB,42,fold_0,3,4,0.6347826086956522,0.3333333333333333,0.04798464491362764,0.08389261744966443,35,70,35,0.05714285714285714,4,"{""automata"": {""anomaly_threshold"": 0.1, ""decision"": {""fallback_quantile"": 0.05, ""score_field"": ""average_log_probability""}, ""paa"": {""window_size"": 4}, ""probability"": {""epsilon"": 0.0001, ""smoothing"": true}, ""sax"": {""alphabet_size"": 3}, ""sliding_window"": {""size"": 4, ""stride"": 1}, ""unseen_pattern"": {""enabled"": true, ""method"": ""levenshtein""}}, ""dataset"": {""config"": {""drop_columns"": [""datetime"", ""changepoint"", ""source_group"", ""source_file""], ""group_column"": ""source_file"", ""split"": {""test"": 0.2, ""train"": 0.6, ""validation"": 0.2}, ""target_column"": ""anomaly"", ""valve_folders"": [""valve1"", ""valve2""]}, ""name"": ""SKAB""}, ""extra"": {""alphabet_size"": 4, ""window_size"": 3}, ""noise"": {""enabled"": true, ""gaussian_mean"": 0.0, ""gaussian_std"": 0.05}, ""preprocessing"": {""missing_data"": {""enabled"": true, ""strategy"": ""mean""}, ""pca"": {""enabled"": true, ""n_components"": 1}, ""scaler"": ""standard"", ""sequence_length"": 16, ""sequence_stride"": 1}, ""project"": {""device"": ""cuda"", ""random_seeds"": [42]}, ""run"": {""family"": ""AUTOMATA"", ""scenario"": ""parameter_analysis"", ""seed"": 42, ""split"": ""fold_0""}, ""training"": {""batch_size"": 32, ""early_stopping"": {""enabled"": true, ""patience"": 5}, ""epochs"": 50, ""optimizer"": ""adam""}}",SKAB,"[""valve1"", ""valve2""]",anomaly,"[""datetime"", ""changepoint"", ""source_group"", ""source_file""]",source_file,0.6,0.2,0.2,True,mean,standard,True,1,16,1,True,0.0,0.05,cuda,[42],32,50,True,5,adam,0.1,4,3,4,1,True,levenshtein,True,0.0001,average_log_probability,0.05,AUTOMATA,42,fold_0,parameter_analysis,3,4,,,
SKAB,42,fold_1,3,4,0.6306666666666667,0.08571428571428572,0.005714285714285714,0.010714285714285714,31,64,31,0.06659729448491156,2,"{""automata"": {""anomaly_threshold"": 0.1, ""decision"": {""fallback_quantile"": 0.05, ""score_field"": ""average_log_probability""}, ""paa"": {""window_size"": 4}, ""probability"": {""epsilon"": 0.0001, ""smoothing"": true}, ""sax"": {""alphabet_size"": 3}, ""sliding_window"": {""size"": 4, ""stride"": 1}, ""unseen_pattern"": {""enabled"": true, ""method"": ""levenshtein""}}, ""dataset"": {""config"": {""drop_columns"": [""datetime"", ""changepoint"", ""source_group"", ""source_file""], ""group_column"": ""source_file"", ""split"": {""test"": 0.2, ""train"": 0.6, ""validation"": 0.2}, ""target_column"": ""anomaly"", ""valve_folders"": [""valve1"", ""valve2""]}, ""name"": ""SKAB""}, ""extra"": {""alphabet_size"": 4, ""window_size"": 3}, ""noise"": {""enabled"": true, ""gaussian_mean"": 0.0, ""gaussian_std"": 0.05}, ""preprocessing"": {""missing_data"": {""enabled"": true, ""strategy"": ""mean""}, ""pca"": {""enabled"": true, ""n_components"": 1}, ""scaler"": ""standard"", ""sequence_length"": 16, ""sequence_stride"": 1}, ""project"": {""device"": ""cuda"", ""random_seeds"": [42]}, ""run"": {""family"": ""AUTOMATA"", ""scenario"": ""parameter_analysis"", ""seed"": 42, ""split"": ""fold_1""}, ""training"": {""batch_size"": 32, ""early_stopping"": {""enabled"": true, ""patience"": 5}, ""epochs"": 50, ""optimizer"": ""adam""}}",SKAB,"[""valve1"", ""valve2""]",anomaly,"[""datetime"", ""changepoint"", ""source_group"", ""source_file""]",source_file,0.6,0.2,0.2,True,mean,standard,True,1,16,1,True,0.0,0.05,cuda,[42],32,50,True,5,adam,0.1,4,3,4,1,True,levenshtein,True,0.0001,average_log_probability,0.05,AUTOMATA,42,fold_1,parameter_analysis,3,4,,,
SKAB,42,fold_2,3,4,0.6322451698867422,0.2,0.0055248618784530384,0.010752688172043012,40,86,40,0.05375,0,"{""automata"": {""anomaly_threshold"": 0.1, ""decision"": {""fallback_quantile"": 0.05, ""score_field"": ""average_log_probability""}, ""paa"": {""window_size"": 4}, ""probability"": {""epsilon"": 0.0001, ""smoothing"": true}, ""sax"": {""alphabet_size"": 3}, ""sliding_window"": {""size"": 4, ""stride"": 1}, ""unseen_pattern"": {""enabled"": true, ""method"": ""levenshtein""}}, ""dataset"": {""config"": {""drop_columns"": [""datetime"", ""changepoint"", ""source_group"", ""source_file""], ""group_column"": ""source_file"", ""split"": {""test"": 0.2, ""train"": 0.6, ""validation"": 0.2}, ""target_column"": ""anomaly"", ""valve_folders"": [""valve1"", ""valve2""]}, ""name"": ""SKAB""}, ""extra"": {""alphabet_size"": 4, ""window_size"": 3}, ""noise"": {""enabled"": true, ""gaussian_mean"": 0.0, ""gaussian_std"": 0.05}, ""preprocessing"": {""missing_data"": {""enabled"": true, ""strategy"": ""mean""}, ""pca"": {""enabled"": true, ""n_components"": 1}, ""scaler"": ""standard"", ""sequence_length"": 16, ""sequence_stride"": 1}, ""project"": {""device"": ""cuda"", ""random_seeds"": [42]}, ""run"": {""family"": ""AUTOMATA"", ""scenario"": ""parameter_analysis"", ""seed"": 42, ""split"": ""fold_2""}, ""training"": {""batch_size"": 32, ""early_stopping"": {""enabled"": true, ""patience"": 5}, ""epochs"": 50, ""optimizer"": ""adam""}}",SKAB,"[""valve1"", ""valve2""]",anomaly,"[""datetime"", ""changepoint"", ""source_group"", ""source_file""]",source_file,0.6,0.2,0.2,True,mean,standard,True,1,16,1,True,0.0,0.05,cuda,[42],32,50,True,5,adam,0.1,4,3,4,1,True,levenshtein,True,0.0001,average_log_probability,0.05,AUTOMATA,42,fold_2,parameter_analysis,3,4,,,
SKAB,42,fold_3,3,4,0.6078697421981004,0.34782608695652173,0.07366482504604052,0.12158054711246201,33,66,33,0.06060606060606061,4,"{""automata"": {""anomaly_threshold"": 0.1, ""decision"": {""fallback_quantile"": 0.05, ""score_field"": ""average_log_probability""}, ""paa"": {""window_size"": 4}, ""probability"": {""epsilon"": 0.0001, ""smoothing"": true}, ""sax"": {""alphabet_size"": 3}, ""sliding_window"": {""size"": 4, ""stride"": 1}, ""unseen_pattern"": {""enabled"": true, ""method"": ""levenshtein""}}, ""dataset"": {""config"": {""drop_columns"": [""datetime"", ""changepoint"", ""source_group"", ""source_file""], ""group_column"": ""source_file"", ""split"": {""test"": 0.2, ""train"": 0.6, ""validation"": 0.2}, ""target_column"": ""anomaly"", ""valve_folders"": [""valve1"", ""valve2""]}, ""name"": ""SKAB""}, ""extra"": {""alphabet_size"": 4, ""window_size"": 3}, ""noise"": {""enabled"": true, ""gaussian_mean"": 0.0, ""gaussian_std"": 0.05}, ""preprocessing"": {""missing_data"": {""enabled"": true, ""strategy"": ""mean""}, ""pca"": {""enabled"": true, ""n_components"": 1}, ""scaler"": ""standard"", ""sequence_length"": 16, ""sequence_stride"": 1}, ""project"": {""device"": ""cuda"", ""random_seeds"": [42]}, ""run"": {""family"": ""AUTOMATA"", ""scenario"": ""parameter_analysis"", ""seed"": 42, ""split"": ""fold_3""}, ""training"": {""batch_size"": 32, ""early_stopping"": {""enabled"": true, ""patience"": 5}, ""epochs"": 50, ""optimizer"": ""adam""}}",SKAB,"[""valve1"", ""valve2""]",anomaly,"[""datetime"", ""changepoint"", ""source_group"", ""source_file""]",source_file,0.6,0.2,0.2,True,mean,standard,True,1,16,1,True,0.0,0.05,cuda,[42],32,50,True,5,adam,0.1,4,3,4,1,True,levenshtein,True,0.0001,average_log_probability,0.05,AUTOMATA,42,fold_3,parameter_analysis,3,4,,,
SKAB,42,fold_4,3,4,0.5707671957671958,0.3146417445482866,0.19056603773584907,0.23736780258519388,23,47,23,0.0888468809073724,222,"{""automata"": {""anomaly_threshold"": 0.1, ""decision"": {""fallback_quantile"": 0.05, ""score_field"": ""average_log_probability""}, ""paa"": {""window_size"": 4}, ""probability"": {""epsilon"": 0.0001, ""smoothing"": true}, ""sax"": {""alphabet_size"": 3}, ""sliding_window"": {""size"": 4, ""stride"": 1}, ""unseen_pattern"": {""enabled"": true, ""method"": ""levenshtein""}}, ""dataset"": {""config"": {""drop_columns"": [""datetime"", ""changepoint"", ""source_group"", ""source_file""], ""group_column"": ""source_file"", ""split"": {""test"": 0.2, ""train"": 0.6, ""validation"": 0.2}, ""target_column"": ""anomaly"", ""valve_folders"": [""valve1"", ""valve2""]}, ""name"": ""SKAB""}, ""extra"": {""alphabet_size"": 4, ""window_size"": 3}, ""noise"": {""enabled"": true, ""gaussian_mean"": 0.0, ""gaussian_std"": 0.05}, ""preprocessing"": {""missing_data"": {""enabled"": true, ""strategy"": ""mean""}, ""pca"": {""enabled"": true, ""n_components"": 1}, ""scaler"": ""standard"", ""sequence_length"": 16, ""sequence_stride"": 1}, ""project"": {""device"": ""cuda"", ""random_seeds"": [42]}, ""run"": {""family"": ""AUTOMATA"", ""scenario"": ""parameter_analysis"", ""seed"": 42, ""split"": ""fold_4""}, ""training"": {""batch_size"": 32, ""early_stopping"": {""enabled"": true, ""patience"": 5}, ""epochs"": 50, ""optimizer"": ""adam""}}",SKAB,"[""valve1"", ""valve2""]",anomaly,"[""datetime"", ""changepoint"", ""source_group"", ""source_file""]",source_file,0.6,0.2,0.2,True,mean,standard,True,1,16,1,True,0.0,0.05,cuda,[42],32,50,True,5,adam,0.1,4,3,4,1,True,levenshtein,True,0.0001,average_log_probability,0.05,AUTOMATA,42,fold_4,parameter_analysis,3,4,,,
SKAB,42,fold_0,3,5,0.6006688963210702,0.1346153846153846,0.026871401151631478,0.0448,49,103,49,0.042898792169929194,14,"{""automata"": {""anomaly_threshold"": 0.1, ""decision"": {""fallback_quantile"": 0.05, ""score_field"": ""average_log_probability""}, ""paa"": {""window_size"": 4}, ""probability"": {""epsilon"": 0.0001, ""smoothing"": true}, ""sax"": {""alphabet_size"": 3}, ""sliding_window"": {""size"": 4, ""stride"": 1}, ""unseen_pattern"": {""enabled"": true, ""method"": ""levenshtein""}}, ""dataset"": {""config"": {""drop_columns"": [""datetime"", ""changepoint"", ""source_group"", ""source_file""], ""group_column"": ""source_file"", ""split"": {""test"": 0.2, ""train"": 0.6, ""validation"": 0.2}, ""target_column"": ""anomaly"", ""valve_folders"": [""valve1"", ""valve2""]}, ""name"": ""SKAB""}, ""extra"": {""alphabet_size"": 5, ""window_size"": 3}, ""noise"": {""enabled"": true, ""gaussian_mean"": 0.0, ""gaussian_std"": 0.05}, ""preprocessing"": {""missing_data"": {""enabled"": true, ""strategy"": ""mean""}, ""pca"": {""enabled"": true, ""n_components"": 1}, ""scaler"": ""standard"", ""sequence_length"": 16, ""sequence_stride"": 1}, ""project"": {""device"": ""cuda"", ""random_seeds"": [42]}, ""run"": {""family"": ""AUTOMATA"", ""scenario"": ""parameter_analysis"", ""seed"": 42, ""split"": ""fold_0""}, ""training"": {""batch_size"": 32, ""early_stopping"": {""enabled"": true, ""patience"": 5}, ""epochs"": 50, ""optimizer"": ""adam""}}",SKAB,"[""valve1"", ""valve2""]",anomaly,"[""datetime"", ""changepoint"", ""source_group"", ""source_file""]",source_file,0.6,0.2,0.2,True,mean,standard,True,1,16,1,True,0.0,0.05,cuda,[42],32,50,True,5,adam,0.1,4,3,4,1,True,levenshtein,True,0.0001,average_log_probability,0.05,AUTOMATA,42,fold_0,parameter_analysis,3,5,,,
SKAB,42,fold_1,3,5,0.6306666666666667,0.29577464788732394,0.04,0.07046979865771812,50,110,50,0.044,7,"{""automata"": {""anomaly_threshold"": 0.1, ""decision"": {""fallback_quantile"": 0.05, ""score_field"": ""average_log_probability""}, ""paa"": {""window_size"": 4}, ""probability"": {""epsilon"": 0.0001, ""smoothing"": true}, ""sax"": {""alphabet_size"": 3}, ""sliding_window"": {""size"": 4, ""stride"": 1}, ""unseen_pattern"": {""enabled"": true, ""method"": ""levenshtein""}}, ""dataset"": {""config"": {""drop_columns"": [""datetime"", ""changepoint"", ""source_group"", ""source_file""], ""group_column"": ""source_file"", ""split"": {""test"": 0.2, ""train"": 0.6, ""validation"": 0.2}, ""target_column"": ""anomaly"", ""valve_folders"": [""valve1"", ""valve2""]}, ""name"": ""SKAB""}, ""extra"": {""alphabet_size"": 5, ""window_size"": 3}, ""noise"": {""enabled"": true, ""gaussian_mean"": 0.0, ""gaussian_std"": 0.05}, ""preprocessing"": {""missing_data"": {""enabled"": true, ""strategy"": ""mean""}, ""pca"": {""enabled"": true, ""n_components"": 1}, ""scaler"": ""standard"", ""sequence_length"": 16, ""sequence_stride"": 1}, ""project"": {""device"": ""cuda"", ""random_seeds"": [42]}, ""run"": {""family"": ""AUTOMATA"", ""scenario"": ""parameter_analysis"", ""seed"": 42, ""split"": ""fold_1""}, ""training"": {""batch_size"": 32, ""early_stopping"": {""enabled"": true, ""patience"": 5}, ""epochs"": 50, ""optimizer"": ""adam""}}",SKAB,"[""valve1"", ""valve2""]",anomaly,"[""datetime"", ""changepoint"", ""source_group"", ""source_file""]",source_file,0.6,0.2,0.2,True,mean,standard,True,1,16,1,True,0.0,0.05,cuda,[42],32,50,True,5,adam,0.1,4,3,4,1,True,levenshtein,True,0.0001,average_log_probability,0.05,AUTOMATA,42,fold_1,parameter_analysis,3,5,,,
SKAB,42,fold_2,3,5,0.6375749500333111,0.48484848484848486,0.029465930018416207,0.05555555555555555,54,135,54,0.046296296296296294,2,"{""automata"": {""anomaly_threshold"": 0.1, ""decision"": {""fallback_quantile"": 0.05, ""score_field"": ""average_log_probability""}, ""paa"": {""window_size"": 4}, ""probability"": {""epsilon"": 0.0001, ""smoothing"": true}, ""sax"": {""alphabet_size"": 3}, ""sliding_window"": {""size"": 4, ""stride"": 1}, ""unseen_pattern"": {""enabled"": true, ""method"": ""levenshtein""}}, ""dataset"": {""config"": {""drop_columns"": [""datetime"", ""changepoint"", ""source_group"", ""source_file""], ""group_column"": ""source_file"", ""split"": {""test"": 0.2, ""train"": 0.6, ""validation"": 0.2}, ""target_column"": ""anomaly"", ""valve_folders"": [""valve1"", ""valve2""]}, ""name"": ""SKAB""}, ""extra"": {""alphabet_size"": 5, ""window_size"": 3}, ""noise"": {""enabled"": true, ""gaussian_mean"": 0.0, ""gaussian_std"": 0.05}, ""preprocessing"": {""missing_data"": {""enabled"": true, ""strategy"": ""mean""}, ""pca"": {""enabled"": true, ""n_components"": 1}, ""scaler"": ""standard"", ""sequence_length"": 16, ""sequence_stride"": 1}, ""project"": {""device"": ""cuda"", ""random_seeds"": [42]}, ""run"": {""family"": ""AUTOMATA"", ""scenario"": ""parameter_analysis"", ""seed"": 42, ""split"": ""fold_2""}, ""training"": {""batch_size"": 32, ""early_stopping"": {""enabled"": true, ""patience"": 5}, ""epochs"": 50, ""optimizer"": ""adam""}}",SKAB,"[""valve1"", ""valve2""]",anomaly,"[""datetime"", ""changepoint"", ""source_group"", ""source_file""]",source_file,0.6,0.2,0.2,True,mean,standard,True,1,16,1,True,0.0,0.05,cuda,[42],32,50,True,5,adam,0.1,4,3,4,1,True,levenshtein,True,0.0001,average_log_probability,0.05,AUTOMATA,42,fold_2,parameter_analysis,3,5,,,
SKAB,42,fold_3,3,5,0.5915875169606513,0.1827956989247312,0.03130755064456722,0.05345911949685535,49,102,49,0.0424822990420658,12,"{""automata"": {""anomaly_threshold"": 0.1, ""decision"": {""fallback_quantile"": 0.05, ""score_field"": ""average_log_probability""}, ""paa"": {""window_size"": 4}, ""probability"": {""epsilon"": 0.0001, ""smoothing"": true}, ""sax"": {""alphabet_size"": 3}, ""sliding_window"": {""size"": 4, ""stride"": 1}, ""unseen_pattern"": {""enabled"": true, ""method"": ""levenshtein""}}, ""dataset"": {""config"": {""drop_columns"": [""datetime"", ""changepoint"", ""source_group"", ""source_file""], ""group_column"": ""source_file"", ""split"": {""test"": 0.2, ""train"": 0.6, ""validation"": 0.2}, ""target_column"": ""anomaly"", ""valve_folders"": [""valve1"", ""valve2""]}, ""name"": ""SKAB""}, ""extra"": {""alphabet_size"": 5, ""window_size"": 3}, ""noise"": {""enabled"": true, ""gaussian_mean"": 0.0, ""gaussian_std"": 0.05}, ""preprocessing"": {""missing_data"": {""enabled"": true, ""strategy"": ""mean""}, ""pca"": {""enabled"": true, ""n_components"": 1}, ""scaler"": ""standard"", ""sequence_length"": 16, ""sequence_stride"": 1}, ""project"": {""device"": ""cuda"", ""random_seeds"": [42]}, ""run"": {""family"": ""AUTOMATA"", ""scenario"": ""parameter_analysis"", ""seed"": 42, ""split"": ""fold_3""}, ""training"": {""batch_size"": 32, ""early_stopping"": {""enabled"": true, ""patience"": 5}, ""epochs"": 50, ""optimizer"": ""adam""}}",SKAB,"[""valve1"", ""valve2""]",anomaly,"[""datetime"", ""changepoint"", ""source_group"", ""source_file""]",source_file,0.6,0.2,0.2,True,mean,standard,True,1,16,1,True,0.0,0.05,cuda,[42],32,50,True,5,adam,0.1,4,3,4,1,True,levenshtein,True,0.0001,average_log_probability,0.05,AUTOMATA,42,fold_3,parameter_analysis,3,5,,,
SKAB,42,fold_4,3,5,0.5992063492063492,0.33760683760683763,0.1490566037735849,0.20680628272251309,48,104,48,0.04513888888888889,33,"{""automata"": {""anomaly_threshold"": 0.1, ""decision"": {""fallback_quantile"": 0.05, ""score_field"": ""average_log_probability""}, ""paa"": {""window_size"": 4}, ""probability"": {""epsilon"": 0.0001, ""smoothing"": true}, ""sax"": {""alphabet_size"": 3}, ""sliding_window"": {""size"": 4, ""stride"": 1}, ""unseen_pattern"": {""enabled"": true, ""method"": ""levenshtein""}}, ""dataset"": {""config"": {""drop_columns"": [""datetime"", ""changepoint"", ""source_group"", ""source_file""], ""group_column"": ""source_file"", ""split"": {""test"": 0.2, ""train"": 0.6, ""validation"": 0.2}, ""target_column"": ""anomaly"", ""valve_folders"": [""valve1"", ""valve2""]}, ""name"": ""SKAB""}, ""extra"": {""alphabet_size"": 5, ""window_size"": 3}, ""noise"": {""enabled"": true, ""gaussian_mean"": 0.0, ""gaussian_std"": 0.05}, ""preprocessing"": {""missing_data"": {""enabled"": true, ""strategy"": ""mean""}, ""pca"": {""enabled"": true, ""n_components"": 1}, ""scaler"": ""standard"", ""sequence_length"": 16, ""sequence_stride"": 1}, ""project"": {""device"": ""cuda"", ""random_seeds"": [42]}, ""run"": {""family"": ""AUTOMATA"", ""scenario"": ""parameter_analysis"", ""seed"": 42, ""split"": ""fold_4""}, ""training"": {""batch_size"": 32, ""early_stopping"": {""enabled"": true, ""patience"": 5}, ""epochs"": 50, ""optimizer"": ""adam""}}",SKAB,"[""valve1"", ""valve2""]",anomaly,"[""datetime"", ""changepoint"", ""source_group"", ""source_file""]",source_file,0.6,0.2,0.2,True,mean,standard,True,1,16,1,True,0.0,0.05,cuda,[42],32,50,True,5,adam,0.1,4,3,4,1,True,levenshtein,True,0.0001,average_log_probability,0.05,AUTOMATA,42,fold_4,parameter_analysis,3,5,,,
SKAB,42,fold_0,3,6,0.6040133779264214,0.216,0.05182341650671785,0.08359133126934984,76,163,76,0.0282202216066482,17,"{""automata"": {""anomaly_threshold"": 0.1, ""decision"": {""fallback_quantile"": 0.05, ""score_field"": ""average_log_probability""}, ""paa"": {""window_size"": 4}, ""probability"": {""epsilon"": 0.0001, ""smoothing"": true}, ""sax"": {""alphabet_size"": 3}, ""sliding_window"": {""size"": 4, ""stride"": 1}, ""unseen_pattern"": {""enabled"": true, ""method"": ""levenshtein""}}, ""dataset"": {""config"": {""drop_columns"": [""datetime"", ""changepoint"", ""source_group"", ""source_file""], ""group_column"": ""source_file"", ""split"": {""test"": 0.2, ""train"": 0.6, ""validation"": 0.2}, ""target_column"": ""anomaly"", ""valve_folders"": [""valve1"", ""valve2""]}, ""name"": ""SKAB""}, ""extra"": {""alphabet_size"": 6, ""window_size"": 3}, ""noise"": {""enabled"": true, ""gaussian_mean"": 0.0, ""gaussian_std"": 0.05}, ""preprocessing"": {""missing_data"": {""enabled"": true, ""strategy"": ""mean""}, ""pca"": {""enabled"": true, ""n_components"": 1}, ""scaler"": ""standard"", ""sequence_length"": 16, ""sequence_stride"": 1}, ""project"": {""device"": ""cuda"", ""random_seeds"": [42]}, ""run"": {""family"": ""AUTOMATA"", ""scenario"": ""parameter_analysis"", ""seed"": 42, ""split"": ""fold_0""}, ""training"": {""batch_size"": 32, ""early_stopping"": {""enabled"": true, ""patience"": 5}, ""epochs"": 50, ""optimizer"": ""adam""}}",SKAB,"[""valve1"", ""valve2""]",anomaly,"[""datetime"", ""changepoint"", ""source_group"", ""source_file""]",source_file,0.6,0.2,0.2,True,mean,standard,True,1,16,1,True,0.0,0.05,cuda,[42],32,50,True,5,adam,0.1,4,3,4,1,True,levenshtein,True,0.0001,average_log_probability,0.05,AUTOMATA,42,fold_0,parameter_analysis,3,6,,,
SKAB,42,fold_1,3,6,0.6366666666666667,0.2916666666666667,0.02666666666666667,0.04886561954624782,69,159,69,0.03339634530560807,3,"{""automata"": {""anomaly_threshold"": 0.1, ""decision"": {""fallback_quantile"": 0.05, ""score_field"": ""average_log_probability""}, ""paa"": {""window_size"": 4}, ""probability"": {""epsilon"": 0.0001, ""smoothing"": true}, ""sax"": {""alphabet_size"": 3}, ""sliding_window"": {""size"": 4, ""stride"": 1}, ""unseen_pattern"": {""enabled"": true, ""method"": ""levenshtein""}}, ""dataset"": {""config"": {""drop_columns"": [""datetime"", ""changepoint"", ""source_group"", ""source_file""], ""group_column"": ""source_file"", ""split"": {""test"": 0.2, ""train"": 0.6, ""validation"": 0.2}, ""target_column"": ""anomaly"", ""valve_folders"": [""valve1"", ""valve2""]}, ""name"": ""SKAB""}, ""extra"": {""alphabet_size"": 6, ""window_size"": 3}, ""noise"": {""enabled"": true, ""gaussian_mean"": 0.0, ""gaussian_std"": 0.05}, ""preprocessing"": {""missing_data"": {""enabled"": true, ""strategy"": ""mean""}, ""pca"": {""enabled"": true, ""n_components"": 1}, ""scaler"": ""standard"", ""sequence_length"": 16, ""sequence_stride"": 1}, ""project"": {""device"": ""cuda"", ""random_seeds"": [42]}, ""run"": {""family"": ""AUTOMATA"", ""scenario"": ""parameter_analysis"", ""seed"": 42, ""split"": ""fold_1""}, ""training"": {""batch_size"": 32, ""early_stopping"": {""enabled"": true, ""patience"": 5}, ""epochs"": 50, ""optimizer"": ""adam""}}",SKAB,"[""valve1"", ""valve2""]",anomaly,"[""datetime"", ""changepoint"", ""source_group"", ""source_file""]",source_file,0.6,0.2,0.2,True,mean,standard,True,1,16,1,True,0.0,0.05,cuda,[42],32,50,True,5,adam,0.1,4,3,4,1,True,levenshtein,True,0.0001,average_log_probability,0.05,AUTOMATA,42,fold_1,parameter_analysis,3,6,,,
SKAB,42,fold_2,3,6,0.6415722851432378,0.6190476190476191,0.02394106813996317,0.04609929078014184,88,210,88,0.027117768595041322,0,"{""automata"": {""anomaly_threshold"": 0.1, ""decision"": {""fallback_quantile"": 0.05, ""score_field"": ""average_log_probability""}, ""paa"": {""window_size"": 4}, ""probability"": {""epsilon"": 0.0001, ""smoothing"": true}, ""sax"": {""alphabet_size"": 3}, ""sliding_window"": {""size"": 4, ""stride"": 1}, ""unseen_pattern"": {""enabled"": true, ""method"": ""levenshtein""}}, ""dataset"": {""config"": {""drop_columns"": [""datetime"", ""changepoint"", ""source_group"", ""source_file""], ""group_column"": ""source_file"", ""split"": {""test"": 0.2, ""train"": 0.6, ""validation"": 0.2}, ""target_column"": ""anomaly"", ""valve_folders"": [""valve1"", ""valve2""]}, ""name"": ""SKAB""}, ""extra"": {""alphabet_size"": 6, ""window_size"": 3}, ""noise"": {""enabled"": true, ""gaussian_mean"": 0.0, ""gaussian_std"": 0.05}, ""preprocessing"": {""missing_data"": {""enabled"": true, ""strategy"": ""mean""}, ""pca"": {""enabled"": true, ""n_components"": 1}, ""scaler"": ""standard"", ""sequence_length"": 16, ""sequence_stride"": 1}, ""project"": {""device"": ""cuda"", ""random_seeds"": [42]}, ""run"": {""family"": ""AUTOMATA"", ""scenario"": ""parameter_analysis"", ""seed"": 42, ""split"": ""fold_2""}, ""training"": {""batch_size"": 32, ""early_stopping"": {""enabled"": true, ""patience"": 5}, ""epochs"": 50, ""optimizer"": ""adam""}}",SKAB,"[""valve1"", ""valve2""]",anomaly,"[""datetime"", ""changepoint"", ""source_group"", ""source_file""]",source_file,0.6,0.2,0.2,True,mean,standard,True,1,16,1,True,0.0,0.05,cuda,[42],32,50,True,5,adam,0.1,4,3,4,1,True,levenshtein,True,0.0001,average_log_probability,0.05,AUTOMATA,42,fold_2,parameter_analysis,3,6,,,
SKAB,42,fold_3,3,6,0.5888738127544098,0.23529411764705882,0.05156537753222836,0.08459214501510574,62,136,62,0.03537981269510926,25,"{""automata"": {""anomaly_threshold"": 0.1, ""decision"": {""fallback_quantile"": 0.05, ""score_field"": ""average_log_probability""}, ""paa"": {""window_size"": 4}, ""probability"": {""epsilon"": 0.0001, ""smoothing"": true}, ""sax"": {""alphabet_size"": 3}, ""sliding_window"": {""size"": 4, ""stride"": 1}, ""unseen_pattern"": {""enabled"": true, ""method"": ""levenshtein""}}, ""dataset"": {""config"": {""drop_columns"": [""datetime"", ""changepoint"", ""source_group"", ""source_file""], ""group_column"": ""source_file"", ""split"": {""test"": 0.2, ""train"": 0.6, ""validation"": 0.2}, ""target_column"": ""anomaly"", ""valve_folders"": [""valve1"", ""valve2""]}, ""name"": ""SKAB""}, ""extra"": {""alphabet_size"": 6, ""window_size"": 3}, ""noise"": {""enabled"": true, ""gaussian_mean"": 0.0, ""gaussian_std"": 0.05}, ""preprocessing"": {""missing_data"": {""enabled"": true, ""strategy"": ""mean""}, ""pca"": {""enabled"": true, ""n_components"": 1}, ""scaler"": ""standard"", ""sequence_length"": 16, ""sequence_stride"": 1}, ""project"": {""device"": ""cuda"", ""random_seeds"": [42]}, ""run"": {""family"": ""AUTOMATA"", ""scenario"": ""parameter_analysis"", ""seed"": 42, ""split"": ""fold_3""}, ""training"": {""batch_size"": 32, ""early_stopping"": {""enabled"": true, ""patience"": 5}, ""epochs"": 50, ""optimizer"": ""adam""}}",SKAB,"[""valve1"", ""valve2""]",anomaly,"[""datetime"", ""changepoint"", ""source_group"", ""source_file""]",source_file,0.6,0.2,0.2,True,mean,standard,True,1,16,1,True,0.0,0.05,cuda,[42],32,50,True,5,adam,0.1,4,3,4,1,True,levenshtein,True,0.0001,average_log_probability,0.05,AUTOMATA,42,fold_3,parameter_analysis,3,6,,,
SKAB,42,fold_4,3,6,0.5886243386243386,0.3729281767955801,0.25471698113207547,0.30269058295964124,66,148,66,0.03397612488521579,167,"{""automata"": {""anomaly_threshold"": 0.1, ""decision"": {""fallback_quantile"": 0.05, ""score_field"": ""average_log_probability""}, ""paa"": {""window_size"": 4}, ""probability"": {""epsilon"": 0.0001, ""smoothing"": true}, ""sax"": {""alphabet_size"": 3}, ""sliding_window"": {""size"": 4, ""stride"": 1}, ""unseen_pattern"": {""enabled"": true, ""method"": ""levenshtein""}}, ""dataset"": {""config"": {""drop_columns"": [""datetime"", ""changepoint"", ""source_group"", ""source_file""], ""group_column"": ""source_file"", ""split"": {""test"": 0.2, ""train"": 0.6, ""validation"": 0.2}, ""target_column"": ""anomaly"", ""valve_folders"": [""valve1"", ""valve2""]}, ""name"": ""SKAB""}, ""extra"": {""alphabet_size"": 6, ""window_size"": 3}, ""noise"": {""enabled"": true, ""gaussian_mean"": 0.0, ""gaussian_std"": 0.05}, ""preprocessing"": {""missing_data"": {""enabled"": true, ""strategy"": ""mean""}, ""pca"": {""enabled"": true, ""n_components"": 1}, ""scaler"": ""standard"", ""sequence_length"": 16, ""sequence_stride"": 1}, ""project"": {""device"": ""cuda"", ""random_seeds"": [42]}, ""run"": {""family"": ""AUTOMATA"", ""scenario"": ""parameter_analysis"", ""seed"": 42, ""split"": ""fold_4""}, ""training"": {""batch_size"": 32, ""early_stopping"": {""enabled"": true, ""patience"": 5}, ""epochs"": 50, ""optimizer"": ""adam""}}",SKAB,"[""valve1"", ""valve2""]",anomaly,"[""datetime"", ""changepoint"", ""source_group"", ""source_file""]",source_file,0.6,0.2,0.2,True,mean,standard,True,1,16,1,True,0.0,0.05,cuda,[42],32,50,True,5,adam,0.1,4,3,4,1,True,levenshtein,True,0.0001,average_log_probability,0.05,AUTOMATA,42,fold_4,parameter_analysis,3,6,,,
SKAB,42,fold_0,4,3,0.6205357142857143,0.2631578947368421,0.03768844221105527,0.06593406593406594,36,70,36,0.05401234567901234,1,"{""automata"": {""anomaly_threshold"": 0.1, ""decision"": {""fallback_quantile"": 0.05, ""score_field"": ""average_log_probability""}, ""paa"": {""window_size"": 4}, ""probability"": {""epsilon"": 0.0001, ""smoothing"": true}, ""sax"": {""alphabet_size"": 3}, ""sliding_window"": {""size"": 4, ""stride"": 1}, ""unseen_pattern"": {""enabled"": true, ""method"": ""levenshtein""}}, ""dataset"": {""config"": {""drop_columns"": [""datetime"", ""changepoint"", ""source_group"", ""source_file""], ""group_column"": ""source_file"", ""split"": {""test"": 0.2, ""train"": 0.6, ""validation"": 0.2}, ""target_column"": ""anomaly"", ""valve_folders"": [""valve1"", ""valve2""]}, ""name"": ""SKAB""}, ""extra"": {""alphabet_size"": 3, ""window_size"": 4}, ""noise"": {""enabled"": true, ""gaussian_mean"": 0.0, ""gaussian_std"": 0.05}, ""preprocessing"": {""missing_data"": {""enabled"": true, ""strategy"": ""mean""}, ""pca"": {""enabled"": true, ""n_components"": 1}, ""scaler"": ""standard"", ""sequence_length"": 16, ""sequence_stride"": 1}, ""project"": {""device"": ""cuda"", ""random_seeds"": [42]}, ""run"": {""family"": ""AUTOMATA"", ""scenario"": ""parameter_analysis"", ""seed"": 42, ""split"": ""fold_0""}, ""training"": {""batch_size"": 32, ""early_stopping"": {""enabled"": true, ""patience"": 5}, ""epochs"": 50, ""optimizer"": ""adam""}}",SKAB,"[""valve1"", ""valve2""]",anomaly,"[""datetime"", ""changepoint"", ""source_group"", ""source_file""]",source_file,0.6,0.2,0.2,True,mean,standard,True,1,16,1,True,0.0,0.05,cuda,[42],32,50,True,5,adam,0.1,4,3,4,1,True,levenshtein,True,0.0001,average_log_probability,0.05,AUTOMATA,42,fold_0,parameter_analysis,4,3,,,
SKAB,42,fold_1,4,3,0.6290035587188612,0.2702702702702703,0.025,0.04576659038901602,38,75,38,0.05193905817174515,2,"{""automata"": {""anomaly_threshold"": 0.1, ""decision"": {""fallback_quantile"": 0.05, ""score_field"": ""average_log_probability""}, ""paa"": {""window_size"": 4}, ""probability"": {""epsilon"": 0.0001, ""smoothing"": true}, ""sax"": {""alphabet_size"": 3}, ""sliding_window"": {""size"": 4, ""stride"": 1}, ""unseen_pattern"": {""enabled"": true, ""method"": ""levenshtein""}}, ""dataset"": {""config"": {""drop_columns"": [""datetime"", ""changepoint"", ""source_group"", ""source_file""], ""group_column"": ""source_file"", ""split"": {""test"": 0.2, ""train"": 0.6, ""validation"": 0.2}, ""target_column"": ""anomaly"", ""valve_folders"": [""valve1"", ""valve2""]}, ""name"": ""SKAB""}, ""extra"": {""alphabet_size"": 3, ""window_size"": 4}, ""noise"": {""enabled"": true, ""gaussian_mean"": 0.0, ""gaussian_std"": 0.05}, ""preprocessing"": {""missing_data"": {""enabled"": true, ""strategy"": ""mean""}, ""pca"": {""enabled"": true, ""n_components"": 1}, ""scaler"": ""standard"", ""sequence_length"": 16, ""sequence_stride"": 1}, ""project"": {""device"": ""cuda"", ""random_seeds"": [42]}, ""run"": {""family"": ""AUTOMATA"", ""scenario"": ""parameter_analysis"", ""seed"": 42, ""split"": ""fold_1""}, ""training"": {""batch_size"": 32, ""early_stopping"": {""enabled"": true, ""patience"": 5}, ""epochs"": 50, ""optimizer"": ""adam""}}",SKAB,"[""valve1"", ""valve2""]",anomaly,"[""datetime"", ""changepoint"", ""source_group"", ""source_file""]",source_file,0.6,0.2,0.2,True,mean,standard,True,1,16,1,True,0.0,0.05,cuda,[42],32,50,True,5,adam,0.1,4,3,4,1,True,levenshtein,True,0.0001,average_log_probability,0.05,AUTOMATA,42,fold_1,parameter_analysis,4,3,,,
SKAB,42,fold_2,4,3,0.6245551601423488,0.35714285714285715,0.024154589371980676,0.04524886877828054,38,71,38,0.04916897506925208,0,"{""automata"": {""anomaly_threshold"": 0.1, ""decision"": {""fallback_quantile"": 0.05, ""score_field"": ""average_log_probability""}, ""paa"": {""window_size"": 4}, ""probability"": {""epsilon"": 0.0001, ""smoothing"": true}, ""sax"": {""alphabet_size"": 3}, ""sliding_window"": {""size"": 4, ""stride"": 1}, ""unseen_pattern"": {""enabled"": true, ""method"": ""levenshtein""}}, ""dataset"": {""config"": {""drop_columns"": [""datetime"", ""changepoint"", ""source_group"", ""source_file""], ""group_column"": ""source_file"", ""split"": {""test"": 0.2, ""train"": 0.6, ""validation"": 0.2}, ""target_column"": ""anomaly"", ""valve_folders"": [""valve1"", ""valve2""]}, ""name"": ""SKAB""}, ""extra"": {""alphabet_size"": 3, ""window_size"": 4}, ""noise"": {""enabled"": true, ""gaussian_mean"": 0.0, ""gaussian_std"": 0.05}, ""preprocessing"": {""missing_data"": {""enabled"": true, ""strategy"": ""mean""}, ""pca"": {""enabled"": true, ""n_components"": 1}, ""scaler"": ""standard"", ""sequence_length"": 16, ""sequence_stride"": 1}, ""project"": {""device"": ""cuda"", ""random_seeds"": [42]}, ""run"": {""family"": ""AUTOMATA"", ""scenario"": ""parameter_analysis"", ""seed"": 42, ""split"": ""fold_2""}, ""training"": {""batch_size"": 32, ""early_stopping"": {""enabled"": true, ""patience"": 5}, ""epochs"": 50, ""optimizer"": ""adam""}}",SKAB,"[""valve1"", ""valve2""]",anomaly,"[""datetime"", ""changepoint"", ""source_group"", ""source_file""]",source_file,0.6,0.2,0.2,True,mean,standard,True,1,16,1,True,0.0,0.05,cuda,[42],32,50,True,5,adam,0.1,4,3,4,1,True,levenshtein,True,0.0001,average_log_probability,0.05,AUTOMATA,42,fold_2,parameter_analysis,4,3,,,
SKAB,42,fold_3,4,3,0.6005434782608695,0.2903225806451613,0.043373493975903614,0.07547169811320754,41,77,41,0.04580606781677573,2,"{""automata"": {""anomaly_threshold"": 0.1, ""decision"": {""fallback_quantile"": 0.05, ""score_field"": ""average_log_probability""}, ""paa"": {""window_size"": 4}, ""probability"": {""epsilon"": 0.0001, ""smoothing"": true}, ""sax"": {""alphabet_size"": 3}, ""sliding_window"": {""size"": 4, ""stride"": 1}, ""unseen_pattern"": {""enabled"": true, ""method"": ""levenshtein""}}, ""dataset"": {""config"": {""drop_columns"": [""datetime"", ""changepoint"", ""source_group"", ""source_file""], ""group_column"": ""source_file"", ""split"": {""test"": 0.2, ""train"": 0.6, ""validation"": 0.2}, ""target_column"": ""anomaly"", ""valve_folders"": [""valve1"", ""valve2""]}, ""name"": ""SKAB""}, ""extra"": {""alphabet_size"": 3, ""window_size"": 4}, ""noise"": {""enabled"": true, ""gaussian_mean"": 0.0, ""gaussian_std"": 0.05}, ""preprocessing"": {""missing_data"": {""enabled"": true, ""strategy"": ""mean""}, ""pca"": {""enabled"": true, ""n_components"": 1}, ""scaler"": ""standard"", ""sequence_length"": 16, ""sequence_stride"": 1}, ""project"": {""device"": ""cuda"", ""random_seeds"": [42]}, ""run"": {""family"": ""AUTOMATA"", ""scenario"": ""parameter_analysis"", ""seed"": 42, ""split"": ""fold_3""}, ""training"": {""batch_size"": 32, ""early_stopping"": {""enabled"": true, ""patience"": 5}, ""epochs"": 50, ""optimizer"": ""adam""}}",SKAB,"[""valve1"", ""valve2""]",anomaly,"[""datetime"", ""changepoint"", ""source_group"", ""source_file""]",source_file,0.6,0.2,0.2,True,mean,standard,True,1,16,1,True,0.0,0.05,cuda,[42],32,50,True,5,adam,0.1,4,3,4,1,True,levenshtein,True,0.0001,average_log_probability,0.05,AUTOMATA,42,fold_3,parameter_analysis,4,3,,,
SKAB,42,fold_4,4,3,0.5957634598411298,0.359375,0.1707920792079208,0.23154362416107382,32,55,32,0.0537109375,89,"{""automata"": {""anomaly_threshold"": 0.1, ""decision"": {""fallback_quantile"": 0.05, ""score_field"": ""average_log_probability""}, ""paa"": {""window_size"": 4}, ""probability"": {""epsilon"": 0.0001, ""smoothing"": true}, ""sax"": {""alphabet_size"": 3}, ""sliding_window"": {""size"": 4, ""stride"": 1}, ""unseen_pattern"": {""enabled"": true, ""method"": ""levenshtein""}}, ""dataset"": {""config"": {""drop_columns"": [""datetime"", ""changepoint"", ""source_group"", ""source_file""], ""group_column"": ""source_file"", ""split"": {""test"": 0.2, ""train"": 0.6, ""validation"": 0.2}, ""target_column"": ""anomaly"", ""valve_folders"": [""valve1"", ""valve2""]}, ""name"": ""SKAB""}, ""extra"": {""alphabet_size"": 3, ""window_size"": 4}, ""noise"": {""enabled"": true, ""gaussian_mean"": 0.0, ""gaussian_std"": 0.05}, ""preprocessing"": {""missing_data"": {""enabled"": true, ""strategy"": ""mean""}, ""pca"": {""enabled"": true, ""n_components"": 1}, ""scaler"": ""standard"", ""sequence_length"": 16, ""sequence_stride"": 1}, ""project"": {""device"": ""cuda"", ""random_seeds"": [42]}, ""run"": {""family"": ""AUTOMATA"", ""scenario"": ""parameter_analysis"", ""seed"": 42, ""split"": ""fold_4""}, ""training"": {""batch_size"": 32, ""early_stopping"": {""enabled"": true, ""patience"": 5}, ""epochs"": 50, ""optimizer"": ""adam""}}",SKAB,"[""valve1"", ""valve2""]",anomaly,"[""datetime"", ""changepoint"", ""source_group"", ""source_file""]",source_file,0.6,0.2,0.2,True,mean,standard,True,1,16,1,True,0.0,0.05,cuda,[42],32,50,True,5,adam,0.1,4,3,4,1,True,levenshtein,True,0.0001,average_log_probability,0.05,AUTOMATA,42,fold_4,parameter_analysis,4,3,,,
SKAB,42,fold_0,4,4,0.6178571428571429,0.25,0.03768844221105527,0.06550218340611354,61,120,61,0.03224939532383768,11,"{""automata"": {""anomaly_threshold"": 0.1, ""decision"": {""fallback_quantile"": 0.05, ""score_field"": ""average_log_probability""}, ""paa"": {""window_size"": 4}, ""probability"": {""epsilon"": 0.0001, ""smoothing"": true}, ""sax"": {""alphabet_size"": 3}, ""sliding_window"": {""size"": 4, ""stride"": 1}, ""unseen_pattern"": {""enabled"": true, ""method"": ""levenshtein""}}, ""dataset"": {""config"": {""drop_columns"": [""datetime"", ""changepoint"", ""source_group"", ""source_file""], ""group_column"": ""source_file"", ""split"": {""test"": 0.2, ""train"": 0.6, ""validation"": 0.2}, ""target_column"": ""anomaly"", ""valve_folders"": [""valve1"", ""valve2""]}, ""name"": ""SKAB""}, ""extra"": {""alphabet_size"": 4, ""window_size"": 4}, ""noise"": {""enabled"": true, ""gaussian_mean"": 0.0, ""gaussian_std"": 0.05}, ""preprocessing"": {""missing_data"": {""enabled"": true, ""strategy"": ""mean""}, ""pca"": {""enabled"": true, ""n_components"": 1}, ""scaler"": ""standard"", ""sequence_length"": 16, ""sequence_stride"": 1}, ""project"": {""device"": ""cuda"", ""random_seeds"": [42]}, ""run"": {""family"": ""AUTOMATA"", ""scenario"": ""parameter_analysis"", ""seed"": 42, ""split"": ""fold_0""}, ""training"": {""batch_size"": 32, ""early_stopping"": {""enabled"": true, ""patience"": 5}, ""epochs"": 50, ""optimizer"": ""adam""}}",SKAB,"[""valve1"", ""valve2""]",anomaly,"[""datetime"", ""changepoint"", ""source_group"", ""source_file""]",source_file,0.6,0.2,0.2,True,mean,standard,True,1,16,1,True,0.0,0.05,cuda,[42],32,50,True,5,adam,0.1,4,3,4,1,True,levenshtein,True,0.0001,average_log_probability,0.05,AUTOMATA,42,fold_0,parameter_analysis,4,4,,,
SKAB,42,fold_1,4,4,0.6263345195729537,0.3,0.0375,0.06666666666666667,63,123,63,0.030990173847316706,0,"{""automata"": {""anomaly_threshold"": 0.1, ""decision"": {""fallback_quantile"": 0.05, ""score_field"": ""average_log_probability""}, ""paa"": {""window_size"": 4}, ""probability"": {""epsilon"": 0.0001, ""smoothing"": true}, ""sax"": {""alphabet_size"": 3}, ""sliding_window"": {""size"": 4, ""stride"": 1}, ""unseen_pattern"": {""enabled"": true, ""method"": ""levenshtein""}}, ""dataset"": {""config"": {""drop_columns"": [""datetime"", ""changepoint"", ""source_group"", ""source_file""], ""group_column"": ""source_file"", ""split"": {""test"": 0.2, ""train"": 0.6, ""validation"": 0.2}, ""target_column"": ""anomaly"", ""valve_folders"": [""valve1"", ""valve2""]}, ""name"": ""SKAB""}, ""extra"": {""alphabet_size"": 4, ""window_size"": 4}, ""noise"": {""enabled"": true, ""gaussian_mean"": 0.0, ""gaussian_std"": 0.05}, ""preprocessing"": {""missing_data"": {""enabled"": true, ""strategy"": ""mean""}, ""pca"": {""enabled"": true, ""n_components"": 1}, ""scaler"": ""standard"", ""sequence_length"": 16, ""sequence_stride"": 1}, ""project"": {""device"": ""cuda"", ""random_seeds"": [42]}, ""run"": {""family"": ""AUTOMATA"", ""scenario"": ""parameter_analysis"", ""seed"": 42, ""split"": ""fold_1""}, ""training"": {""batch_size"": 32, ""early_stopping"": {""enabled"": true, ""patience"": 5}, ""epochs"": 50, ""optimizer"": ""adam""}}",SKAB,"[""valve1"", ""valve2""]",anomaly,"[""datetime"", ""changepoint"", ""source_group"", ""source_file""]",source_file,0.6,0.2,0.2,True,mean,standard,True,1,16,1,True,0.0,0.05,cuda,[42],32,50,True,5,adam,0.1,4,3,4,1,True,levenshtein,True,0.0001,average_log_probability,0.05,AUTOMATA,42,fold_1,parameter_analysis,4,4,,,
SKAB,42,fold_2,4,4,0.6227758007117438,0.2727272727272727,0.014492753623188406,0.027522935779816515,68,130,68,0.028114186851211073,2,"{""automata"": {""anomaly_threshold"": 0.1, ""decision"": {""fallback_quantile"": 0.05, ""score_field"": ""average_log_probability""}, ""paa"": {""window_size"": 4}, ""probability"": {""epsilon"": 0.0001, ""smoothing"": true}, ""sax"": {""alphabet_size"": 3}, ""sliding_window"": {""size"": 4, ""stride"": 1}, ""unseen_pattern"": {""enabled"": true, ""method"": ""levenshtein""}}, ""dataset"": {""config"": {""drop_columns"": [""datetime"", ""changepoint"", ""source_group"", ""source_file""], ""group_column"": ""source_file"", ""split"": {""test"": 0.2, ""train"": 0.6, ""validation"": 0.2}, ""target_column"": ""anomaly"", ""valve_folders"": [""valve1"", ""valve2""]}, ""name"": ""SKAB""}, ""extra"": {""alphabet_size"": 4, ""window_size"": 4}, ""noise"": {""enabled"": true, ""gaussian_mean"": 0.0, ""gaussian_std"": 0.05}, ""preprocessing"": {""missing_data"": {""enabled"": true, ""strategy"": ""mean""}, ""pca"": {""enabled"": true, ""n_components"": 1}, ""scaler"": ""standard"", ""sequence_length"": 16, ""sequence_stride"": 1}, ""project"": {""device"": ""cuda"", ""random_seeds"": [42]}, ""run"": {""family"": ""AUTOMATA"", ""scenario"": ""parameter_analysis"", ""seed"": 42, ""split"": ""fold_2""}, ""training"": {""batch_size"": 32, ""early_stopping"": {""enabled"": true, ""patience"": 5}, ""epochs"": 50, ""optimizer"": ""adam""}}",SKAB,"[""valve1"", ""valve2""]",anomaly,"[""datetime"", ""changepoint"", ""source_group"", ""source_file""]",source_file,0.6,0.2,0.2,True,mean,standard,True,1,16,1,True,0.0,0.05,cuda,[42],32,50,True,5,adam,0.1,4,3,4,1,True,levenshtein,True,0.0001,average_log_probability,0.05,AUTOMATA,42,fold_2,parameter_analysis,4,4,,,
SKAB,42,fold_3,4,4,0.5860507246376812,0.2375,0.04578313253012048,0.07676767676767676,67,125,67,0.02784584539986634,9,"{""automata"": {""anomaly_threshold"": 0.1, ""decision"": {""fallback_quantile"": 0.05, ""score_field"": ""average_log_probability""}, ""paa"": {""window_size"": 4}, ""probability"": {""epsilon"": 0.0001, ""smoothing"": true}, ""sax"": {""alphabet_size"": 3}, ""sliding_window"": {""size"": 4, ""stride"": 1}, ""unseen_pattern"": {""enabled"": true, ""method"": ""levenshtein""}}, ""dataset"": {""config"": {""drop_columns"": [""datetime"", ""changepoint"", ""source_group"", ""source_file""], ""group_column"": ""source_file"", ""split"": {""test"": 0.2, ""train"": 0.6, ""validation"": 0.2}, ""target_column"": ""anomaly"", ""valve_folders"": [""valve1"", ""valve2""]}, ""name"": ""SKAB""}, ""extra"": {""alphabet_size"": 4, ""window_size"": 4}, ""noise"": {""enabled"": true, ""gaussian_mean"": 0.0, ""gaussian_std"": 0.05}, ""preprocessing"": {""missing_data"": {""enabled"": true, ""strategy"": ""mean""}, ""pca"": {""enabled"": true, ""n_components"": 1}, ""scaler"": ""standard"", ""sequence_length"": 16, ""sequence_stride"": 1}, ""project"": {""device"": ""cuda"", ""random_seeds"": [42]}, ""run"": {""family"": ""AUTOMATA"", ""scenario"": ""parameter_analysis"", ""seed"": 42, ""split"": ""fold_3""}, ""training"": {""batch_size"": 32, ""early_stopping"": {""enabled"": true, ""patience"": 5}, ""epochs"": 50, ""optimizer"": ""adam""}}",SKAB,"[""valve1"", ""valve2""]",anomaly,"[""datetime"", ""changepoint"", ""source_group"", ""source_file""]",source_file,0.6,0.2,0.2,True,mean,standard,True,1,16,1,True,0.0,0.05,cuda,[42],32,50,True,5,adam,0.1,4,3,4,1,True,levenshtein,True,0.0001,average_log_probability,0.05,AUTOMATA,42,fold_3,parameter_analysis,4,4,,,
SKAB,42,fold_4,4,4,0.5498676081200353,0.3612565445026178,0.3415841584158416,0.3511450381679389,46,86,46,0.04064272211720227,335,"{""automata"": {""anomaly_threshold"": 0.1, ""decision"": {""fallback_quantile"": 0.05, ""score_field"": ""average_log_probability""}, ""paa"": {""window_size"": 4}, ""probability"": {""epsilon"": 0.0001, ""smoothing"": true}, ""sax"": {""alphabet_size"": 3}, ""sliding_window"": {""size"": 4, ""stride"": 1}, ""unseen_pattern"": {""enabled"": true, ""method"": ""levenshtein""}}, ""dataset"": {""config"": {""drop_columns"": [""datetime"", ""changepoint"", ""source_group"", ""source_file""], ""group_column"": ""source_file"", ""split"": {""test"": 0.2, ""train"": 0.6, ""validation"": 0.2}, ""target_column"": ""anomaly"", ""valve_folders"": [""valve1"", ""valve2""]}, ""name"": ""SKAB""}, ""extra"": {""alphabet_size"": 4, ""window_size"": 4}, ""noise"": {""enabled"": true, ""gaussian_mean"": 0.0, ""gaussian_std"": 0.05}, ""preprocessing"": {""missing_data"": {""enabled"": true, ""strategy"": ""mean""}, ""pca"": {""enabled"": true, ""n_components"": 1}, ""scaler"": ""standard"", ""sequence_length"": 16, ""sequence_stride"": 1}, ""project"": {""device"": ""cuda"", ""random_seeds"": [42]}, ""run"": {""family"": ""AUTOMATA"", ""scenario"": ""parameter_analysis"", ""seed"": 42, ""split"": ""fold_4""}, ""training"": {""batch_size"": 32, ""early_stopping"": {""enabled"": true, ""patience"": 5}, ""epochs"": 50, ""optimizer"": ""adam""}}",SKAB,"[""valve1"", ""valve2""]",anomaly,"[""datetime"", ""changepoint"", ""source_group"", ""source_file""]",source_file,0.6,0.2,0.2,True,mean,standard,True,1,16,1,True,0.0,0.05,cuda,[42],32,50,True,5,adam,0.1,4,3,4,1,True,levenshtein,True,0.0001,average_log_probability,0.05,AUTOMATA,42,fold_4,parameter_analysis,4,4,,,
SKAB,42,fold_0,4,5,0.6142857142857143,0.2976190476190476,0.06281407035175879,0.1037344398340249,95,180,95,0.019944598337950138,19,"{""automata"": {""anomaly_threshold"": 0.1, ""decision"": {""fallback_quantile"": 0.05, ""score_field"": ""average_log_probability""}, ""paa"": {""window_size"": 4}, ""probability"": {""epsilon"": 0.0001, ""smoothing"": true}, ""sax"": {""alphabet_size"": 3}, ""sliding_window"": {""size"": 4, ""stride"": 1}, ""unseen_pattern"": {""enabled"": true, ""method"": ""levenshtein""}}, ""dataset"": {""config"": {""drop_columns"": [""datetime"", ""changepoint"", ""source_group"", ""source_file""], ""group_column"": ""source_file"", ""split"": {""test"": 0.2, ""train"": 0.6, ""validation"": 0.2}, ""target_column"": ""anomaly"", ""valve_folders"": [""valve1"", ""valve2""]}, ""name"": ""SKAB""}, ""extra"": {""alphabet_size"": 5, ""window_size"": 4}, ""noise"": {""enabled"": true, ""gaussian_mean"": 0.0, ""gaussian_std"": 0.05}, ""preprocessing"": {""missing_data"": {""enabled"": true, ""strategy"": ""mean""}, ""pca"": {""enabled"": true, ""n_components"": 1}, ""scaler"": ""standard"", ""sequence_length"": 16, ""sequence_stride"": 1}, ""project"": {""device"": ""cuda"", ""random_seeds"": [42]}, ""run"": {""family"": ""AUTOMATA"", ""scenario"": ""parameter_analysis"", ""seed"": 42, ""split"": ""fold_0""}, ""training"": {""batch_size"": 32, ""early_stopping"": {""enabled"": true, ""patience"": 5}, ""epochs"": 50, ""optimizer"": ""adam""}}",SKAB,"[""valve1"", ""valve2""]",anomaly,"[""datetime"", ""changepoint"", ""source_group"", ""source_file""]",source_file,0.6,0.2,0.2,True,mean,standard,True,1,16,1,True,0.0,0.05,cuda,[42],32,50,True,5,adam,0.1,4,3,4,1,True,levenshtein,True,0.0001,average_log_probability,0.05,AUTOMATA,42,fold_0,parameter_analysis,4,5,,,
SKAB,42,fold_1,4,5,0.6370106761565836,0.4230769230769231,0.055,0.09734513274336283,101,190,101,0.018625624938731496,2,"{""automata"": {""anomaly_threshold"": 0.1, ""decision"": {""fallback_quantile"": 0.05, ""score_field"": ""average_log_probability""}, ""paa"": {""window_size"": 4}, ""probability"": {""epsilon"": 0.0001, ""smoothing"": true}, ""sax"": {""alphabet_size"": 3}, ""sliding_window"": {""size"": 4, ""stride"": 1}, ""unseen_pattern"": {""enabled"": true, ""method"": ""levenshtein""}}, ""dataset"": {""config"": {""drop_columns"": [""datetime"", ""changepoint"", ""source_group"", ""source_file""], ""group_column"": ""source_file"", ""split"": {""test"": 0.2, ""train"": 0.6, ""validation"": 0.2}, ""target_column"": ""anomaly"", ""valve_folders"": [""valve1"", ""valve2""]}, ""name"": ""SKAB""}, ""extra"": {""alphabet_size"": 5, ""window_size"": 4}, ""noise"": {""enabled"": true, ""gaussian_mean"": 0.0, ""gaussian_std"": 0.05}, ""preprocessing"": {""missing_data"": {""enabled"": true, ""strategy"": ""mean""}, ""pca"": {""enabled"": true, ""n_components"": 1}, ""scaler"": ""standard"", ""sequence_length"": 16, ""sequence_stride"": 1}, ""project"": {""device"": ""cuda"", ""random_seeds"": [42]}, ""run"": {""family"": ""AUTOMATA"", ""scenario"": ""parameter_analysis"", ""seed"": 42, ""split"": ""fold_1""}, ""training"": {""batch_size"": 32, ""early_stopping"": {""enabled"": true, ""patience"": 5}, ""epochs"": 50, ""optimizer"": ""adam""}}",SKAB,"[""valve1"", ""valve2""]",anomaly,"[""datetime"", ""changepoint"", ""source_group"", ""source_file""]",source_file,0.6,0.2,0.2,True,mean,standard,True,1,16,1,True,0.0,0.05,cuda,[42],32,50,True,5,adam,0.1,4,3,4,1,True,levenshtein,True,0.0001,average_log_probability,0.05,AUTOMATA,42,fold_1,parameter_analysis,4,5,,,
SKAB,42,fold_2,4,5,0.6272241992882562,0.3684210526315789,0.016908212560386472,0.03233256351039261,114,220,114,0.01692828562634657,1,"{""automata"": {""anomaly_threshold"": 0.1, ""decision"": {""fallback_quantile"": 0.05, ""score_field"": ""average_log_probability""}, ""paa"": {""window_size"": 4}, ""probability"": {""epsilon"": 0.0001, ""smoothing"": true}, ""sax"": {""alphabet_size"": 3}, ""sliding_window"": {""size"": 4, ""stride"": 1}, ""unseen_pattern"": {""enabled"": true, ""method"": ""levenshtein""}}, ""dataset"": {""config"": {""drop_columns"": [""datetime"", ""changepoint"", ""source_group"", ""source_file""], ""group_column"": ""source_file"", ""split"": {""test"": 0.2, ""train"": 0.6, ""validation"": 0.2}, ""target_column"": ""anomaly"", ""valve_folders"": [""valve1"", ""valve2""]}, ""name"": ""SKAB""}, ""extra"": {""alphabet_size"": 5, ""window_size"": 4}, ""noise"": {""enabled"": true, ""gaussian_mean"": 0.0, ""gaussian_std"": 0.05}, ""preprocessing"": {""missing_data"": {""enabled"": true, ""strategy"": ""mean""}, ""pca"": {""enabled"": true, ""n_components"": 1}, ""scaler"": ""standard"", ""sequence_length"": 16, ""sequence_stride"": 1}, ""project"": {""device"": ""cuda"", ""random_seeds"": [42]}, ""run"": {""family"": ""AUTOMATA"", ""scenario"": ""parameter_analysis"", ""seed"": 42, ""split"": ""fold_2""}, ""training"": {""batch_size"": 32, ""early_stopping"": {""enabled"": true, ""patience"": 5}, ""epochs"": 50, ""optimizer"": ""adam""}}",SKAB,"[""valve1"", ""valve2""]",anomaly,"[""datetime"", ""changepoint"", ""source_group"", ""source_file""]",source_file,0.6,0.2,0.2,True,mean,standard,True,1,16,1,True,0.0,0.05,cuda,[42],32,50,True,5,adam,0.1,4,3,4,1,True,levenshtein,True,0.0001,average_log_probability,0.05,AUTOMATA,42,fold_2,parameter_analysis,4,5,,,
SKAB,42,fold_3,4,5,0.5661231884057971,0.21929824561403508,0.060240963855421686,0.0945179584120983,86,159,86,0.02149810708491076,28,"{""automata"": {""anomaly_threshold"": 0.1, ""decision"": {""fallback_quantile"": 0.05, ""score_field"": ""average_log_probability""}, ""paa"": {""window_size"": 4}, ""probability"": {""epsilon"": 0.0001, ""smoothing"": true}, ""sax"": {""alphabet_size"": 3}, ""sliding_window"": {""size"": 4, ""stride"": 1}, ""unseen_pattern"": {""enabled"": true, ""method"": ""levenshtein""}}, ""dataset"": {""config"": {""drop_columns"": [""datetime"", ""changepoint"", ""source_group"", ""source_file""], ""group_column"": ""source_file"", ""split"": {""test"": 0.2, ""train"": 0.6, ""validation"": 0.2}, ""target_column"": ""anomaly"", ""valve_folders"": [""valve1"", ""valve2""]}, ""name"": ""SKAB""}, ""extra"": {""alphabet_size"": 5, ""window_size"": 4}, ""noise"": {""enabled"": true, ""gaussian_mean"": 0.0, ""gaussian_std"": 0.05}, ""preprocessing"": {""missing_data"": {""enabled"": true, ""strategy"": ""mean""}, ""pca"": {""enabled"": true, ""n_components"": 1}, ""scaler"": ""standard"", ""sequence_length"": 16, ""sequence_stride"": 1}, ""project"": {""device"": ""cuda"", ""random_seeds"": [42]}, ""run"": {""family"": ""AUTOMATA"", ""scenario"": ""parameter_analysis"", ""seed"": 42, ""split"": ""fold_3""}, ""training"": {""batch_size"": 32, ""early_stopping"": {""enabled"": true, ""patience"": 5}, ""epochs"": 50, ""optimizer"": ""adam""}}",SKAB,"[""valve1"", ""valve2""]",anomaly,"[""datetime"", ""changepoint"", ""source_group"", ""source_file""]",source_file,0.6,0.2,0.2,True,mean,standard,True,1,16,1,True,0.0,0.05,cuda,[42],32,50,True,5,adam,0.1,4,3,4,1,True,levenshtein,True,0.0001,average_log_probability,0.05,AUTOMATA,42,fold_3,parameter_analysis,4,5,,,
SKAB,42,fold_4,4,5,0.5366284201235657,0.3395225464190981,0.31683168316831684,0.32778489116517284,94,167,94,0.01889995473064735,288,"{""automata"": {""anomaly_threshold"": 0.1, ""decision"": {""fallback_quantile"": 0.05, ""score_field"": ""average_log_probability""}, ""paa"": {""window_size"": 4}, ""probability"": {""epsilon"": 0.0001, ""smoothing"": true}, ""sax"": {""alphabet_size"": 3}, ""sliding_window"": {""size"": 4, ""stride"": 1}, ""unseen_pattern"": {""enabled"": true, ""method"": ""levenshtein""}}, ""dataset"": {""config"": {""drop_columns"": [""datetime"", ""changepoint"", ""source_group"", ""source_file""], ""group_column"": ""source_file"", ""split"": {""test"": 0.2, ""train"": 0.6, ""validation"": 0.2}, ""target_column"": ""anomaly"", ""valve_folders"": [""valve1"", ""valve2""]}, ""name"": ""SKAB""}, ""extra"": {""alphabet_size"": 5, ""window_size"": 4}, ""noise"": {""enabled"": true, ""gaussian_mean"": 0.0, ""gaussian_std"": 0.05}, ""preprocessing"": {""missing_data"": {""enabled"": true, ""strategy"": ""mean""}, ""pca"": {""enabled"": true, ""n_components"": 1}, ""scaler"": ""standard"", ""sequence_length"": 16, ""sequence_stride"": 1}, ""project"": {""device"": ""cuda"", ""random_seeds"": [42]}, ""run"": {""family"": ""AUTOMATA"", ""scenario"": ""parameter_analysis"", ""seed"": 42, ""split"": ""fold_4""}, ""training"": {""batch_size"": 32, ""early_stopping"": {""enabled"": true, ""patience"": 5}, ""epochs"": 50, ""optimizer"": ""adam""}}",SKAB,"[""valve1"", ""valve2""]",anomaly,"[""datetime"", ""changepoint"", ""source_group"", ""source_file""]",source_file,0.6,0.2,0.2,True,mean,standard,True,1,16,1,True,0.0,0.05,cuda,[42],32,50,True,5,adam,0.1,4,3,4,1,True,levenshtein,True,0.0001,average_log_probability,0.05,AUTOMATA,42,fold_4,parameter_analysis,4,5,,,
SKAB,42,fold_0,4,6,0.5910714285714286,0.14285714285714285,0.03015075376884422,0.04979253112033195,137,272,137,0.014491981458788428,27,"{""automata"": {""anomaly_threshold"": 0.1, ""decision"": {""fallback_quantile"": 0.05, ""score_field"": ""average_log_probability""}, ""paa"": {""window_size"": 4}, ""probability"": {""epsilon"": 0.0001, ""smoothing"": true}, ""sax"": {""alphabet_size"": 3}, ""sliding_window"": {""size"": 4, ""stride"": 1}, ""unseen_pattern"": {""enabled"": true, ""method"": ""levenshtein""}}, ""dataset"": {""config"": {""drop_columns"": [""datetime"", ""changepoint"", ""source_group"", ""source_file""], ""group_column"": ""source_file"", ""split"": {""test"": 0.2, ""train"": 0.6, ""validation"": 0.2}, ""target_column"": ""anomaly"", ""valve_folders"": [""valve1"", ""valve2""]}, ""name"": ""SKAB""}, ""extra"": {""alphabet_size"": 6, ""window_size"": 4}, ""noise"": {""enabled"": true, ""gaussian_mean"": 0.0, ""gaussian_std"": 0.05}, ""preprocessing"": {""missing_data"": {""enabled"": true, ""strategy"": ""mean""}, ""pca"": {""enabled"": true, ""n_components"": 1}, ""scaler"": ""standard"", ""sequence_length"": 16, ""sequence_stride"": 1}, ""project"": {""device"": ""cuda"", ""random_seeds"": [42]}, ""run"": {""family"": ""AUTOMATA"", ""scenario"": ""parameter_analysis"", ""seed"": 42, ""split"": ""fold_0""}, ""training"": {""batch_size"": 32, ""early_stopping"": {""enabled"": true, ""patience"": 5}, ""epochs"": 50, ""optimizer"": ""adam""}}",SKAB,"[""valve1"", ""valve2""]",anomaly,"[""datetime"", ""changepoint"", ""source_group"", ""source_file""]",source_file,0.6,0.2,0.2,True,mean,standard,True,1,16,1,True,0.0,0.05,cuda,[42],32,50,True,5,adam,0.1,4,3,4,1,True,levenshtein,True,0.0001,average_log_probability,0.05,AUTOMATA,42,fold_0,parameter_analysis,4,6,,,
SKAB,42,fold_1,4,6,0.6370106761565836,0.35714285714285715,0.025,0.04672897196261682,134,264,134,0.014702606371129428,5,"{""automata"": {""anomaly_threshold"": 0.1, ""decision"": {""fallback_quantile"": 0.05, ""score_field"": ""average_log_probability""}, ""paa"": {""window_size"": 4}, ""probability"": {""epsilon"": 0.0001, ""smoothing"": true}, ""sax"": {""alphabet_size"": 3}, ""sliding_window"": {""size"": 4, ""stride"": 1}, ""unseen_pattern"": {""enabled"": true, ""method"": ""levenshtein""}}, ""dataset"": {""config"": {""drop_columns"": [""datetime"", ""changepoint"", ""source_group"", ""source_file""], ""group_column"": ""source_file"", ""split"": {""test"": 0.2, ""train"": 0.6, ""validation"": 0.2}, ""target_column"": ""anomaly"", ""valve_folders"": [""valve1"", ""valve2""]}, ""name"": ""SKAB""}, ""extra"": {""alphabet_size"": 6, ""window_size"": 4}, ""noise"": {""enabled"": true, ""gaussian_mean"": 0.0, ""gaussian_std"": 0.05}, ""preprocessing"": {""missing_data"": {""enabled"": true, ""strategy"": ""mean""}, ""pca"": {""enabled"": true, ""n_components"": 1}, ""scaler"": ""standard"", ""sequence_length"": 16, ""sequence_stride"": 1}, ""project"": {""device"": ""cuda"", ""random_seeds"": [42]}, ""run"": {""family"": ""AUTOMATA"", ""scenario"": ""parameter_analysis"", ""seed"": 42, ""split"": ""fold_1""}, ""training"": {""batch_size"": 32, ""early_stopping"": {""enabled"": true, ""patience"": 5}, ""epochs"": 50, ""optimizer"": ""adam""}}",SKAB,"[""valve1"", ""valve2""]",anomaly,"[""datetime"", ""changepoint"", ""source_group"", ""source_file""]",source_file,0.6,0.2,0.2,True,mean,standard,True,1,16,1,True,0.0,0.05,cuda,[42],32,50,True,5,adam,0.1,4,3,4,1,True,levenshtein,True,0.0001,average_log_probability,0.05,AUTOMATA,42,fold_1,parameter_analysis,4,6,,,
SKAB,42,fold_2,4,6,0.6192170818505338,0.25,0.016908212560386472,0.03167420814479638,168,327,168,0.011585884353741497,2,"{""automata"": {""anomaly_threshold"": 0.1, ""decision"": {""fallback_quantile"": 0.05, ""score_field"": ""average_log_probability""}, ""paa"": {""window_size"": 4}, ""probability"": {""epsilon"": 0.0001, ""smoothing"": true}, ""sax"": {""alphabet_size"": 3}, ""sliding_window"": {""size"": 4, ""stride"": 1}, ""unseen_pattern"": {""enabled"": true, ""method"": ""levenshtein""}}, ""dataset"": {""config"": {""drop_columns"": [""datetime"", ""changepoint"", ""source_group"", ""source_file""], ""group_column"": ""source_file"", ""split"": {""test"": 0.2, ""train"": 0.6, ""validation"": 0.2}, ""target_column"": ""anomaly"", ""valve_folders"": [""valve1"", ""valve2""]}, ""name"": ""SKAB""}, ""extra"": {""alphabet_size"": 6, ""window_size"": 4}, ""noise"": {""enabled"": true, ""gaussian_mean"": 0.0, ""gaussian_std"": 0.05}, ""preprocessing"": {""missing_data"": {""enabled"": true, ""strategy"": ""mean""}, ""pca"": {""enabled"": true, ""n_components"": 1}, ""scaler"": ""standard"", ""sequence_length"": 16, ""sequence_stride"": 1}, ""project"": {""device"": ""cuda"", ""random_seeds"": [42]}, ""run"": {""family"": ""AUTOMATA"", ""scenario"": ""parameter_analysis"", ""seed"": 42, ""split"": ""fold_2""}, ""training"": {""batch_size"": 32, ""early_stopping"": {""enabled"": true, ""patience"": 5}, ""epochs"": 50, ""optimizer"": ""adam""}}",SKAB,"[""valve1"", ""valve2""]",anomaly,"[""datetime"", ""changepoint"", ""source_group"", ""source_file""]",source_file,0.6,0.2,0.2,True,mean,standard,True,1,16,1,True,0.0,0.05,cuda,[42],32,50,True,5,adam,0.1,4,3,4,1,True,levenshtein,True,0.0001,average_log_probability,0.05,AUTOMATA,42,fold_2,parameter_analysis,4,6,,,
SKAB,42,fold_3,4,6,0.5606884057971014,0.1875,0.05060240963855422,0.07969639468690702,127,250,127,0.015500031000062,44,"{""automata"": {""anomaly_threshold"": 0.1, ""decision"": {""fallback_quantile"": 0.05, ""score_field"": ""average_log_probability""}, ""paa"": {""window_size"": 4}, ""probability"": {""epsilon"": 0.0001, ""smoothing"": true}, ""sax"": {""alphabet_size"": 3}, ""sliding_window"": {""size"": 4, ""stride"": 1}, ""unseen_pattern"": {""enabled"": true, ""method"": ""levenshtein""}}, ""dataset"": {""config"": {""drop_columns"": [""datetime"", ""changepoint"", ""source_group"", ""source_file""], ""group_column"": ""source_file"", ""split"": {""test"": 0.2, ""train"": 0.6, ""validation"": 0.2}, ""target_column"": ""anomaly"", ""valve_folders"": [""valve1"", ""valve2""]}, ""name"": ""SKAB""}, ""extra"": {""alphabet_size"": 6, ""window_size"": 4}, ""noise"": {""enabled"": true, ""gaussian_mean"": 0.0, ""gaussian_std"": 0.05}, ""preprocessing"": {""missing_data"": {""enabled"": true, ""strategy"": ""mean""}, ""pca"": {""enabled"": true, ""n_components"": 1}, ""scaler"": ""standard"", ""sequence_length"": 16, ""sequence_stride"": 1}, ""project"": {""device"": ""cuda"", ""random_seeds"": [42]}, ""run"": {""family"": ""AUTOMATA"", ""scenario"": ""parameter_analysis"", ""seed"": 42, ""split"": ""fold_3""}, ""training"": {""batch_size"": 32, ""early_stopping"": {""enabled"": true, ""patience"": 5}, ""epochs"": 50, ""optimizer"": ""adam""}}",SKAB,"[""valve1"", ""valve2""]",anomaly,"[""datetime"", ""changepoint"", ""source_group"", ""source_file""]",source_file,0.6,0.2,0.2,True,mean,standard,True,1,16,1,True,0.0,0.05,cuda,[42],32,50,True,5,adam,0.1,4,3,4,1,True,levenshtein,True,0.0001,average_log_probability,0.05,AUTOMATA,42,fold_3,parameter_analysis,4,6,,,
SKAB,42,fold_4,4,6,0.5481023830538394,0.3532608695652174,0.3217821782178218,0.33678756476683935,130,245,130,0.014497041420118343,236,"{""automata"": {""anomaly_threshold"": 0.1, ""decision"": {""fallback_quantile"": 0.05, ""score_field"": ""average_log_probability""}, ""paa"": {""window_size"": 4}, ""probability"": {""epsilon"": 0.0001, ""smoothing"": true}, ""sax"": {""alphabet_size"": 3}, ""sliding_window"": {""size"": 4, ""stride"": 1}, ""unseen_pattern"": {""enabled"": true, ""method"": ""levenshtein""}}, ""dataset"": {""config"": {""drop_columns"": [""datetime"", ""changepoint"", ""source_group"", ""source_file""], ""group_column"": ""source_file"", ""split"": {""test"": 0.2, ""train"": 0.6, ""validation"": 0.2}, ""target_column"": ""anomaly"", ""valve_folders"": [""valve1"", ""valve2""]}, ""name"": ""SKAB""}, ""extra"": {""alphabet_size"": 6, ""window_size"": 4}, ""noise"": {""enabled"": true, ""gaussian_mean"": 0.0, ""gaussian_std"": 0.05}, ""preprocessing"": {""missing_data"": {""enabled"": true, ""strategy"": ""mean""}, ""pca"": {""enabled"": true, ""n_components"": 1}, ""scaler"": ""standard"", ""sequence_length"": 16, ""sequence_stride"": 1}, ""project"": {""device"": ""cuda"", ""random_seeds"": [42]}, ""run"": {""family"": ""AUTOMATA"", ""scenario"": ""parameter_analysis"", ""seed"": 42, ""split"": ""fold_4""}, ""training"": {""batch_size"": 32, ""early_stopping"": {""enabled"": true, ""patience"": 5}, ""epochs"": 50, ""optimizer"": ""adam""}}",SKAB,"[""valve1"", ""valve2""]",anomaly,"[""datetime"", ""changepoint"", ""source_group"", ""source_file""]",source_file,0.6,0.2,0.2,True,mean,standard,True,1,16,1,True,0.0,0.05,cuda,[42],32,50,True,5,adam,0.1,4,3,4,1,True,levenshtein,True,0.0001,average_log_probability,0.05,AUTOMATA,42,fold_4,parameter_analysis,4,6,,,
SKAB,42,fold_0,5,3,0.5973154362416108,0.1568627450980392,0.024615384615384615,0.0425531914893617,70,119,70,0.024285714285714285,4,"{""automata"": {""anomaly_threshold"": 0.1, ""decision"": {""fallback_quantile"": 0.05, ""score_field"": ""average_log_probability""}, ""paa"": {""window_size"": 4}, ""probability"": {""epsilon"": 0.0001, ""smoothing"": true}, ""sax"": {""alphabet_size"": 3}, ""sliding_window"": {""size"": 4, ""stride"": 1}, ""unseen_pattern"": {""enabled"": true, ""method"": ""levenshtein""}}, ""dataset"": {""config"": {""drop_columns"": [""datetime"", ""changepoint"", ""source_group"", ""source_file""], ""group_column"": ""source_file"", ""split"": {""test"": 0.2, ""train"": 0.6, ""validation"": 0.2}, ""target_column"": ""anomaly"", ""valve_folders"": [""valve1"", ""valve2""]}, ""name"": ""SKAB""}, ""extra"": {""alphabet_size"": 3, ""window_size"": 5}, ""noise"": {""enabled"": true, ""gaussian_mean"": 0.0, ""gaussian_std"": 0.05}, ""preprocessing"": {""missing_data"": {""enabled"": true, ""strategy"": ""mean""}, ""pca"": {""enabled"": true, ""n_components"": 1}, ""scaler"": ""standard"", ""sequence_length"": 16, ""sequence_stride"": 1}, ""project"": {""device"": ""cuda"", ""random_seeds"": [42]}, ""run"": {""family"": ""AUTOMATA"", ""scenario"": ""parameter_analysis"", ""seed"": 42, ""split"": ""fold_0""}, ""training"": {""batch_size"": 32, ""early_stopping"": {""enabled"": true, ""patience"": 5}, ""epochs"": 50, ""optimizer"": ""adam""}}",SKAB,"[""valve1"", ""valve2""]",anomaly,"[""datetime"", ""changepoint"", ""source_group"", ""source_file""]",source_file,0.6,0.2,0.2,True,mean,standard,True,1,16,1,True,0.0,0.05,cuda,[42],32,50,True,5,adam,0.1,4,3,4,1,True,levenshtein,True,0.0001,average_log_probability,0.05,AUTOMATA,42,fold_0,parameter_analysis,5,3,,,
SKAB,42,fold_1,5,3,0.6169265033407573,0.16,0.012232415902140673,0.022727272727272728,76,136,76,0.023545706371191136,3,"{""automata"": {""anomaly_threshold"": 0.1, ""decision"": {""fallback_quantile"": 0.05, ""score_field"": ""average_log_probability""}, ""paa"": {""window_size"": 4}, ""probability"": {""epsilon"": 0.0001, ""smoothing"": true}, ""sax"": {""alphabet_size"": 3}, ""sliding_window"": {""size"": 4, ""stride"": 1}, ""unseen_pattern"": {""enabled"": true, ""method"": ""levenshtein""}}, ""dataset"": {""config"": {""drop_columns"": [""datetime"", ""changepoint"", ""source_group"", ""source_file""], ""group_column"": ""source_file"", ""split"": {""test"": 0.2, ""train"": 0.6, ""validation"": 0.2}, ""target_column"": ""anomaly"", ""valve_folders"": [""valve1"", ""valve2""]}, ""name"": ""SKAB""}, ""extra"": {""alphabet_size"": 3, ""window_size"": 5}, ""noise"": {""enabled"": true, ""gaussian_mean"": 0.0, ""gaussian_std"": 0.05}, ""preprocessing"": {""missing_data"": {""enabled"": true, ""strategy"": ""mean""}, ""pca"": {""enabled"": true, ""n_components"": 1}, ""scaler"": ""standard"", ""sequence_length"": 16, ""sequence_stride"": 1}, ""project"": {""device"": ""cuda"", ""random_seeds"": [42]}, ""run"": {""family"": ""AUTOMATA"", ""scenario"": ""parameter_analysis"", ""seed"": 42, ""split"": ""fold_1""}, ""training"": {""batch_size"": 32, ""early_stopping"": {""enabled"": true, ""patience"": 5}, ""epochs"": 50, ""optimizer"": ""adam""}}",SKAB,"[""valve1"", ""valve2""]",anomaly,"[""datetime"", ""changepoint"", ""source_group"", ""source_file""]",source_file,0.6,0.2,0.2,True,mean,standard,True,1,16,1,True,0.0,0.05,cuda,[42],32,50,True,5,adam,0.1,4,3,4,1,True,levenshtein,True,0.0001,average_log_probability,0.05,AUTOMATA,42,fold_1,parameter_analysis,5,3,,,
SKAB,42,fold_2,5,3,0.6180400890868597,0.44,0.03235294117647059,0.06027397260273973,73,123,73,0.02308125351848377,3,"{""automata"": {""anomaly_threshold"": 0.1, ""decision"": {""fallback_quantile"": 0.05, ""score_field"": ""average_log_probability""}, ""paa"": {""window_size"": 4}, ""probability"": {""epsilon"": 0.0001, ""smoothing"": true}, ""sax"": {""alphabet_size"": 3}, ""sliding_window"": {""size"": 4, ""stride"": 1}, ""unseen_pattern"": {""enabled"": true, ""method"": ""levenshtein""}}, ""dataset"": {""config"": {""drop_columns"": [""datetime"", ""changepoint"", ""source_group"", ""source_file""], ""group_column"": ""source_file"", ""split"": {""test"": 0.2, ""train"": 0.6, ""validation"": 0.2}, ""target_column"": ""anomaly"", ""valve_folders"": [""valve1"", ""valve2""]}, ""name"": ""SKAB""}, ""extra"": {""alphabet_size"": 3, ""window_size"": 5}, ""noise"": {""enabled"": true, ""gaussian_mean"": 0.0, ""gaussian_std"": 0.05}, ""preprocessing"": {""missing_data"": {""enabled"": true, ""strategy"": ""mean""}, ""pca"": {""enabled"": true, ""n_components"": 1}, ""scaler"": ""standard"", ""sequence_length"": 16, ""sequence_stride"": 1}, ""project"": {""device"": ""cuda"", ""random_seeds"": [42]}, ""run"": {""family"": ""AUTOMATA"", ""scenario"": ""parameter_analysis"", ""seed"": 42, ""split"": ""fold_2""}, ""training"": {""batch_size"": 32, ""early_stopping"": {""enabled"": true, ""patience"": 5}, ""epochs"": 50, ""optimizer"": ""adam""}}",SKAB,"[""valve1"", ""valve2""]",anomaly,"[""datetime"", ""changepoint"", ""source_group"", ""source_file""]",source_file,0.6,0.2,0.2,True,mean,standard,True,1,16,1,True,0.0,0.05,cuda,[42],32,50,True,5,adam,0.1,4,3,4,1,True,levenshtein,True,0.0001,average_log_probability,0.05,AUTOMATA,42,fold_2,parameter_analysis,5,3,,,
SKAB,42,fold_3,5,3,0.5873015873015873,0.20454545454545456,0.026627218934911243,0.04712041884816754,70,121,70,0.02469387755102041,8,"{""automata"": {""anomaly_threshold"": 0.1, ""decision"": {""fallback_quantile"": 0.05, ""score_field"": ""average_log_probability""}, ""paa"": {""window_size"": 4}, ""probability"": {""epsilon"": 0.0001, ""smoothing"": true}, ""sax"": {""alphabet_size"": 3}, ""sliding_window"": {""size"": 4, ""stride"": 1}, ""unseen_pattern"": {""enabled"": true, ""method"": ""levenshtein""}}, ""dataset"": {""config"": {""drop_columns"": [""datetime"", ""changepoint"", ""source_group"", ""source_file""], ""group_column"": ""source_file"", ""split"": {""test"": 0.2, ""train"": 0.6, ""validation"": 0.2}, ""target_column"": ""anomaly"", ""valve_folders"": [""valve1"", ""valve2""]}, ""name"": ""SKAB""}, ""extra"": {""alphabet_size"": 3, ""window_size"": 5}, ""noise"": {""enabled"": true, ""gaussian_mean"": 0.0, ""gaussian_std"": 0.05}, ""preprocessing"": {""missing_data"": {""enabled"": true, ""strategy"": ""mean""}, ""pca"": {""enabled"": true, ""n_components"": 1}, ""scaler"": ""standard"", ""sequence_length"": 16, ""sequence_stride"": 1}, ""project"": {""device"": ""cuda"", ""random_seeds"": [42]}, ""run"": {""family"": ""AUTOMATA"", ""scenario"": ""parameter_analysis"", ""seed"": 42, ""split"": ""fold_3""}, ""training"": {""batch_size"": 32, ""early_stopping"": {""enabled"": true, ""patience"": 5}, ""epochs"": 50, ""optimizer"": ""adam""}}",SKAB,"[""valve1"", ""valve2""]",anomaly,"[""datetime"", ""changepoint"", ""source_group"", ""source_file""]",source_file,0.6,0.2,0.2,True,mean,standard,True,1,16,1,True,0.0,0.05,cuda,[42],32,50,True,5,adam,0.1,4,3,4,1,True,levenshtein,True,0.0001,average_log_probability,0.05,AUTOMATA,42,fold_3,parameter_analysis,5,3,,,
SKAB,42,fold_4,5,3,0.574585635359116,0.3783783783783784,0.2537764350453172,0.3037974683544304,49,85,49,0.03540191586838817,158,"{""automata"": {""anomaly_threshold"": 0.1, ""decision"": {""fallback_quantile"": 0.05, ""score_field"": ""average_log_probability""}, ""paa"": {""window_size"": 4}, ""probability"": {""epsilon"": 0.0001, ""smoothing"": true}, ""sax"": {""alphabet_size"": 3}, ""sliding_window"": {""size"": 4, ""stride"": 1}, ""unseen_pattern"": {""enabled"": true, ""method"": ""levenshtein""}}, ""dataset"": {""config"": {""drop_columns"": [""datetime"", ""changepoint"", ""source_group"", ""source_file""], ""group_column"": ""source_file"", ""split"": {""test"": 0.2, ""train"": 0.6, ""validation"": 0.2}, ""target_column"": ""anomaly"", ""valve_folders"": [""valve1"", ""valve2""]}, ""name"": ""SKAB""}, ""extra"": {""alphabet_size"": 3, ""window_size"": 5}, ""noise"": {""enabled"": true, ""gaussian_mean"": 0.0, ""gaussian_std"": 0.05}, ""preprocessing"": {""missing_data"": {""enabled"": true, ""strategy"": ""mean""}, ""pca"": {""enabled"": true, ""n_components"": 1}, ""scaler"": ""standard"", ""sequence_length"": 16, ""sequence_stride"": 1}, ""project"": {""device"": ""cuda"", ""random_seeds"": [42]}, ""run"": {""family"": ""AUTOMATA"", ""scenario"": ""parameter_analysis"", ""seed"": 42, ""split"": ""fold_4""}, ""training"": {""batch_size"": 32, ""early_stopping"": {""enabled"": true, ""patience"": 5}, ""epochs"": 50, ""optimizer"": ""adam""}}",SKAB,"[""valve1"", ""valve2""]",anomaly,"[""datetime"", ""changepoint"", ""source_group"", ""source_file""]",source_file,0.6,0.2,0.2,True,mean,standard,True,1,16,1,True,0.0,0.05,cuda,[42],32,50,True,5,adam,0.1,4,3,4,1,True,levenshtein,True,0.0001,average_log_probability,0.05,AUTOMATA,42,fold_4,parameter_analysis,5,3,,,
SKAB,42,fold_0,5,4,0.6252796420581656,0.3611111111111111,0.04,0.07202216066481995,121,213,121,0.014548186599276005,11,"{""automata"": {""anomaly_threshold"": 0.1, ""decision"": {""fallback_quantile"": 0.05, ""score_field"": ""average_log_probability""}, ""paa"": {""window_size"": 4}, ""probability"": {""epsilon"": 0.0001, ""smoothing"": true}, ""sax"": {""alphabet_size"": 3}, ""sliding_window"": {""size"": 4, ""stride"": 1}, ""unseen_pattern"": {""enabled"": true, ""method"": ""levenshtein""}}, ""dataset"": {""config"": {""drop_columns"": [""datetime"", ""changepoint"", ""source_group"", ""source_file""], ""group_column"": ""source_file"", ""split"": {""test"": 0.2, ""train"": 0.6, ""validation"": 0.2}, ""target_column"": ""anomaly"", ""valve_folders"": [""valve1"", ""valve2""]}, ""name"": ""SKAB""}, ""extra"": {""alphabet_size"": 4, ""window_size"": 5}, ""noise"": {""enabled"": true, ""gaussian_mean"": 0.0, ""gaussian_std"": 0.05}, ""preprocessing"": {""missing_data"": {""enabled"": true, ""strategy"": ""mean""}, ""pca"": {""enabled"": true, ""n_components"": 1}, ""scaler"": ""standard"", ""sequence_length"": 16, ""sequence_stride"": 1}, ""project"": {""device"": ""cuda"", ""random_seeds"": [42]}, ""run"": {""family"": ""AUTOMATA"", ""scenario"": ""parameter_analysis"", ""seed"": 42, ""split"": ""fold_0""}, ""training"": {""batch_size"": 32, ""early_stopping"": {""enabled"": true, ""patience"": 5}, ""epochs"": 50, ""optimizer"": ""adam""}}",SKAB,"[""valve1"", ""valve2""]",anomaly,"[""datetime"", ""changepoint"", ""source_group"", ""source_file""]",source_file,0.6,0.2,0.2,True,mean,standard,True,1,16,1,True,0.0,0.05,cuda,[42],32,50,True,5,adam,0.1,4,3,4,1,True,levenshtein,True,0.0001,average_log_probability,0.05,AUTOMATA,42,fold_0,parameter_analysis,5,4,,,
SKAB,42,fold_1,5,4,0.6158129175946548,0.275,0.03363914373088685,0.05994550408719346,114,191,114,0.014696829793782703,4,"{""automata"": {""anomaly_threshold"": 0.1, ""decision"": {""fallback_quantile"": 0.05, ""score_field"": ""average_log_probability""}, ""paa"": {""window_size"": 4}, ""probability"": {""epsilon"": 0.0001, ""smoothing"": true}, ""sax"": {""alphabet_size"": 3}, ""sliding_window"": {""size"": 4, ""stride"": 1}, ""unseen_pattern"": {""enabled"": true, ""method"": ""levenshtein""}}, ""dataset"": {""config"": {""drop_columns"": [""datetime"", ""changepoint"", ""source_group"", ""source_file""], ""group_column"": ""source_file"", ""split"": {""test"": 0.2, ""train"": 0.6, ""validation"": 0.2}, ""target_column"": ""anomaly"", ""valve_folders"": [""valve1"", ""valve2""]}, ""name"": ""SKAB""}, ""extra"": {""alphabet_size"": 4, ""window_size"": 5}, ""noise"": {""enabled"": true, ""gaussian_mean"": 0.0, ""gaussian_std"": 0.05}, ""preprocessing"": {""missing_data"": {""enabled"": true, ""strategy"": ""mean""}, ""pca"": {""enabled"": true, ""n_components"": 1}, ""scaler"": ""standard"", ""sequence_length"": 16, ""sequence_stride"": 1}, ""project"": {""device"": ""cuda"", ""random_seeds"": [42]}, ""run"": {""family"": ""AUTOMATA"", ""scenario"": ""parameter_analysis"", ""seed"": 42, ""split"": ""fold_1""}, ""training"": {""batch_size"": 32, ""early_stopping"": {""enabled"": true, ""patience"": 5}, ""epochs"": 50, ""optimizer"": ""adam""}}",SKAB,"[""valve1"", ""valve2""]",anomaly,"[""datetime"", ""changepoint"", ""source_group"", ""source_file""]",source_file,0.6,0.2,0.2,True,mean,standard,True,1,16,1,True,0.0,0.05,cuda,[42],32,50,True,5,adam,0.1,4,3,4,1,True,levenshtein,True,0.0001,average_log_probability,0.05,AUTOMATA,42,fold_1,parameter_analysis,5,4,,,
SKAB,42,fold_2,5,4,0.6102449888641426,0.2222222222222222,0.011764705882352941,0.0223463687150838,137,230,137,0.01225424902765198,3,"{""automata"": {""anomaly_threshold"": 0.1, ""decision"": {""fallback_quantile"": 0.05, ""score_field"": ""average_log_probability""}, ""paa"": {""window_size"": 4}, ""probability"": {""epsilon"": 0.0001, ""smoothing"": true}, ""sax"": {""alphabet_size"": 3}, ""sliding_window"": {""size"": 4, ""stride"": 1}, ""unseen_pattern"": {""enabled"": true, ""method"": ""levenshtein""}}, ""dataset"": {""config"": {""drop_columns"": [""datetime"", ""changepoint"", ""source_group"", ""source_file""], ""group_column"": ""source_file"", ""split"": {""test"": 0.2, ""train"": 0.6, ""validation"": 0.2}, ""target_column"": ""anomaly"", ""valve_folders"": [""valve1"", ""valve2""]}, ""name"": ""SKAB""}, ""extra"": {""alphabet_size"": 4, ""window_size"": 5}, ""noise"": {""enabled"": true, ""gaussian_mean"": 0.0, ""gaussian_std"": 0.05}, ""preprocessing"": {""missing_data"": {""enabled"": true, ""strategy"": ""mean""}, ""pca"": {""enabled"": true, ""n_components"": 1}, ""scaler"": ""standard"", ""sequence_length"": 16, ""sequence_stride"": 1}, ""project"": {""device"": ""cuda"", ""random_seeds"": [42]}, ""run"": {""family"": ""AUTOMATA"", ""scenario"": ""parameter_analysis"", ""seed"": 42, ""split"": ""fold_2""}, ""training"": {""batch_size"": 32, ""early_stopping"": {""enabled"": true, ""patience"": 5}, ""epochs"": 50, ""optimizer"": ""adam""}}",SKAB,"[""valve1"", ""valve2""]",anomaly,"[""datetime"", ""changepoint"", ""source_group"", ""source_file""]",source_file,0.6,0.2,0.2,True,mean,standard,True,1,16,1,True,0.0,0.05,cuda,[42],32,50,True,5,adam,0.1,4,3,4,1,True,levenshtein,True,0.0001,average_log_probability,0.05,AUTOMATA,42,fold_2,parameter_analysis,5,4,,,
SKAB,42,fold_3,5,4,0.5736961451247166,0.22857142857142856,0.047337278106508875,0.0784313725490196,113,193,113,0.01511473098911426,18,"{""automata"": {""anomaly_threshold"": 0.1, ""decision"": {""fallback_quantile"": 0.05, ""score_field"": ""average_log_probability""}, ""paa"": {""window_size"": 4}, ""probability"": {""epsilon"": 0.0001, ""smoothing"": true}, ""sax"": {""alphabet_size"": 3}, ""sliding_window"": {""size"": 4, ""stride"": 1}, ""unseen_pattern"": {""enabled"": true, ""method"": ""levenshtein""}}, ""dataset"": {""config"": {""drop_columns"": [""datetime"", ""changepoint"", ""source_group"", ""source_file""], ""group_column"": ""source_file"", ""split"": {""test"": 0.2, ""train"": 0.6, ""validation"": 0.2}, ""target_column"": ""anomaly"", ""valve_folders"": [""valve1"", ""valve2""]}, ""name"": ""SKAB""}, ""extra"": {""alphabet_size"": 4, ""window_size"": 5}, ""noise"": {""enabled"": true, ""gaussian_mean"": 0.0, ""gaussian_std"": 0.05}, ""preprocessing"": {""missing_data"": {""enabled"": true, ""strategy"": ""mean""}, ""pca"": {""enabled"": true, ""n_components"": 1}, ""scaler"": ""standard"", ""sequence_length"": 16, ""sequence_stride"": 1}, ""project"": {""device"": ""cuda"", ""random_seeds"": [42]}, ""run"": {""family"": ""AUTOMATA"", ""scenario"": ""parameter_analysis"", ""seed"": 42, ""split"": ""fold_3""}, ""training"": {""batch_size"": 32, ""early_stopping"": {""enabled"": true, ""patience"": 5}, ""epochs"": 50, ""optimizer"": ""adam""}}",SKAB,"[""valve1"", ""valve2""]",anomaly,"[""datetime"", ""changepoint"", ""source_group"", ""source_file""]",source_file,0.6,0.2,0.2,True,mean,standard,True,1,16,1,True,0.0,0.05,cuda,[42],32,50,True,5,adam,0.1,4,3,4,1,True,levenshtein,True,0.0001,average_log_probability,0.05,AUTOMATA,42,fold_3,parameter_analysis,5,4,,,
SKAB,42,fold_4,5,4,0.5160220994475138,0.34844192634560905,0.3716012084592145,0.35964912280701755,85,152,85,0.021038062283737023,310,"{""automata"": {""anomaly_threshold"": 0.1, ""decision"": {""fallback_quantile"": 0.05, ""score_field"": ""average_log_probability""}, ""paa"": {""window_size"": 4}, ""probability"": {""epsilon"": 0.0001, ""smoothing"": true}, ""sax"": {""alphabet_size"": 3}, ""sliding_window"": {""size"": 4, ""stride"": 1}, ""unseen_pattern"": {""enabled"": true, ""method"": ""levenshtein""}}, ""dataset"": {""config"": {""drop_columns"": [""datetime"", ""changepoint"", ""source_group"", ""source_file""], ""group_column"": ""source_file"", ""split"": {""test"": 0.2, ""train"": 0.6, ""validation"": 0.2}, ""target_column"": ""anomaly"", ""valve_folders"": [""valve1"", ""valve2""]}, ""name"": ""SKAB""}, ""extra"": {""alphabet_size"": 4, ""window_size"": 5}, ""noise"": {""enabled"": true, ""gaussian_mean"": 0.0, ""gaussian_std"": 0.05}, ""preprocessing"": {""missing_data"": {""enabled"": true, ""strategy"": ""mean""}, ""pca"": {""enabled"": true, ""n_components"": 1}, ""scaler"": ""standard"", ""sequence_length"": 16, ""sequence_stride"": 1}, ""project"": {""device"": ""cuda"", ""random_seeds"": [42]}, ""run"": {""family"": ""AUTOMATA"", ""scenario"": ""parameter_analysis"", ""seed"": 42, ""split"": ""fold_4""}, ""training"": {""batch_size"": 32, ""early_stopping"": {""enabled"": true, ""patience"": 5}, ""epochs"": 50, ""optimizer"": ""adam""}}",SKAB,"[""valve1"", ""valve2""]",anomaly,"[""datetime"", ""changepoint"", ""source_group"", ""source_file""]",source_file,0.6,0.2,0.2,True,mean,standard,True,1,16,1,True,0.0,0.05,cuda,[42],32,50,True,5,adam,0.1,4,3,4,1,True,levenshtein,True,0.0001,average_log_probability,0.05,AUTOMATA,42,fold_4,parameter_analysis,5,4,,,
SKAB,42,fold_0,5,5,0.6017897091722595,0.3037974683544304,0.07384615384615385,0.1188118811881188,175,297,175,0.00969795918367347,24,"{""automata"": {""anomaly_threshold"": 0.1, ""decision"": {""fallback_quantile"": 0.05, ""score_field"": ""average_log_probability""}, ""paa"": {""window_size"": 4}, ""probability"": {""epsilon"": 0.0001, ""smoothing"": true}, ""sax"": {""alphabet_size"": 3}, ""sliding_window"": {""size"": 4, ""stride"": 1}, ""unseen_pattern"": {""enabled"": true, ""method"": ""levenshtein""}}, ""dataset"": {""config"": {""drop_columns"": [""datetime"", ""changepoint"", ""source_group"", ""source_file""], ""group_column"": ""source_file"", ""split"": {""test"": 0.2, ""train"": 0.6, ""validation"": 0.2}, ""target_column"": ""anomaly"", ""valve_folders"": [""valve1"", ""valve2""]}, ""name"": ""SKAB""}, ""extra"": {""alphabet_size"": 5, ""window_size"": 5}, ""noise"": {""enabled"": true, ""gaussian_mean"": 0.0, ""gaussian_std"": 0.05}, ""preprocessing"": {""missing_data"": {""enabled"": true, ""strategy"": ""mean""}, ""pca"": {""enabled"": true, ""n_components"": 1}, ""scaler"": ""standard"", ""sequence_length"": 16, ""sequence_stride"": 1}, ""project"": {""device"": ""cuda"", ""random_seeds"": [42]}, ""run"": {""family"": ""AUTOMATA"", ""scenario"": ""parameter_analysis"", ""seed"": 42, ""split"": ""fold_0""}, ""training"": {""batch_size"": 32, ""early_stopping"": {""enabled"": true, ""patience"": 5}, ""epochs"": 50, ""optimizer"": ""adam""}}",SKAB,"[""valve1"", ""valve2""]",anomaly,"[""datetime"", ""changepoint"", ""source_group"", ""source_file""]",source_file,0.6,0.2,0.2,True,mean,standard,True,1,16,1,True,0.0,0.05,cuda,[42],32,50,True,5,adam,0.1,4,3,4,1,True,levenshtein,True,0.0001,average_log_probability,0.05,AUTOMATA,42,fold_0,parameter_analysis,5,5,,,
SKAB,42,fold_1,5,5,0.6069042316258352,0.26785714285714285,0.045871559633027525,0.0783289817232376,166,288,166,0.01045144433154304,4,"{""automata"": {""anomaly_threshold"": 0.1, ""decision"": {""fallback_quantile"": 0.05, ""score_field"": ""average_log_probability""}, ""paa"": {""window_size"": 4}, ""probability"": {""epsilon"": 0.0001, ""smoothing"": true}, ""sax"": {""alphabet_size"": 3}, ""sliding_window"": {""size"": 4, ""stride"": 1}, ""unseen_pattern"": {""enabled"": true, ""method"": ""levenshtein""}}, ""dataset"": {""config"": {""drop_columns"": [""datetime"", ""changepoint"", ""source_group"", ""source_file""], ""group_column"": ""source_file"", ""split"": {""test"": 0.2, ""train"": 0.6, ""validation"": 0.2}, ""target_column"": ""anomaly"", ""valve_folders"": [""valve1"", ""valve2""]}, ""name"": ""SKAB""}, ""extra"": {""alphabet_size"": 5, ""window_size"": 5}, ""noise"": {""enabled"": true, ""gaussian_mean"": 0.0, ""gaussian_std"": 0.05}, ""preprocessing"": {""missing_data"": {""enabled"": true, ""strategy"": ""mean""}, ""pca"": {""enabled"": true, ""n_components"": 1}, ""scaler"": ""standard"", ""sequence_length"": 16, ""sequence_stride"": 1}, ""project"": {""device"": ""cuda"", ""random_seeds"": [42]}, ""run"": {""family"": ""AUTOMATA"", ""scenario"": ""parameter_analysis"", ""seed"": 42, ""split"": ""fold_1""}, ""training"": {""batch_size"": 32, ""early_stopping"": {""enabled"": true, ""patience"": 5}, ""epochs"": 50, ""optimizer"": ""adam""}}",SKAB,"[""valve1"", ""valve2""]",anomaly,"[""datetime"", ""changepoint"", ""source_group"", ""source_file""]",source_file,0.6,0.2,0.2,True,mean,standard,True,1,16,1,True,0.0,0.05,cuda,[42],32,50,True,5,adam,0.1,4,3,4,1,True,levenshtein,True,0.0001,average_log_probability,0.05,AUTOMATA,42,fold_1,parameter_analysis,5,5,,,
SKAB,42,fold_2,5,5,0.6069042316258352,0.32432432432432434,0.03529411764705882,0.0636604774535809,196,324,196,0.008433985839233653,4,"{""automata"": {""anomaly_threshold"": 0.1, ""decision"": {""fallback_quantile"": 0.05, ""score_field"": ""average_log_probability""}, ""paa"": {""window_size"": 4}, ""probability"": {""epsilon"": 0.0001, ""smoothing"": true}, ""sax"": {""alphabet_size"": 3}, ""sliding_window"": {""size"": 4, ""stride"": 1}, ""unseen_pattern"": {""enabled"": true, ""method"": ""levenshtein""}}, ""dataset"": {""config"": {""drop_columns"": [""datetime"", ""changepoint"", ""source_group"", ""source_file""], ""group_column"": ""source_file"", ""split"": {""test"": 0.2, ""train"": 0.6, ""validation"": 0.2}, ""target_column"": ""anomaly"", ""valve_folders"": [""valve1"", ""valve2""]}, ""name"": ""SKAB""}, ""extra"": {""alphabet_size"": 5, ""window_size"": 5}, ""noise"": {""enabled"": true, ""gaussian_mean"": 0.0, ""gaussian_std"": 0.05}, ""preprocessing"": {""missing_data"": {""enabled"": true, ""strategy"": ""mean""}, ""pca"": {""enabled"": true, ""n_components"": 1}, ""scaler"": ""standard"", ""sequence_length"": 16, ""sequence_stride"": 1}, ""project"": {""device"": ""cuda"", ""random_seeds"": [42]}, ""run"": {""family"": ""AUTOMATA"", ""scenario"": ""parameter_analysis"", ""seed"": 42, ""split"": ""fold_2""}, ""training"": {""batch_size"": 32, ""early_stopping"": {""enabled"": true, ""patience"": 5}, ""epochs"": 50, ""optimizer"": ""adam""}}",SKAB,"[""valve1"", ""valve2""]",anomaly,"[""datetime"", ""changepoint"", ""source_group"", ""source_file""]",source_file,0.6,0.2,0.2,True,mean,standard,True,1,16,1,True,0.0,0.05,cuda,[42],32,50,True,5,adam,0.1,4,3,4,1,True,levenshtein,True,0.0001,average_log_probability,0.05,AUTOMATA,42,fold_2,parameter_analysis,5,5,,,
SKAB,42,fold_3,5,5,0.5532879818594104,0.22,0.0650887573964497,0.1004566210045662,149,247,149,0.011125624971848115,50,"{""automata"": {""anomaly_threshold"": 0.1, ""decision"": {""fallback_quantile"": 0.05, ""score_field"": ""average_log_probability""}, ""paa"": {""window_size"": 4}, ""probability"": {""epsilon"": 0.0001, ""smoothing"": true}, ""sax"": {""alphabet_size"": 3}, ""sliding_window"": {""size"": 4, ""stride"": 1}, ""unseen_pattern"": {""enabled"": true, ""method"": ""levenshtein""}}, ""dataset"": {""config"": {""drop_columns"": [""datetime"", ""changepoint"", ""source_group"", ""source_file""], ""group_column"": ""source_file"", ""split"": {""test"": 0.2, ""train"": 0.6, ""validation"": 0.2}, ""target_column"": ""anomaly"", ""valve_folders"": [""valve1"", ""valve2""]}, ""name"": ""SKAB""}, ""extra"": {""alphabet_size"": 5, ""window_size"": 5}, ""noise"": {""enabled"": true, ""gaussian_mean"": 0.0, ""gaussian_std"": 0.05}, ""preprocessing"": {""missing_data"": {""enabled"": true, ""strategy"": ""mean""}, ""pca"": {""enabled"": true, ""n_components"": 1}, ""scaler"": ""standard"", ""sequence_length"": 16, ""sequence_stride"": 1}, ""project"": {""device"": ""cuda"", ""random_seeds"": [42]}, ""run"": {""family"": ""AUTOMATA"", ""scenario"": ""parameter_analysis"", ""seed"": 42, ""split"": ""fold_3""}, ""training"": {""batch_size"": 32, ""early_stopping"": {""enabled"": true, ""patience"": 5}, ""epochs"": 50, ""optimizer"": ""adam""}}",SKAB,"[""valve1"", ""valve2""]",anomaly,"[""datetime"", ""changepoint"", ""source_group"", ""source_file""]",source_file,0.6,0.2,0.2,True,mean,standard,True,1,16,1,True,0.0,0.05,cuda,[42],32,50,True,5,adam,0.1,4,3,4,1,True,levenshtein,True,0.0001,average_log_probability,0.05,AUTOMATA,42,fold_3,parameter_analysis,5,5,,,
SKAB,42,fold_4,5,5,0.4552486187845304,0.2964824120603015,0.3564954682779456,0.32373113854595337,132,228,132,0.013085399449035813,343,"{""automata"": {""anomaly_threshold"": 0.1, ""decision"": {""fallback_quantile"": 0.05, ""score_field"": ""average_log_probability""}, ""paa"": {""window_size"": 4}, ""probability"": {""epsilon"": 0.0001, ""smoothing"": true}, ""sax"": {""alphabet_size"": 3}, ""sliding_window"": {""size"": 4, ""stride"": 1}, ""unseen_pattern"": {""enabled"": true, ""method"": ""levenshtein""}}, ""dataset"": {""config"": {""drop_columns"": [""datetime"", ""changepoint"", ""source_group"", ""source_file""], ""group_column"": ""source_file"", ""split"": {""test"": 0.2, ""train"": 0.6, ""validation"": 0.2}, ""target_column"": ""anomaly"", ""valve_folders"": [""valve1"", ""valve2""]}, ""name"": ""SKAB""}, ""extra"": {""alphabet_size"": 5, ""window_size"": 5}, ""noise"": {""enabled"": true, ""gaussian_mean"": 0.0, ""gaussian_std"": 0.05}, ""preprocessing"": {""missing_data"": {""enabled"": true, ""strategy"": ""mean""}, ""pca"": {""enabled"": true, ""n_components"": 1}, ""scaler"": ""standard"", ""sequence_length"": 16, ""sequence_stride"": 1}, ""project"": {""device"": ""cuda"", ""random_seeds"": [42]}, ""run"": {""family"": ""AUTOMATA"", ""scenario"": ""parameter_analysis"", ""seed"": 42, ""split"": ""fold_4""}, ""training"": {""batch_size"": 32, ""early_stopping"": {""enabled"": true, ""patience"": 5}, ""epochs"": 50, ""optimizer"": ""adam""}}",SKAB,"[""valve1"", ""valve2""]",anomaly,"[""datetime"", ""changepoint"", ""source_group"", ""source_file""]",source_file,0.6,0.2,0.2,True,mean,standard,True,1,16,1,True,0.0,0.05,cuda,[42],32,50,True,5,adam,0.1,4,3,4,1,True,levenshtein,True,0.0001,average_log_probability,0.05,AUTOMATA,42,fold_4,parameter_analysis,5,5,,,
SKAB,42,fold_0,5,6,0.5604026845637584,0.19090909090909092,0.06461538461538462,0.09655172413793103,241,408,241,0.007024672440212806,46,"{""automata"": {""anomaly_threshold"": 0.1, ""decision"": {""fallback_quantile"": 0.05, ""score_field"": ""average_log_probability""}, ""paa"": {""window_size"": 4}, ""probability"": {""epsilon"": 0.0001, ""smoothing"": true}, ""sax"": {""alphabet_size"": 3}, ""sliding_window"": {""size"": 4, ""stride"": 1}, ""unseen_pattern"": {""enabled"": true, ""method"": ""levenshtein""}}, ""dataset"": {""config"": {""drop_columns"": [""datetime"", ""changepoint"", ""source_group"", ""source_file""], ""group_column"": ""source_file"", ""split"": {""test"": 0.2, ""train"": 0.6, ""validation"": 0.2}, ""target_column"": ""anomaly"", ""valve_folders"": [""valve1"", ""valve2""]}, ""name"": ""SKAB""}, ""extra"": {""alphabet_size"": 6, ""window_size"": 5}, ""noise"": {""enabled"": true, ""gaussian_mean"": 0.0, ""gaussian_std"": 0.05}, ""preprocessing"": {""missing_data"": {""enabled"": true, ""strategy"": ""mean""}, ""pca"": {""enabled"": true, ""n_components"": 1}, ""scaler"": ""standard"", ""sequence_length"": 16, ""sequence_stride"": 1}, ""project"": {""device"": ""cuda"", ""random_seeds"": [42]}, ""run"": {""family"": ""AUTOMATA"", ""scenario"": ""parameter_analysis"", ""seed"": 42, ""split"": ""fold_0""}, ""training"": {""batch_size"": 32, ""early_stopping"": {""enabled"": true, ""patience"": 5}, ""epochs"": 50, ""optimizer"": ""adam""}}",SKAB,"[""valve1"", ""valve2""]",anomaly,"[""datetime"", ""changepoint"", ""source_group"", ""source_file""]",source_file,0.6,0.2,0.2,True,mean,standard,True,1,16,1,True,0.0,0.05,cuda,[42],32,50,True,5,adam,0.1,4,3,4,1,True,levenshtein,True,0.0001,average_log_probability,0.05,AUTOMATA,42,fold_0,parameter_analysis,5,6,,,
SKAB,42,fold_1,5,6,0.6258351893095768,0.3902439024390244,0.04892966360856269,0.08695652173913043,221,369,221,0.007555127863884851,13,"{""automata"": {""anomaly_threshold"": 0.1, ""decision"": {""fallback_quantile"": 0.05, ""score_field"": ""average_log_probability""}, ""paa"": {""window_size"": 4}, ""probability"": {""epsilon"": 0.0001, ""smoothing"": true}, ""sax"": {""alphabet_size"": 3}, ""sliding_window"": {""size"": 4, ""stride"": 1}, ""unseen_pattern"": {""enabled"": true, ""method"": ""levenshtein""}}, ""dataset"": {""config"": {""drop_columns"": [""datetime"", ""changepoint"", ""source_group"", ""source_file""], ""group_column"": ""source_file"", ""split"": {""test"": 0.2, ""train"": 0.6, ""validation"": 0.2}, ""target_column"": ""anomaly"", ""valve_folders"": [""valve1"", ""valve2""]}, ""name"": ""SKAB""}, ""extra"": {""alphabet_size"": 6, ""window_size"": 5}, ""noise"": {""enabled"": true, ""gaussian_mean"": 0.0, ""gaussian_std"": 0.05}, ""preprocessing"": {""missing_data"": {""enabled"": true, ""strategy"": ""mean""}, ""pca"": {""enabled"": true, ""n_components"": 1}, ""scaler"": ""standard"", ""sequence_length"": 16, ""sequence_stride"": 1}, ""project"": {""device"": ""cuda"", ""random_seeds"": [42]}, ""run"": {""family"": ""AUTOMATA"", ""scenario"": ""parameter_analysis"", ""seed"": 42, ""split"": ""fold_1""}, ""training"": {""batch_size"": 32, ""early_stopping"": {""enabled"": true, ""patience"": 5}, ""epochs"": 50, ""optimizer"": ""adam""}}",SKAB,"[""valve1"", ""valve2""]",anomaly,"[""datetime"", ""changepoint"", ""source_group"", ""source_file""]",source_file,0.6,0.2,0.2,True,mean,standard,True,1,16,1,True,0.0,0.05,cuda,[42],32,50,True,5,adam,0.1,4,3,4,1,True,levenshtein,True,0.0001,average_log_probability,0.05,AUTOMATA,42,fold_1,parameter_analysis,5,6,,,
SKAB,42,fold_2,5,6,0.611358574610245,0.30434782608695654,0.020588235294117647,0.03856749311294766,274,448,274,0.005967286483030529,4,"{""automata"": {""anomaly_threshold"": 0.1, ""decision"": {""fallback_quantile"": 0.05, ""score_field"": ""average_log_probability""}, ""paa"": {""window_size"": 4}, ""probability"": {""epsilon"": 0.0001, ""smoothing"": true}, ""sax"": {""alphabet_size"": 3}, ""sliding_window"": {""size"": 4, ""stride"": 1}, ""unseen_pattern"": {""enabled"": true, ""method"": ""levenshtein""}}, ""dataset"": {""config"": {""drop_columns"": [""datetime"", ""changepoint"", ""source_group"", ""source_file""], ""group_column"": ""source_file"", ""split"": {""test"": 0.2, ""train"": 0.6, ""validation"": 0.2}, ""target_column"": ""anomaly"", ""valve_folders"": [""valve1"", ""valve2""]}, ""name"": ""SKAB""}, ""extra"": {""alphabet_size"": 6, ""window_size"": 5}, ""noise"": {""enabled"": true, ""gaussian_mean"": 0.0, ""gaussian_std"": 0.05}, ""preprocessing"": {""missing_data"": {""enabled"": true, ""strategy"": ""mean""}, ""pca"": {""enabled"": true, ""n_components"": 1}, ""scaler"": ""standard"", ""sequence_length"": 16, ""sequence_stride"": 1}, ""project"": {""device"": ""cuda"", ""random_seeds"": [42]}, ""run"": {""family"": ""AUTOMATA"", ""scenario"": ""parameter_analysis"", ""seed"": 42, ""split"": ""fold_2""}, ""training"": {""batch_size"": 32, ""early_stopping"": {""enabled"": true, ""patience"": 5}, ""epochs"": 50, ""optimizer"": ""adam""}}",SKAB,"[""valve1"", ""valve2""]",anomaly,"[""datetime"", ""changepoint"", ""source_group"", ""source_file""]",source_file,0.6,0.2,0.2,True,mean,standard,True,1,16,1,True,0.0,0.05,cuda,[42],32,50,True,5,adam,0.1,4,3,4,1,True,levenshtein,True,0.0001,average_log_probability,0.05,AUTOMATA,42,fold_2,parameter_analysis,5,6,,,
SKAB,42,fold_3,5,6,0.4977324263038549,0.16129032258064516,0.07396449704142012,0.10141987829614604,215,360,215,0.0077879935100054086,112,"{""automata"": {""anomaly_threshold"": 0.1, ""decision"": {""fallback_quantile"": 0.05, ""score_field"": ""average_log_probability""}, ""paa"": {""window_size"": 4}, ""probability"": {""epsilon"": 0.0001, ""smoothing"": true}, ""sax"": {""alphabet_size"": 3}, ""sliding_window"": {""size"": 4, ""stride"": 1}, ""unseen_pattern"": {""enabled"": true, ""method"": ""levenshtein""}}, ""dataset"": {""config"": {""drop_columns"": [""datetime"", ""changepoint"", ""source_group"", ""source_file""], ""group_column"": ""source_file"", ""split"": {""test"": 0.2, ""train"": 0.6, ""validation"": 0.2}, ""target_column"": ""anomaly"", ""valve_folders"": [""valve1"", ""valve2""]}, ""name"": ""SKAB""}, ""extra"": {""alphabet_size"": 6, ""window_size"": 5}, ""noise"": {""enabled"": true, ""gaussian_mean"": 0.0, ""gaussian_std"": 0.05}, ""preprocessing"": {""missing_data"": {""enabled"": true, ""strategy"": ""mean""}, ""pca"": {""enabled"": true, ""n_components"": 1}, ""scaler"": ""standard"", ""sequence_length"": 16, ""sequence_stride"": 1}, ""project"": {""device"": ""cuda"", ""random_seeds"": [42]}, ""run"": {""family"": ""AUTOMATA"", ""scenario"": ""parameter_analysis"", ""seed"": 42, ""split"": ""fold_3""}, ""training"": {""batch_size"": 32, ""early_stopping"": {""enabled"": true, ""patience"": 5}, ""epochs"": 50, ""optimizer"": ""adam""}}",SKAB,"[""valve1"", ""valve2""]",anomaly,"[""datetime"", ""changepoint"", ""source_group"", ""source_file""]",source_file,0.6,0.2,0.2,True,mean,standard,True,1,16,1,True,0.0,0.05,cuda,[42],32,50,True,5,adam,0.1,4,3,4,1,True,levenshtein,True,0.0001,average_log_probability,0.05,AUTOMATA,42,fold_3,parameter_analysis,5,6,,,
SKAB,42,fold_4,5,6,0.5116022099447514,0.3747178329571106,0.5015105740181269,0.4289405684754522,185,322,185,0.009408327246165084,338,"{""automata"": {""anomaly_threshold"": 0.1, ""decision"": {""fallback_quantile"": 0.05, ""score_field"": ""average_log_probability""}, ""paa"": {""window_size"": 4}, ""probability"": {""epsilon"": 0.0001, ""smoothing"": true}, ""sax"": {""alphabet_size"": 3}, ""sliding_window"": {""size"": 4, ""stride"": 1}, ""unseen_pattern"": {""enabled"": true, ""method"": ""levenshtein""}}, ""dataset"": {""config"": {""drop_columns"": [""datetime"", ""changepoint"", ""source_group"", ""source_file""], ""group_column"": ""source_file"", ""split"": {""test"": 0.2, ""train"": 0.6, ""validation"": 0.2}, ""target_column"": ""anomaly"", ""valve_folders"": [""valve1"", ""valve2""]}, ""name"": ""SKAB""}, ""extra"": {""alphabet_size"": 6, ""window_size"": 5}, ""noise"": {""enabled"": true, ""gaussian_mean"": 0.0, ""gaussian_std"": 0.05}, ""preprocessing"": {""missing_data"": {""enabled"": true, ""strategy"": ""mean""}, ""pca"": {""enabled"": true, ""n_components"": 1}, ""scaler"": ""standard"", ""sequence_length"": 16, ""sequence_stride"": 1}, ""project"": {""device"": ""cuda"", ""random_seeds"": [42]}, ""run"": {""family"": ""AUTOMATA"", ""scenario"": ""parameter_analysis"", ""seed"": 42, ""split"": ""fold_4""}, ""training"": {""batch_size"": 32, ""early_stopping"": {""enabled"": true, ""patience"": 5}, ""epochs"": 50, ""optimizer"": ""adam""}}",SKAB,"[""valve1"", ""valve2""]",anomaly,"[""datetime"", ""changepoint"", ""source_group"", ""source_file""]",source_file,0.6,0.2,0.2,True,mean,standard,True,1,16,1,True,0.0,0.05,cuda,[42],32,50,True,5,adam,0.1,4,3,4,1,True,levenshtein,True,0.0001,average_log_probability,0.05,AUTOMATA,42,fold_4,parameter_analysis,5,6,,,
SKAB,42,fold_0,6,3,0.5833333333333334,0.23728813559322035,0.05017921146953405,0.08284023668639054,118,181,118,0.012999138178684286,15,"{""automata"": {""anomaly_threshold"": 0.1, ""decision"": {""fallback_quantile"": 0.05, ""score_field"": ""average_log_probability""}, ""paa"": {""window_size"": 4}, ""probability"": {""epsilon"": 0.0001, ""smoothing"": true}, ""sax"": {""alphabet_size"": 3}, ""sliding_window"": {""size"": 4, ""stride"": 1}, ""unseen_pattern"": {""enabled"": true, ""method"": ""levenshtein""}}, ""dataset"": {""config"": {""drop_columns"": [""datetime"", ""changepoint"", ""source_group"", ""source_file""], ""group_column"": ""source_file"", ""split"": {""test"": 0.2, ""train"": 0.6, ""validation"": 0.2}, ""target_column"": ""anomaly"", ""valve_folders"": [""valve1"", ""valve2""]}, ""name"": ""SKAB""}, ""extra"": {""alphabet_size"": 3, ""window_size"": 6}, ""noise"": {""enabled"": true, ""gaussian_mean"": 0.0, ""gaussian_std"": 0.05}, ""preprocessing"": {""missing_data"": {""enabled"": true, ""strategy"": ""mean""}, ""pca"": {""enabled"": true, ""n_components"": 1}, ""scaler"": ""standard"", ""sequence_length"": 16, ""sequence_stride"": 1}, ""project"": {""device"": ""cuda"", ""random_seeds"": [42]}, ""run"": {""family"": ""AUTOMATA"", ""scenario"": ""parameter_analysis"", ""seed"": 42, ""split"": ""fold_0""}, ""training"": {""batch_size"": 32, ""early_stopping"": {""enabled"": true, ""patience"": 5}, ""epochs"": 50, ""optimizer"": ""adam""}}",SKAB,"[""valve1"", ""valve2""]",anomaly,"[""datetime"", ""changepoint"", ""source_group"", ""source_file""]",source_file,0.6,0.2,0.2,True,mean,standard,True,1,16,1,True,0.0,0.05,cuda,[42],32,50,True,5,adam,0.1,4,3,4,1,True,levenshtein,True,0.0001,average_log_probability,0.05,AUTOMATA,42,fold_0,parameter_analysis,6,3,,,
SKAB,42,fold_1,6,3,0.6072386058981233,0.19047619047619047,0.014285714285714285,0.026578073089700997,134,217,134,0.012085096903541991,1,"{""automata"": {""anomaly_threshold"": 0.1, ""decision"": {""fallback_quantile"": 0.05, ""score_field"": ""average_log_probability""}, ""paa"": {""window_size"": 4}, ""probability"": {""epsilon"": 0.0001, ""smoothing"": true}, ""sax"": {""alphabet_size"": 3}, ""sliding_window"": {""size"": 4, ""stride"": 1}, ""unseen_pattern"": {""enabled"": true, ""method"": ""levenshtein""}}, ""dataset"": {""config"": {""drop_columns"": [""datetime"", ""changepoint"", ""source_group"", ""source_file""], ""group_column"": ""source_file"", ""split"": {""test"": 0.2, ""train"": 0.6, ""validation"": 0.2}, ""target_column"": ""anomaly"", ""valve_folders"": [""valve1"", ""valve2""]}, ""name"": ""SKAB""}, ""extra"": {""alphabet_size"": 3, ""window_size"": 6}, ""noise"": {""enabled"": true, ""gaussian_mean"": 0.0, ""gaussian_std"": 0.05}, ""preprocessing"": {""missing_data"": {""enabled"": true, ""strategy"": ""mean""}, ""pca"": {""enabled"": true, ""n_components"": 1}, ""scaler"": ""standard"", ""sequence_length"": 16, ""sequence_stride"": 1}, ""project"": {""device"": ""cuda"", ""random_seeds"": [42]}, ""run"": {""family"": ""AUTOMATA"", ""scenario"": ""parameter_analysis"", ""seed"": 42, ""split"": ""fold_1""}, ""training"": {""batch_size"": 32, ""early_stopping"": {""enabled"": true, ""patience"": 5}, ""epochs"": 50, ""optimizer"": ""adam""}}",SKAB,"[""valve1"", ""valve2""]",anomaly,"[""datetime"", ""changepoint"", ""source_group"", ""source_file""]",source_file,0.6,0.2,0.2,True,mean,standard,True,1,16,1,True,0.0,0.05,cuda,[42],32,50,True,5,adam,0.1,4,3,4,1,True,levenshtein,True,0.0001,average_log_probability,0.05,AUTOMATA,42,fold_1,parameter_analysis,6,3,,,
SKAB,42,fold_2,6,3,0.6050870147255689,0.391304347826087,0.03103448275862069,0.05750798722044728,110,175,110,0.014462809917355372,7,"{""automata"": {""anomaly_threshold"": 0.1, ""decision"": {""fallback_quantile"": 0.05, ""score_field"": ""average_log_probability""}, ""paa"": {""window_size"": 4}, ""probability"": {""epsilon"": 0.0001, ""smoothing"": true}, ""sax"": {""alphabet_size"": 3}, ""sliding_window"": {""size"": 4, ""stride"": 1}, ""unseen_pattern"": {""enabled"": true, ""method"": ""levenshtein""}}, ""dataset"": {""config"": {""drop_columns"": [""datetime"", ""changepoint"", ""source_group"", ""source_file""], ""group_column"": ""source_file"", ""split"": {""test"": 0.2, ""train"": 0.6, ""validation"": 0.2}, ""target_column"": ""anomaly"", ""valve_folders"": [""valve1"", ""valve2""]}, ""name"": ""SKAB""}, ""extra"": {""alphabet_size"": 3, ""window_size"": 6}, ""noise"": {""enabled"": true, ""gaussian_mean"": 0.0, ""gaussian_std"": 0.05}, ""preprocessing"": {""missing_data"": {""enabled"": true, ""strategy"": ""mean""}, ""pca"": {""enabled"": true, ""n_components"": 1}, ""scaler"": ""standard"", ""sequence_length"": 16, ""sequence_stride"": 1}, ""project"": {""device"": ""cuda"", ""random_seeds"": [42]}, ""run"": {""family"": ""AUTOMATA"", ""scenario"": ""parameter_analysis"", ""seed"": 42, ""split"": ""fold_2""}, ""training"": {""batch_size"": 32, ""early_stopping"": {""enabled"": true, ""patience"": 5}, ""epochs"": 50, ""optimizer"": ""adam""}}",SKAB,"[""valve1"", ""valve2""]",anomaly,"[""datetime"", ""changepoint"", ""source_group"", ""source_file""]",source_file,0.6,0.2,0.2,True,mean,standard,True,1,16,1,True,0.0,0.05,cuda,[42],32,50,True,5,adam,0.1,4,3,4,1,True,levenshtein,True,0.0001,average_log_probability,0.05,AUTOMATA,42,fold_2,parameter_analysis,6,3,,,
SKAB,42,fold_3,6,3,0.5634379263301501,0.17391304347826086,0.027586206896551724,0.047619047619047616,120,198,120,0.01375,12,"{""automata"": {""anomaly_threshold"": 0.1, ""decision"": {""fallback_quantile"": 0.05, ""score_field"": ""average_log_probability""}, ""paa"": {""window_size"": 4}, ""probability"": {""epsilon"": 0.0001, ""smoothing"": true}, ""sax"": {""alphabet_size"": 3}, ""sliding_window"": {""size"": 4, ""stride"": 1}, ""unseen_pattern"": {""enabled"": true, ""method"": ""levenshtein""}}, ""dataset"": {""config"": {""drop_columns"": [""datetime"", ""changepoint"", ""source_group"", ""source_file""], ""group_column"": ""source_file"", ""split"": {""test"": 0.2, ""train"": 0.6, ""validation"": 0.2}, ""target_column"": ""anomaly"", ""valve_folders"": [""valve1"", ""valve2""]}, ""name"": ""SKAB""}, ""extra"": {""alphabet_size"": 3, ""window_size"": 6}, ""noise"": {""enabled"": true, ""gaussian_mean"": 0.0, ""gaussian_std"": 0.05}, ""preprocessing"": {""missing_data"": {""enabled"": true, ""strategy"": ""mean""}, ""pca"": {""enabled"": true, ""n_components"": 1}, ""scaler"": ""standard"", ""sequence_length"": 16, ""sequence_stride"": 1}, ""project"": {""device"": ""cuda"", ""random_seeds"": [42]}, ""run"": {""family"": ""AUTOMATA"", ""scenario"": ""parameter_analysis"", ""seed"": 42, ""split"": ""fold_3""}, ""training"": {""batch_size"": 32, ""early_stopping"": {""enabled"": true, ""patience"": 5}, ""epochs"": 50, ""optimizer"": ""adam""}}",SKAB,"[""valve1"", ""valve2""]",anomaly,"[""datetime"", ""changepoint"", ""source_group"", ""source_file""]",source_file,0.6,0.2,0.2,True,mean,standard,True,1,16,1,True,0.0,0.05,cuda,[42],32,50,True,5,adam,0.1,4,3,4,1,True,levenshtein,True,0.0001,average_log_probability,0.05,AUTOMATA,42,fold_3,parameter_analysis,6,3,,,
SKAB,42,fold_4,6,3,0.5279255319148937,0.3333333333333333,0.25,0.2857142857142857,82,130,82,0.01933372992266508,173,"{""automata"": {""anomaly_threshold"": 0.1, ""decision"": {""fallback_quantile"": 0.05, ""score_field"": ""average_log_probability""}, ""paa"": {""window_size"": 4}, ""probability"": {""epsilon"": 0.0001, ""smoothing"": true}, ""sax"": {""alphabet_size"": 3}, ""sliding_window"": {""size"": 4, ""stride"": 1}, ""unseen_pattern"": {""enabled"": true, ""method"": ""levenshtein""}}, ""dataset"": {""config"": {""drop_columns"": [""datetime"", ""changepoint"", ""source_group"", ""source_file""], ""group_column"": ""source_file"", ""split"": {""test"": 0.2, ""train"": 0.6, ""validation"": 0.2}, ""target_column"": ""anomaly"", ""valve_folders"": [""valve1"", ""valve2""]}, ""name"": ""SKAB""}, ""extra"": {""alphabet_size"": 3, ""window_size"": 6}, ""noise"": {""enabled"": true, ""gaussian_mean"": 0.0, ""gaussian_std"": 0.05}, ""preprocessing"": {""missing_data"": {""enabled"": true, ""strategy"": ""mean""}, ""pca"": {""enabled"": true, ""n_components"": 1}, ""scaler"": ""standard"", ""sequence_length"": 16, ""sequence_stride"": 1}, ""project"": {""device"": ""cuda"", ""random_seeds"": [42]}, ""run"": {""family"": ""AUTOMATA"", ""scenario"": ""parameter_analysis"", ""seed"": 42, ""split"": ""fold_4""}, ""training"": {""batch_size"": 32, ""early_stopping"": {""enabled"": true, ""patience"": 5}, ""epochs"": 50, ""optimizer"": ""adam""}}",SKAB,"[""valve1"", ""valve2""]",anomaly,"[""datetime"", ""changepoint"", ""source_group"", ""source_file""]",source_file,0.6,0.2,0.2,True,mean,standard,True,1,16,1,True,0.0,0.05,cuda,[42],32,50,True,5,adam,0.1,4,3,4,1,True,levenshtein,True,0.0001,average_log_probability,0.05,AUTOMATA,42,fold_4,parameter_analysis,6,3,,,
SKAB,42,fold_0,6,4,0.5833333333333334,0.22807017543859648,0.04659498207885305,0.07738095238095238,212,337,212,0.007498220007119971,16,"{""automata"": {""anomaly_threshold"": 0.1, ""decision"": {""fallback_quantile"": 0.05, ""score_field"": ""average_log_probability""}, ""paa"": {""window_size"": 4}, ""probability"": {""epsilon"": 0.0001, ""smoothing"": true}, ""sax"": {""alphabet_size"": 3}, ""sliding_window"": {""size"": 4, ""stride"": 1}, ""unseen_pattern"": {""enabled"": true, ""method"": ""levenshtein""}}, ""dataset"": {""config"": {""drop_columns"": [""datetime"", ""changepoint"", ""source_group"", ""source_file""], ""group_column"": ""source_file"", ""split"": {""test"": 0.2, ""train"": 0.6, ""validation"": 0.2}, ""target_column"": ""anomaly"", ""valve_folders"": [""valve1"", ""valve2""]}, ""name"": ""SKAB""}, ""extra"": {""alphabet_size"": 4, ""window_size"": 6}, ""noise"": {""enabled"": true, ""gaussian_mean"": 0.0, ""gaussian_std"": 0.05}, ""preprocessing"": {""missing_data"": {""enabled"": true, ""strategy"": ""mean""}, ""pca"": {""enabled"": true, ""n_components"": 1}, ""scaler"": ""standard"", ""sequence_length"": 16, ""sequence_stride"": 1}, ""project"": {""device"": ""cuda"", ""random_seeds"": [42]}, ""run"": {""family"": ""AUTOMATA"", ""scenario"": ""parameter_analysis"", ""seed"": 42, ""split"": ""fold_0""}, ""training"": {""batch_size"": 32, ""early_stopping"": {""enabled"": true, ""patience"": 5}, ""epochs"": 50, ""optimizer"": ""adam""}}",SKAB,"[""valve1"", ""valve2""]",anomaly,"[""datetime"", ""changepoint"", ""source_group"", ""source_file""]",source_file,0.6,0.2,0.2,True,mean,standard,True,1,16,1,True,0.0,0.05,cuda,[42],32,50,True,5,adam,0.1,4,3,4,1,True,levenshtein,True,0.0001,average_log_probability,0.05,AUTOMATA,42,fold_0,parameter_analysis,6,4,,,
SKAB,42,fold_1,6,4,0.6058981233243967,0.3055555555555556,0.039285714285714285,0.06962025316455696,198,314,198,0.008009386797265585,5,"{""automata"": {""anomaly_threshold"": 0.1, ""decision"": {""fallback_quantile"": 0.05, ""score_field"": ""average_log_probability""}, ""paa"": {""window_size"": 4}, ""probability"": {""epsilon"": 0.0001, ""smoothing"": true}, ""sax"": {""alphabet_size"": 3}, ""sliding_window"": {""size"": 4, ""stride"": 1}, ""unseen_pattern"": {""enabled"": true, ""method"": ""levenshtein""}}, ""dataset"": {""config"": {""drop_columns"": [""datetime"", ""changepoint"", ""source_group"", ""source_file""], ""group_column"": ""source_file"", ""split"": {""test"": 0.2, ""train"": 0.6, ""validation"": 0.2}, ""target_column"": ""anomaly"", ""valve_folders"": [""valve1"", ""valve2""]}, ""name"": ""SKAB""}, ""extra"": {""alphabet_size"": 4, ""window_size"": 6}, ""noise"": {""enabled"": true, ""gaussian_mean"": 0.0, ""gaussian_std"": 0.05}, ""preprocessing"": {""missing_data"": {""enabled"": true, ""strategy"": ""mean""}, ""pca"": {""enabled"": true, ""n_components"": 1}, ""scaler"": ""standard"", ""sequence_length"": 16, ""sequence_stride"": 1}, ""project"": {""device"": ""cuda"", ""random_seeds"": [42]}, ""run"": {""family"": ""AUTOMATA"", ""scenario"": ""parameter_analysis"", ""seed"": 42, ""split"": ""fold_1""}, ""training"": {""batch_size"": 32, ""early_stopping"": {""enabled"": true, ""patience"": 5}, ""epochs"": 50, ""optimizer"": ""adam""}}",SKAB,"[""valve1"", ""valve2""]",anomaly,"[""datetime"", ""changepoint"", ""source_group"", ""source_file""]",source_file,0.6,0.2,0.2,True,mean,standard,True,1,16,1,True,0.0,0.05,cuda,[42],32,50,True,5,adam,0.1,4,3,4,1,True,levenshtein,True,0.0001,average_log_probability,0.05,AUTOMATA,42,fold_1,parameter_analysis,6,4,,,
SKAB,42,fold_2,6,4,0.607764390896921,0.42105263157894735,0.027586206896551724,0.05177993527508091,203,322,203,0.007813827076609478,6,"{""automata"": {""anomaly_threshold"": 0.1, ""decision"": {""fallback_quantile"": 0.05, ""score_field"": ""average_log_probability""}, ""paa"": {""window_size"": 4}, ""probability"": {""epsilon"": 0.0001, ""smoothing"": true}, ""sax"": {""alphabet_size"": 3}, ""sliding_window"": {""size"": 4, ""stride"": 1}, ""unseen_pattern"": {""enabled"": true, ""method"": ""levenshtein""}}, ""dataset"": {""config"": {""drop_columns"": [""datetime"", ""changepoint"", ""source_group"", ""source_file""], ""group_column"": ""source_file"", ""split"": {""test"": 0.2, ""train"": 0.6, ""validation"": 0.2}, ""target_column"": ""anomaly"", ""valve_folders"": [""valve1"", ""valve2""]}, ""name"": ""SKAB""}, ""extra"": {""alphabet_size"": 4, ""window_size"": 6}, ""noise"": {""enabled"": true, ""gaussian_mean"": 0.0, ""gaussian_std"": 0.05}, ""preprocessing"": {""missing_data"": {""enabled"": true, ""strategy"": ""mean""}, ""pca"": {""enabled"": true, ""n_components"": 1}, ""scaler"": ""standard"", ""sequence_length"": 16, ""sequence_stride"": 1}, ""project"": {""device"": ""cuda"", ""random_seeds"": [42]}, ""run"": {""family"": ""AUTOMATA"", ""scenario"": ""parameter_analysis"", ""seed"": 42, ""split"": ""fold_2""}, ""training"": {""batch_size"": 32, ""early_stopping"": {""enabled"": true, ""patience"": 5}, ""epochs"": 50, ""optimizer"": ""adam""}}",SKAB,"[""valve1"", ""valve2""]",anomaly,"[""datetime"", ""changepoint"", ""source_group"", ""source_file""]",source_file,0.6,0.2,0.2,True,mean,standard,True,1,16,1,True,0.0,0.05,cuda,[42],32,50,True,5,adam,0.1,4,3,4,1,True,levenshtein,True,0.0001,average_log_probability,0.05,AUTOMATA,42,fold_2,parameter_analysis,6,4,,,
SKAB,42,fold_3,6,4,0.504774897680764,0.1523809523809524,0.05517241379310345,0.0810126582278481,170,255,170,0.008823529411764706,53,"{""automata"": {""anomaly_threshold"": 0.1, ""decision"": {""fallback_quantile"": 0.05, ""score_field"": ""average_log_probability""}, ""paa"": {""window_size"": 4}, ""probability"": {""epsilon"": 0.0001, ""smoothing"": true}, ""sax"": {""alphabet_size"": 3}, ""sliding_window"": {""size"": 4, ""stride"": 1}, ""unseen_pattern"": {""enabled"": true, ""method"": ""levenshtein""}}, ""dataset"": {""config"": {""drop_columns"": [""datetime"", ""changepoint"", ""source_group"", ""source_file""], ""group_column"": ""source_file"", ""split"": {""test"": 0.2, ""train"": 0.6, ""validation"": 0.2}, ""target_column"": ""anomaly"", ""valve_folders"": [""valve1"", ""valve2""]}, ""name"": ""SKAB""}, ""extra"": {""alphabet_size"": 4, ""window_size"": 6}, ""noise"": {""enabled"": true, ""gaussian_mean"": 0.0, ""gaussian_std"": 0.05}, ""preprocessing"": {""missing_data"": {""enabled"": true, ""strategy"": ""mean""}, ""pca"": {""enabled"": true, ""n_components"": 1}, ""scaler"": ""standard"", ""sequence_length"": 16, ""sequence_stride"": 1}, ""project"": {""device"": ""cuda"", ""random_seeds"": [42]}, ""run"": {""family"": ""AUTOMATA"", ""scenario"": ""parameter_analysis"", ""seed"": 42, ""split"": ""fold_3""}, ""training"": {""batch_size"": 32, ""early_stopping"": {""enabled"": true, ""patience"": 5}, ""epochs"": 50, ""optimizer"": ""adam""}}",SKAB,"[""valve1"", ""valve2""]",anomaly,"[""datetime"", ""changepoint"", ""source_group"", ""source_file""]",source_file,0.6,0.2,0.2,True,mean,standard,True,1,16,1,True,0.0,0.05,cuda,[42],32,50,True,5,adam,0.1,4,3,4,1,True,levenshtein,True,0.0001,average_log_probability,0.05,AUTOMATA,42,fold_3,parameter_analysis,6,4,,,
SKAB,42,fold_4,6,4,0.526595744680851,0.38311688311688313,0.4154929577464789,0.39864864864864863,143,233,143,0.011394200205389017,267,"{""automata"": {""anomaly_threshold"": 0.1, ""decision"": {""fallback_quantile"": 0.05, ""score_field"": ""average_log_probability""}, ""paa"": {""window_size"": 4}, ""probability"": {""epsilon"": 0.0001, ""smoothing"": true}, ""sax"": {""alphabet_size"": 3}, ""sliding_window"": {""size"": 4, ""stride"": 1}, ""unseen_pattern"": {""enabled"": true, ""method"": ""levenshtein""}}, ""dataset"": {""config"": {""drop_columns"": [""datetime"", ""changepoint"", ""source_group"", ""source_file""], ""group_column"": ""source_file"", ""split"": {""test"": 0.2, ""train"": 0.6, ""validation"": 0.2}, ""target_column"": ""anomaly"", ""valve_folders"": [""valve1"", ""valve2""]}, ""name"": ""SKAB""}, ""extra"": {""alphabet_size"": 4, ""window_size"": 6}, ""noise"": {""enabled"": true, ""gaussian_mean"": 0.0, ""gaussian_std"": 0.05}, ""preprocessing"": {""missing_data"": {""enabled"": true, ""strategy"": ""mean""}, ""pca"": {""enabled"": true, ""n_components"": 1}, ""scaler"": ""standard"", ""sequence_length"": 16, ""sequence_stride"": 1}, ""project"": {""device"": ""cuda"", ""random_seeds"": [42]}, ""run"": {""family"": ""AUTOMATA"", ""scenario"": ""parameter_analysis"", ""seed"": 42, ""split"": ""fold_4""}, ""training"": {""batch_size"": 32, ""early_stopping"": {""enabled"": true, ""patience"": 5}, ""epochs"": 50, ""optimizer"": ""adam""}}",SKAB,"[""valve1"", ""valve2""]",anomaly,"[""datetime"", ""changepoint"", ""source_group"", ""source_file""]",source_file,0.6,0.2,0.2,True,mean,standard,True,1,16,1,True,0.0,0.05,cuda,[42],32,50,True,5,adam,0.1,4,3,4,1,True,levenshtein,True,0.0001,average_log_probability,0.05,AUTOMATA,42,fold_4,parameter_analysis,6,4,,,
SKAB,42,fold_0,6,5,0.5766129032258065,0.29545454545454547,0.0931899641577061,0.14168937329700274,259,404,259,0.006022569729133436,35,"{""automata"": {""anomaly_threshold"": 0.1, ""decision"": {""fallback_quantile"": 0.05, ""score_field"": ""average_log_probability""}, ""paa"": {""window_size"": 4}, ""probability"": {""epsilon"": 0.0001, ""smoothing"": true}, ""sax"": {""alphabet_size"": 3}, ""sliding_window"": {""size"": 4, ""stride"": 1}, ""unseen_pattern"": {""enabled"": true, ""method"": ""levenshtein""}}, ""dataset"": {""config"": {""drop_columns"": [""datetime"", ""changepoint"", ""source_group"", ""source_file""], ""group_column"": ""source_file"", ""split"": {""test"": 0.2, ""train"": 0.6, ""validation"": 0.2}, ""target_column"": ""anomaly"", ""valve_folders"": [""valve1"", ""valve2""]}, ""name"": ""SKAB""}, ""extra"": {""alphabet_size"": 5, ""window_size"": 6}, ""noise"": {""enabled"": true, ""gaussian_mean"": 0.0, ""gaussian_std"": 0.05}, ""preprocessing"": {""missing_data"": {""enabled"": true, ""strategy"": ""mean""}, ""pca"": {""enabled"": true, ""n_components"": 1}, ""scaler"": ""standard"", ""sequence_length"": 16, ""sequence_stride"": 1}, ""project"": {""device"": ""cuda"", ""random_seeds"": [42]}, ""run"": {""family"": ""AUTOMATA"", ""scenario"": ""parameter_analysis"", ""seed"": 42, ""split"": ""fold_0""}, ""training"": {""batch_size"": 32, ""early_stopping"": {""enabled"": true, ""patience"": 5}, ""epochs"": 50, ""optimizer"": ""adam""}}",SKAB,"[""valve1"", ""valve2""]",anomaly,"[""datetime"", ""changepoint"", ""source_group"", ""source_file""]",source_file,0.6,0.2,0.2,True,mean,standard,True,1,16,1,True,0.0,0.05,cuda,[42],32,50,True,5,adam,0.1,4,3,4,1,True,levenshtein,True,0.0001,average_log_probability,0.05,AUTOMATA,42,fold_0,parameter_analysis,6,5,,,
SKAB,42,fold_1,6,5,0.5884718498659517,0.3246753246753247,0.08928571428571429,0.1400560224089636,282,439,282,0.005520346059051356,17,"{""automata"": {""anomaly_threshold"": 0.1, ""decision"": {""fallback_quantile"": 0.05, ""score_field"": ""average_log_probability""}, ""paa"": {""window_size"": 4}, ""probability"": {""epsilon"": 0.0001, ""smoothing"": true}, ""sax"": {""alphabet_size"": 3}, ""sliding_window"": {""size"": 4, ""stride"": 1}, ""unseen_pattern"": {""enabled"": true, ""method"": ""levenshtein""}}, ""dataset"": {""config"": {""drop_columns"": [""datetime"", ""changepoint"", ""source_group"", ""source_file""], ""group_column"": ""source_file"", ""split"": {""test"": 0.2, ""train"": 0.6, ""validation"": 0.2}, ""target_column"": ""anomaly"", ""valve_folders"": [""valve1"", ""valve2""]}, ""name"": ""SKAB""}, ""extra"": {""alphabet_size"": 5, ""window_size"": 6}, ""noise"": {""enabled"": true, ""gaussian_mean"": 0.0, ""gaussian_std"": 0.05}, ""preprocessing"": {""missing_data"": {""enabled"": true, ""strategy"": ""mean""}, ""pca"": {""enabled"": true, ""n_components"": 1}, ""scaler"": ""standard"", ""sequence_length"": 16, ""sequence_stride"": 1}, ""project"": {""device"": ""cuda"", ""random_seeds"": [42]}, ""run"": {""family"": ""AUTOMATA"", ""scenario"": ""parameter_analysis"", ""seed"": 42, ""split"": ""fold_1""}, ""training"": {""batch_size"": 32, ""early_stopping"": {""enabled"": true, ""patience"": 5}, ""epochs"": 50, ""optimizer"": ""adam""}}",SKAB,"[""valve1"", ""valve2""]",anomaly,"[""datetime"", ""changepoint"", ""source_group"", ""source_file""]",source_file,0.6,0.2,0.2,True,mean,standard,True,1,16,1,True,0.0,0.05,cuda,[42],32,50,True,5,adam,0.1,4,3,4,1,True,levenshtein,True,0.0001,average_log_probability,0.05,AUTOMATA,42,fold_1,parameter_analysis,6,5,,,
SKAB,42,fold_2,6,5,0.6091030789825971,0.46153846153846156,0.041379310344827586,0.0759493670886076,286,435,286,0.005318108464961612,4,"{""automata"": {""anomaly_threshold"": 0.1, ""decision"": {""fallback_quantile"": 0.05, ""score_field"": ""average_log_probability""}, ""paa"": {""window_size"": 4}, ""probability"": {""epsilon"": 0.0001, ""smoothing"": true}, ""sax"": {""alphabet_size"": 3}, ""sliding_window"": {""size"": 4, ""stride"": 1}, ""unseen_pattern"": {""enabled"": true, ""method"": ""levenshtein""}}, ""dataset"": {""config"": {""drop_columns"": [""datetime"", ""changepoint"", ""source_group"", ""source_file""], ""group_column"": ""source_file"", ""split"": {""test"": 0.2, ""train"": 0.6, ""validation"": 0.2}, ""target_column"": ""anomaly"", ""valve_folders"": [""valve1"", ""valve2""]}, ""name"": ""SKAB""}, ""extra"": {""alphabet_size"": 5, ""window_size"": 6}, ""noise"": {""enabled"": true, ""gaussian_mean"": 0.0, ""gaussian_std"": 0.05}, ""preprocessing"": {""missing_data"": {""enabled"": true, ""strategy"": ""mean""}, ""pca"": {""enabled"": true, ""n_components"": 1}, ""scaler"": ""standard"", ""sequence_length"": 16, ""sequence_stride"": 1}, ""project"": {""device"": ""cuda"", ""random_seeds"": [42]}, ""run"": {""family"": ""AUTOMATA"", ""scenario"": ""parameter_analysis"", ""seed"": 42, ""split"": ""fold_2""}, ""training"": {""batch_size"": 32, ""early_stopping"": {""enabled"": true, ""patience"": 5}, ""epochs"": 50, ""optimizer"": ""adam""}}",SKAB,"[""valve1"", ""valve2""]",anomaly,"[""datetime"", ""changepoint"", ""source_group"", ""source_file""]",source_file,0.6,0.2,0.2,True,mean,standard,True,1,16,1,True,0.0,0.05,cuda,[42],32,50,True,5,adam,0.1,4,3,4,1,True,levenshtein,True,0.0001,average_log_probability,0.05,AUTOMATA,42,fold_2,parameter_analysis,6,5,,,
SKAB,42,fold_3,6,5,0.5170532060027285,0.21929824561403508,0.08620689655172414,0.12376237623762376,216,323,216,0.0069230109739369,55,"{""automata"": {""anomaly_threshold"": 0.1, ""decision"": {""fallback_quantile"": 0.05, ""score_field"": ""average_log_probability""}, ""paa"": {""window_size"": 4}, ""probability"": {""epsilon"": 0.0001, ""smoothing"": true}, ""sax"": {""alphabet_size"": 3}, ""sliding_window"": {""size"": 4, ""stride"": 1}, ""unseen_pattern"": {""enabled"": true, ""method"": ""levenshtein""}}, ""dataset"": {""config"": {""drop_columns"": [""datetime"", ""changepoint"", ""source_group"", ""source_file""], ""group_column"": ""source_file"", ""split"": {""test"": 0.2, ""train"": 0.6, ""validation"": 0.2}, ""target_column"": ""anomaly"", ""valve_folders"": [""valve1"", ""valve2""]}, ""name"": ""SKAB""}, ""extra"": {""alphabet_size"": 5, ""window_size"": 6}, ""noise"": {""enabled"": true, ""gaussian_mean"": 0.0, ""gaussian_std"": 0.05}, ""preprocessing"": {""missing_data"": {""enabled"": true, ""strategy"": ""mean""}, ""pca"": {""enabled"": true, ""n_components"": 1}, ""scaler"": ""standard"", ""sequence_length"": 16, ""sequence_stride"": 1}, ""project"": {""device"": ""cuda"", ""random_seeds"": [42]}, ""run"": {""family"": ""AUTOMATA"", ""scenario"": ""parameter_analysis"", ""seed"": 42, ""split"": ""fold_3""}, ""training"": {""batch_size"": 32, ""early_stopping"": {""enabled"": true, ""patience"": 5}, ""epochs"": 50, ""optimizer"": ""adam""}}",SKAB,"[""valve1"", ""valve2""]",anomaly,"[""datetime"", ""changepoint"", ""source_group"", ""source_file""]",source_file,0.6,0.2,0.2,True,mean,standard,True,1,16,1,True,0.0,0.05,cuda,[42],32,50,True,5,adam,0.1,4,3,4,1,True,levenshtein,True,0.0001,average_log_probability,0.05,AUTOMATA,42,fold_3,parameter_analysis,6,5,,,
SKAB,42,fold_4,6,5,0.49867021276595747,0.3779527559055118,0.5070422535211268,0.4330827067669173,209,329,209,0.0075318788489274514,355,"{""automata"": {""anomaly_threshold"": 0.1, ""decision"": {""fallback_quantile"": 0.05, ""score_field"": ""average_log_probability""}, ""paa"": {""window_size"": 4}, ""probability"": {""epsilon"": 0.0001, ""smoothing"": true}, ""sax"": {""alphabet_size"": 3}, ""sliding_window"": {""size"": 4, ""stride"": 1}, ""unseen_pattern"": {""enabled"": true, ""method"": ""levenshtein""}}, ""dataset"": {""config"": {""drop_columns"": [""datetime"", ""changepoint"", ""source_group"", ""source_file""], ""group_column"": ""source_file"", ""split"": {""test"": 0.2, ""train"": 0.6, ""validation"": 0.2}, ""target_column"": ""anomaly"", ""valve_folders"": [""valve1"", ""valve2""]}, ""name"": ""SKAB""}, ""extra"": {""alphabet_size"": 5, ""window_size"": 6}, ""noise"": {""enabled"": true, ""gaussian_mean"": 0.0, ""gaussian_std"": 0.05}, ""preprocessing"": {""missing_data"": {""enabled"": true, ""strategy"": ""mean""}, ""pca"": {""enabled"": true, ""n_components"": 1}, ""scaler"": ""standard"", ""sequence_length"": 16, ""sequence_stride"": 1}, ""project"": {""device"": ""cuda"", ""random_seeds"": [42]}, ""run"": {""family"": ""AUTOMATA"", ""scenario"": ""parameter_analysis"", ""seed"": 42, ""split"": ""fold_4""}, ""training"": {""batch_size"": 32, ""early_stopping"": {""enabled"": true, ""patience"": 5}, ""epochs"": 50, ""optimizer"": ""adam""}}",SKAB,"[""valve1"", ""valve2""]",anomaly,"[""datetime"", ""changepoint"", ""source_group"", ""source_file""]",source_file,0.6,0.2,0.2,True,mean,standard,True,1,16,1,True,0.0,0.05,cuda,[42],32,50,True,5,adam,0.1,4,3,4,1,True,levenshtein,True,0.0001,average_log_probability,0.05,AUTOMATA,42,fold_4,parameter_analysis,6,5,,,
SKAB,42,fold_0,6,6,0.48655913978494625,0.18012422360248448,0.1039426523297491,0.1318181818181818,379,561,379,0.0039055701366601456,102,"{""automata"": {""anomaly_threshold"": 0.1, ""decision"": {""fallback_quantile"": 0.05, ""score_field"": ""average_log_probability""}, ""paa"": {""window_size"": 4}, ""probability"": {""epsilon"": 0.0001, ""smoothing"": true}, ""sax"": {""alphabet_size"": 3}, ""sliding_window"": {""size"": 4, ""stride"": 1}, ""unseen_pattern"": {""enabled"": true, ""method"": ""levenshtein""}}, ""dataset"": {""config"": {""drop_columns"": [""datetime"", ""changepoint"", ""source_group"", ""source_file""], ""group_column"": ""source_file"", ""split"": {""test"": 0.2, ""train"": 0.6, ""validation"": 0.2}, ""target_column"": ""anomaly"", ""valve_folders"": [""valve1"", ""valve2""]}, ""name"": ""SKAB""}, ""extra"": {""alphabet_size"": 6, ""window_size"": 6}, ""noise"": {""enabled"": true, ""gaussian_mean"": 0.0, ""gaussian_std"": 0.05}, ""preprocessing"": {""missing_data"": {""enabled"": true, ""strategy"": ""mean""}, ""pca"": {""enabled"": true, ""n_components"": 1}, ""scaler"": ""standard"", ""sequence_length"": 16, ""sequence_stride"": 1}, ""project"": {""device"": ""cuda"", ""random_seeds"": [42]}, ""run"": {""family"": ""AUTOMATA"", ""scenario"": ""parameter_analysis"", ""seed"": 42, ""split"": ""fold_0""}, ""training"": {""batch_size"": 32, ""early_stopping"": {""enabled"": true, ""patience"": 5}, ""epochs"": 50, ""optimizer"": ""adam""}}",SKAB,"[""valve1"", ""valve2""]",anomaly,"[""datetime"", ""changepoint"", ""source_group"", ""source_file""]",source_file,0.6,0.2,0.2,True,mean,standard,True,1,16,1,True,0.0,0.05,cuda,[42],32,50,True,5,adam,0.1,4,3,4,1,True,levenshtein,True,0.0001,average_log_probability,0.05,AUTOMATA,42,fold_0,parameter_analysis,6,6,,,
SKAB,42,fold_1,6,6,0.6112600536193029,0.4,0.07142857142857142,0.12121212121212122,339,529,339,0.004603162172274867,16,"{""automata"": {""anomaly_threshold"": 0.1, ""decision"": {""fallback_quantile"": 0.05, ""score_field"": ""average_log_probability""}, ""paa"": {""window_size"": 4}, ""probability"": {""epsilon"": 0.0001, ""smoothing"": true}, ""sax"": {""alphabet_size"": 3}, ""sliding_window"": {""size"": 4, ""stride"": 1}, ""unseen_pattern"": {""enabled"": true, ""method"": ""levenshtein""}}, ""dataset"": {""config"": {""drop_columns"": [""datetime"", ""changepoint"", ""source_group"", ""source_file""], ""group_column"": ""source_file"", ""split"": {""test"": 0.2, ""train"": 0.6, ""validation"": 0.2}, ""target_column"": ""anomaly"", ""valve_folders"": [""valve1"", ""valve2""]}, ""name"": ""SKAB""}, ""extra"": {""alphabet_size"": 6, ""window_size"": 6}, ""noise"": {""enabled"": true, ""gaussian_mean"": 0.0, ""gaussian_std"": 0.05}, ""preprocessing"": {""missing_data"": {""enabled"": true, ""strategy"": ""mean""}, ""pca"": {""enabled"": true, ""n_components"": 1}, ""scaler"": ""standard"", ""sequence_length"": 16, ""sequence_stride"": 1}, ""project"": {""device"": ""cuda"", ""random_seeds"": [42]}, ""run"": {""family"": ""AUTOMATA"", ""scenario"": ""parameter_analysis"", ""seed"": 42, ""split"": ""fold_1""}, ""training"": {""batch_size"": 32, ""early_stopping"": {""enabled"": true, ""patience"": 5}, ""epochs"": 50, ""optimizer"": ""adam""}}",SKAB,"[""valve1"", ""valve2""]",anomaly,"[""datetime"", ""changepoint"", ""source_group"", ""source_file""]",source_file,0.6,0.2,0.2,True,mean,standard,True,1,16,1,True,0.0,0.05,cuda,[42],32,50,True,5,adam,0.1,4,3,4,1,True,levenshtein,True,0.0001,average_log_probability,0.05,AUTOMATA,42,fold_1,parameter_analysis,6,6,,,
SKAB,42,fold_2,6,6,0.6198125836680054,0.5714285714285714,0.08275862068965517,0.14457831325301204,404,572,404,0.003504558376629742,14,"{""automata"": {""anomaly_threshold"": 0.1, ""decision"": {""fallback_quantile"": 0.05, ""score_field"": ""average_log_probability""}, ""paa"": {""window_size"": 4}, ""probability"": {""epsilon"": 0.0001, ""smoothing"": true}, ""sax"": {""alphabet_size"": 3}, ""sliding_window"": {""size"": 4, ""stride"": 1}, ""unseen_pattern"": {""enabled"": true, ""method"": ""levenshtein""}}, ""dataset"": {""config"": {""drop_columns"": [""datetime"", ""changepoint"", ""source_group"", ""source_file""], ""group_column"": ""source_file"", ""split"": {""test"": 0.2, ""train"": 0.6, ""validation"": 0.2}, ""target_column"": ""anomaly"", ""valve_folders"": [""valve1"", ""valve2""]}, ""name"": ""SKAB""}, ""extra"": {""alphabet_size"": 6, ""window_size"": 6}, ""noise"": {""enabled"": true, ""gaussian_mean"": 0.0, ""gaussian_std"": 0.05}, ""preprocessing"": {""missing_data"": {""enabled"": true, ""strategy"": ""mean""}, ""pca"": {""enabled"": true, ""n_components"": 1}, ""scaler"": ""standard"", ""sequence_length"": 16, ""sequence_stride"": 1}, ""project"": {""device"": ""cuda"", ""random_seeds"": [42]}, ""run"": {""family"": ""AUTOMATA"", ""scenario"": ""parameter_analysis"", ""seed"": 42, ""split"": ""fold_2""}, ""training"": {""batch_size"": 32, ""early_stopping"": {""enabled"": true, ""patience"": 5}, ""epochs"": 50, ""optimizer"": ""adam""}}",SKAB,"[""valve1"", ""valve2""]",anomaly,"[""datetime"", ""changepoint"", ""source_group"", ""source_file""]",source_file,0.6,0.2,0.2,True,mean,standard,True,1,16,1,True,0.0,0.05,cuda,[42],32,50,True,5,adam,0.1,4,3,4,1,True,levenshtein,True,0.0001,average_log_probability,0.05,AUTOMATA,42,fold_2,parameter_analysis,6,6,,,
SKAB,42,fold_3,6,6,0.4693042291950887,0.2537313432835821,0.17586206896551723,0.20773930753564154,325,506,325,0.0047905325443786985,149,"{""automata"": {""anomaly_threshold"": 0.1, ""decision"": {""fallback_quantile"": 0.05, ""score_field"": ""average_log_probability""}, ""paa"": {""window_size"": 4}, ""probability"": {""epsilon"": 0.0001, ""smoothing"": true}, ""sax"": {""alphabet_size"": 3}, ""sliding_window"": {""size"": 4, ""stride"": 1}, ""unseen_pattern"": {""enabled"": true, ""method"": ""levenshtein""}}, ""dataset"": {""config"": {""drop_columns"": [""datetime"", ""changepoint"", ""source_group"", ""source_file""], ""group_column"": ""source_file"", ""split"": {""test"": 0.2, ""train"": 0.6, ""validation"": 0.2}, ""target_column"": ""anomaly"", ""valve_folders"": [""valve1"", ""valve2""]}, ""name"": ""SKAB""}, ""extra"": {""alphabet_size"": 6, ""window_size"": 6}, ""noise"": {""enabled"": true, ""gaussian_mean"": 0.0, ""gaussian_std"": 0.05}, ""preprocessing"": {""missing_data"": {""enabled"": true, ""strategy"": ""mean""}, ""pca"": {""enabled"": true, ""n_components"": 1}, ""scaler"": ""standard"", ""sequence_length"": 16, ""sequence_stride"": 1}, ""project"": {""device"": ""cuda"", ""random_seeds"": [42]}, ""run"": {""family"": ""AUTOMATA"", ""scenario"": ""parameter_analysis"", ""seed"": 42, ""split"": ""fold_3""}, ""training"": {""batch_size"": 32, ""early_stopping"": {""enabled"": true, ""patience"": 5}, ""epochs"": 50, ""optimizer"": ""adam""}}",SKAB,"[""valve1"", ""valve2""]",anomaly,"[""datetime"", ""changepoint"", ""source_group"", ""source_file""]",source_file,0.6,0.2,0.2,True,mean,standard,True,1,16,1,True,0.0,0.05,cuda,[42],32,50,True,5,adam,0.1,4,3,4,1,True,levenshtein,True,0.0001,average_log_probability,0.05,AUTOMATA,42,fold_3,parameter_analysis,6,6,,,
SKAB,42,fold_4,6,6,0.523936170212766,0.4131455399061033,0.6197183098591549,0.49577464788732395,285,437,285,0.005380116959064328,369,"{""automata"": {""anomaly_threshold"": 0.1, ""decision"": {""fallback_quantile"": 0.05, ""score_field"": ""average_log_probability""}, ""paa"": {""window_size"": 4}, ""probability"": {""epsilon"": 0.0001, ""smoothing"": true}, ""sax"": {""alphabet_size"": 3}, ""sliding_window"": {""size"": 4, ""stride"": 1}, ""unseen_pattern"": {""enabled"": true, ""method"": ""levenshtein""}}, ""dataset"": {""config"": {""drop_columns"": [""datetime"", ""changepoint"", ""source_group"", ""source_file""], ""group_column"": ""source_file"", ""split"": {""test"": 0.2, ""train"": 0.6, ""validation"": 0.2}, ""target_column"": ""anomaly"", ""valve_folders"": [""valve1"", ""valve2""]}, ""name"": ""SKAB""}, ""extra"": {""alphabet_size"": 6, ""window_size"": 6}, ""noise"": {""enabled"": true, ""gaussian_mean"": 0.0, ""gaussian_std"": 0.05}, ""preprocessing"": {""missing_data"": {""enabled"": true, ""strategy"": ""mean""}, ""pca"": {""enabled"": true, ""n_components"": 1}, ""scaler"": ""standard"", ""sequence_length"": 16, ""sequence_stride"": 1}, ""project"": {""device"": ""cuda"", ""random_seeds"": [42]}, ""run"": {""family"": ""AUTOMATA"", ""scenario"": ""parameter_analysis"", ""seed"": 42, ""split"": ""fold_4""}, ""training"": {""batch_size"": 32, ""early_stopping"": {""enabled"": true, ""patience"": 5}, ""epochs"": 50, ""optimizer"": ""adam""}}",SKAB,"[""valve1"", ""valve2""]",anomaly,"[""datetime"", ""changepoint"", ""source_group"", ""source_file""]",source_file,0.6,0.2,0.2,True,mean,standard,True,1,16,1,True,0.0,0.05,cuda,[42],32,50,True,5,adam,0.1,4,3,4,1,True,levenshtein,True,0.0001,average_log_probability,0.05,AUTOMATA,42,fold_4,parameter_analysis,6,6,,,
BATADAL,42,test,3,3,0.8483754512635379,0.2916666666666667,0.21875,0.25,26,71,26,0.10502958579881656,1,"{""automata"": {""anomaly_threshold"": 0.1, ""decision"": {""fallback_quantile"": 0.05, ""score_field"": ""average_log_probability""}, ""paa"": {""window_size"": 4}, ""probability"": {""epsilon"": 0.0001, ""smoothing"": true}, ""sax"": {""alphabet_size"": 3}, ""sliding_window"": {""size"": 4, ""stride"": 1}, ""unseen_pattern"": {""enabled"": true, ""method"": ""levenshtein""}}, ""dataset"": {""config"": {""anomaly_label_value"": 1, ""drop_columns"": [""DATETIME""], ""normal_label_value"": -999, ""split"": {""test"": 0.2, ""train"": 0.6, ""validation"": 0.2}, ""target_column"": ""ATT_FLAG"", ""train_file"": ""BATADAL_dataset04.csv""}, ""name"": ""BATADAL""}, ""extra"": {""alphabet_size"": 3, ""window_size"": 3}, ""noise"": {""enabled"": true, ""gaussian_mean"": 0.0, ""gaussian_std"": 0.05}, ""preprocessing"": {""missing_data"": {""enabled"": true, ""strategy"": ""mean""}, ""pca"": {""enabled"": true, ""n_components"": 1}, ""scaler"": ""standard"", ""sequence_length"": 16, ""sequence_stride"": 1}, ""project"": {""device"": ""cuda"", ""random_seeds"": [42]}, ""run"": {""family"": ""AUTOMATA"", ""scenario"": ""parameter_analysis"", ""seed"": 42, ""split"": ""test""}, ""training"": {""batch_size"": 32, ""early_stopping"": {""enabled"": true, ""patience"": 5}, ""epochs"": 50, ""optimizer"": ""adam""}}",BATADAL,,ATT_FLAG,"[""DATETIME""]",,0.6,0.2,0.2,True,mean,standard,True,1,16,1,True,0.0,0.05,cuda,[42],32,50,True,5,adam,0.1,4,3,4,1,True,levenshtein,True,0.0001,average_log_probability,0.05,AUTOMATA,42,test,parameter_analysis,3,3,BATADAL_dataset04.csv,-999.0,1.0
BATADAL,42,test,3,4,0.7328519855595668,0.125,0.21875,0.1590909090909091,59,174,59,0.04998563631140477,3,"{""automata"": {""anomaly_threshold"": 0.1, ""decision"": {""fallback_quantile"": 0.05, ""score_field"": ""average_log_probability""}, ""paa"": {""window_size"": 4}, ""probability"": {""epsilon"": 0.0001, ""smoothing"": true}, ""sax"": {""alphabet_size"": 3}, ""sliding_window"": {""size"": 4, ""stride"": 1}, ""unseen_pattern"": {""enabled"": true, ""method"": ""levenshtein""}}, ""dataset"": {""config"": {""anomaly_label_value"": 1, ""drop_columns"": [""DATETIME""], ""normal_label_value"": -999, ""split"": {""test"": 0.2, ""train"": 0.6, ""validation"": 0.2}, ""target_column"": ""ATT_FLAG"", ""train_file"": ""BATADAL_dataset04.csv""}, ""name"": ""BATADAL""}, ""extra"": {""alphabet_size"": 4, ""window_size"": 3}, ""noise"": {""enabled"": true, ""gaussian_mean"": 0.0, ""gaussian_std"": 0.05}, ""preprocessing"": {""missing_data"": {""enabled"": true, ""strategy"": ""mean""}, ""pca"": {""enabled"": true, ""n_components"": 1}, ""scaler"": ""standard"", ""sequence_length"": 16, ""sequence_stride"": 1}, ""project"": {""device"": ""cuda"", ""random_seeds"": [42]}, ""run"": {""family"": ""AUTOMATA"", ""scenario"": ""parameter_analysis"", ""seed"": 42, ""split"": ""test""}, ""training"": {""batch_size"": 32, ""early_stopping"": {""enabled"": true, ""patience"": 5}, ""epochs"": 50, ""optimizer"": ""adam""}}",BATADAL,,ATT_FLAG,"[""DATETIME""]",,0.6,0.2,0.2,True,mean,standard,True,1,16,1,True,0.0,0.05,cuda,[42],32,50,True,5,adam,0.1,4,3,4,1,True,levenshtein,True,0.0001,average_log_probability,0.05,AUTOMATA,42,test,parameter_analysis,3,4,BATADAL_dataset04.csv,-999.0,1.0
BATADAL,42,test,3,5,0.5992779783393501,0.11650485436893204,0.375,0.17777777777777778,112,306,112,0.024394132653061226,4,"{""automata"": {""anomaly_threshold"": 0.1, ""decision"": {""fallback_quantile"": 0.05, ""score_field"": ""average_log_probability""}, ""paa"": {""window_size"": 4}, ""probability"": {""epsilon"": 0.0001, ""smoothing"": true}, ""sax"": {""alphabet_size"": 3}, ""sliding_window"": {""size"": 4, ""stride"": 1}, ""unseen_pattern"": {""enabled"": true, ""method"": ""levenshtein""}}, ""dataset"": {""config"": {""anomaly_label_value"": 1, ""drop_columns"": [""DATETIME""], ""normal_label_value"": -999, ""split"": {""test"": 0.2, ""train"": 0.6, ""validation"": 0.2}, ""target_column"": ""ATT_FLAG"", ""train_file"": ""BATADAL_dataset04.csv""}, ""name"": ""BATADAL""}, ""extra"": {""alphabet_size"": 5, ""window_size"": 3}, ""noise"": {""enabled"": true, ""gaussian_mean"": 0.0, ""gaussian_std"": 0.05}, ""preprocessing"": {""missing_data"": {""enabled"": true, ""strategy"": ""mean""}, ""pca"": {""enabled"": true, ""n_components"": 1}, ""scaler"": ""standard"", ""sequence_length"": 16, ""sequence_stride"": 1}, ""project"": {""device"": ""cuda"", ""random_seeds"": [42]}, ""run"": {""family"": ""AUTOMATA"", ""scenario"": ""parameter_analysis"", ""seed"": 42, ""split"": ""test""}, ""training"": {""batch_size"": 32, ""early_stopping"": {""enabled"": true, ""patience"": 5}, ""epochs"": 50, ""optimizer"": ""adam""}}",BATADAL,,ATT_FLAG,"[""DATETIME""]",,0.6,0.2,0.2,True,mean,standard,True,1,16,1,True,0.0,0.05,cuda,[42],32,50,True,5,adam,0.1,4,3,4,1,True,levenshtein,True,0.0001,average_log_probability,0.05,AUTOMATA,42,test,parameter_analysis,3,5,BATADAL_dataset04.csv,-999.0,1.0
BATADAL,42,test,3,6,0.5595667870036101,0.11206896551724138,0.40625,0.17567567567567569,178,465,178,0.014676177250347179,8,"{""automata"": {""anomaly_threshold"": 0.1, ""decision"": {""fallback_quantile"": 0.05, ""score_field"": ""average_log_probability""}, ""paa"": {""window_size"": 4}, ""probability"": {""epsilon"": 0.0001, ""smoothing"": true}, ""sax"": {""alphabet_size"": 3}, ""sliding_window"": {""size"": 4, ""stride"": 1}, ""unseen_pattern"": {""enabled"": true, ""method"": ""levenshtein""}}, ""dataset"": {""config"": {""anomaly_label_value"": 1, ""drop_columns"": [""DATETIME""], ""normal_label_value"": -999, ""split"": {""test"": 0.2, ""train"": 0.6, ""validation"": 0.2}, ""target_column"": ""ATT_FLAG"", ""train_file"": ""BATADAL_dataset04.csv""}, ""name"": ""BATADAL""}, ""extra"": {""alphabet_size"": 6, ""window_size"": 3}, ""noise"": {""enabled"": true, ""gaussian_mean"": 0.0, ""gaussian_std"": 0.05}, ""preprocessing"": {""missing_data"": {""enabled"": true, ""strategy"": ""mean""}, ""pca"": {""enabled"": true, ""n_components"": 1}, ""scaler"": ""standard"", ""sequence_length"": 16, ""sequence_stride"": 1}, ""project"": {""device"": ""cuda"", ""random_seeds"": [42]}, ""run"": {""family"": ""AUTOMATA"", ""scenario"": ""parameter_analysis"", ""seed"": 42, ""split"": ""test""}, ""training"": {""batch_size"": 32, ""early_stopping"": {""enabled"": true, ""patience"": 5}, ""epochs"": 50, ""optimizer"": ""adam""}}",BATADAL,,ATT_FLAG,"[""DATETIME""]",,0.6,0.2,0.2,True,mean,standard,True,1,16,1,True,0.0,0.05,cuda,[42],32,50,True,5,adam,0.1,4,3,4,1,True,levenshtein,True,0.0001,average_log_probability,0.05,AUTOMATA,42,test,parameter_analysis,3,6,BATADAL_dataset04.csv,-999.0,1.0
BATADAL,42,test,4,3,0.7281553398058253,0.22,0.39285714285714285,0.28205128205128205,76,151,76,0.026142659279778394,9,"{""automata"": {""anomaly_threshold"": 0.1, ""decision"": {""fallback_quantile"": 0.05, ""score_field"": ""average_log_probability""}, ""paa"": {""window_size"": 4}, ""probability"": {""epsilon"": 0.0001, ""smoothing"": true}, ""sax"": {""alphabet_size"": 3}, ""sliding_window"": {""size"": 4, ""stride"": 1}, ""unseen_pattern"": {""enabled"": true, ""method"": ""levenshtein""}}, ""dataset"": {""config"": {""anomaly_label_value"": 1, ""drop_columns"": [""DATETIME""], ""normal_label_value"": -999, ""split"": {""test"": 0.2, ""train"": 0.6, ""validation"": 0.2}, ""target_column"": ""ATT_FLAG"", ""train_file"": ""BATADAL_dataset04.csv""}, ""name"": ""BATADAL""}, ""extra"": {""alphabet_size"": 3, ""window_size"": 4}, ""noise"": {""enabled"": true, ""gaussian_mean"": 0.0, ""gaussian_std"": 0.05}, ""preprocessing"": {""missing_data"": {""enabled"": true, ""strategy"": ""mean""}, ""pca"": {""enabled"": true, ""n_components"": 1}, ""scaler"": ""standard"", ""sequence_length"": 16, ""sequence_stride"": 1}, ""project"": {""device"": ""cuda"", ""random_seeds"": [42]}, ""run"": {""family"": ""AUTOMATA"", ""scenario"": ""parameter_analysis"", ""seed"": 42, ""split"": ""test""}, ""training"": {""batch_size"": 32, ""early_stopping"": {""enabled"": true, ""patience"": 5}, ""epochs"": 50, ""optimizer"": ""adam""}}",BATADAL,,ATT_FLAG,"[""DATETIME""]",,0.6,0.2,0.2,True,mean,standard,True,1,16,1,True,0.0,0.05,cuda,[42],32,50,True,5,adam,0.1,4,3,4,1,True,levenshtein,True,0.0001,average_log_probability,0.05,AUTOMATA,42,test,parameter_analysis,4,3,BATADAL_dataset04.csv,-999.0,1.0
BATADAL,42,test,4,4,0.5825242718446602,0.19791666666666666,0.6785714285714286,0.3064516129032258,175,292,175,0.00953469387755102,46,"{""automata"": {""anomaly_threshold"": 0.1, ""decision"": {""fallback_quantile"": 0.05, ""score_field"": ""average_log_probability""}, ""paa"": {""window_size"": 4}, ""probability"": {""epsilon"": 0.0001, ""smoothing"": true}, ""sax"": {""alphabet_size"": 3}, ""sliding_window"": {""size"": 4, ""stride"": 1}, ""unseen_pattern"": {""enabled"": true, ""method"": ""levenshtein""}}, ""dataset"": {""config"": {""anomaly_label_value"": 1, ""drop_columns"": [""DATETIME""], ""normal_label_value"": -999, ""split"": {""test"": 0.2, ""train"": 0.6, ""validation"": 0.2}, ""target_column"": ""ATT_FLAG"", ""train_file"": ""BATADAL_dataset04.csv""}, ""name"": ""BATADAL""}, ""extra"": {""alphabet_size"": 4, ""window_size"": 4}, ""noise"": {""enabled"": true, ""gaussian_mean"": 0.0, ""gaussian_std"": 0.05}, ""preprocessing"": {""missing_data"": {""enabled"": true, ""strategy"": ""mean""}, ""pca"": {""enabled"": true, ""n_components"": 1}, ""scaler"": ""standard"", ""sequence_length"": 16, ""sequence_stride"": 1}, ""project"": {""device"": ""cuda"", ""random_seeds"": [42]}, ""run"": {""family"": ""AUTOMATA"", ""scenario"": ""parameter_analysis"", ""seed"": 42, ""split"": ""test""}, ""training"": {""batch_size"": 32, ""early_stopping"": {""enabled"": true, ""patience"": 5}, ""epochs"": 50, ""optimizer"": ""adam""}}",BATADAL,,ATT_FLAG,"[""DATETIME""]",,0.6,0.2,0.2,True,mean,standard,True,1,16,1,True,0.0,0.05,cuda,[42],32,50,True,5,adam,0.1,4,3,4,1,True,levenshtein,True,0.0001,average_log_probability,0.05,AUTOMATA,42,test,parameter_analysis,4,4,BATADAL_dataset04.csv,-999.0,1.0
BATADAL,42,test,4,5,0.4320388349514563,0.144,0.6428571428571429,0.23529411764705882,258,390,258,0.005859022895258698,87,"{""automata"": {""anomaly_threshold"": 0.1, ""decision"": {""fallback_quantile"": 0.05, ""score_field"": ""average_log_probability""}, ""paa"": {""window_size"": 4}, ""probability"": {""epsilon"": 0.0001, ""smoothing"": true}, ""sax"": {""alphabet_size"": 3}, ""sliding_window"": {""size"": 4, ""stride"": 1}, ""unseen_pattern"": {""enabled"": true, ""method"": ""levenshtein""}}, ""dataset"": {""config"": {""anomaly_label_value"": 1, ""drop_columns"": [""DATETIME""], ""normal_label_value"": -999, ""split"": {""test"": 0.2, ""train"": 0.6, ""validation"": 0.2}, ""target_column"": ""ATT_FLAG"", ""train_file"": ""BATADAL_dataset04.csv""}, ""name"": ""BATADAL""}, ""extra"": {""alphabet_size"": 5, ""window_size"": 4}, ""noise"": {""enabled"": true, ""gaussian_mean"": 0.0, ""gaussian_std"": 0.05}, ""preprocessing"": {""missing_data"": {""enabled"": true, ""strategy"": ""mean""}, ""pca"": {""enabled"": true, ""n_components"": 1}, ""scaler"": ""standard"", ""sequence_length"": 16, ""sequence_stride"": 1}, ""project"": {""device"": ""cuda"", ""random_seeds"": [42]}, ""run"": {""family"": ""AUTOMATA"", ""scenario"": ""parameter_analysis"", ""seed"": 42, ""split"": ""test""}, ""training"": {""batch_size"": 32, ""early_stopping"": {""enabled"": true, ""patience"": 5}, ""epochs"": 50, ""optimizer"": ""adam""}}",BATADAL,,ATT_FLAG,"[""DATETIME""]",,0.6,0.2,0.2,True,mean,standard,True,1,16,1,True,0.0,0.05,cuda,[42],32,50,True,5,adam,0.1,4,3,4,1,True,levenshtein,True,0.0001,average_log_probability,0.05,AUTOMATA,42,test,parameter_analysis,4,5,BATADAL_dataset04.csv,-999.0,1.0
BATADAL,42,test,4,6,0.3592233009708738,0.15333333333333332,0.8214285714285714,0.25842696629213485,340,458,340,0.003961937716262976,110,"{""automata"": {""anomaly_threshold"": 0.1, ""decision"": {""fallback_quantile"": 0.05, ""score_field"": ""average_log_probability""}, ""paa"": {""window_size"": 4}, ""probability"": {""epsilon"": 0.0001, ""smoothing"": true}, ""sax"": {""alphabet_size"": 3}, ""sliding_window"": {""size"": 4, ""stride"": 1}, ""unseen_pattern"": {""enabled"": true, ""method"": ""levenshtein""}}, ""dataset"": {""config"": {""anomaly_label_value"": 1, ""drop_columns"": [""DATETIME""], ""normal_label_value"": -999, ""split"": {""test"": 0.2, ""train"": 0.6, ""validation"": 0.2}, ""target_column"": ""ATT_FLAG"", ""train_file"": ""BATADAL_dataset04.csv""}, ""name"": ""BATADAL""}, ""extra"": {""alphabet_size"": 6, ""window_size"": 4}, ""noise"": {""enabled"": true, ""gaussian_mean"": 0.0, ""gaussian_std"": 0.05}, ""preprocessing"": {""missing_data"": {""enabled"": true, ""strategy"": ""mean""}, ""pca"": {""enabled"": true, ""n_components"": 1}, ""scaler"": ""standard"", ""sequence_length"": 16, ""sequence_stride"": 1}, ""project"": {""device"": ""cuda"", ""random_seeds"": [42]}, ""run"": {""family"": ""AUTOMATA"", ""scenario"": ""parameter_analysis"", ""seed"": 42, ""split"": ""test""}, ""training"": {""batch_size"": 32, ""early_stopping"": {""enabled"": true, ""patience"": 5}, ""epochs"": 50, ""optimizer"": ""adam""}}",BATADAL,,ATT_FLAG,"[""DATETIME""]",,0.6,0.2,0.2,True,mean,standard,True,1,16,1,True,0.0,0.05,cuda,[42],32,50,True,5,adam,0.1,4,3,4,1,True,levenshtein,True,0.0001,average_log_probability,0.05,AUTOMATA,42,test,parameter_analysis,4,6,BATADAL_dataset04.csv,-999.0,1.0
BATADAL,42,test,5,3,0.5792682926829268,0.041666666666666664,0.08,0.0547945205479452,166,254,166,0.009217593264624764,22,"{""automata"": {""anomaly_threshold"": 0.1, ""decision"": {""fallback_quantile"": 0.05, ""score_field"": ""average_log_probability""}, ""paa"": {""window_size"": 4}, ""probability"": {""epsilon"": 0.0001, ""smoothing"": true}, ""sax"": {""alphabet_size"": 3}, ""sliding_window"": {""size"": 4, ""stride"": 1}, ""unseen_pattern"": {""enabled"": true, ""method"": ""levenshtein""}}, ""dataset"": {""config"": {""anomaly_label_value"": 1, ""drop_columns"": [""DATETIME""], ""normal_label_value"": -999, ""split"": {""test"": 0.2, ""train"": 0.6, ""validation"": 0.2}, ""target_column"": ""ATT_FLAG"", ""train_file"": ""BATADAL_dataset04.csv""}, ""name"": ""BATADAL""}, ""extra"": {""alphabet_size"": 3, ""window_size"": 5}, ""noise"": {""enabled"": true, ""gaussian_mean"": 0.0, ""gaussian_std"": 0.05}, ""preprocessing"": {""missing_data"": {""enabled"": true, ""strategy"": ""mean""}, ""pca"": {""enabled"": true, ""n_components"": 1}, ""scaler"": ""standard"", ""sequence_length"": 16, ""sequence_stride"": 1}, ""project"": {""device"": ""cuda"", ""random_seeds"": [42]}, ""run"": {""family"": ""AUTOMATA"", ""scenario"": ""parameter_analysis"", ""seed"": 42, ""split"": ""test""}, ""training"": {""batch_size"": 32, ""early_stopping"": {""enabled"": true, ""patience"": 5}, ""epochs"": 50, ""optimizer"": ""adam""}}",BATADAL,,ATT_FLAG,"[""DATETIME""]",,0.6,0.2,0.2,True,mean,standard,True,1,16,1,True,0.0,0.05,cuda,[42],32,50,True,5,adam,0.1,4,3,4,1,True,levenshtein,True,0.0001,average_log_probability,0.05,AUTOMATA,42,test,parameter_analysis,5,3,BATADAL_dataset04.csv,-999.0,1.0
BATADAL,42,test,5,4,0.5060975609756098,0.18888888888888888,0.68,0.2956521739130435,298,375,298,0.004222782757533444,56,"{""automata"": {""anomaly_threshold"": 0.1, ""decision"": {""fallback_quantile"": 0.05, ""score_field"": ""average_log_probability""}, ""paa"": {""window_size"": 4}, ""probability"": {""epsilon"": 0.0001, ""smoothing"": true}, ""sax"": {""alphabet_size"": 3}, ""sliding_window"": {""size"": 4, ""stride"": 1}, ""unseen_pattern"": {""enabled"": true, ""method"": ""levenshtein""}}, ""dataset"": {""config"": {""anomaly_label_value"": 1, ""drop_columns"": [""DATETIME""], ""normal_label_value"": -999, ""split"": {""test"": 0.2, ""train"": 0.6, ""validation"": 0.2}, ""target_column"": ""ATT_FLAG"", ""train_file"": ""BATADAL_dataset04.csv""}, ""name"": ""BATADAL""}, ""extra"": {""alphabet_size"": 4, ""window_size"": 5}, ""noise"": {""enabled"": true, ""gaussian_mean"": 0.0, ""gaussian_std"": 0.05}, ""preprocessing"": {""missing_data"": {""enabled"": true, ""strategy"": ""mean""}, ""pca"": {""enabled"": true, ""n_components"": 1}, ""scaler"": ""standard"", ""sequence_length"": 16, ""sequence_stride"": 1}, ""project"": {""device"": ""cuda"", ""random_seeds"": [42]}, ""run"": {""family"": ""AUTOMATA"", ""scenario"": ""parameter_analysis"", ""seed"": 42, ""split"": ""test""}, ""training"": {""batch_size"": 32, ""early_stopping"": {""enabled"": true, ""patience"": 5}, ""epochs"": 50, ""optimizer"": ""adam""}}",BATADAL,,ATT_FLAG,"[""DATETIME""]",,0.6,0.2,0.2,True,mean,standard,True,1,16,1,True,0.0,0.05,cuda,[42],32,50,True,5,adam,0.1,4,3,4,1,True,levenshtein,True,0.0001,average_log_probability,0.05,AUTOMATA,42,test,parameter_analysis,5,4,BATADAL_dataset04.csv,-999.0,1.0
BATADAL,42,test,5,5,0.25,0.15,0.84,0.2545454545454545,368,426,367,0.0031456758034026466,131,"{""automata"": {""anomaly_threshold"": 0.1, ""decision"": {""fallback_quantile"": 0.05, ""score_field"": ""average_log_probability""}, ""paa"": {""window_size"": 4}, ""probability"": {""epsilon"": 0.0001, ""smoothing"": true}, ""sax"": {""alphabet_size"": 3}, ""sliding_window"": {""size"": 4, ""stride"": 1}, ""unseen_pattern"": {""enabled"": true, ""method"": ""levenshtein""}}, ""dataset"": {""config"": {""anomaly_label_value"": 1, ""drop_columns"": [""DATETIME""], ""normal_label_value"": -999, ""split"": {""test"": 0.2, ""train"": 0.6, ""validation"": 0.2}, ""target_column"": ""ATT_FLAG"", ""train_file"": ""BATADAL_dataset04.csv""}, ""name"": ""BATADAL""}, ""extra"": {""alphabet_size"": 5, ""window_size"": 5}, ""noise"": {""enabled"": true, ""gaussian_mean"": 0.0, ""gaussian_std"": 0.05}, ""preprocessing"": {""missing_data"": {""enabled"": true, ""strategy"": ""mean""}, ""pca"": {""enabled"": true, ""n_components"": 1}, ""scaler"": ""standard"", ""sequence_length"": 16, ""sequence_stride"": 1}, ""project"": {""device"": ""cuda"", ""random_seeds"": [42]}, ""run"": {""family"": ""AUTOMATA"", ""scenario"": ""parameter_analysis"", ""seed"": 42, ""split"": ""test""}, ""training"": {""batch_size"": 32, ""early_stopping"": {""enabled"": true, ""patience"": 5}, ""epochs"": 50, ""optimizer"": ""adam""}}",BATADAL,,ATT_FLAG,"[""DATETIME""]",,0.6,0.2,0.2,True,mean,standard,True,1,16,1,True,0.0,0.05,cuda,[42],32,50,True,5,adam,0.1,4,3,4,1,True,levenshtein,True,0.0001,average_log_probability,0.05,AUTOMATA,42,test,parameter_analysis,5,5,BATADAL_dataset04.csv,-999.0,1.0
BATADAL,42,test,5,6,0.21951219512195122,0.15894039735099338,0.96,0.2727272727272727,421,459,421,0.0025896942581005522,143,"{""automata"": {""anomaly_threshold"": 0.1, ""decision"": {""fallback_quantile"": 0.05, ""score_field"": ""average_log_probability""}, ""paa"": {""window_size"": 4}, ""probability"": {""epsilon"": 0.0001, ""smoothing"": true}, ""sax"": {""alphabet_size"": 3}, ""sliding_window"": {""size"": 4, ""stride"": 1}, ""unseen_pattern"": {""enabled"": true, ""method"": ""levenshtein""}}, ""dataset"": {""config"": {""anomaly_label_value"": 1, ""drop_columns"": [""DATETIME""], ""normal_label_value"": -999, ""split"": {""test"": 0.2, ""train"": 0.6, ""validation"": 0.2}, ""target_column"": ""ATT_FLAG"", ""train_file"": ""BATADAL_dataset04.csv""}, ""name"": ""BATADAL""}, ""extra"": {""alphabet_size"": 6, ""window_size"": 5}, ""noise"": {""enabled"": true, ""gaussian_mean"": 0.0, ""gaussian_std"": 0.05}, ""preprocessing"": {""missing_data"": {""enabled"": true, ""strategy"": ""mean""}, ""pca"": {""enabled"": true, ""n_components"": 1}, ""scaler"": ""standard"", ""sequence_length"": 16, ""sequence_stride"": 1}, ""project"": {""device"": ""cuda"", ""random_seeds"": [42]}, ""run"": {""family"": ""AUTOMATA"", ""scenario"": ""parameter_analysis"", ""seed"": 42, ""split"": ""test""}, ""training"": {""batch_size"": 32, ""early_stopping"": {""enabled"": true, ""patience"": 5}, ""epochs"": 50, ""optimizer"": ""adam""}}",BATADAL,,ATT_FLAG,"[""DATETIME""]",,0.6,0.2,0.2,True,mean,standard,True,1,16,1,True,0.0,0.05,cuda,[42],32,50,True,5,adam,0.1,4,3,4,1,True,levenshtein,True,0.0001,average_log_probability,0.05,AUTOMATA,42,test,parameter_analysis,5,6,BATADAL_dataset04.csv,-999.0,1.0
BATADAL,42,test,6,3,0.5111111111111111,0.25301204819277107,0.84,0.3888888888888889,206,267,206,0.00629182769346781,66,"{""automata"": {""anomaly_threshold"": 0.1, ""decision"": {""fallback_quantile"": 0.05, ""score_field"": ""average_log_probability""}, ""paa"": {""window_size"": 4}, ""probability"": {""epsilon"": 0.0001, ""smoothing"": true}, ""sax"": {""alphabet_size"": 3}, ""sliding_window"": {""size"": 4, ""stride"": 1}, ""unseen_pattern"": {""enabled"": true, ""method"": ""levenshtein""}}, ""dataset"": {""config"": {""anomaly_label_value"": 1, ""drop_columns"": [""DATETIME""], ""normal_label_value"": -999, ""split"": {""test"": 0.2, ""train"": 0.6, ""validation"": 0.2}, ""target_column"": ""ATT_FLAG"", ""train_file"": ""BATADAL_dataset04.csv""}, ""name"": ""BATADAL""}, ""extra"": {""alphabet_size"": 3, ""window_size"": 6}, ""noise"": {""enabled"": true, ""gaussian_mean"": 0.0, ""gaussian_std"": 0.05}, ""preprocessing"": {""missing_data"": {""enabled"": true, ""strategy"": ""mean""}, ""pca"": {""enabled"": true, ""n_components"": 1}, ""scaler"": ""standard"", ""sequence_length"": 16, ""sequence_stride"": 1}, ""project"": {""device"": ""cuda"", ""random_seeds"": [42]}, ""run"": {""family"": ""AUTOMATA"", ""scenario"": ""parameter_analysis"", ""seed"": 42, ""split"": ""test""}, ""training"": {""batch_size"": 32, ""early_stopping"": {""enabled"": true, ""patience"": 5}, ""epochs"": 50, ""optimizer"": ""adam""}}",BATADAL,,ATT_FLAG,"[""DATETIME""]",,0.6,0.2,0.2,True,mean,standard,True,1,16,1,True,0.0,0.05,cuda,[42],32,50,True,5,adam,0.1,4,3,4,1,True,levenshtein,True,0.0001,average_log_probability,0.05,AUTOMATA,42,test,parameter_analysis,6,3,BATADAL_dataset04.csv,-999.0,1.0
BATADAL,42,test,6,4,0.26666666666666666,0.19672131147540983,0.96,0.32653061224489793,304,353,304,0.0038196849030470914,109,"{""automata"": {""anomaly_threshold"": 0.1, ""decision"": {""fallback_quantile"": 0.05, ""score_field"": ""average_log_probability""}, ""paa"": {""window_size"": 4}, ""probability"": {""epsilon"": 0.0001, ""smoothing"": true}, ""sax"": {""alphabet_size"": 3}, ""sliding_window"": {""size"": 4, ""stride"": 1}, ""unseen_pattern"": {""enabled"": true, ""method"": ""levenshtein""}}, ""dataset"": {""config"": {""anomaly_label_value"": 1, ""drop_columns"": [""DATETIME""], ""normal_label_value"": -999, ""split"": {""test"": 0.2, ""train"": 0.6, ""validation"": 0.2}, ""target_column"": ""ATT_FLAG"", ""train_file"": ""BATADAL_dataset04.csv""}, ""name"": ""BATADAL""}, ""extra"": {""alphabet_size"": 4, ""window_size"": 6}, ""noise"": {""enabled"": true, ""gaussian_mean"": 0.0, ""gaussian_std"": 0.05}, ""preprocessing"": {""missing_data"": {""enabled"": true, ""strategy"": ""mean""}, ""pca"": {""enabled"": true, ""n_components"": 1}, ""scaler"": ""standard"", ""sequence_length"": 16, ""sequence_stride"": 1}, ""project"": {""device"": ""cuda"", ""random_seeds"": [42]}, ""run"": {""family"": ""AUTOMATA"", ""scenario"": ""parameter_analysis"", ""seed"": 42, ""split"": ""test""}, ""training"": {""batch_size"": 32, ""early_stopping"": {""enabled"": true, ""patience"": 5}, ""epochs"": 50, ""optimizer"": ""adam""}}",BATADAL,,ATT_FLAG,"[""DATETIME""]",,0.6,0.2,0.2,True,mean,standard,True,1,16,1,True,0.0,0.05,cuda,[42],32,50,True,5,adam,0.1,4,3,4,1,True,levenshtein,True,0.0001,average_log_probability,0.05,AUTOMATA,42,test,parameter_analysis,6,4,BATADAL_dataset04.csv,-999.0,1.0
BATADAL,42,test,6,5,0.2222222222222222,0.19230769230769232,1.0,0.3225806451612903,342,374,341,0.003197565062754352,129,"{""automata"": {""anomaly_threshold"": 0.1, ""decision"": {""fallback_quantile"": 0.05, ""score_field"": ""average_log_probability""}, ""paa"": {""window_size"": 4}, ""probability"": {""epsilon"": 0.0001, ""smoothing"": true}, ""sax"": {""alphabet_size"": 3}, ""sliding_window"": {""size"": 4, ""stride"": 1}, ""unseen_pattern"": {""enabled"": true, ""method"": ""levenshtein""}}, ""dataset"": {""config"": {""anomaly_label_value"": 1, ""drop_columns"": [""DATETIME""], ""normal_label_value"": -999, ""split"": {""test"": 0.2, ""train"": 0.6, ""validation"": 0.2}, ""target_column"": ""ATT_FLAG"", ""train_file"": ""BATADAL_dataset04.csv""}, ""name"": ""BATADAL""}, ""extra"": {""alphabet_size"": 5, ""window_size"": 6}, ""noise"": {""enabled"": true, ""gaussian_mean"": 0.0, ""gaussian_std"": 0.05}, ""preprocessing"": {""missing_data"": {""enabled"": true, ""strategy"": ""mean""}, ""pca"": {""enabled"": true, ""n_components"": 1}, ""scaler"": ""standard"", ""sequence_length"": 16, ""sequence_stride"": 1}, ""project"": {""device"": ""cuda"", ""random_seeds"": [42]}, ""run"": {""family"": ""AUTOMATA"", ""scenario"": ""parameter_analysis"", ""seed"": 42, ""split"": ""test""}, ""training"": {""batch_size"": 32, ""early_stopping"": {""enabled"": true, ""patience"": 5}, ""epochs"": 50, ""optimizer"": ""adam""}}",BATADAL,,ATT_FLAG,"[""DATETIME""]",,0.6,0.2,0.2,True,mean,standard,True,1,16,1,True,0.0,0.05,cuda,[42],32,50,True,5,adam,0.1,4,3,4,1,True,levenshtein,True,0.0001,average_log_probability,0.05,AUTOMATA,42,test,parameter_analysis,6,5,BATADAL_dataset04.csv,-999.0,1.0
BATADAL,42,test,6,6,0.21481481481481482,0.19083969465648856,1.0,0.32051282051282054,378,395,377,0.002764480277707791,131,"{""automata"": {""anomaly_threshold"": 0.1, ""decision"": {""fallback_quantile"": 0.05, ""score_field"": ""average_log_probability""}, ""paa"": {""window_size"": 4}, ""probability"": {""epsilon"": 0.0001, ""smoothing"": true}, ""sax"": {""alphabet_size"": 3}, ""sliding_window"": {""size"": 4, ""stride"": 1}, ""unseen_pattern"": {""enabled"": true, ""method"": ""levenshtein""}}, ""dataset"": {""config"": {""anomaly_label_value"": 1, ""drop_columns"": [""DATETIME""], ""normal_label_value"": -999, ""split"": {""test"": 0.2, ""train"": 0.6, ""validation"": 0.2}, ""target_column"": ""ATT_FLAG"", ""train_file"": ""BATADAL_dataset04.csv""}, ""name"": ""BATADAL""}, ""extra"": {""alphabet_size"": 6, ""window_size"": 6}, ""noise"": {""enabled"": true, ""gaussian_mean"": 0.0, ""gaussian_std"": 0.05}, ""preprocessing"": {""missing_data"": {""enabled"": true, ""strategy"": ""mean""}, ""pca"": {""enabled"": true, ""n_components"": 1}, ""scaler"": ""standard"", ""sequence_length"": 16, ""sequence_stride"": 1}, ""project"": {""device"": ""cuda"", ""random_seeds"": [42]}, ""run"": {""family"": ""AUTOMATA"", ""scenario"": ""parameter_analysis"", ""seed"": 42, ""split"": ""test""}, ""training"": {""batch_size"": 32, ""early_stopping"": {""enabled"": true, ""patience"": 5}, ""epochs"": 50, ""optimizer"": ""adam""}}",BATADAL,,ATT_FLAG,"[""DATETIME""]",,0.6,0.2,0.2,True,mean,standard,True,1,16,1,True,0.0,0.05,cuda,[42],32,50,True,5,adam,0.1,4,3,4,1,True,levenshtein,True,0.0001,average_log_probability,0.05,AUTOMATA,42,test,parameter_analysis,6,6,BATADAL_dataset04.csv,-999.0,1.0
SKAB,123,fold_0,3,3,0.6174899866488651,0.1527777777777778,0.021032504780114723,0.03697478991596639,21,41,21,0.09297052154195011,0,"{""automata"": {""anomaly_threshold"": 0.1, ""decision"": {""fallback_quantile"": 0.05, ""score_field"": ""average_log_probability""}, ""paa"": {""window_size"": 4}, ""probability"": {""epsilon"": 0.0001, ""smoothing"": true}, ""sax"": {""alphabet_size"": 3}, ""sliding_window"": {""size"": 4, ""stride"": 1}, ""unseen_pattern"": {""enabled"": true, ""method"": ""levenshtein""}}, ""dataset"": {""config"": {""drop_columns"": [""datetime"", ""changepoint"", ""source_group"", ""source_file""], ""group_column"": ""source_file"", ""split"": {""test"": 0.2, ""train"": 0.6, ""validation"": 0.2}, ""target_column"": ""anomaly"", ""valve_folders"": [""valve1"", ""valve2""]}, ""name"": ""SKAB""}, ""extra"": {""alphabet_size"": 3, ""window_size"": 3}, ""noise"": {""enabled"": true, ""gaussian_mean"": 0.0, ""gaussian_std"": 0.05}, ""preprocessing"": {""missing_data"": {""enabled"": true, ""strategy"": ""mean""}, ""pca"": {""enabled"": true, ""n_components"": 1}, ""scaler"": ""standard"", ""sequence_length"": 16, ""sequence_stride"": 1}, ""project"": {""device"": ""cuda"", ""random_seeds"": [123]}, ""run"": {""family"": ""AUTOMATA"", ""scenario"": ""parameter_analysis"", ""seed"": 123, ""split"": ""fold_0""}, ""training"": {""batch_size"": 32, ""early_stopping"": {""enabled"": true, ""patience"": 5}, ""epochs"": 50, ""optimizer"": ""adam""}}",SKAB,"[""valve1"", ""valve2""]",anomaly,"[""datetime"", ""changepoint"", ""source_group"", ""source_file""]",source_file,0.6,0.2,0.2,True,mean,standard,True,1,16,1,True,0.0,0.05,cuda,[123],32,50,True,5,adam,0.1,4,3,4,1,True,levenshtein,True,0.0001,average_log_probability,0.05,AUTOMATA,123,fold_0,parameter_analysis,3,3,,,
SKAB,123,fold_1,3,3,0.641042780748663,0.2727272727272727,0.017241379310344827,0.032432432432432434,22,44,22,0.09090909090909091,0,"{""automata"": {""anomaly_threshold"": 0.1, ""decision"": {""fallback_quantile"": 0.05, ""score_field"": ""average_log_probability""}, ""paa"": {""window_size"": 4}, ""probability"": {""epsilon"": 0.0001, ""smoothing"": true}, ""sax"": {""alphabet_size"": 3}, ""sliding_window"": {""size"": 4, ""stride"": 1}, ""unseen_pattern"": {""enabled"": true, ""method"": ""levenshtein""}}, ""dataset"": {""config"": {""drop_columns"": [""datetime"", ""changepoint"", ""source_group"", ""source_file""], ""group_column"": ""source_file"", ""split"": {""test"": 0.2, ""train"": 0.6, ""validation"": 0.2}, ""target_column"": ""anomaly"", ""valve_folders"": [""valve1"", ""valve2""]}, ""name"": ""SKAB""}, ""extra"": {""alphabet_size"": 3, ""window_size"": 3}, ""noise"": {""enabled"": true, ""gaussian_mean"": 0.0, ""gaussian_std"": 0.05}, ""preprocessing"": {""missing_data"": {""enabled"": true, ""strategy"": ""mean""}, ""pca"": {""enabled"": true, ""n_components"": 1}, ""scaler"": ""standard"", ""sequence_length"": 16, ""sequence_stride"": 1}, ""project"": {""device"": ""cuda"", ""random_seeds"": [123]}, ""run"": {""family"": ""AUTOMATA"", ""scenario"": ""parameter_analysis"", ""seed"": 123, ""split"": ""fold_1""}, ""training"": {""batch_size"": 32, ""early_stopping"": {""enabled"": true, ""patience"": 5}, ""epochs"": 50, ""optimizer"": ""adam""}}",SKAB,"[""valve1"", ""valve2""]",anomaly,"[""datetime"", ""changepoint"", ""source_group"", ""source_file""]",source_file,0.6,0.2,0.2,True,mean,standard,True,1,16,1,True,0.0,0.05,cuda,[123],32,50,True,5,adam,0.1,4,3,4,1,True,levenshtein,True,0.0001,average_log_probability,0.05,AUTOMATA,123,fold_1,parameter_analysis,3,3,,,
SKAB,123,fold_2,3,3,0.6242504996668887,0.3561643835616438,0.04788213627992634,0.08441558441558442,25,50,25,0.08,0,"{""automata"": {""anomaly_threshold"": 0.1, ""decision"": {""fallback_quantile"": 0.05, ""score_field"": ""average_log_probability""}, ""paa"": {""window_size"": 4}, ""probability"": {""epsilon"": 0.0001, ""smoothing"": true}, ""sax"": {""alphabet_size"": 3}, ""sliding_window"": {""size"": 4, ""stride"": 1}, ""unseen_pattern"": {""enabled"": true, ""method"": ""levenshtein""}}, ""dataset"": {""config"": {""drop_columns"": [""datetime"", ""changepoint"", ""source_group"", ""source_file""], ""group_column"": ""source_file"", ""split"": {""test"": 0.2, ""train"": 0.6, ""validation"": 0.2}, ""target_column"": ""anomaly"", ""valve_folders"": [""valve1"", ""valve2""]}, ""name"": ""SKAB""}, ""extra"": {""alphabet_size"": 3, ""window_size"": 3}, ""noise"": {""enabled"": true, ""gaussian_mean"": 0.0, ""gaussian_std"": 0.05}, ""preprocessing"": {""missing_data"": {""enabled"": true, ""strategy"": ""mean""}, ""pca"": {""enabled"": true, ""n_components"": 1}, ""scaler"": ""standard"", ""sequence_length"": 16, ""sequence_stride"": 1}, ""project"": {""device"": ""cuda"", ""random_seeds"": [123]}, ""run"": {""family"": ""AUTOMATA"", ""scenario"": ""parameter_analysis"", ""seed"": 123, ""split"": ""fold_2""}, ""training"": {""batch_size"": 32, ""early_stopping"": {""enabled"": true, ""patience"": 5}, ""epochs"": 50, ""optimizer"": ""adam""}}",SKAB,"[""valve1"", ""valve2""]",anomaly,"[""datetime"", ""changepoint"", ""source_group"", ""source_file""]",source_file,0.6,0.2,0.2,True,mean,standard,True,1,16,1,True,0.0,0.05,cuda,[123],32,50,True,5,adam,0.1,4,3,4,1,True,levenshtein,True,0.0001,average_log_probability,0.05,AUTOMATA,123,fold_2,parameter_analysis,3,3,,,
SKAB,123,fold_3,3,3,0.6139283299526708,0.3865546218487395,0.08455882352941177,0.138763197586727,21,41,21,0.09297052154195011,8,"{""automata"": {""anomaly_threshold"": 0.1, ""decision"": {""fallback_quantile"": 0.05, ""score_field"": ""average_log_probability""}, ""paa"": {""window_size"": 4}, ""probability"": {""epsilon"": 0.0001, ""smoothing"": true}, ""sax"": {""alphabet_size"": 3}, ""sliding_window"": {""size"": 4, ""stride"": 1}, ""unseen_pattern"": {""enabled"": true, ""method"": ""levenshtein""}}, ""dataset"": {""config"": {""drop_columns"": [""datetime"", ""changepoint"", ""source_group"", ""source_file""], ""group_column"": ""source_file"", ""split"": {""test"": 0.2, ""train"": 0.6, ""validation"": 0.2}, ""target_column"": ""anomaly"", ""valve_folders"": [""valve1"", ""valve2""]}, ""name"": ""SKAB""}, ""extra"": {""alphabet_size"": 3, ""window_size"": 3}, ""noise"": {""enabled"": true, ""gaussian_mean"": 0.0, ""gaussian_std"": 0.05}, ""preprocessing"": {""missing_data"": {""enabled"": true, ""strategy"": ""mean""}, ""pca"": {""enabled"": true, ""n_components"": 1}, ""scaler"": ""standard"", ""sequence_length"": 16, ""sequence_stride"": 1}, ""project"": {""device"": ""cuda"", ""random_seeds"": [123]}, ""run"": {""family"": ""AUTOMATA"", ""scenario"": ""parameter_analysis"", ""seed"": 123, ""split"": ""fold_3""}, ""training"": {""batch_size"": 32, ""early_stopping"": {""enabled"": true, ""patience"": 5}, ""epochs"": 50, ""optimizer"": ""adam""}}",SKAB,"[""valve1"", ""valve2""]",anomaly,"[""datetime"", ""changepoint"", ""source_group"", ""source_file""]",source_file,0.6,0.2,0.2,True,mean,standard,True,1,16,1,True,0.0,0.05,cuda,[123],32,50,True,5,adam,0.1,4,3,4,1,True,levenshtein,True,0.0001,average_log_probability,0.05,AUTOMATA,123,fold_3,parameter_analysis,3,3,,,
SKAB,123,fold_4,3,3,0.6269052352551359,0.34234234234234234,0.07196969696969698,0.1189358372456964,22,42,22,0.08677685950413223,0,"{""automata"": {""anomaly_threshold"": 0.1, ""decision"": {""fallback_quantile"": 0.05, ""score_field"": ""average_log_probability""}, ""paa"": {""window_size"": 4}, ""probability"": {""epsilon"": 0.0001, ""smoothing"": true}, ""sax"": {""alphabet_size"": 3}, ""sliding_window"": {""size"": 4, ""stride"": 1}, ""unseen_pattern"": {""enabled"": true, ""method"": ""levenshtein""}}, ""dataset"": {""config"": {""drop_columns"": [""datetime"", ""changepoint"", ""source_group"", ""source_file""], ""group_column"": ""source_file"", ""split"": {""test"": 0.2, ""train"": 0.6, ""validation"": 0.2}, ""target_column"": ""anomaly"", ""valve_folders"": [""valve1"", ""valve2""]}, ""name"": ""SKAB""}, ""extra"": {""alphabet_size"": 3, ""window_size"": 3}, ""noise"": {""enabled"": true, ""gaussian_mean"": 0.0, ""gaussian_std"": 0.05}, ""preprocessing"": {""missing_data"": {""enabled"": true, ""strategy"": ""mean""}, ""pca"": {""enabled"": true, ""n_components"": 1}, ""scaler"": ""standard"", ""sequence_length"": 16, ""sequence_stride"": 1}, ""project"": {""device"": ""cuda"", ""random_seeds"": [123]}, ""run"": {""family"": ""AUTOMATA"", ""scenario"": ""parameter_analysis"", ""seed"": 123, ""split"": ""fold_4""}, ""training"": {""batch_size"": 32, ""early_stopping"": {""enabled"": true, ""patience"": 5}, ""epochs"": 50, ""optimizer"": ""adam""}}",SKAB,"[""valve1"", ""valve2""]",anomaly,"[""datetime"", ""changepoint"", ""source_group"", ""source_file""]",source_file,0.6,0.2,0.2,True,mean,standard,True,1,16,1,True,0.0,0.05,cuda,[123],32,50,True,5,adam,0.1,4,3,4,1,True,levenshtein,True,0.0001,average_log_probability,0.05,AUTOMATA,123,fold_4,parameter_analysis,3,3,,,
SKAB,123,fold_0,3,4,0.5981308411214953,0.2198581560283688,0.05927342256214149,0.09337349397590361,32,66,32,0.064453125,3,"{""automata"": {""anomaly_threshold"": 0.1, ""decision"": {""fallback_quantile"": 0.05, ""score_field"": ""average_log_probability""}, ""paa"": {""window_size"": 4}, ""probability"": {""epsilon"": 0.0001, ""smoothing"": true}, ""sax"": {""alphabet_size"": 3}, ""sliding_window"": {""size"": 4, ""stride"": 1}, ""unseen_pattern"": {""enabled"": true, ""method"": ""levenshtein""}}, ""dataset"": {""config"": {""drop_columns"": [""datetime"", ""changepoint"", ""source_group"", ""source_file""], ""group_column"": ""source_file"", ""split"": {""test"": 0.2, ""train"": 0.6, ""validation"": 0.2}, ""target_column"": ""anomaly"", ""valve_folders"": [""valve1"", ""valve2""]}, ""name"": ""SKAB""}, ""extra"": {""alphabet_size"": 4, ""window_size"": 3}, ""noise"": {""enabled"": true, ""gaussian_mean"": 0.0, ""gaussian_std"": 0.05}, ""preprocessing"": {""missing_data"": {""enabled"": true, ""strategy"": ""mean""}, ""pca"": {""enabled"": true, ""n_components"": 1}, ""scaler"": ""standard"", ""sequence_length"": 16, ""sequence_stride"": 1}, ""project"": {""device"": ""cuda"", ""random_seeds"": [123]}, ""run"": {""family"": ""AUTOMATA"", ""scenario"": ""parameter_analysis"", ""seed"": 123, ""split"": ""fold_0""}, ""training"": {""batch_size"": 32, ""early_stopping"": {""enabled"": true, ""patience"": 5}, ""epochs"": 50, ""optimizer"": ""adam""}}",SKAB,"[""valve1"", ""valve2""]",anomaly,"[""datetime"", ""changepoint"", ""source_group"", ""source_file""]",source_file,0.6,0.2,0.2,True,mean,standard,True,1,16,1,True,0.0,0.05,cuda,[123],32,50,True,5,adam,0.1,4,3,4,1,True,levenshtein,True,0.0001,average_log_probability,0.05,AUTOMATA,123,fold_0,parameter_analysis,3,4,,,
SKAB,123,fold_1,3,4,0.6149732620320856,0.2403846153846154,0.04789272030651341,0.07987220447284345,33,70,33,0.0642791551882461,3,"{""automata"": {""anomaly_threshold"": 0.1, ""decision"": {""fallback_quantile"": 0.05, ""score_field"": ""average_log_probability""}, ""paa"": {""window_size"": 4}, ""probability"": {""epsilon"": 0.0001, ""smoothing"": true}, ""sax"": {""alphabet_size"": 3}, ""sliding_window"": {""size"": 4, ""stride"": 1}, ""unseen_pattern"": {""enabled"": true, ""method"": ""levenshtein""}}, ""dataset"": {""config"": {""drop_columns"": [""datetime"", ""changepoint"", ""source_group"", ""source_file""], ""group_column"": ""source_file"", ""split"": {""test"": 0.2, ""train"": 0.6, ""validation"": 0.2}, ""target_column"": ""anomaly"", ""valve_folders"": [""valve1"", ""valve2""]}, ""name"": ""SKAB""}, ""extra"": {""alphabet_size"": 4, ""window_size"": 3}, ""noise"": {""enabled"": true, ""gaussian_mean"": 0.0, ""gaussian_std"": 0.05}, ""preprocessing"": {""missing_data"": {""enabled"": true, ""strategy"": ""mean""}, ""pca"": {""enabled"": true, ""n_components"": 1}, ""scaler"": ""standard"", ""sequence_length"": 16, ""sequence_stride"": 1}, ""project"": {""device"": ""cuda"", ""random_seeds"": [123]}, ""run"": {""family"": ""AUTOMATA"", ""scenario"": ""parameter_analysis"", ""seed"": 123, ""split"": ""fold_1""}, ""training"": {""batch_size"": 32, ""early_stopping"": {""enabled"": true, ""patience"": 5}, ""epochs"": 50, ""optimizer"": ""adam""}}",SKAB,"[""valve1"", ""valve2""]",anomaly,"[""datetime"", ""changepoint"", ""source_group"", ""source_file""]",source_file,0.6,0.2,0.2,True,mean,standard,True,1,16,1,True,0.0,0.05,cuda,[123],32,50,True,5,adam,0.1,4,3,4,1,True,levenshtein,True,0.0001,average_log_probability,0.05,AUTOMATA,123,fold_1,parameter_analysis,3,4,,,
SKAB,123,fold_2,3,4,0.6322451698867422,0.23529411764705882,0.007366482504604052,0.014285714285714285,38,84,38,0.05817174515235457,0,"{""automata"": {""anomaly_threshold"": 0.1, ""decision"": {""fallback_quantile"": 0.05, ""score_field"": ""average_log_probability""}, ""paa"": {""window_size"": 4}, ""probability"": {""epsilon"": 0.0001, ""smoothing"": true}, ""sax"": {""alphabet_size"": 3}, ""sliding_window"": {""size"": 4, ""stride"": 1}, ""unseen_pattern"": {""enabled"": true, ""method"": ""levenshtein""}}, ""dataset"": {""config"": {""drop_columns"": [""datetime"", ""changepoint"", ""source_group"", ""source_file""], ""group_column"": ""source_file"", ""split"": {""test"": 0.2, ""train"": 0.6, ""validation"": 0.2}, ""target_column"": ""anomaly"", ""valve_folders"": [""valve1"", ""valve2""]}, ""name"": ""SKAB""}, ""extra"": {""alphabet_size"": 4, ""window_size"": 3}, ""noise"": {""enabled"": true, ""gaussian_mean"": 0.0, ""gaussian_std"": 0.05}, ""preprocessing"": {""missing_data"": {""enabled"": true, ""strategy"": ""mean""}, ""pca"": {""enabled"": true, ""n_components"": 1}, ""scaler"": ""standard"", ""sequence_length"": 16, ""sequence_stride"": 1}, ""project"": {""device"": ""cuda"", ""random_seeds"": [123]}, ""run"": {""family"": ""AUTOMATA"", ""scenario"": ""parameter_analysis"", ""seed"": 123, ""split"": ""fold_2""}, ""training"": {""batch_size"": 32, ""early_stopping"": {""enabled"": true, ""patience"": 5}, ""epochs"": 50, ""optimizer"": ""adam""}}",SKAB,"[""valve1"", ""valve2""]",anomaly,"[""datetime"", ""changepoint"", ""source_group"", ""source_file""]",source_file,0.6,0.2,0.2,True,mean,standard,True,1,16,1,True,0.0,0.05,cuda,[123],32,50,True,5,adam,0.1,4,3,4,1,True,levenshtein,True,0.0001,average_log_probability,0.05,AUTOMATA,123,fold_2,parameter_analysis,3,4,,,
SKAB,123,fold_3,3,4,0.5997295469912103,0.3181818181818182,0.07720588235294118,0.1242603550295858,30,63,30,0.07,21,"{""automata"": {""anomaly_threshold"": 0.1, ""decision"": {""fallback_quantile"": 0.05, ""score_field"": ""average_log_probability""}, ""paa"": {""window_size"": 4}, ""probability"": {""epsilon"": 0.0001, ""smoothing"": true}, ""sax"": {""alphabet_size"": 3}, ""sliding_window"": {""size"": 4, ""stride"": 1}, ""unseen_pattern"": {""enabled"": true, ""method"": ""levenshtein""}}, ""dataset"": {""config"": {""drop_columns"": [""datetime"", ""changepoint"", ""source_group"", ""source_file""], ""group_column"": ""source_file"", ""split"": {""test"": 0.2, ""train"": 0.6, ""validation"": 0.2}, ""target_column"": ""anomaly"", ""valve_folders"": [""valve1"", ""valve2""]}, ""name"": ""SKAB""}, ""extra"": {""alphabet_size"": 4, ""window_size"": 3}, ""noise"": {""enabled"": true, ""gaussian_mean"": 0.0, ""gaussian_std"": 0.05}, ""preprocessing"": {""missing_data"": {""enabled"": true, ""strategy"": ""mean""}, ""pca"": {""enabled"": true, ""n_components"": 1}, ""scaler"": ""standard"", ""sequence_length"": 16, ""sequence_stride"": 1}, ""project"": {""device"": ""cuda"", ""random_seeds"": [123]}, ""run"": {""family"": ""AUTOMATA"", ""scenario"": ""parameter_analysis"", ""seed"": 123, ""split"": ""fold_3""}, ""training"": {""batch_size"": 32, ""early_stopping"": {""enabled"": true, ""patience"": 5}, ""epochs"": 50, ""optimizer"": ""adam""}}",SKAB,"[""valve1"", ""valve2""]",anomaly,"[""datetime"", ""changepoint"", ""source_group"", ""source_file""]",source_file,0.6,0.2,0.2,True,mean,standard,True,1,16,1,True,0.0,0.05,cuda,[123],32,50,True,5,adam,0.1,4,3,4,1,True,levenshtein,True,0.0001,average_log_probability,0.05,AUTOMATA,123,fold_3,parameter_analysis,3,4,,,
SKAB,123,fold_4,3,4,0.6249171636845593,0.38271604938271603,0.11742424242424243,0.17971014492753623,30,61,30,0.06777777777777778,7,"{""automata"": {""anomaly_threshold"": 0.1, ""decision"": {""fallback_quantile"": 0.05, ""score_field"": ""average_log_probability""}, ""paa"": {""window_size"": 4}, ""probability"": {""epsilon"": 0.0001, ""smoothing"": true}, ""sax"": {""alphabet_size"": 3}, ""sliding_window"": {""size"": 4, ""stride"": 1}, ""unseen_pattern"": {""enabled"": true, ""method"": ""levenshtein""}}, ""dataset"": {""config"": {""drop_columns"": [""datetime"", ""changepoint"", ""source_group"", ""source_file""], ""group_column"": ""source_file"", ""split"": {""test"": 0.2, ""train"": 0.6, ""validation"": 0.2}, ""target_column"": ""anomaly"", ""valve_folders"": [""valve1"", ""valve2""]}, ""name"": ""SKAB""}, ""extra"": {""alphabet_size"": 4, ""window_size"": 3}, ""noise"": {""enabled"": true, ""gaussian_mean"": 0.0, ""gaussian_std"": 0.05}, ""preprocessing"": {""missing_data"": {""enabled"": true, ""strategy"": ""mean""}, ""pca"": {""enabled"": true, ""n_components"": 1}, ""scaler"": ""standard"", ""sequence_length"": 16, ""sequence_stride"": 1}, ""project"": {""device"": ""cuda"", ""random_seeds"": [123]}, ""run"": {""family"": ""AUTOMATA"", ""scenario"": ""parameter_analysis"", ""seed"": 123, ""split"": ""fold_4""}, ""training"": {""batch_size"": 32, ""early_stopping"": {""enabled"": true, ""patience"": 5}, ""epochs"": 50, ""optimizer"": ""adam""}}",SKAB,"[""valve1"", ""valve2""]",anomaly,"[""datetime"", ""changepoint"", ""source_group"", ""source_file""]",source_file,0.6,0.2,0.2,True,mean,standard,True,1,16,1,True,0.0,0.05,cuda,[123],32,50,True,5,adam,0.1,4,3,4,1,True,levenshtein,True,0.0001,average_log_probability,0.05,AUTOMATA,123,fold_4,parameter_analysis,3,4,,,
SKAB,123,fold_0,3,5,0.6034712950600801,0.21138211382113822,0.0497131931166348,0.0804953560371517,47,101,47,0.045722046174739704,4,"{""automata"": {""anomaly_threshold"": 0.1, ""decision"": {""fallback_quantile"": 0.05, ""score_field"": ""average_log_probability""}, ""paa"": {""window_size"": 4}, ""probability"": {""epsilon"": 0.0001, ""smoothing"": true}, ""sax"": {""alphabet_size"": 3}, ""sliding_window"": {""size"": 4, ""stride"": 1}, ""unseen_pattern"": {""enabled"": true, ""method"": ""levenshtein""}}, ""dataset"": {""config"": {""drop_columns"": [""datetime"", ""changepoint"", ""source_group"", ""source_file""], ""group_column"": ""source_file"", ""split"": {""test"": 0.2, ""train"": 0.6, ""validation"": 0.2}, ""target_column"": ""anomaly"", ""valve_folders"": [""valve1"", ""valve2""]}, ""name"": ""SKAB""}, ""extra"": {""alphabet_size"": 5, ""window_size"": 3}, ""noise"": {""enabled"": true, ""gaussian_mean"": 0.0, ""gaussian_std"": 0.05}, ""preprocessing"": {""missing_data"": {""enabled"": true, ""strategy"": ""mean""}, ""pca"": {""enabled"": true, ""n_components"": 1}, ""scaler"": ""standard"", ""sequence_length"": 16, ""sequence_stride"": 1}, ""project"": {""device"": ""cuda"", ""random_seeds"": [123]}, ""run"": {""family"": ""AUTOMATA"", ""scenario"": ""parameter_analysis"", ""seed"": 123, ""split"": ""fold_0""}, ""training"": {""batch_size"": 32, ""early_stopping"": {""enabled"": true, ""patience"": 5}, ""epochs"": 50, ""optimizer"": ""adam""}}",SKAB,"[""valve1"", ""valve2""]",anomaly,"[""datetime"", ""changepoint"", ""source_group"", ""source_file""]",source_file,0.6,0.2,0.2,True,mean,standard,True,1,16,1,True,0.0,0.05,cuda,[123],32,50,True,5,adam,0.1,4,3,4,1,True,levenshtein,True,0.0001,average_log_probability,0.05,AUTOMATA,123,fold_0,parameter_analysis,3,5,,,
SKAB,123,fold_1,3,5,0.6189839572192514,0.2647058823529412,0.05172413793103448,0.08653846153846154,51,99,51,0.03806228373702422,7,"{""automata"": {""anomaly_threshold"": 0.1, ""decision"": {""fallback_quantile"": 0.05, ""score_field"": ""average_log_probability""}, ""paa"": {""window_size"": 4}, ""probability"": {""epsilon"": 0.0001, ""smoothing"": true}, ""sax"": {""alphabet_size"": 3}, ""sliding_window"": {""size"": 4, ""stride"": 1}, ""unseen_pattern"": {""enabled"": true, ""method"": ""levenshtein""}}, ""dataset"": {""config"": {""drop_columns"": [""datetime"", ""changepoint"", ""source_group"", ""source_file""], ""group_column"": ""source_file"", ""split"": {""test"": 0.2, ""train"": 0.6, ""validation"": 0.2}, ""target_column"": ""anomaly"", ""valve_folders"": [""valve1"", ""valve2""]}, ""name"": ""SKAB""}, ""extra"": {""alphabet_size"": 5, ""window_size"": 3}, ""noise"": {""enabled"": true, ""gaussian_mean"": 0.0, ""gaussian_std"": 0.05}, ""preprocessing"": {""missing_data"": {""enabled"": true, ""strategy"": ""mean""}, ""pca"": {""enabled"": true, ""n_components"": 1}, ""scaler"": ""standard"", ""sequence_length"": 16, ""sequence_stride"": 1}, ""project"": {""device"": ""cuda"", ""random_seeds"": [123]}, ""run"": {""family"": ""AUTOMATA"", ""scenario"": ""parameter_analysis"", ""seed"": 123, ""split"": ""fold_1""}, ""training"": {""batch_size"": 32, ""early_stopping"": {""enabled"": true, ""patience"": 5}, ""epochs"": 50, ""optimizer"": ""adam""}}",SKAB,"[""valve1"", ""valve2""]",anomaly,"[""datetime"", ""changepoint"", ""source_group"", ""source_file""]",source_file,0.6,0.2,0.2,True,mean,standard,True,1,16,1,True,0.0,0.05,cuda,[123],32,50,True,5,adam,0.1,4,3,4,1,True,levenshtein,True,0.0001,average_log_probability,0.05,AUTOMATA,123,fold_1,parameter_analysis,3,5,,,
SKAB,123,fold_2,3,5,0.6355762824783477,0.375,0.011049723756906077,0.02146690518783542,53,119,53,0.04236383054467782,2,"{""automata"": {""anomaly_threshold"": 0.1, ""decision"": {""fallback_quantile"": 0.05, ""score_field"": ""average_log_probability""}, ""paa"": {""window_size"": 4}, ""probability"": {""epsilon"": 0.0001, ""smoothing"": true}, ""sax"": {""alphabet_size"": 3}, ""sliding_window"": {""size"": 4, ""stride"": 1}, ""unseen_pattern"": {""enabled"": true, ""method"": ""levenshtein""}}, ""dataset"": {""config"": {""drop_columns"": [""datetime"", ""changepoint"", ""source_group"", ""source_file""], ""group_column"": ""source_file"", ""split"": {""test"": 0.2, ""train"": 0.6, ""validation"": 0.2}, ""target_column"": ""anomaly"", ""valve_folders"": [""valve1"", ""valve2""]}, ""name"": ""SKAB""}, ""extra"": {""alphabet_size"": 5, ""window_size"": 3}, ""noise"": {""enabled"": true, ""gaussian_mean"": 0.0, ""gaussian_std"": 0.05}, ""preprocessing"": {""missing_data"": {""enabled"": true, ""strategy"": ""mean""}, ""pca"": {""enabled"": true, ""n_components"": 1}, ""scaler"": ""standard"", ""sequence_length"": 16, ""sequence_stride"": 1}, ""project"": {""device"": ""cuda"", ""random_seeds"": [123]}, ""run"": {""family"": ""AUTOMATA"", ""scenario"": ""parameter_analysis"", ""seed"": 123, ""split"": ""fold_2""}, ""training"": {""batch_size"": 32, ""early_stopping"": {""enabled"": true, ""patience"": 5}, ""epochs"": 50, ""optimizer"": ""adam""}}",SKAB,"[""valve1"", ""valve2""]",anomaly,"[""datetime"", ""changepoint"", ""source_group"", ""source_file""]",source_file,0.6,0.2,0.2,True,mean,standard,True,1,16,1,True,0.0,0.05,cuda,[123],32,50,True,5,adam,0.1,4,3,4,1,True,levenshtein,True,0.0001,average_log_probability,0.05,AUTOMATA,123,fold_2,parameter_analysis,3,5,,,
SKAB,123,fold_3,3,5,0.6112237998647735,0.32967032967032966,0.05514705882352941,0.09448818897637795,49,103,49,0.042898792169929194,16,"{""automata"": {""anomaly_threshold"": 0.1, ""decision"": {""fallback_quantile"": 0.05, ""score_field"": ""average_log_probability""}, ""paa"": {""window_size"": 4}, ""probability"": {""epsilon"": 0.0001, ""smoothing"": true}, ""sax"": {""alphabet_size"": 3}, ""sliding_window"": {""size"": 4, ""stride"": 1}, ""unseen_pattern"": {""enabled"": true, ""method"": ""levenshtein""}}, ""dataset"": {""config"": {""drop_columns"": [""datetime"", ""changepoint"", ""source_group"", ""source_file""], ""group_column"": ""source_file"", ""split"": {""test"": 0.2, ""train"": 0.6, ""validation"": 0.2}, ""target_column"": ""anomaly"", ""valve_folders"": [""valve1"", ""valve2""]}, ""name"": ""SKAB""}, ""extra"": {""alphabet_size"": 5, ""window_size"": 3}, ""noise"": {""enabled"": true, ""gaussian_mean"": 0.0, ""gaussian_std"": 0.05}, ""preprocessing"": {""missing_data"": {""enabled"": true, ""strategy"": ""mean""}, ""pca"": {""enabled"": true, ""n_components"": 1}, ""scaler"": ""standard"", ""sequence_length"": 16, ""sequence_stride"": 1}, ""project"": {""device"": ""cuda"", ""random_seeds"": [123]}, ""run"": {""family"": ""AUTOMATA"", ""scenario"": ""parameter_analysis"", ""seed"": 123, ""split"": ""fold_3""}, ""training"": {""batch_size"": 32, ""early_stopping"": {""enabled"": true, ""patience"": 5}, ""epochs"": 50, ""optimizer"": ""adam""}}",SKAB,"[""valve1"", ""valve2""]",anomaly,"[""datetime"", ""changepoint"", ""source_group"", ""source_file""]",source_file,0.6,0.2,0.2,True,mean,standard,True,1,16,1,True,0.0,0.05,cuda,[123],32,50,True,5,adam,0.1,4,3,4,1,True,levenshtein,True,0.0001,average_log_probability,0.05,AUTOMATA,123,fold_3,parameter_analysis,3,5,,,
SKAB,123,fold_4,3,5,0.6315440689198144,0.4186046511627907,0.13636363636363635,0.2057142857142857,46,96,46,0.045368620037807186,21,"{""automata"": {""anomaly_threshold"": 0.1, ""decision"": {""fallback_quantile"": 0.05, ""score_field"": ""average_log_probability""}, ""paa"": {""window_size"": 4}, ""probability"": {""epsilon"": 0.0001, ""smoothing"": true}, ""sax"": {""alphabet_size"": 3}, ""sliding_window"": {""size"": 4, ""stride"": 1}, ""unseen_pattern"": {""enabled"": true, ""method"": ""levenshtein""}}, ""dataset"": {""config"": {""drop_columns"": [""datetime"", ""changepoint"", ""source_group"", ""source_file""], ""group_column"": ""source_file"", ""split"": {""test"": 0.2, ""train"": 0.6, ""validation"": 0.2}, ""target_column"": ""anomaly"", ""valve_folders"": [""valve1"", ""valve2""]}, ""name"": ""SKAB""}, ""extra"": {""alphabet_size"": 5, ""window_size"": 3}, ""noise"": {""enabled"": true, ""gaussian_mean"": 0.0, ""gaussian_std"": 0.05}, ""preprocessing"": {""missing_data"": {""enabled"": true, ""strategy"": ""mean""}, ""pca"": {""enabled"": true, ""n_components"": 1}, ""scaler"": ""standard"", ""sequence_length"": 16, ""sequence_stride"": 1}, ""project"": {""device"": ""cuda"", ""random_seeds"": [123]}, ""run"": {""family"": ""AUTOMATA"", ""scenario"": ""parameter_analysis"", ""seed"": 123, ""split"": ""fold_4""}, ""training"": {""batch_size"": 32, ""early_stopping"": {""enabled"": true, ""patience"": 5}, ""epochs"": 50, ""optimizer"": ""adam""}}",SKAB,"[""valve1"", ""valve2""]",anomaly,"[""datetime"", ""changepoint"", ""source_group"", ""source_file""]",source_file,0.6,0.2,0.2,True,mean,standard,True,1,16,1,True,0.0,0.05,cuda,[123],32,50,True,5,adam,0.1,4,3,4,1,True,levenshtein,True,0.0001,average_log_probability,0.05,AUTOMATA,123,fold_4,parameter_analysis,3,5,,,
SKAB,123,fold_0,3,6,0.6021361815754339,0.23741007194244604,0.06309751434034416,0.09969788519637462,60,132,60,0.03666666666666667,17,"{""automata"": {""anomaly_threshold"": 0.1, ""decision"": {""fallback_quantile"": 0.05, ""score_field"": ""average_log_probability""}, ""paa"": {""window_size"": 4}, ""probability"": {""epsilon"": 0.0001, ""smoothing"": true}, ""sax"": {""alphabet_size"": 3}, ""sliding_window"": {""size"": 4, ""stride"": 1}, ""unseen_pattern"": {""enabled"": true, ""method"": ""levenshtein""}}, ""dataset"": {""config"": {""drop_columns"": [""datetime"", ""changepoint"", ""source_group"", ""source_file""], ""group_column"": ""source_file"", ""split"": {""test"": 0.2, ""train"": 0.6, ""validation"": 0.2}, ""target_column"": ""anomaly"", ""valve_folders"": [""valve1"", ""valve2""]}, ""name"": ""SKAB""}, ""extra"": {""alphabet_size"": 6, ""window_size"": 3}, ""noise"": {""enabled"": true, ""gaussian_mean"": 0.0, ""gaussian_std"": 0.05}, ""preprocessing"": {""missing_data"": {""enabled"": true, ""strategy"": ""mean""}, ""pca"": {""enabled"": true, ""n_components"": 1}, ""scaler"": ""standard"", ""sequence_length"": 16, ""sequence_stride"": 1}, ""project"": {""device"": ""cuda"", ""random_seeds"": [123]}, ""run"": {""family"": ""AUTOMATA"", ""scenario"": ""parameter_analysis"", ""seed"": 123, ""split"": ""fold_0""}, ""training"": {""batch_size"": 32, ""early_stopping"": {""enabled"": true, ""patience"": 5}, ""epochs"": 50, ""optimizer"": ""adam""}}",SKAB,"[""valve1"", ""valve2""]",anomaly,"[""datetime"", ""changepoint"", ""source_group"", ""source_file""]",source_file,0.6,0.2,0.2,True,mean,standard,True,1,16,1,True,0.0,0.05,cuda,[123],32,50,True,5,adam,0.1,4,3,4,1,True,levenshtein,True,0.0001,average_log_probability,0.05,AUTOMATA,123,fold_0,parameter_analysis,3,6,,,
SKAB,123,fold_1,3,6,0.6116310160427807,0.2677165354330709,0.06513409961685823,0.10477657935285054,63,136,63,0.03426555807508189,29,"{""automata"": {""anomaly_threshold"": 0.1, ""decision"": {""fallback_quantile"": 0.05, ""score_field"": ""average_log_probability""}, ""paa"": {""window_size"": 4}, ""probability"": {""epsilon"": 0.0001, ""smoothing"": true}, ""sax"": {""alphabet_size"": 3}, ""sliding_window"": {""size"": 4, ""stride"": 1}, ""unseen_pattern"": {""enabled"": true, ""method"": ""levenshtein""}}, ""dataset"": {""config"": {""drop_columns"": [""datetime"", ""changepoint"", ""source_group"", ""source_file""], ""group_column"": ""source_file"", ""split"": {""test"": 0.2, ""train"": 0.6, ""validation"": 0.2}, ""target_column"": ""anomaly"", ""valve_folders"": [""valve1"", ""valve2""]}, ""name"": ""SKAB""}, ""extra"": {""alphabet_size"": 6, ""window_size"": 3}, ""noise"": {""enabled"": true, ""gaussian_mean"": 0.0, ""gaussian_std"": 0.05}, ""preprocessing"": {""missing_data"": {""enabled"": true, ""strategy"": ""mean""}, ""pca"": {""enabled"": true, ""n_components"": 1}, ""scaler"": ""standard"", ""sequence_length"": 16, ""sequence_stride"": 1}, ""project"": {""device"": ""cuda"", ""random_seeds"": [123]}, ""run"": {""family"": ""AUTOMATA"", ""scenario"": ""parameter_analysis"", ""seed"": 123, ""split"": ""fold_1""}, ""training"": {""batch_size"": 32, ""early_stopping"": {""enabled"": true, ""patience"": 5}, ""epochs"": 50, ""optimizer"": ""adam""}}",SKAB,"[""valve1"", ""valve2""]",anomaly,"[""datetime"", ""changepoint"", ""source_group"", ""source_file""]",source_file,0.6,0.2,0.2,True,mean,standard,True,1,16,1,True,0.0,0.05,cuda,[123],32,50,True,5,adam,0.1,4,3,4,1,True,levenshtein,True,0.0001,average_log_probability,0.05,AUTOMATA,123,fold_1,parameter_analysis,3,6,,,
SKAB,123,fold_2,3,6,0.6389073950699533,0.5263157894736842,0.01841620626151013,0.03558718861209965,81,184,81,0.028044505410760555,0,"{""automata"": {""anomaly_threshold"": 0.1, ""decision"": {""fallback_quantile"": 0.05, ""score_field"": ""average_log_probability""}, ""paa"": {""window_size"": 4}, ""probability"": {""epsilon"": 0.0001, ""smoothing"": true}, ""sax"": {""alphabet_size"": 3}, ""sliding_window"": {""size"": 4, ""stride"": 1}, ""unseen_pattern"": {""enabled"": true, ""method"": ""levenshtein""}}, ""dataset"": {""config"": {""drop_columns"": [""datetime"", ""changepoint"", ""source_group"", ""source_file""], ""group_column"": ""source_file"", ""split"": {""test"": 0.2, ""train"": 0.6, ""validation"": 0.2}, ""target_column"": ""anomaly"", ""valve_folders"": [""valve1"", ""valve2""]}, ""name"": ""SKAB""}, ""extra"": {""alphabet_size"": 6, ""window_size"": 3}, ""noise"": {""enabled"": true, ""gaussian_mean"": 0.0, ""gaussian_std"": 0.05}, ""preprocessing"": {""missing_data"": {""enabled"": true, ""strategy"": ""mean""}, ""pca"": {""enabled"": true, ""n_components"": 1}, ""scaler"": ""standard"", ""sequence_length"": 16, ""sequence_stride"": 1}, ""project"": {""device"": ""cuda"", ""random_seeds"": [123]}, ""run"": {""family"": ""AUTOMATA"", ""scenario"": ""parameter_analysis"", ""seed"": 123, ""split"": ""fold_2""}, ""training"": {""batch_size"": 32, ""early_stopping"": {""enabled"": true, ""patience"": 5}, ""epochs"": 50, ""optimizer"": ""adam""}}",SKAB,"[""valve1"", ""valve2""]",anomaly,"[""datetime"", ""changepoint"", ""source_group"", ""source_file""]",source_file,0.6,0.2,0.2,True,mean,standard,True,1,16,1,True,0.0,0.05,cuda,[123],32,50,True,5,adam,0.1,4,3,4,1,True,levenshtein,True,0.0001,average_log_probability,0.05,AUTOMATA,123,fold_2,parameter_analysis,3,6,,,
SKAB,123,fold_3,3,6,0.6139283299526708,0.3937007874015748,0.09191176470588236,0.14903129657228018,62,137,62,0.03563995837669095,36,"{""automata"": {""anomaly_threshold"": 0.1, ""decision"": {""fallback_quantile"": 0.05, ""score_field"": ""average_log_probability""}, ""paa"": {""window_size"": 4}, ""probability"": {""epsilon"": 0.0001, ""smoothing"": true}, ""sax"": {""alphabet_size"": 3}, ""sliding_window"": {""size"": 4, ""stride"": 1}, ""unseen_pattern"": {""enabled"": true, ""method"": ""levenshtein""}}, ""dataset"": {""config"": {""drop_columns"": [""datetime"", ""changepoint"", ""source_group"", ""source_file""], ""group_column"": ""source_file"", ""split"": {""test"": 0.2, ""train"": 0.6, ""validation"": 0.2}, ""target_column"": ""anomaly"", ""valve_folders"": [""valve1"", ""valve2""]}, ""name"": ""SKAB""}, ""extra"": {""alphabet_size"": 6, ""window_size"": 3}, ""noise"": {""enabled"": true, ""gaussian_mean"": 0.0, ""gaussian_std"": 0.05}, ""preprocessing"": {""missing_data"": {""enabled"": true, ""strategy"": ""mean""}, ""pca"": {""enabled"": true, ""n_components"": 1}, ""scaler"": ""standard"", ""sequence_length"": 16, ""sequence_stride"": 1}, ""project"": {""device"": ""cuda"", ""random_seeds"": [123]}, ""run"": {""family"": ""AUTOMATA"", ""scenario"": ""parameter_analysis"", ""seed"": 123, ""split"": ""fold_3""}, ""training"": {""batch_size"": 32, ""early_stopping"": {""enabled"": true, ""patience"": 5}, ""epochs"": 50, ""optimizer"": ""adam""}}",SKAB,"[""valve1"", ""valve2""]",anomaly,"[""datetime"", ""changepoint"", ""source_group"", ""source_file""]",source_file,0.6,0.2,0.2,True,mean,standard,True,1,16,1,True,0.0,0.05,cuda,[123],32,50,True,5,adam,0.1,4,3,4,1,True,levenshtein,True,0.0001,average_log_probability,0.05,AUTOMATA,123,fold_3,parameter_analysis,3,6,,,
SKAB,123,fold_4,3,6,0.6235917826375083,0.4090909090909091,0.17045454545454544,0.24064171122994651,67,139,67,0.03096458008465137,45,"{""automata"": {""anomaly_threshold"": 0.1, ""decision"": {""fallback_quantile"": 0.05, ""score_field"": ""average_log_probability""}, ""paa"": {""window_size"": 4}, ""probability"": {""epsilon"": 0.0001, ""smoothing"": true}, ""sax"": {""alphabet_size"": 3}, ""sliding_window"": {""size"": 4, ""stride"": 1}, ""unseen_pattern"": {""enabled"": true, ""method"": ""levenshtein""}}, ""dataset"": {""config"": {""drop_columns"": [""datetime"", ""changepoint"", ""source_group"", ""source_file""], ""group_column"": ""source_file"", ""split"": {""test"": 0.2, ""train"": 0.6, ""validation"": 0.2}, ""target_column"": ""anomaly"", ""valve_folders"": [""valve1"", ""valve2""]}, ""name"": ""SKAB""}, ""extra"": {""alphabet_size"": 6, ""window_size"": 3}, ""noise"": {""enabled"": true, ""gaussian_mean"": 0.0, ""gaussian_std"": 0.05}, ""preprocessing"": {""missing_data"": {""enabled"": true, ""strategy"": ""mean""}, ""pca"": {""enabled"": true, ""n_components"": 1}, ""scaler"": ""standard"", ""sequence_length"": 16, ""sequence_stride"": 1}, ""project"": {""device"": ""cuda"", ""random_seeds"": [123]}, ""run"": {""family"": ""AUTOMATA"", ""scenario"": ""parameter_analysis"", ""seed"": 123, ""split"": ""fold_4""}, ""training"": {""batch_size"": 32, ""early_stopping"": {""enabled"": true, ""patience"": 5}, ""epochs"": 50, ""optimizer"": ""adam""}}",SKAB,"[""valve1"", ""valve2""]",anomaly,"[""datetime"", ""changepoint"", ""source_group"", ""source_file""]",source_file,0.6,0.2,0.2,True,mean,standard,True,1,16,1,True,0.0,0.05,cuda,[123],32,50,True,5,adam,0.1,4,3,4,1,True,levenshtein,True,0.0001,average_log_probability,0.05,AUTOMATA,123,fold_4,parameter_analysis,3,6,,,
SKAB,123,fold_0,4,3,0.6122994652406417,0.14,0.017543859649122806,0.031180400890868598,41,77,41,0.04580606781677573,3,"{""automata"": {""anomaly_threshold"": 0.1, ""decision"": {""fallback_quantile"": 0.05, ""score_field"": ""average_log_probability""}, ""paa"": {""window_size"": 4}, ""probability"": {""epsilon"": 0.0001, ""smoothing"": true}, ""sax"": {""alphabet_size"": 3}, ""sliding_window"": {""size"": 4, ""stride"": 1}, ""unseen_pattern"": {""enabled"": true, ""method"": ""levenshtein""}}, ""dataset"": {""config"": {""drop_columns"": [""datetime"", ""changepoint"", ""source_group"", ""source_file""], ""group_column"": ""source_file"", ""split"": {""test"": 0.2, ""train"": 0.6, ""validation"": 0.2}, ""target_column"": ""anomaly"", ""valve_folders"": [""valve1"", ""valve2""]}, ""name"": ""SKAB""}, ""extra"": {""alphabet_size"": 3, ""window_size"": 4}, ""noise"": {""enabled"": true, ""gaussian_mean"": 0.0, ""gaussian_std"": 0.05}, ""preprocessing"": {""missing_data"": {""enabled"": true, ""strategy"": ""mean""}, ""pca"": {""enabled"": true, ""n_components"": 1}, ""scaler"": ""standard"", ""sequence_length"": 16, ""sequence_stride"": 1}, ""project"": {""device"": ""cuda"", ""random_seeds"": [123]}, ""run"": {""family"": ""AUTOMATA"", ""scenario"": ""parameter_analysis"", ""seed"": 123, ""split"": ""fold_0""}, ""training"": {""batch_size"": 32, ""early_stopping"": {""enabled"": true, ""patience"": 5}, ""epochs"": 50, ""optimizer"": ""adam""}}",SKAB,"[""valve1"", ""valve2""]",anomaly,"[""datetime"", ""changepoint"", ""source_group"", ""source_file""]",source_file,0.6,0.2,0.2,True,mean,standard,True,1,16,1,True,0.0,0.05,cuda,[123],32,50,True,5,adam,0.1,4,3,4,1,True,levenshtein,True,0.0001,average_log_probability,0.05,AUTOMATA,123,fold_0,parameter_analysis,4,3,,,
SKAB,123,fold_1,4,3,0.6297948260481713,0.2571428571428571,0.022613065326633167,0.04157043879907621,41,78,41,0.04640095181439619,0,"{""automata"": {""anomaly_threshold"": 0.1, ""decision"": {""fallback_quantile"": 0.05, ""score_field"": ""average_log_probability""}, ""paa"": {""window_size"": 4}, ""probability"": {""epsilon"": 0.0001, ""smoothing"": true}, ""sax"": {""alphabet_size"": 3}, ""sliding_window"": {""size"": 4, ""stride"": 1}, ""unseen_pattern"": {""enabled"": true, ""method"": ""levenshtein""}}, ""dataset"": {""config"": {""drop_columns"": [""datetime"", ""changepoint"", ""source_group"", ""source_file""], ""group_column"": ""source_file"", ""split"": {""test"": 0.2, ""train"": 0.6, ""validation"": 0.2}, ""target_column"": ""anomaly"", ""valve_folders"": [""valve1"", ""valve2""]}, ""name"": ""SKAB""}, ""extra"": {""alphabet_size"": 3, ""window_size"": 4}, ""noise"": {""enabled"": true, ""gaussian_mean"": 0.0, ""gaussian_std"": 0.05}, ""preprocessing"": {""missing_data"": {""enabled"": true, ""strategy"": ""mean""}, ""pca"": {""enabled"": true, ""n_components"": 1}, ""scaler"": ""standard"", ""sequence_length"": 16, ""sequence_stride"": 1}, ""project"": {""device"": ""cuda"", ""random_seeds"": [123]}, ""run"": {""family"": ""AUTOMATA"", ""scenario"": ""parameter_analysis"", ""seed"": 123, ""split"": ""fold_1""}, ""training"": {""batch_size"": 32, ""early_stopping"": {""enabled"": true, ""patience"": 5}, ""epochs"": 50, ""optimizer"": ""adam""}}",SKAB,"[""valve1"", ""valve2""]",anomaly,"[""datetime"", ""changepoint"", ""source_group"", ""source_file""]",source_file,0.6,0.2,0.2,True,mean,standard,True,1,16,1,True,0.0,0.05,cuda,[123],32,50,True,5,adam,0.1,4,3,4,1,True,levenshtein,True,0.0001,average_log_probability,0.05,AUTOMATA,123,fold_1,parameter_analysis,4,3,,,
SKAB,123,fold_2,4,3,0.6174377224199288,0.3181818181818182,0.033816425120772944,0.0611353711790393,41,75,41,0.044616299821534804,0,"{""automata"": {""anomaly_threshold"": 0.1, ""decision"": {""fallback_quantile"": 0.05, ""score_field"": ""average_log_probability""}, ""paa"": {""window_size"": 4}, ""probability"": {""epsilon"": 0.0001, ""smoothing"": true}, ""sax"": {""alphabet_size"": 3}, ""sliding_window"": {""size"": 4, ""stride"": 1}, ""unseen_pattern"": {""enabled"": true, ""method"": ""levenshtein""}}, ""dataset"": {""config"": {""drop_columns"": [""datetime"", ""changepoint"", ""source_group"", ""source_file""], ""group_column"": ""source_file"", ""split"": {""test"": 0.2, ""train"": 0.6, ""validation"": 0.2}, ""target_column"": ""anomaly"", ""valve_folders"": [""valve1"", ""valve2""]}, ""name"": ""SKAB""}, ""extra"": {""alphabet_size"": 3, ""window_size"": 4}, ""noise"": {""enabled"": true, ""gaussian_mean"": 0.0, ""gaussian_std"": 0.05}, ""preprocessing"": {""missing_data"": {""enabled"": true, ""strategy"": ""mean""}, ""pca"": {""enabled"": true, ""n_components"": 1}, ""scaler"": ""standard"", ""sequence_length"": 16, ""sequence_stride"": 1}, ""project"": {""device"": ""cuda"", ""random_seeds"": [123]}, ""run"": {""family"": ""AUTOMATA"", ""scenario"": ""parameter_analysis"", ""seed"": 123, ""split"": ""fold_2""}, ""training"": {""batch_size"": 32, ""early_stopping"": {""enabled"": true, ""patience"": 5}, ""epochs"": 50, ""optimizer"": ""adam""}}",SKAB,"[""valve1"", ""valve2""]",anomaly,"[""datetime"", ""changepoint"", ""source_group"", ""source_file""]",source_file,0.6,0.2,0.2,True,mean,standard,True,1,16,1,True,0.0,0.05,cuda,[123],32,50,True,5,adam,0.1,4,3,4,1,True,levenshtein,True,0.0001,average_log_probability,0.05,AUTOMATA,123,fold_2,parameter_analysis,4,3,,,
SKAB,123,fold_3,4,3,0.6110108303249098,0.37735849056603776,0.04784688995215311,0.08492569002123142,39,74,39,0.04865220249835635,4,"{""automata"": {""anomaly_threshold"": 0.1, ""decision"": {""fallback_quantile"": 0.05, ""score_field"": ""average_log_probability""}, ""paa"": {""window_size"": 4}, ""probability"": {""epsilon"": 0.0001, ""smoothing"": true}, ""sax"": {""alphabet_size"": 3}, ""sliding_window"": {""size"": 4, ""stride"": 1}, ""unseen_pattern"": {""enabled"": true, ""method"": ""levenshtein""}}, ""dataset"": {""config"": {""drop_columns"": [""datetime"", ""changepoint"", ""source_group"", ""source_file""], ""group_column"": ""source_file"", ""split"": {""test"": 0.2, ""train"": 0.6, ""validation"": 0.2}, ""target_column"": ""anomaly"", ""valve_folders"": [""valve1"", ""valve2""]}, ""name"": ""SKAB""}, ""extra"": {""alphabet_size"": 3, ""window_size"": 4}, ""noise"": {""enabled"": true, ""gaussian_mean"": 0.0, ""gaussian_std"": 0.05}, ""preprocessing"": {""missing_data"": {""enabled"": true, ""strategy"": ""mean""}, ""pca"": {""enabled"": true, ""n_components"": 1}, ""scaler"": ""standard"", ""sequence_length"": 16, ""sequence_stride"": 1}, ""project"": {""device"": ""cuda"", ""random_seeds"": [123]}, ""run"": {""family"": ""AUTOMATA"", ""scenario"": ""parameter_analysis"", ""seed"": 123, ""split"": ""fold_3""}, ""training"": {""batch_size"": 32, ""early_stopping"": {""enabled"": true, ""patience"": 5}, ""epochs"": 50, ""optimizer"": ""adam""}}",SKAB,"[""valve1"", ""valve2""]",anomaly,"[""datetime"", ""changepoint"", ""source_group"", ""source_file""]",source_file,0.6,0.2,0.2,True,mean,standard,True,1,16,1,True,0.0,0.05,cuda,[123],32,50,True,5,adam,0.1,4,3,4,1,True,levenshtein,True,0.0001,average_log_probability,0.05,AUTOMATA,123,fold_3,parameter_analysis,4,3,,,
SKAB,123,fold_4,4,3,0.6221238938053097,0.34177215189873417,0.06716417910447761,0.11226611226611227,39,69,39,0.045364891518737675,15,"{""automata"": {""anomaly_threshold"": 0.1, ""decision"": {""fallback_quantile"": 0.05, ""score_field"": ""average_log_probability""}, ""paa"": {""window_size"": 4}, ""probability"": {""epsilon"": 0.0001, ""smoothing"": true}, ""sax"": {""alphabet_size"": 3}, ""sliding_window"": {""size"": 4, ""stride"": 1}, ""unseen_pattern"": {""enabled"": true, ""method"": ""levenshtein""}}, ""dataset"": {""config"": {""drop_columns"": [""datetime"", ""changepoint"", ""source_group"", ""source_file""], ""group_column"": ""source_file"", ""split"": {""test"": 0.2, ""train"": 0.6, ""validation"": 0.2}, ""target_column"": ""anomaly"", ""valve_folders"": [""valve1"", ""valve2""]}, ""name"": ""SKAB""}, ""extra"": {""alphabet_size"": 3, ""window_size"": 4}, ""noise"": {""enabled"": true, ""gaussian_mean"": 0.0, ""gaussian_std"": 0.05}, ""preprocessing"": {""missing_data"": {""enabled"": true, ""strategy"": ""mean""}, ""pca"": {""enabled"": true, ""n_components"": 1}, ""scaler"": ""standard"", ""sequence_length"": 16, ""sequence_stride"": 1}, ""project"": {""device"": ""cuda"", ""random_seeds"": [123]}, ""run"": {""family"": ""AUTOMATA"", ""scenario"": ""parameter_analysis"", ""seed"": 123, ""split"": ""fold_4""}, ""training"": {""batch_size"": 32, ""early_stopping"": {""enabled"": true, ""patience"": 5}, ""epochs"": 50, ""optimizer"": ""adam""}}",SKAB,"[""valve1"", ""valve2""]",anomaly,"[""datetime"", ""changepoint"", ""source_group"", ""source_file""]",source_file,0.6,0.2,0.2,True,mean,standard,True,1,16,1,True,0.0,0.05,cuda,[123],32,50,True,5,adam,0.1,4,3,4,1,True,levenshtein,True,0.0001,average_log_probability,0.05,AUTOMATA,123,fold_4,parameter_analysis,4,3,,,
SKAB,123,fold_0,4,4,0.5989304812834224,0.22580645161290322,0.05263157894736842,0.08536585365853659,67,126,67,0.02806861216306527,8,"{""automata"": {""anomaly_threshold"": 0.1, ""decision"": {""fallback_quantile"": 0.05, ""score_field"": ""average_log_probability""}, ""paa"": {""window_size"": 4}, ""probability"": {""epsilon"": 0.0001, ""smoothing"": true}, ""sax"": {""alphabet_size"": 3}, ""sliding_window"": {""size"": 4, ""stride"": 1}, ""unseen_pattern"": {""enabled"": true, ""method"": ""levenshtein""}}, ""dataset"": {""config"": {""drop_columns"": [""datetime"", ""changepoint"", ""source_group"", ""source_file""], ""group_column"": ""source_file"", ""split"": {""test"": 0.2, ""train"": 0.6, ""validation"": 0.2}, ""target_column"": ""anomaly"", ""valve_folders"": [""valve1"", ""valve2""]}, ""name"": ""SKAB""}, ""extra"": {""alphabet_size"": 4, ""window_size"": 4}, ""noise"": {""enabled"": true, ""gaussian_mean"": 0.0, ""gaussian_std"": 0.05}, ""preprocessing"": {""missing_data"": {""enabled"": true, ""strategy"": ""mean""}, ""pca"": {""enabled"": true, ""n_components"": 1}, ""scaler"": ""standard"", ""sequence_length"": 16, ""sequence_stride"": 1}, ""project"": {""device"": ""cuda"", ""random_seeds"": [123]}, ""run"": {""family"": ""AUTOMATA"", ""scenario"": ""parameter_analysis"", ""seed"": 123, ""split"": ""fold_0""}, ""training"": {""batch_size"": 32, ""early_stopping"": {""enabled"": true, ""patience"": 5}, ""epochs"": 50, ""optimizer"": ""adam""}}",SKAB,"[""valve1"", ""valve2""]",anomaly,"[""datetime"", ""changepoint"", ""source_group"", ""source_file""]",source_file,0.6,0.2,0.2,True,mean,standard,True,1,16,1,True,0.0,0.05,cuda,[123],32,50,True,5,adam,0.1,4,3,4,1,True,levenshtein,True,0.0001,average_log_probability,0.05,AUTOMATA,123,fold_0,parameter_analysis,4,4,,,
SKAB,123,fold_1,4,4,0.5976806422836753,0.21505376344086022,0.05025125628140704,0.0814663951120163,65,121,65,0.02863905325443787,1,"{""automata"": {""anomaly_threshold"": 0.1, ""decision"": {""fallback_quantile"": 0.05, ""score_field"": ""average_log_probability""}, ""paa"": {""window_size"": 4}, ""probability"": {""epsilon"": 0.0001, ""smoothing"": true}, ""sax"": {""alphabet_size"": 3}, ""sliding_window"": {""size"": 4, ""stride"": 1}, ""unseen_pattern"": {""enabled"": true, ""method"": ""levenshtein""}}, ""dataset"": {""config"": {""drop_columns"": [""datetime"", ""changepoint"", ""source_group"", ""source_file""], ""group_column"": ""source_file"", ""split"": {""test"": 0.2, ""train"": 0.6, ""validation"": 0.2}, ""target_column"": ""anomaly"", ""valve_folders"": [""valve1"", ""valve2""]}, ""name"": ""SKAB""}, ""extra"": {""alphabet_size"": 4, ""window_size"": 4}, ""noise"": {""enabled"": true, ""gaussian_mean"": 0.0, ""gaussian_std"": 0.05}, ""preprocessing"": {""missing_data"": {""enabled"": true, ""strategy"": ""mean""}, ""pca"": {""enabled"": true, ""n_components"": 1}, ""scaler"": ""standard"", ""sequence_length"": 16, ""sequence_stride"": 1}, ""project"": {""device"": ""cuda"", ""random_seeds"": [123]}, ""run"": {""family"": ""AUTOMATA"", ""scenario"": ""parameter_analysis"", ""seed"": 123, ""split"": ""fold_1""}, ""training"": {""batch_size"": 32, ""early_stopping"": {""enabled"": true, ""patience"": 5}, ""epochs"": 50, ""optimizer"": ""adam""}}",SKAB,"[""valve1"", ""valve2""]",anomaly,"[""datetime"", ""changepoint"", ""source_group"", ""source_file""]",source_file,0.6,0.2,0.2,True,mean,standard,True,1,16,1,True,0.0,0.05,cuda,[123],32,50,True,5,adam,0.1,4,3,4,1,True,levenshtein,True,0.0001,average_log_probability,0.05,AUTOMATA,123,fold_1,parameter_analysis,4,4,,,
SKAB,123,fold_2,4,4,0.6236654804270463,0.30434782608695654,0.016908212560386472,0.032036613272311214,66,131,66,0.03007346189164371,0,"{""automata"": {""anomaly_threshold"": 0.1, ""decision"": {""fallback_quantile"": 0.05, ""score_field"": ""average_log_probability""}, ""paa"": {""window_size"": 4}, ""probability"": {""epsilon"": 0.0001, ""smoothing"": true}, ""sax"": {""alphabet_size"": 3}, ""sliding_window"": {""size"": 4, ""stride"": 1}, ""unseen_pattern"": {""enabled"": true, ""method"": ""levenshtein""}}, ""dataset"": {""config"": {""drop_columns"": [""datetime"", ""changepoint"", ""source_group"", ""source_file""], ""group_column"": ""source_file"", ""split"": {""test"": 0.2, ""train"": 0.6, ""validation"": 0.2}, ""target_column"": ""anomaly"", ""valve_folders"": [""valve1"", ""valve2""]}, ""name"": ""SKAB""}, ""extra"": {""alphabet_size"": 4, ""window_size"": 4}, ""noise"": {""enabled"": true, ""gaussian_mean"": 0.0, ""gaussian_std"": 0.05}, ""preprocessing"": {""missing_data"": {""enabled"": true, ""strategy"": ""mean""}, ""pca"": {""enabled"": true, ""n_components"": 1}, ""scaler"": ""standard"", ""sequence_length"": 16, ""sequence_stride"": 1}, ""project"": {""device"": ""cuda"", ""random_seeds"": [123]}, ""run"": {""family"": ""AUTOMATA"", ""scenario"": ""parameter_analysis"", ""seed"": 123, ""split"": ""fold_2""}, ""training"": {""batch_size"": 32, ""early_stopping"": {""enabled"": true, ""patience"": 5}, ""epochs"": 50, ""optimizer"": ""adam""}}",SKAB,"[""valve1"", ""valve2""]",anomaly,"[""datetime"", ""changepoint"", ""source_group"", ""source_file""]",source_file,0.6,0.2,0.2,True,mean,standard,True,1,16,1,True,0.0,0.05,cuda,[123],32,50,True,5,adam,0.1,4,3,4,1,True,levenshtein,True,0.0001,average_log_probability,0.05,AUTOMATA,123,fold_2,parameter_analysis,4,4,,,
SKAB,123,fold_3,4,4,0.5893501805054152,0.27710843373493976,0.05502392344497608,0.09181636726546906,69,130,69,0.027305187985717287,6,"{""automata"": {""anomaly_threshold"": 0.1, ""decision"": {""fallback_quantile"": 0.05, ""score_field"": ""average_log_probability""}, ""paa"": {""window_size"": 4}, ""probability"": {""epsilon"": 0.0001, ""smoothing"": true}, ""sax"": {""alphabet_size"": 3}, ""sliding_window"": {""size"": 4, ""stride"": 1}, ""unseen_pattern"": {""enabled"": true, ""method"": ""levenshtein""}}, ""dataset"": {""config"": {""drop_columns"": [""datetime"", ""changepoint"", ""source_group"", ""source_file""], ""group_column"": ""source_file"", ""split"": {""test"": 0.2, ""train"": 0.6, ""validation"": 0.2}, ""target_column"": ""anomaly"", ""valve_folders"": [""valve1"", ""valve2""]}, ""name"": ""SKAB""}, ""extra"": {""alphabet_size"": 4, ""window_size"": 4}, ""noise"": {""enabled"": true, ""gaussian_mean"": 0.0, ""gaussian_std"": 0.05}, ""preprocessing"": {""missing_data"": {""enabled"": true, ""strategy"": ""mean""}, ""pca"": {""enabled"": true, ""n_components"": 1}, ""scaler"": ""standard"", ""sequence_length"": 16, ""sequence_stride"": 1}, ""project"": {""device"": ""cuda"", ""random_seeds"": [123]}, ""run"": {""family"": ""AUTOMATA"", ""scenario"": ""parameter_analysis"", ""seed"": 123, ""split"": ""fold_3""}, ""training"": {""batch_size"": 32, ""early_stopping"": {""enabled"": true, ""patience"": 5}, ""epochs"": 50, ""optimizer"": ""adam""}}",SKAB,"[""valve1"", ""valve2""]",anomaly,"[""datetime"", ""changepoint"", ""source_group"", ""source_file""]",source_file,0.6,0.2,0.2,True,mean,standard,True,1,16,1,True,0.0,0.05,cuda,[123],32,50,True,5,adam,0.1,4,3,4,1,True,levenshtein,True,0.0001,average_log_probability,0.05,AUTOMATA,123,fold_3,parameter_analysis,4,4,,,
SKAB,123,fold_4,4,4,0.6256637168141593,0.425531914893617,0.14925373134328357,0.22099447513812154,57,110,57,0.03385657125269314,21,"{""automata"": {""anomaly_threshold"": 0.1, ""decision"": {""fallback_quantile"": 0.05, ""score_field"": ""average_log_probability""}, ""paa"": {""window_size"": 4}, ""probability"": {""epsilon"": 0.0001, ""smoothing"": true}, ""sax"": {""alphabet_size"": 3}, ""sliding_window"": {""size"": 4, ""stride"": 1}, ""unseen_pattern"": {""enabled"": true, ""method"": ""levenshtein""}}, ""dataset"": {""config"": {""drop_columns"": [""datetime"", ""changepoint"", ""source_group"", ""source_file""], ""group_column"": ""source_file"", ""split"": {""test"": 0.2, ""train"": 0.6, ""validation"": 0.2}, ""target_column"": ""anomaly"", ""valve_folders"": [""valve1"", ""valve2""]}, ""name"": ""SKAB""}, ""extra"": {""alphabet_size"": 4, ""window_size"": 4}, ""noise"": {""enabled"": true, ""gaussian_mean"": 0.0, ""gaussian_std"": 0.05}, ""preprocessing"": {""missing_data"": {""enabled"": true, ""strategy"": ""mean""}, ""pca"": {""enabled"": true, ""n_components"": 1}, ""scaler"": ""standard"", ""sequence_length"": 16, ""sequence_stride"": 1}, ""project"": {""device"": ""cuda"", ""random_seeds"": [123]}, ""run"": {""family"": ""AUTOMATA"", ""scenario"": ""parameter_analysis"", ""seed"": 123, ""split"": ""fold_4""}, ""training"": {""batch_size"": 32, ""early_stopping"": {""enabled"": true, ""patience"": 5}, ""epochs"": 50, ""optimizer"": ""adam""}}",SKAB,"[""valve1"", ""valve2""]",anomaly,"[""datetime"", ""changepoint"", ""source_group"", ""source_file""]",source_file,0.6,0.2,0.2,True,mean,standard,True,1,16,1,True,0.0,0.05,cuda,[123],32,50,True,5,adam,0.1,4,3,4,1,True,levenshtein,True,0.0001,average_log_probability,0.05,AUTOMATA,123,fold_4,parameter_analysis,4,4,,,
SKAB,123,fold_0,4,5,0.6024955436720143,0.27184466019417475,0.07017543859649122,0.11155378486055777,87,166,87,0.021931562954155107,15,"{""automata"": {""anomaly_threshold"": 0.1, ""decision"": {""fallback_quantile"": 0.05, ""score_field"": ""average_log_probability""}, ""paa"": {""window_size"": 4}, ""probability"": {""epsilon"": 0.0001, ""smoothing"": true}, ""sax"": {""alphabet_size"": 3}, ""sliding_window"": {""size"": 4, ""stride"": 1}, ""unseen_pattern"": {""enabled"": true, ""method"": ""levenshtein""}}, ""dataset"": {""config"": {""drop_columns"": [""datetime"", ""changepoint"", ""source_group"", ""source_file""], ""group_column"": ""source_file"", ""split"": {""test"": 0.2, ""train"": 0.6, ""validation"": 0.2}, ""target_column"": ""anomaly"", ""valve_folders"": [""valve1"", ""valve2""]}, ""name"": ""SKAB""}, ""extra"": {""alphabet_size"": 5, ""window_size"": 4}, ""noise"": {""enabled"": true, ""gaussian_mean"": 0.0, ""gaussian_std"": 0.05}, ""preprocessing"": {""missing_data"": {""enabled"": true, ""strategy"": ""mean""}, ""pca"": {""enabled"": true, ""n_components"": 1}, ""scaler"": ""standard"", ""sequence_length"": 16, ""sequence_stride"": 1}, ""project"": {""device"": ""cuda"", ""random_seeds"": [123]}, ""run"": {""family"": ""AUTOMATA"", ""scenario"": ""parameter_analysis"", ""seed"": 123, ""split"": ""fold_0""}, ""training"": {""batch_size"": 32, ""early_stopping"": {""enabled"": true, ""patience"": 5}, ""epochs"": 50, ""optimizer"": ""adam""}}",SKAB,"[""valve1"", ""valve2""]",anomaly,"[""datetime"", ""changepoint"", ""source_group"", ""source_file""]",source_file,0.6,0.2,0.2,True,mean,standard,True,1,16,1,True,0.0,0.05,cuda,[123],32,50,True,5,adam,0.1,4,3,4,1,True,levenshtein,True,0.0001,average_log_probability,0.05,AUTOMATA,123,fold_0,parameter_analysis,4,5,,,
SKAB,123,fold_1,4,5,0.623550401427297,0.34615384615384615,0.0678391959798995,0.1134453781512605,85,161,85,0.022283737024221453,11,"{""automata"": {""anomaly_threshold"": 0.1, ""decision"": {""fallback_quantile"": 0.05, ""score_field"": ""average_log_probability""}, ""paa"": {""window_size"": 4}, ""probability"": {""epsilon"": 0.0001, ""smoothing"": true}, ""sax"": {""alphabet_size"": 3}, ""sliding_window"": {""size"": 4, ""stride"": 1}, ""unseen_pattern"": {""enabled"": true, ""method"": ""levenshtein""}}, ""dataset"": {""config"": {""drop_columns"": [""datetime"", ""changepoint"", ""source_group"", ""source_file""], ""group_column"": ""source_file"", ""split"": {""test"": 0.2, ""train"": 0.6, ""validation"": 0.2}, ""target_column"": ""anomaly"", ""valve_folders"": [""valve1"", ""valve2""]}, ""name"": ""SKAB""}, ""extra"": {""alphabet_size"": 5, ""window_size"": 4}, ""noise"": {""enabled"": true, ""gaussian_mean"": 0.0, ""gaussian_std"": 0.05}, ""preprocessing"": {""missing_data"": {""enabled"": true, ""strategy"": ""mean""}, ""pca"": {""enabled"": true, ""n_components"": 1}, ""scaler"": ""standard"", ""sequence_length"": 16, ""sequence_stride"": 1}, ""project"": {""device"": ""cuda"", ""random_seeds"": [123]}, ""run"": {""family"": ""AUTOMATA"", ""scenario"": ""parameter_analysis"", ""seed"": 123, ""split"": ""fold_1""}, ""training"": {""batch_size"": 32, ""early_stopping"": {""enabled"": true, ""patience"": 5}, ""epochs"": 50, ""optimizer"": ""adam""}}",SKAB,"[""valve1"", ""valve2""]",anomaly,"[""datetime"", ""changepoint"", ""source_group"", ""source_file""]",source_file,0.6,0.2,0.2,True,mean,standard,True,1,16,1,True,0.0,0.05,cuda,[123],32,50,True,5,adam,0.1,4,3,4,1,True,levenshtein,True,0.0001,average_log_probability,0.05,AUTOMATA,123,fold_1,parameter_analysis,4,5,,,
SKAB,123,fold_2,4,5,0.6218861209964412,0.35135135135135137,0.03140096618357488,0.057649667405764965,115,220,115,0.0166351606805293,2,"{""automata"": {""anomaly_threshold"": 0.1, ""decision"": {""fallback_quantile"": 0.05, ""score_field"": ""average_log_probability""}, ""paa"": {""window_size"": 4}, ""probability"": {""epsilon"": 0.0001, ""smoothing"": true}, ""sax"": {""alphabet_size"": 3}, ""sliding_window"": {""size"": 4, ""stride"": 1}, ""unseen_pattern"": {""enabled"": true, ""method"": ""levenshtein""}}, ""dataset"": {""config"": {""drop_columns"": [""datetime"", ""changepoint"", ""source_group"", ""source_file""], ""group_column"": ""source_file"", ""split"": {""test"": 0.2, ""train"": 0.6, ""validation"": 0.2}, ""target_column"": ""anomaly"", ""valve_folders"": [""valve1"", ""valve2""]}, ""name"": ""SKAB""}, ""extra"": {""alphabet_size"": 5, ""window_size"": 4}, ""noise"": {""enabled"": true, ""gaussian_mean"": 0.0, ""gaussian_std"": 0.05}, ""preprocessing"": {""missing_data"": {""enabled"": true, ""strategy"": ""mean""}, ""pca"": {""enabled"": true, ""n_components"": 1}, ""scaler"": ""standard"", ""sequence_length"": 16, ""sequence_stride"": 1}, ""project"": {""device"": ""cuda"", ""random_seeds"": [123]}, ""run"": {""family"": ""AUTOMATA"", ""scenario"": ""parameter_analysis"", ""seed"": 123, ""split"": ""fold_2""}, ""training"": {""batch_size"": 32, ""early_stopping"": {""enabled"": true, ""patience"": 5}, ""epochs"": 50, ""optimizer"": ""adam""}}",SKAB,"[""valve1"", ""valve2""]",anomaly,"[""datetime"", ""changepoint"", ""source_group"", ""source_file""]",source_file,0.6,0.2,0.2,True,mean,standard,True,1,16,1,True,0.0,0.05,cuda,[123],32,50,True,5,adam,0.1,4,3,4,1,True,levenshtein,True,0.0001,average_log_probability,0.05,AUTOMATA,123,fold_2,parameter_analysis,4,5,,,
SKAB,123,fold_3,4,5,0.6028880866425993,0.36585365853658536,0.07177033492822966,0.12,99,186,99,0.018977655341291706,21,"{""automata"": {""anomaly_threshold"": 0.1, ""decision"": {""fallback_quantile"": 0.05, ""score_field"": ""average_log_probability""}, ""paa"": {""window_size"": 4}, ""probability"": {""epsilon"": 0.0001, ""smoothing"": true}, ""sax"": {""alphabet_size"": 3}, ""sliding_window"": {""size"": 4, ""stride"": 1}, ""unseen_pattern"": {""enabled"": true, ""method"": ""levenshtein""}}, ""dataset"": {""config"": {""drop_columns"": [""datetime"", ""changepoint"", ""source_group"", ""source_file""], ""group_column"": ""source_file"", ""split"": {""test"": 0.2, ""train"": 0.6, ""validation"": 0.2}, ""target_column"": ""anomaly"", ""valve_folders"": [""valve1"", ""valve2""]}, ""name"": ""SKAB""}, ""extra"": {""alphabet_size"": 5, ""window_size"": 4}, ""noise"": {""enabled"": true, ""gaussian_mean"": 0.0, ""gaussian_std"": 0.05}, ""preprocessing"": {""missing_data"": {""enabled"": true, ""strategy"": ""mean""}, ""pca"": {""enabled"": true, ""n_components"": 1}, ""scaler"": ""standard"", ""sequence_length"": 16, ""sequence_stride"": 1}, ""project"": {""device"": ""cuda"", ""random_seeds"": [123]}, ""run"": {""family"": ""AUTOMATA"", ""scenario"": ""parameter_analysis"", ""seed"": 123, ""split"": ""fold_3""}, ""training"": {""batch_size"": 32, ""early_stopping"": {""enabled"": true, ""patience"": 5}, ""epochs"": 50, ""optimizer"": ""adam""}}",SKAB,"[""valve1"", ""valve2""]",anomaly,"[""datetime"", ""changepoint"", ""source_group"", ""source_file""]",source_file,0.6,0.2,0.2,True,mean,standard,True,1,16,1,True,0.0,0.05,cuda,[123],32,50,True,5,adam,0.1,4,3,4,1,True,levenshtein,True,0.0001,average_log_probability,0.05,AUTOMATA,123,fold_3,parameter_analysis,4,5,,,
SKAB,123,fold_4,4,5,0.5902654867256637,0.3128834355828221,0.12686567164179105,0.18053097345132743,82,154,82,0.022903033908387865,61,"{""automata"": {""anomaly_threshold"": 0.1, ""decision"": {""fallback_quantile"": 0.05, ""score_field"": ""average_log_probability""}, ""paa"": {""window_size"": 4}, ""probability"": {""epsilon"": 0.0001, ""smoothing"": true}, ""sax"": {""alphabet_size"": 3}, ""sliding_window"": {""size"": 4, ""stride"": 1}, ""unseen_pattern"": {""enabled"": true, ""method"": ""levenshtein""}}, ""dataset"": {""config"": {""drop_columns"": [""datetime"", ""changepoint"", ""source_group"", ""source_file""], ""group_column"": ""source_file"", ""split"": {""test"": 0.2, ""train"": 0.6, ""validation"": 0.2}, ""target_column"": ""anomaly"", ""valve_folders"": [""valve1"", ""valve2""]}, ""name"": ""SKAB""}, ""extra"": {""alphabet_size"": 5, ""window_size"": 4}, ""noise"": {""enabled"": true, ""gaussian_mean"": 0.0, ""gaussian_std"": 0.05}, ""preprocessing"": {""missing_data"": {""enabled"": true, ""strategy"": ""mean""}, ""pca"": {""enabled"": true, ""n_components"": 1}, ""scaler"": ""standard"", ""sequence_length"": 16, ""sequence_stride"": 1}, ""project"": {""device"": ""cuda"", ""random_seeds"": [123]}, ""run"": {""family"": ""AUTOMATA"", ""scenario"": ""parameter_analysis"", ""seed"": 123, ""split"": ""fold_4""}, ""training"": {""batch_size"": 32, ""early_stopping"": {""enabled"": true, ""patience"": 5}, ""epochs"": 50, ""optimizer"": ""adam""}}",SKAB,"[""valve1"", ""valve2""]",anomaly,"[""datetime"", ""changepoint"", ""source_group"", ""source_file""]",source_file,0.6,0.2,0.2,True,mean,standard,True,1,16,1,True,0.0,0.05,cuda,[123],32,50,True,5,adam,0.1,4,3,4,1,True,levenshtein,True,0.0001,average_log_probability,0.05,AUTOMATA,123,fold_4,parameter_analysis,4,5,,,
SKAB,123,fold_0,4,6,0.5909090909090909,0.23684210526315788,0.06766917293233082,0.10526315789473684,127,243,127,0.015066030132060265,33,"{""automata"": {""anomaly_threshold"": 0.1, ""decision"": {""fallback_quantile"": 0.05, ""score_field"": ""average_log_probability""}, ""paa"": {""window_size"": 4}, ""probability"": {""epsilon"": 0.0001, ""smoothing"": true}, ""sax"": {""alphabet_size"": 3}, ""sliding_window"": {""size"": 4, ""stride"": 1}, ""unseen_pattern"": {""enabled"": true, ""method"": ""levenshtein""}}, ""dataset"": {""config"": {""drop_columns"": [""datetime"", ""changepoint"", ""source_group"", ""source_file""], ""group_column"": ""source_file"", ""split"": {""test"": 0.2, ""train"": 0.6, ""validation"": 0.2}, ""target_column"": ""anomaly"", ""valve_folders"": [""valve1"", ""valve2""]}, ""name"": ""SKAB""}, ""extra"": {""alphabet_size"": 6, ""window_size"": 4}, ""noise"": {""enabled"": true, ""gaussian_mean"": 0.0, ""gaussian_std"": 0.05}, ""preprocessing"": {""missing_data"": {""enabled"": true, ""strategy"": ""mean""}, ""pca"": {""enabled"": true, ""n_components"": 1}, ""scaler"": ""standard"", ""sequence_length"": 16, ""sequence_stride"": 1}, ""project"": {""device"": ""cuda"", ""random_seeds"": [123]}, ""run"": {""family"": ""AUTOMATA"", ""scenario"": ""parameter_analysis"", ""seed"": 123, ""split"": ""fold_0""}, ""training"": {""batch_size"": 32, ""early_stopping"": {""enabled"": true, ""patience"": 5}, ""epochs"": 50, ""optimizer"": ""adam""}}",SKAB,"[""valve1"", ""valve2""]",anomaly,"[""datetime"", ""changepoint"", ""source_group"", ""source_file""]",source_file,0.6,0.2,0.2,True,mean,standard,True,1,16,1,True,0.0,0.05,cuda,[123],32,50,True,5,adam,0.1,4,3,4,1,True,levenshtein,True,0.0001,average_log_probability,0.05,AUTOMATA,123,fold_0,parameter_analysis,4,6,,,
SKAB,123,fold_1,4,6,0.5914362176628011,0.2169811320754717,0.05778894472361809,0.09126984126984126,120,222,120,0.015416666666666667,18,"{""automata"": {""anomaly_threshold"": 0.1, ""decision"": {""fallback_quantile"": 0.05, ""score_field"": ""average_log_probability""}, ""paa"": {""window_size"": 4}, ""probability"": {""epsilon"": 0.0001, ""smoothing"": true}, ""sax"": {""alphabet_size"": 3}, ""sliding_window"": {""size"": 4, ""stride"": 1}, ""unseen_pattern"": {""enabled"": true, ""method"": ""levenshtein""}}, ""dataset"": {""config"": {""drop_columns"": [""datetime"", ""changepoint"", ""source_group"", ""source_file""], ""group_column"": ""source_file"", ""split"": {""test"": 0.2, ""train"": 0.6, ""validation"": 0.2}, ""target_column"": ""anomaly"", ""valve_folders"": [""valve1"", ""valve2""]}, ""name"": ""SKAB""}, ""extra"": {""alphabet_size"": 6, ""window_size"": 4}, ""noise"": {""enabled"": true, ""gaussian_mean"": 0.0, ""gaussian_std"": 0.05}, ""preprocessing"": {""missing_data"": {""enabled"": true, ""strategy"": ""mean""}, ""pca"": {""enabled"": true, ""n_components"": 1}, ""scaler"": ""standard"", ""sequence_length"": 16, ""sequence_stride"": 1}, ""project"": {""device"": ""cuda"", ""random_seeds"": [123]}, ""run"": {""family"": ""AUTOMATA"", ""scenario"": ""parameter_analysis"", ""seed"": 123, ""split"": ""fold_1""}, ""training"": {""batch_size"": 32, ""early_stopping"": {""enabled"": true, ""patience"": 5}, ""epochs"": 50, ""optimizer"": ""adam""}}",SKAB,"[""valve1"", ""valve2""]",anomaly,"[""datetime"", ""changepoint"", ""source_group"", ""source_file""]",source_file,0.6,0.2,0.2,True,mean,standard,True,1,16,1,True,0.0,0.05,cuda,[123],32,50,True,5,adam,0.1,4,3,4,1,True,levenshtein,True,0.0001,average_log_probability,0.05,AUTOMATA,123,fold_1,parameter_analysis,4,6,,,
SKAB,123,fold_2,4,6,0.6316725978647687,0.5,0.024154589371980676,0.04608294930875576,164,335,164,0.012455383700178466,3,"{""automata"": {""anomaly_threshold"": 0.1, ""decision"": {""fallback_quantile"": 0.05, ""score_field"": ""average_log_probability""}, ""paa"": {""window_size"": 4}, ""probability"": {""epsilon"": 0.0001, ""smoothing"": true}, ""sax"": {""alphabet_size"": 3}, ""sliding_window"": {""size"": 4, ""stride"": 1}, ""unseen_pattern"": {""enabled"": true, ""method"": ""levenshtein""}}, ""dataset"": {""config"": {""drop_columns"": [""datetime"", ""changepoint"", ""source_group"", ""source_file""], ""group_column"": ""source_file"", ""split"": {""test"": 0.2, ""train"": 0.6, ""validation"": 0.2}, ""target_column"": ""anomaly"", ""valve_folders"": [""valve1"", ""valve2""]}, ""name"": ""SKAB""}, ""extra"": {""alphabet_size"": 6, ""window_size"": 4}, ""noise"": {""enabled"": true, ""gaussian_mean"": 0.0, ""gaussian_std"": 0.05}, ""preprocessing"": {""missing_data"": {""enabled"": true, ""strategy"": ""mean""}, ""pca"": {""enabled"": true, ""n_components"": 1}, ""scaler"": ""standard"", ""sequence_length"": 16, ""sequence_stride"": 1}, ""project"": {""device"": ""cuda"", ""random_seeds"": [123]}, ""run"": {""family"": ""AUTOMATA"", ""scenario"": ""parameter_analysis"", ""seed"": 123, ""split"": ""fold_2""}, ""training"": {""batch_size"": 32, ""early_stopping"": {""enabled"": true, ""patience"": 5}, ""epochs"": 50, ""optimizer"": ""adam""}}",SKAB,"[""valve1"", ""valve2""]",anomaly,"[""datetime"", ""changepoint"", ""source_group"", ""source_file""]",source_file,0.6,0.2,0.2,True,mean,standard,True,1,16,1,True,0.0,0.05,cuda,[123],32,50,True,5,adam,0.1,4,3,4,1,True,levenshtein,True,0.0001,average_log_probability,0.05,AUTOMATA,123,fold_2,parameter_analysis,4,6,,,
SKAB,123,fold_3,4,6,0.5983754512635379,0.3373493975903614,0.06698564593301436,0.11177644710578842,136,259,136,0.014003027681660899,25,"{""automata"": {""anomaly_threshold"": 0.1, ""decision"": {""fallback_quantile"": 0.05, ""score_field"": ""average_log_probability""}, ""paa"": {""window_size"": 4}, ""probability"": {""epsilon"": 0.0001, ""smoothing"": true}, ""sax"": {""alphabet_size"": 3}, ""sliding_window"": {""size"": 4, ""stride"": 1}, ""unseen_pattern"": {""enabled"": true, ""method"": ""levenshtein""}}, ""dataset"": {""config"": {""drop_columns"": [""datetime"", ""changepoint"", ""source_group"", ""source_file""], ""group_column"": ""source_file"", ""split"": {""test"": 0.2, ""train"": 0.6, ""validation"": 0.2}, ""target_column"": ""anomaly"", ""valve_folders"": [""valve1"", ""valve2""]}, ""name"": ""SKAB""}, ""extra"": {""alphabet_size"": 6, ""window_size"": 4}, ""noise"": {""enabled"": true, ""gaussian_mean"": 0.0, ""gaussian_std"": 0.05}, ""preprocessing"": {""missing_data"": {""enabled"": true, ""strategy"": ""mean""}, ""pca"": {""enabled"": true, ""n_components"": 1}, ""scaler"": ""standard"", ""sequence_length"": 16, ""sequence_stride"": 1}, ""project"": {""device"": ""cuda"", ""random_seeds"": [123]}, ""run"": {""family"": ""AUTOMATA"", ""scenario"": ""parameter_analysis"", ""seed"": 123, ""split"": ""fold_3""}, ""training"": {""batch_size"": 32, ""early_stopping"": {""enabled"": true, ""patience"": 5}, ""epochs"": 50, ""optimizer"": ""adam""}}",SKAB,"[""valve1"", ""valve2""]",anomaly,"[""datetime"", ""changepoint"", ""source_group"", ""source_file""]",source_file,0.6,0.2,0.2,True,mean,standard,True,1,16,1,True,0.0,0.05,cuda,[123],32,50,True,5,adam,0.1,4,3,4,1,True,levenshtein,True,0.0001,average_log_probability,0.05,AUTOMATA,123,fold_3,parameter_analysis,4,6,,,
SKAB,123,fold_4,4,6,0.595575221238938,0.36585365853658536,0.1865671641791045,0.2471169686985173,118,223,118,0.01601551278368285,123,"{""automata"": {""anomaly_threshold"": 0.1, ""decision"": {""fallback_quantile"": 0.05, ""score_field"": ""average_log_probability""}, ""paa"": {""window_size"": 4}, ""probability"": {""epsilon"": 0.0001, ""smoothing"": true}, ""sax"": {""alphabet_size"": 3}, ""sliding_window"": {""size"": 4, ""stride"": 1}, ""unseen_pattern"": {""enabled"": true, ""method"": ""levenshtein""}}, ""dataset"": {""config"": {""drop_columns"": [""datetime"", ""changepoint"", ""source_group"", ""source_file""], ""group_column"": ""source_file"", ""split"": {""test"": 0.2, ""train"": 0.6, ""validation"": 0.2}, ""target_column"": ""anomaly"", ""valve_folders"": [""valve1"", ""valve2""]}, ""name"": ""SKAB""}, ""extra"": {""alphabet_size"": 6, ""window_size"": 4}, ""noise"": {""enabled"": true, ""gaussian_mean"": 0.0, ""gaussian_std"": 0.05}, ""preprocessing"": {""missing_data"": {""enabled"": true, ""strategy"": ""mean""}, ""pca"": {""enabled"": true, ""n_components"": 1}, ""scaler"": ""standard"", ""sequence_length"": 16, ""sequence_stride"": 1}, ""project"": {""device"": ""cuda"", ""random_seeds"": [123]}, ""run"": {""family"": ""AUTOMATA"", ""scenario"": ""parameter_analysis"", ""seed"": 123, ""split"": ""fold_4""}, ""training"": {""batch_size"": 32, ""early_stopping"": {""enabled"": true, ""patience"": 5}, ""epochs"": 50, ""optimizer"": ""adam""}}",SKAB,"[""valve1"", ""valve2""]",anomaly,"[""datetime"", ""changepoint"", ""source_group"", ""source_file""]",source_file,0.6,0.2,0.2,True,mean,standard,True,1,16,1,True,0.0,0.05,cuda,[123],32,50,True,5,adam,0.1,4,3,4,1,True,levenshtein,True,0.0001,average_log_probability,0.05,AUTOMATA,123,fold_4,parameter_analysis,4,6,,,
SKAB,123,fold_0,5,3,0.5970982142857143,0.10638297872340426,0.015432098765432098,0.026954177897574125,72,132,72,0.02546296296296296,13,"{""automata"": {""anomaly_threshold"": 0.1, ""decision"": {""fallback_quantile"": 0.05, ""score_field"": ""average_log_probability""}, ""paa"": {""window_size"": 4}, ""probability"": {""epsilon"": 0.0001, ""smoothing"": true}, ""sax"": {""alphabet_size"": 3}, ""sliding_window"": {""size"": 4, ""stride"": 1}, ""unseen_pattern"": {""enabled"": true, ""method"": ""levenshtein""}}, ""dataset"": {""config"": {""drop_columns"": [""datetime"", ""changepoint"", ""source_group"", ""source_file""], ""group_column"": ""source_file"", ""split"": {""test"": 0.2, ""train"": 0.6, ""validation"": 0.2}, ""target_column"": ""anomaly"", ""valve_folders"": [""valve1"", ""valve2""]}, ""name"": ""SKAB""}, ""extra"": {""alphabet_size"": 3, ""window_size"": 5}, ""noise"": {""enabled"": true, ""gaussian_mean"": 0.0, ""gaussian_std"": 0.05}, ""preprocessing"": {""missing_data"": {""enabled"": true, ""strategy"": ""mean""}, ""pca"": {""enabled"": true, ""n_components"": 1}, ""scaler"": ""standard"", ""sequence_length"": 16, ""sequence_stride"": 1}, ""project"": {""device"": ""cuda"", ""random_seeds"": [123]}, ""run"": {""family"": ""AUTOMATA"", ""scenario"": ""parameter_analysis"", ""seed"": 123, ""split"": ""fold_0""}, ""training"": {""batch_size"": 32, ""early_stopping"": {""enabled"": true, ""patience"": 5}, ""epochs"": 50, ""optimizer"": ""adam""}}",SKAB,"[""valve1"", ""valve2""]",anomaly,"[""datetime"", ""changepoint"", ""source_group"", ""source_file""]",source_file,0.6,0.2,0.2,True,mean,standard,True,1,16,1,True,0.0,0.05,cuda,[123],32,50,True,5,adam,0.1,4,3,4,1,True,levenshtein,True,0.0001,average_log_probability,0.05,AUTOMATA,123,fold_0,parameter_analysis,5,3,,,
SKAB,123,fold_1,5,3,0.6212290502793296,0.19047619047619047,0.012269938650306749,0.023054755043227664,77,141,77,0.023781413391803,0,"{""automata"": {""anomaly_threshold"": 0.1, ""decision"": {""fallback_quantile"": 0.05, ""score_field"": ""average_log_probability""}, ""paa"": {""window_size"": 4}, ""probability"": {""epsilon"": 0.0001, ""smoothing"": true}, ""sax"": {""alphabet_size"": 3}, ""sliding_window"": {""size"": 4, ""stride"": 1}, ""unseen_pattern"": {""enabled"": true, ""method"": ""levenshtein""}}, ""dataset"": {""config"": {""drop_columns"": [""datetime"", ""changepoint"", ""source_group"", ""source_file""], ""group_column"": ""source_file"", ""split"": {""test"": 0.2, ""train"": 0.6, ""validation"": 0.2}, ""target_column"": ""anomaly"", ""valve_folders"": [""valve1"", ""valve2""]}, ""name"": ""SKAB""}, ""extra"": {""alphabet_size"": 3, ""window_size"": 5}, ""noise"": {""enabled"": true, ""gaussian_mean"": 0.0, ""gaussian_std"": 0.05}, ""preprocessing"": {""missing_data"": {""enabled"": true, ""strategy"": ""mean""}, ""pca"": {""enabled"": true, ""n_components"": 1}, ""scaler"": ""standard"", ""sequence_length"": 16, ""sequence_stride"": 1}, ""project"": {""device"": ""cuda"", ""random_seeds"": [123]}, ""run"": {""family"": ""AUTOMATA"", ""scenario"": ""parameter_analysis"", ""seed"": 123, ""split"": ""fold_1""}, ""training"": {""batch_size"": 32, ""early_stopping"": {""enabled"": true, ""patience"": 5}, ""epochs"": 50, ""optimizer"": ""adam""}}",SKAB,"[""valve1"", ""valve2""]",anomaly,"[""datetime"", ""changepoint"", ""source_group"", ""source_file""]",source_file,0.6,0.2,0.2,True,mean,standard,True,1,16,1,True,0.0,0.05,cuda,[123],32,50,True,5,adam,0.1,4,3,4,1,True,levenshtein,True,0.0001,average_log_probability,0.05,AUTOMATA,123,fold_1,parameter_analysis,5,3,,,
SKAB,123,fold_2,5,3,0.6169265033407573,0.4230769230769231,0.03235294117647059,0.060109289617486336,74,126,74,0.023009495982468955,0,"{""automata"": {""anomaly_threshold"": 0.1, ""decision"": {""fallback_quantile"": 0.05, ""score_field"": ""average_log_probability""}, ""paa"": {""window_size"": 4}, ""probability"": {""epsilon"": 0.0001, ""smoothing"": true}, ""sax"": {""alphabet_size"": 3}, ""sliding_window"": {""size"": 4, ""stride"": 1}, ""unseen_pattern"": {""enabled"": true, ""method"": ""levenshtein""}}, ""dataset"": {""config"": {""drop_columns"": [""datetime"", ""changepoint"", ""source_group"", ""source_file""], ""group_column"": ""source_file"", ""split"": {""test"": 0.2, ""train"": 0.6, ""validation"": 0.2}, ""target_column"": ""anomaly"", ""valve_folders"": [""valve1"", ""valve2""]}, ""name"": ""SKAB""}, ""extra"": {""alphabet_size"": 3, ""window_size"": 5}, ""noise"": {""enabled"": true, ""gaussian_mean"": 0.0, ""gaussian_std"": 0.05}, ""preprocessing"": {""missing_data"": {""enabled"": true, ""strategy"": ""mean""}, ""pca"": {""enabled"": true, ""n_components"": 1}, ""scaler"": ""standard"", ""sequence_length"": 16, ""sequence_stride"": 1}, ""project"": {""device"": ""cuda"", ""random_seeds"": [123]}, ""run"": {""family"": ""AUTOMATA"", ""scenario"": ""parameter_analysis"", ""seed"": 123, ""split"": ""fold_2""}, ""training"": {""batch_size"": 32, ""early_stopping"": {""enabled"": true, ""patience"": 5}, ""epochs"": 50, ""optimizer"": ""adam""}}",SKAB,"[""valve1"", ""valve2""]",anomaly,"[""datetime"", ""changepoint"", ""source_group"", ""source_file""]",source_file,0.6,0.2,0.2,True,mean,standard,True,1,16,1,True,0.0,0.05,cuda,[123],32,50,True,5,adam,0.1,4,3,4,1,True,levenshtein,True,0.0001,average_log_probability,0.05,AUTOMATA,123,fold_2,parameter_analysis,5,3,,,
SKAB,123,fold_3,5,3,0.5943502824858757,0.21875,0.020527859237536656,0.03753351206434316,68,118,68,0.02551903114186851,0,"{""automata"": {""anomaly_threshold"": 0.1, ""decision"": {""fallback_quantile"": 0.05, ""score_field"": ""average_log_probability""}, ""paa"": {""window_size"": 4}, ""probability"": {""epsilon"": 0.0001, ""smoothing"": true}, ""sax"": {""alphabet_size"": 3}, ""sliding_window"": {""size"": 4, ""stride"": 1}, ""unseen_pattern"": {""enabled"": true, ""method"": ""levenshtein""}}, ""dataset"": {""config"": {""drop_columns"": [""datetime"", ""changepoint"", ""source_group"", ""source_file""], ""group_column"": ""source_file"", ""split"": {""test"": 0.2, ""train"": 0.6, ""validation"": 0.2}, ""target_column"": ""anomaly"", ""valve_folders"": [""valve1"", ""valve2""]}, ""name"": ""SKAB""}, ""extra"": {""alphabet_size"": 3, ""window_size"": 5}, ""noise"": {""enabled"": true, ""gaussian_mean"": 0.0, ""gaussian_std"": 0.05}, ""preprocessing"": {""missing_data"": {""enabled"": true, ""strategy"": ""mean""}, ""pca"": {""enabled"": true, ""n_components"": 1}, ""scaler"": ""standard"", ""sequence_length"": 16, ""sequence_stride"": 1}, ""project"": {""device"": ""cuda"", ""random_seeds"": [123]}, ""run"": {""family"": ""AUTOMATA"", ""scenario"": ""parameter_analysis"", ""seed"": 123, ""split"": ""fold_3""}, ""training"": {""batch_size"": 32, ""early_stopping"": {""enabled"": true, ""patience"": 5}, ""epochs"": 50, ""optimizer"": ""adam""}}",SKAB,"[""valve1"", ""valve2""]",anomaly,"[""datetime"", ""changepoint"", ""source_group"", ""source_file""]",source_file,0.6,0.2,0.2,True,mean,standard,True,1,16,1,True,0.0,0.05,cuda,[123],32,50,True,5,adam,0.1,4,3,4,1,True,levenshtein,True,0.0001,average_log_probability,0.05,AUTOMATA,123,fold_3,parameter_analysis,5,3,,,
SKAB,123,fold_4,5,3,0.6334440753045404,0.4895833333333333,0.14285714285714285,0.2211764705882353,70,113,70,0.023061224489795917,33,"{""automata"": {""anomaly_threshold"": 0.1, ""decision"": {""fallback_quantile"": 0.05, ""score_field"": ""average_log_probability""}, ""paa"": {""window_size"": 4}, ""probability"": {""epsilon"": 0.0001, ""smoothing"": true}, ""sax"": {""alphabet_size"": 3}, ""sliding_window"": {""size"": 4, ""stride"": 1}, ""unseen_pattern"": {""enabled"": true, ""method"": ""levenshtein""}}, ""dataset"": {""config"": {""drop_columns"": [""datetime"", ""changepoint"", ""source_group"", ""source_file""], ""group_column"": ""source_file"", ""split"": {""test"": 0.2, ""train"": 0.6, ""validation"": 0.2}, ""target_column"": ""anomaly"", ""valve_folders"": [""valve1"", ""valve2""]}, ""name"": ""SKAB""}, ""extra"": {""alphabet_size"": 3, ""window_size"": 5}, ""noise"": {""enabled"": true, ""gaussian_mean"": 0.0, ""gaussian_std"": 0.05}, ""preprocessing"": {""missing_data"": {""enabled"": true, ""strategy"": ""mean""}, ""pca"": {""enabled"": true, ""n_components"": 1}, ""scaler"": ""standard"", ""sequence_length"": 16, ""sequence_stride"": 1}, ""project"": {""device"": ""cuda"", ""random_seeds"": [123]}, ""run"": {""family"": ""AUTOMATA"", ""scenario"": ""parameter_analysis"", ""seed"": 123, ""split"": ""fold_4""}, ""training"": {""batch_size"": 32, ""early_stopping"": {""enabled"": true, ""patience"": 5}, ""epochs"": 50, ""optimizer"": ""adam""}}",SKAB,"[""valve1"", ""valve2""]",anomaly,"[""datetime"", ""changepoint"", ""source_group"", ""source_file""]",source_file,0.6,0.2,0.2,True,mean,standard,True,1,16,1,True,0.0,0.05,cuda,[123],32,50,True,5,adam,0.1,4,3,4,1,True,levenshtein,True,0.0001,average_log_probability,0.05,AUTOMATA,123,fold_4,parameter_analysis,5,3,,,
SKAB,123,fold_0,5,4,0.5770089285714286,0.20430107526881722,0.05864197530864197,0.09112709832134293,109,184,109,0.015486911876104705,32,"{""automata"": {""anomaly_threshold"": 0.1, ""decision"": {""fallback_quantile"": 0.05, ""score_field"": ""average_log_probability""}, ""paa"": {""window_size"": 4}, ""probability"": {""epsilon"": 0.0001, ""smoothing"": true}, ""sax"": {""alphabet_size"": 3}, ""sliding_window"": {""size"": 4, ""stride"": 1}, ""unseen_pattern"": {""enabled"": true, ""method"": ""levenshtein""}}, ""dataset"": {""config"": {""drop_columns"": [""datetime"", ""changepoint"", ""source_group"", ""source_file""], ""group_column"": ""source_file"", ""split"": {""test"": 0.2, ""train"": 0.6, ""validation"": 0.2}, ""target_column"": ""anomaly"", ""valve_folders"": [""valve1"", ""valve2""]}, ""name"": ""SKAB""}, ""extra"": {""alphabet_size"": 4, ""window_size"": 5}, ""noise"": {""enabled"": true, ""gaussian_mean"": 0.0, ""gaussian_std"": 0.05}, ""preprocessing"": {""missing_data"": {""enabled"": true, ""strategy"": ""mean""}, ""pca"": {""enabled"": true, ""n_components"": 1}, ""scaler"": ""standard"", ""sequence_length"": 16, ""sequence_stride"": 1}, ""project"": {""device"": ""cuda"", ""random_seeds"": [123]}, ""run"": {""family"": ""AUTOMATA"", ""scenario"": ""parameter_analysis"", ""seed"": 123, ""split"": ""fold_0""}, ""training"": {""batch_size"": 32, ""early_stopping"": {""enabled"": true, ""patience"": 5}, ""epochs"": 50, ""optimizer"": ""adam""}}",SKAB,"[""valve1"", ""valve2""]",anomaly,"[""datetime"", ""changepoint"", ""source_group"", ""source_file""]",source_file,0.6,0.2,0.2,True,mean,standard,True,1,16,1,True,0.0,0.05,cuda,[123],32,50,True,5,adam,0.1,4,3,4,1,True,levenshtein,True,0.0001,average_log_probability,0.05,AUTOMATA,123,fold_0,parameter_analysis,5,4,,,
SKAB,123,fold_1,5,4,0.587709497206704,0.16923076923076924,0.03374233128834356,0.056265984654731455,112,190,112,0.015146683673469387,18,"{""automata"": {""anomaly_threshold"": 0.1, ""decision"": {""fallback_quantile"": 0.05, ""score_field"": ""average_log_probability""}, ""paa"": {""window_size"": 4}, ""probability"": {""epsilon"": 0.0001, ""smoothing"": true}, ""sax"": {""alphabet_size"": 3}, ""sliding_window"": {""size"": 4, ""stride"": 1}, ""unseen_pattern"": {""enabled"": true, ""method"": ""levenshtein""}}, ""dataset"": {""config"": {""drop_columns"": [""datetime"", ""changepoint"", ""source_group"", ""source_file""], ""group_column"": ""source_file"", ""split"": {""test"": 0.2, ""train"": 0.6, ""validation"": 0.2}, ""target_column"": ""anomaly"", ""valve_folders"": [""valve1"", ""valve2""]}, ""name"": ""SKAB""}, ""extra"": {""alphabet_size"": 4, ""window_size"": 5}, ""noise"": {""enabled"": true, ""gaussian_mean"": 0.0, ""gaussian_std"": 0.05}, ""preprocessing"": {""missing_data"": {""enabled"": true, ""strategy"": ""mean""}, ""pca"": {""enabled"": true, ""n_components"": 1}, ""scaler"": ""standard"", ""sequence_length"": 16, ""sequence_stride"": 1}, ""project"": {""device"": ""cuda"", ""random_seeds"": [123]}, ""run"": {""family"": ""AUTOMATA"", ""scenario"": ""parameter_analysis"", ""seed"": 123, ""split"": ""fold_1""}, ""training"": {""batch_size"": 32, ""early_stopping"": {""enabled"": true, ""patience"": 5}, ""epochs"": 50, ""optimizer"": ""adam""}}",SKAB,"[""valve1"", ""valve2""]",anomaly,"[""datetime"", ""changepoint"", ""source_group"", ""source_file""]",source_file,0.6,0.2,0.2,True,mean,standard,True,1,16,1,True,0.0,0.05,cuda,[123],32,50,True,5,adam,0.1,4,3,4,1,True,levenshtein,True,0.0001,average_log_probability,0.05,AUTOMATA,123,fold_1,parameter_analysis,5,4,,,
SKAB,123,fold_2,5,4,0.6102449888641426,0.2727272727272727,0.01764705882352941,0.03314917127071823,128,226,128,0.0137939453125,3,"{""automata"": {""anomaly_threshold"": 0.1, ""decision"": {""fallback_quantile"": 0.05, ""score_field"": ""average_log_probability""}, ""paa"": {""window_size"": 4}, ""probability"": {""epsilon"": 0.0001, ""smoothing"": true}, ""sax"": {""alphabet_size"": 3}, ""sliding_window"": {""size"": 4, ""stride"": 1}, ""unseen_pattern"": {""enabled"": true, ""method"": ""levenshtein""}}, ""dataset"": {""config"": {""drop_columns"": [""datetime"", ""changepoint"", ""source_group"", ""source_file""], ""group_column"": ""source_file"", ""split"": {""test"": 0.2, ""train"": 0.6, ""validation"": 0.2}, ""target_column"": ""anomaly"", ""valve_folders"": [""valve1"", ""valve2""]}, ""name"": ""SKAB""}, ""extra"": {""alphabet_size"": 4, ""window_size"": 5}, ""noise"": {""enabled"": true, ""gaussian_mean"": 0.0, ""gaussian_std"": 0.05}, ""preprocessing"": {""missing_data"": {""enabled"": true, ""strategy"": ""mean""}, ""pca"": {""enabled"": true, ""n_components"": 1}, ""scaler"": ""standard"", ""sequence_length"": 16, ""sequence_stride"": 1}, ""project"": {""device"": ""cuda"", ""random_seeds"": [123]}, ""run"": {""family"": ""AUTOMATA"", ""scenario"": ""parameter_analysis"", ""seed"": 123, ""split"": ""fold_2""}, ""training"": {""batch_size"": 32, ""early_stopping"": {""enabled"": true, ""patience"": 5}, ""epochs"": 50, ""optimizer"": ""adam""}}",SKAB,"[""valve1"", ""valve2""]",anomaly,"[""datetime"", ""changepoint"", ""source_group"", ""source_file""]",source_file,0.6,0.2,0.2,True,mean,standard,True,1,16,1,True,0.0,0.05,cuda,[123],32,50,True,5,adam,0.1,4,3,4,1,True,levenshtein,True,0.0001,average_log_probability,0.05,AUTOMATA,123,fold_2,parameter_analysis,5,4,,,
SKAB,123,fold_3,5,4,0.5785310734463277,0.22413793103448276,0.03812316715542522,0.06516290726817042,122,212,122,0.014243482934694974,8,"{""automata"": {""anomaly_threshold"": 0.1, ""decision"": {""fallback_quantile"": 0.05, ""score_field"": ""average_log_probability""}, ""paa"": {""window_size"": 4}, ""probability"": {""epsilon"": 0.0001, ""smoothing"": true}, ""sax"": {""alphabet_size"": 3}, ""sliding_window"": {""size"": 4, ""stride"": 1}, ""unseen_pattern"": {""enabled"": true, ""method"": ""levenshtein""}}, ""dataset"": {""config"": {""drop_columns"": [""datetime"", ""changepoint"", ""source_group"", ""source_file""], ""group_column"": ""source_file"", ""split"": {""test"": 0.2, ""train"": 0.6, ""validation"": 0.2}, ""target_column"": ""anomaly"", ""valve_folders"": [""valve1"", ""valve2""]}, ""name"": ""SKAB""}, ""extra"": {""alphabet_size"": 4, ""window_size"": 5}, ""noise"": {""enabled"": true, ""gaussian_mean"": 0.0, ""gaussian_std"": 0.05}, ""preprocessing"": {""missing_data"": {""enabled"": true, ""strategy"": ""mean""}, ""pca"": {""enabled"": true, ""n_components"": 1}, ""scaler"": ""standard"", ""sequence_length"": 16, ""sequence_stride"": 1}, ""project"": {""device"": ""cuda"", ""random_seeds"": [123]}, ""run"": {""family"": ""AUTOMATA"", ""scenario"": ""parameter_analysis"", ""seed"": 123, ""split"": ""fold_3""}, ""training"": {""batch_size"": 32, ""early_stopping"": {""enabled"": true, ""patience"": 5}, ""epochs"": 50, ""optimizer"": ""adam""}}",SKAB,"[""valve1"", ""valve2""]",anomaly,"[""datetime"", ""changepoint"", ""source_group"", ""source_file""]",source_file,0.6,0.2,0.2,True,mean,standard,True,1,16,1,True,0.0,0.05,cuda,[123],32,50,True,5,adam,0.1,4,3,4,1,True,levenshtein,True,0.0001,average_log_probability,0.05,AUTOMATA,123,fold_3,parameter_analysis,5,4,,,
SKAB,123,fold_4,5,4,0.5880398671096345,0.3252032520325203,0.12158054711246201,0.17699115044247787,110,191,110,0.01578512396694215,26,"{""automata"": {""anomaly_threshold"": 0.1, ""decision"": {""fallback_quantile"": 0.05, ""score_field"": ""average_log_probability""}, ""paa"": {""window_size"": 4}, ""probability"": {""epsilon"": 0.0001, ""smoothing"": true}, ""sax"": {""alphabet_size"": 3}, ""sliding_window"": {""size"": 4, ""stride"": 1}, ""unseen_pattern"": {""enabled"": true, ""method"": ""levenshtein""}}, ""dataset"": {""config"": {""drop_columns"": [""datetime"", ""changepoint"", ""source_group"", ""source_file""], ""group_column"": ""source_file"", ""split"": {""test"": 0.2, ""train"": 0.6, ""validation"": 0.2}, ""target_column"": ""anomaly"", ""valve_folders"": [""valve1"", ""valve2""]}, ""name"": ""SKAB""}, ""extra"": {""alphabet_size"": 4, ""window_size"": 5}, ""noise"": {""enabled"": true, ""gaussian_mean"": 0.0, ""gaussian_std"": 0.05}, ""preprocessing"": {""missing_data"": {""enabled"": true, ""strategy"": ""mean""}, ""pca"": {""enabled"": true, ""n_components"": 1}, ""scaler"": ""standard"", ""sequence_length"": 16, ""sequence_stride"": 1}, ""project"": {""device"": ""cuda"", ""random_seeds"": [123]}, ""run"": {""family"": ""AUTOMATA"", ""scenario"": ""parameter_analysis"", ""seed"": 123, ""split"": ""fold_4""}, ""training"": {""batch_size"": 32, ""early_stopping"": {""enabled"": true, ""patience"": 5}, ""epochs"": 50, ""optimizer"": ""adam""}}",SKAB,"[""valve1"", ""valve2""]",anomaly,"[""datetime"", ""changepoint"", ""source_group"", ""source_file""]",source_file,0.6,0.2,0.2,True,mean,standard,True,1,16,1,True,0.0,0.05,cuda,[123],32,50,True,5,adam,0.1,4,3,4,1,True,levenshtein,True,0.0001,average_log_probability,0.05,AUTOMATA,123,fold_4,parameter_analysis,5,4,,,
SKAB,123,fold_0,5,5,0.5825892857142857,0.23404255319148937,0.06790123456790123,0.10526315789473684,160,265,160,0.0103515625,31,"{""automata"": {""anomaly_threshold"": 0.1, ""decision"": {""fallback_quantile"": 0.05, ""score_field"": ""average_log_probability""}, ""paa"": {""window_size"": 4}, ""probability"": {""epsilon"": 0.0001, ""smoothing"": true}, ""sax"": {""alphabet_size"": 3}, ""sliding_window"": {""size"": 4, ""stride"": 1}, ""unseen_pattern"": {""enabled"": true, ""method"": ""levenshtein""}}, ""dataset"": {""config"": {""drop_columns"": [""datetime"", ""changepoint"", ""source_group"", ""source_file""], ""group_column"": ""source_file"", ""split"": {""test"": 0.2, ""train"": 0.6, ""validation"": 0.2}, ""target_column"": ""anomaly"", ""valve_folders"": [""valve1"", ""valve2""]}, ""name"": ""SKAB""}, ""extra"": {""alphabet_size"": 5, ""window_size"": 5}, ""noise"": {""enabled"": true, ""gaussian_mean"": 0.0, ""gaussian_std"": 0.05}, ""preprocessing"": {""missing_data"": {""enabled"": true, ""strategy"": ""mean""}, ""pca"": {""enabled"": true, ""n_components"": 1}, ""scaler"": ""standard"", ""sequence_length"": 16, ""sequence_stride"": 1}, ""project"": {""device"": ""cuda"", ""random_seeds"": [123]}, ""run"": {""family"": ""AUTOMATA"", ""scenario"": ""parameter_analysis"", ""seed"": 123, ""split"": ""fold_0""}, ""training"": {""batch_size"": 32, ""early_stopping"": {""enabled"": true, ""patience"": 5}, ""epochs"": 50, ""optimizer"": ""adam""}}",SKAB,"[""valve1"", ""valve2""]",anomaly,"[""datetime"", ""changepoint"", ""source_group"", ""source_file""]",source_file,0.6,0.2,0.2,True,mean,standard,True,1,16,1,True,0.0,0.05,cuda,[123],32,50,True,5,adam,0.1,4,3,4,1,True,levenshtein,True,0.0001,average_log_probability,0.05,AUTOMATA,123,fold_0,parameter_analysis,5,5,,,
SKAB,123,fold_1,5,5,0.6189944134078212,0.3728813559322034,0.06748466257668712,0.11428571428571428,151,272,151,0.011929301346432174,14,"{""automata"": {""anomaly_threshold"": 0.1, ""decision"": {""fallback_quantile"": 0.05, ""score_field"": ""average_log_probability""}, ""paa"": {""window_size"": 4}, ""probability"": {""epsilon"": 0.0001, ""smoothing"": true}, ""sax"": {""alphabet_size"": 3}, ""sliding_window"": {""size"": 4, ""stride"": 1}, ""unseen_pattern"": {""enabled"": true, ""method"": ""levenshtein""}}, ""dataset"": {""config"": {""drop_columns"": [""datetime"", ""changepoint"", ""source_group"", ""source_file""], ""group_column"": ""source_file"", ""split"": {""test"": 0.2, ""train"": 0.6, ""validation"": 0.2}, ""target_column"": ""anomaly"", ""valve_folders"": [""valve1"", ""valve2""]}, ""name"": ""SKAB""}, ""extra"": {""alphabet_size"": 5, ""window_size"": 5}, ""noise"": {""enabled"": true, ""gaussian_mean"": 0.0, ""gaussian_std"": 0.05}, ""preprocessing"": {""missing_data"": {""enabled"": true, ""strategy"": ""mean""}, ""pca"": {""enabled"": true, ""n_components"": 1}, ""scaler"": ""standard"", ""sequence_length"": 16, ""sequence_stride"": 1}, ""project"": {""device"": ""cuda"", ""random_seeds"": [123]}, ""run"": {""family"": ""AUTOMATA"", ""scenario"": ""parameter_analysis"", ""seed"": 123, ""split"": ""fold_1""}, ""training"": {""batch_size"": 32, ""early_stopping"": {""enabled"": true, ""patience"": 5}, ""epochs"": 50, ""optimizer"": ""adam""}}",SKAB,"[""valve1"", ""valve2""]",anomaly,"[""datetime"", ""changepoint"", ""source_group"", ""source_file""]",source_file,0.6,0.2,0.2,True,mean,standard,True,1,16,1,True,0.0,0.05,cuda,[123],32,50,True,5,adam,0.1,4,3,4,1,True,levenshtein,True,0.0001,average_log_probability,0.05,AUTOMATA,123,fold_1,parameter_analysis,5,5,,,
SKAB,123,fold_2,5,5,0.6080178173719376,0.25,0.01764705882352941,0.03296703296703297,192,325,192,0.008816189236111112,4,"{""automata"": {""anomaly_threshold"": 0.1, ""decision"": {""fallback_quantile"": 0.05, ""score_field"": ""average_log_probability""}, ""paa"": {""window_size"": 4}, ""probability"": {""epsilon"": 0.0001, ""smoothing"": true}, ""sax"": {""alphabet_size"": 3}, ""sliding_window"": {""size"": 4, ""stride"": 1}, ""unseen_pattern"": {""enabled"": true, ""method"": ""levenshtein""}}, ""dataset"": {""config"": {""drop_columns"": [""datetime"", ""changepoint"", ""source_group"", ""source_file""], ""group_column"": ""source_file"", ""split"": {""test"": 0.2, ""train"": 0.6, ""validation"": 0.2}, ""target_column"": ""anomaly"", ""valve_folders"": [""valve1"", ""valve2""]}, ""name"": ""SKAB""}, ""extra"": {""alphabet_size"": 5, ""window_size"": 5}, ""noise"": {""enabled"": true, ""gaussian_mean"": 0.0, ""gaussian_std"": 0.05}, ""preprocessing"": {""missing_data"": {""enabled"": true, ""strategy"": ""mean""}, ""pca"": {""enabled"": true, ""n_components"": 1}, ""scaler"": ""standard"", ""sequence_length"": 16, ""sequence_stride"": 1}, ""project"": {""device"": ""cuda"", ""random_seeds"": [123]}, ""run"": {""family"": ""AUTOMATA"", ""scenario"": ""parameter_analysis"", ""seed"": 123, ""split"": ""fold_2""}, ""training"": {""batch_size"": 32, ""early_stopping"": {""enabled"": true, ""patience"": 5}, ""epochs"": 50, ""optimizer"": ""adam""}}",SKAB,"[""valve1"", ""valve2""]",anomaly,"[""datetime"", ""changepoint"", ""source_group"", ""source_file""]",source_file,0.6,0.2,0.2,True,mean,standard,True,1,16,1,True,0.0,0.05,cuda,[123],32,50,True,5,adam,0.1,4,3,4,1,True,levenshtein,True,0.0001,average_log_probability,0.05,AUTOMATA,123,fold_2,parameter_analysis,5,5,,,
SKAB,123,fold_3,5,5,0.5898305084745763,0.36585365853658536,0.08797653958944282,0.14184397163120568,169,277,169,0.009698539967087987,39,"{""automata"": {""anomaly_threshold"": 0.1, ""decision"": {""fallback_quantile"": 0.05, ""score_field"": ""average_log_probability""}, ""paa"": {""window_size"": 4}, ""probability"": {""epsilon"": 0.0001, ""smoothing"": true}, ""sax"": {""alphabet_size"": 3}, ""sliding_window"": {""size"": 4, ""stride"": 1}, ""unseen_pattern"": {""enabled"": true, ""method"": ""levenshtein""}}, ""dataset"": {""config"": {""drop_columns"": [""datetime"", ""changepoint"", ""source_group"", ""source_file""], ""group_column"": ""source_file"", ""split"": {""test"": 0.2, ""train"": 0.6, ""validation"": 0.2}, ""target_column"": ""anomaly"", ""valve_folders"": [""valve1"", ""valve2""]}, ""name"": ""SKAB""}, ""extra"": {""alphabet_size"": 5, ""window_size"": 5}, ""noise"": {""enabled"": true, ""gaussian_mean"": 0.0, ""gaussian_std"": 0.05}, ""preprocessing"": {""missing_data"": {""enabled"": true, ""strategy"": ""mean""}, ""pca"": {""enabled"": true, ""n_components"": 1}, ""scaler"": ""standard"", ""sequence_length"": 16, ""sequence_stride"": 1}, ""project"": {""device"": ""cuda"", ""random_seeds"": [123]}, ""run"": {""family"": ""AUTOMATA"", ""scenario"": ""parameter_analysis"", ""seed"": 123, ""split"": ""fold_3""}, ""training"": {""batch_size"": 32, ""early_stopping"": {""enabled"": true, ""patience"": 5}, ""epochs"": 50, ""optimizer"": ""adam""}}",SKAB,"[""valve1"", ""valve2""]",anomaly,"[""datetime"", ""changepoint"", ""source_group"", ""source_file""]",source_file,0.6,0.2,0.2,True,mean,standard,True,1,16,1,True,0.0,0.05,cuda,[123],32,50,True,5,adam,0.1,4,3,4,1,True,levenshtein,True,0.0001,average_log_probability,0.05,AUTOMATA,123,fold_3,parameter_analysis,5,5,,,
SKAB,123,fold_4,5,5,0.574750830564784,0.3270440251572327,0.1580547112462006,0.21311475409836064,151,259,151,0.011359150914433578,78,"{""automata"": {""anomaly_threshold"": 0.1, ""decision"": {""fallback_quantile"": 0.05, ""score_field"": ""average_log_probability""}, ""paa"": {""window_size"": 4}, ""probability"": {""epsilon"": 0.0001, ""smoothing"": true}, ""sax"": {""alphabet_size"": 3}, ""sliding_window"": {""size"": 4, ""stride"": 1}, ""unseen_pattern"": {""enabled"": true, ""method"": ""levenshtein""}}, ""dataset"": {""config"": {""drop_columns"": [""datetime"", ""changepoint"", ""source_group"", ""source_file""], ""group_column"": ""source_file"", ""split"": {""test"": 0.2, ""train"": 0.6, ""validation"": 0.2}, ""target_column"": ""anomaly"", ""valve_folders"": [""valve1"", ""valve2""]}, ""name"": ""SKAB""}, ""extra"": {""alphabet_size"": 5, ""window_size"": 5}, ""noise"": {""enabled"": true, ""gaussian_mean"": 0.0, ""gaussian_std"": 0.05}, ""preprocessing"": {""missing_data"": {""enabled"": true, ""strategy"": ""mean""}, ""pca"": {""enabled"": true, ""n_components"": 1}, ""scaler"": ""standard"", ""sequence_length"": 16, ""sequence_stride"": 1}, ""project"": {""device"": ""cuda"", ""random_seeds"": [123]}, ""run"": {""family"": ""AUTOMATA"", ""scenario"": ""parameter_analysis"", ""seed"": 123, ""split"": ""fold_4""}, ""training"": {""batch_size"": 32, ""early_stopping"": {""enabled"": true, ""patience"": 5}, ""epochs"": 50, ""optimizer"": ""adam""}}",SKAB,"[""valve1"", ""valve2""]",anomaly,"[""datetime"", ""changepoint"", ""source_group"", ""source_file""]",source_file,0.6,0.2,0.2,True,mean,standard,True,1,16,1,True,0.0,0.05,cuda,[123],32,50,True,5,adam,0.1,4,3,4,1,True,levenshtein,True,0.0001,average_log_probability,0.05,AUTOMATA,123,fold_4,parameter_analysis,5,5,,,
SKAB,123,fold_0,5,6,0.5535714285714286,0.22857142857142856,0.09876543209876543,0.13793103448275862,199,344,199,0.008686649327037195,89,"{""automata"": {""anomaly_threshold"": 0.1, ""decision"": {""fallback_quantile"": 0.05, ""score_field"": ""average_log_probability""}, ""paa"": {""window_size"": 4}, ""probability"": {""epsilon"": 0.0001, ""smoothing"": true}, ""sax"": {""alphabet_size"": 3}, ""sliding_window"": {""size"": 4, ""stride"": 1}, ""unseen_pattern"": {""enabled"": true, ""method"": ""levenshtein""}}, ""dataset"": {""config"": {""drop_columns"": [""datetime"", ""changepoint"", ""source_group"", ""source_file""], ""group_column"": ""source_file"", ""split"": {""test"": 0.2, ""train"": 0.6, ""validation"": 0.2}, ""target_column"": ""anomaly"", ""valve_folders"": [""valve1"", ""valve2""]}, ""name"": ""SKAB""}, ""extra"": {""alphabet_size"": 6, ""window_size"": 5}, ""noise"": {""enabled"": true, ""gaussian_mean"": 0.0, ""gaussian_std"": 0.05}, ""preprocessing"": {""missing_data"": {""enabled"": true, ""strategy"": ""mean""}, ""pca"": {""enabled"": true, ""n_components"": 1}, ""scaler"": ""standard"", ""sequence_length"": 16, ""sequence_stride"": 1}, ""project"": {""device"": ""cuda"", ""random_seeds"": [123]}, ""run"": {""family"": ""AUTOMATA"", ""scenario"": ""parameter_analysis"", ""seed"": 123, ""split"": ""fold_0""}, ""training"": {""batch_size"": 32, ""early_stopping"": {""enabled"": true, ""patience"": 5}, ""epochs"": 50, ""optimizer"": ""adam""}}",SKAB,"[""valve1"", ""valve2""]",anomaly,"[""datetime"", ""changepoint"", ""source_group"", ""source_file""]",source_file,0.6,0.2,0.2,True,mean,standard,True,1,16,1,True,0.0,0.05,cuda,[123],32,50,True,5,adam,0.1,4,3,4,1,True,levenshtein,True,0.0001,average_log_probability,0.05,AUTOMATA,123,fold_0,parameter_analysis,5,6,,,
SKAB,123,fold_1,5,6,0.5754189944134078,0.2403846153846154,0.07668711656441718,0.11627906976744186,200,343,200,0.008575,35,"{""automata"": {""anomaly_threshold"": 0.1, ""decision"": {""fallback_quantile"": 0.05, ""score_field"": ""average_log_probability""}, ""paa"": {""window_size"": 4}, ""probability"": {""epsilon"": 0.0001, ""smoothing"": true}, ""sax"": {""alphabet_size"": 3}, ""sliding_window"": {""size"": 4, ""stride"": 1}, ""unseen_pattern"": {""enabled"": true, ""method"": ""levenshtein""}}, ""dataset"": {""config"": {""drop_columns"": [""datetime"", ""changepoint"", ""source_group"", ""source_file""], ""group_column"": ""source_file"", ""split"": {""test"": 0.2, ""train"": 0.6, ""validation"": 0.2}, ""target_column"": ""anomaly"", ""valve_folders"": [""valve1"", ""valve2""]}, ""name"": ""SKAB""}, ""extra"": {""alphabet_size"": 6, ""window_size"": 5}, ""noise"": {""enabled"": true, ""gaussian_mean"": 0.0, ""gaussian_std"": 0.05}, ""preprocessing"": {""missing_data"": {""enabled"": true, ""strategy"": ""mean""}, ""pca"": {""enabled"": true, ""n_components"": 1}, ""scaler"": ""standard"", ""sequence_length"": 16, ""sequence_stride"": 1}, ""project"": {""device"": ""cuda"", ""random_seeds"": [123]}, ""run"": {""family"": ""AUTOMATA"", ""scenario"": ""parameter_analysis"", ""seed"": 123, ""split"": ""fold_1""}, ""training"": {""batch_size"": 32, ""early_stopping"": {""enabled"": true, ""patience"": 5}, ""epochs"": 50, ""optimizer"": ""adam""}}",SKAB,"[""valve1"", ""valve2""]",anomaly,"[""datetime"", ""changepoint"", ""source_group"", ""source_file""]",source_file,0.6,0.2,0.2,True,mean,standard,True,1,16,1,True,0.0,0.05,cuda,[123],32,50,True,5,adam,0.1,4,3,4,1,True,levenshtein,True,0.0001,average_log_probability,0.05,AUTOMATA,123,fold_1,parameter_analysis,5,6,,,
SKAB,123,fold_2,5,6,0.6158129175946548,0.35294117647058826,0.01764705882352941,0.03361344537815126,289,484,289,0.005794949773110954,1,"{""automata"": {""anomaly_threshold"": 0.1, ""decision"": {""fallback_quantile"": 0.05, ""score_field"": ""average_log_probability""}, ""paa"": {""window_size"": 4}, ""probability"": {""epsilon"": 0.0001, ""smoothing"": true}, ""sax"": {""alphabet_size"": 3}, ""sliding_window"": {""size"": 4, ""stride"": 1}, ""unseen_pattern"": {""enabled"": true, ""method"": ""levenshtein""}}, ""dataset"": {""config"": {""drop_columns"": [""datetime"", ""changepoint"", ""source_group"", ""source_file""], ""group_column"": ""source_file"", ""split"": {""test"": 0.2, ""train"": 0.6, ""validation"": 0.2}, ""target_column"": ""anomaly"", ""valve_folders"": [""valve1"", ""valve2""]}, ""name"": ""SKAB""}, ""extra"": {""alphabet_size"": 6, ""window_size"": 5}, ""noise"": {""enabled"": true, ""gaussian_mean"": 0.0, ""gaussian_std"": 0.05}, ""preprocessing"": {""missing_data"": {""enabled"": true, ""strategy"": ""mean""}, ""pca"": {""enabled"": true, ""n_components"": 1}, ""scaler"": ""standard"", ""sequence_length"": 16, ""sequence_stride"": 1}, ""project"": {""device"": ""cuda"", ""random_seeds"": [123]}, ""run"": {""family"": ""AUTOMATA"", ""scenario"": ""parameter_analysis"", ""seed"": 123, ""split"": ""fold_2""}, ""training"": {""batch_size"": 32, ""early_stopping"": {""enabled"": true, ""patience"": 5}, ""epochs"": 50, ""optimizer"": ""adam""}}",SKAB,"[""valve1"", ""valve2""]",anomaly,"[""datetime"", ""changepoint"", ""source_group"", ""source_file""]",source_file,0.6,0.2,0.2,True,mean,standard,True,1,16,1,True,0.0,0.05,cuda,[123],32,50,True,5,adam,0.1,4,3,4,1,True,levenshtein,True,0.0001,average_log_probability,0.05,AUTOMATA,123,fold_2,parameter_analysis,5,6,,,
SKAB,123,fold_3,5,6,0.5706214689265536,0.32432432432432434,0.10557184750733138,0.1592920353982301,234,389,234,0.007104244283731463,46,"{""automata"": {""anomaly_threshold"": 0.1, ""decision"": {""fallback_quantile"": 0.05, ""score_field"": ""average_log_probability""}, ""paa"": {""window_size"": 4}, ""probability"": {""epsilon"": 0.0001, ""smoothing"": true}, ""sax"": {""alphabet_size"": 3}, ""sliding_window"": {""size"": 4, ""stride"": 1}, ""unseen_pattern"": {""enabled"": true, ""method"": ""levenshtein""}}, ""dataset"": {""config"": {""drop_columns"": [""datetime"", ""changepoint"", ""source_group"", ""source_file""], ""group_column"": ""source_file"", ""split"": {""test"": 0.2, ""train"": 0.6, ""validation"": 0.2}, ""target_column"": ""anomaly"", ""valve_folders"": [""valve1"", ""valve2""]}, ""name"": ""SKAB""}, ""extra"": {""alphabet_size"": 6, ""window_size"": 5}, ""noise"": {""enabled"": true, ""gaussian_mean"": 0.0, ""gaussian_std"": 0.05}, ""preprocessing"": {""missing_data"": {""enabled"": true, ""strategy"": ""mean""}, ""pca"": {""enabled"": true, ""n_components"": 1}, ""scaler"": ""standard"", ""sequence_length"": 16, ""sequence_stride"": 1}, ""project"": {""device"": ""cuda"", ""random_seeds"": [123]}, ""run"": {""family"": ""AUTOMATA"", ""scenario"": ""parameter_analysis"", ""seed"": 123, ""split"": ""fold_3""}, ""training"": {""batch_size"": 32, ""early_stopping"": {""enabled"": true, ""patience"": 5}, ""epochs"": 50, ""optimizer"": ""adam""}}",SKAB,"[""valve1"", ""valve2""]",anomaly,"[""datetime"", ""changepoint"", ""source_group"", ""source_file""]",source_file,0.6,0.2,0.2,True,mean,standard,True,1,16,1,True,0.0,0.05,cuda,[123],32,50,True,5,adam,0.1,4,3,4,1,True,levenshtein,True,0.0001,average_log_probability,0.05,AUTOMATA,123,fold_3,parameter_analysis,5,6,,,
SKAB,123,fold_4,5,6,0.583610188261351,0.40711462450592883,0.3130699088145897,0.3539518900343643,205,344,205,0.008185603807257585,176,"{""automata"": {""anomaly_threshold"": 0.1, ""decision"": {""fallback_quantile"": 0.05, ""score_field"": ""average_log_probability""}, ""paa"": {""window_size"": 4}, ""probability"": {""epsilon"": 0.0001, ""smoothing"": true}, ""sax"": {""alphabet_size"": 3}, ""sliding_window"": {""size"": 4, ""stride"": 1}, ""unseen_pattern"": {""enabled"": true, ""method"": ""levenshtein""}}, ""dataset"": {""config"": {""drop_columns"": [""datetime"", ""changepoint"", ""source_group"", ""source_file""], ""group_column"": ""source_file"", ""split"": {""test"": 0.2, ""train"": 0.6, ""validation"": 0.2}, ""target_column"": ""anomaly"", ""valve_folders"": [""valve1"", ""valve2""]}, ""name"": ""SKAB""}, ""extra"": {""alphabet_size"": 6, ""window_size"": 5}, ""noise"": {""enabled"": true, ""gaussian_mean"": 0.0, ""gaussian_std"": 0.05}, ""preprocessing"": {""missing_data"": {""enabled"": true, ""strategy"": ""mean""}, ""pca"": {""enabled"": true, ""n_components"": 1}, ""scaler"": ""standard"", ""sequence_length"": 16, ""sequence_stride"": 1}, ""project"": {""device"": ""cuda"", ""random_seeds"": [123]}, ""run"": {""family"": ""AUTOMATA"", ""scenario"": ""parameter_analysis"", ""seed"": 123, ""split"": ""fold_4""}, ""training"": {""batch_size"": 32, ""early_stopping"": {""enabled"": true, ""patience"": 5}, ""epochs"": 50, ""optimizer"": ""adam""}}",SKAB,"[""valve1"", ""valve2""]",anomaly,"[""datetime"", ""changepoint"", ""source_group"", ""source_file""]",source_file,0.6,0.2,0.2,True,mean,standard,True,1,16,1,True,0.0,0.05,cuda,[123],32,50,True,5,adam,0.1,4,3,4,1,True,levenshtein,True,0.0001,average_log_probability,0.05,AUTOMATA,123,fold_4,parameter_analysis,5,6,,,
SKAB,123,fold_0,6,3,0.5906040268456376,0.175,0.025089605734767026,0.0438871473354232,122,203,122,0.013638806772373018,13,"{""automata"": {""anomaly_threshold"": 0.1, ""decision"": {""fallback_quantile"": 0.05, ""score_field"": ""average_log_probability""}, ""paa"": {""window_size"": 4}, ""probability"": {""epsilon"": 0.0001, ""smoothing"": true}, ""sax"": {""alphabet_size"": 3}, ""sliding_window"": {""size"": 4, ""stride"": 1}, ""unseen_pattern"": {""enabled"": true, ""method"": ""levenshtein""}}, ""dataset"": {""config"": {""drop_columns"": [""datetime"", ""changepoint"", ""source_group"", ""source_file""], ""group_column"": ""source_file"", ""split"": {""test"": 0.2, ""train"": 0.6, ""validation"": 0.2}, ""target_column"": ""anomaly"", ""valve_folders"": [""valve1"", ""valve2""]}, ""name"": ""SKAB""}, ""extra"": {""alphabet_size"": 3, ""window_size"": 6}, ""noise"": {""enabled"": true, ""gaussian_mean"": 0.0, ""gaussian_std"": 0.05}, ""preprocessing"": {""missing_data"": {""enabled"": true, ""strategy"": ""mean""}, ""pca"": {""enabled"": true, ""n_components"": 1}, ""scaler"": ""standard"", ""sequence_length"": 16, ""sequence_stride"": 1}, ""project"": {""device"": ""cuda"", ""random_seeds"": [123]}, ""run"": {""family"": ""AUTOMATA"", ""scenario"": ""parameter_analysis"", ""seed"": 123, ""split"": ""fold_0""}, ""training"": {""batch_size"": 32, ""early_stopping"": {""enabled"": true, ""patience"": 5}, ""epochs"": 50, ""optimizer"": ""adam""}}",SKAB,"[""valve1"", ""valve2""]",anomaly,"[""datetime"", ""changepoint"", ""source_group"", ""source_file""]",source_file,0.6,0.2,0.2,True,mean,standard,True,1,16,1,True,0.0,0.05,cuda,[123],32,50,True,5,adam,0.1,4,3,4,1,True,levenshtein,True,0.0001,average_log_probability,0.05,AUTOMATA,123,fold_0,parameter_analysis,6,3,,,
SKAB,123,fold_1,6,3,0.5994623655913979,0.1724137931034483,0.017921146953405017,0.032467532467532464,136,221,136,0.011948529411764705,6,"{""automata"": {""anomaly_threshold"": 0.1, ""decision"": {""fallback_quantile"": 0.05, ""score_field"": ""average_log_probability""}, ""paa"": {""window_size"": 4}, ""probability"": {""epsilon"": 0.0001, ""smoothing"": true}, ""sax"": {""alphabet_size"": 3}, ""sliding_window"": {""size"": 4, ""stride"": 1}, ""unseen_pattern"": {""enabled"": true, ""method"": ""levenshtein""}}, ""dataset"": {""config"": {""drop_columns"": [""datetime"", ""changepoint"", ""source_group"", ""source_file""], ""group_column"": ""source_file"", ""split"": {""test"": 0.2, ""train"": 0.6, ""validation"": 0.2}, ""target_column"": ""anomaly"", ""valve_folders"": [""valve1"", ""valve2""]}, ""name"": ""SKAB""}, ""extra"": {""alphabet_size"": 3, ""window_size"": 6}, ""noise"": {""enabled"": true, ""gaussian_mean"": 0.0, ""gaussian_std"": 0.05}, ""preprocessing"": {""missing_data"": {""enabled"": true, ""strategy"": ""mean""}, ""pca"": {""enabled"": true, ""n_components"": 1}, ""scaler"": ""standard"", ""sequence_length"": 16, ""sequence_stride"": 1}, ""project"": {""device"": ""cuda"", ""random_seeds"": [123]}, ""run"": {""family"": ""AUTOMATA"", ""scenario"": ""parameter_analysis"", ""seed"": 123, ""split"": ""fold_1""}, ""training"": {""batch_size"": 32, ""early_stopping"": {""enabled"": true, ""patience"": 5}, ""epochs"": 50, ""optimizer"": ""adam""}}",SKAB,"[""valve1"", ""valve2""]",anomaly,"[""datetime"", ""changepoint"", ""source_group"", ""source_file""]",source_file,0.6,0.2,0.2,True,mean,standard,True,1,16,1,True,0.0,0.05,cuda,[123],32,50,True,5,adam,0.1,4,3,4,1,True,levenshtein,True,0.0001,average_log_probability,0.05,AUTOMATA,123,fold_1,parameter_analysis,6,3,,,
SKAB,123,fold_2,6,3,0.6010709504685409,0.3181818181818182,0.02413793103448276,0.04487179487179487,117,188,117,0.013733654759295786,4,"{""automata"": {""anomaly_threshold"": 0.1, ""decision"": {""fallback_quantile"": 0.05, ""score_field"": ""average_log_probability""}, ""paa"": {""window_size"": 4}, ""probability"": {""epsilon"": 0.0001, ""smoothing"": true}, ""sax"": {""alphabet_size"": 3}, ""sliding_window"": {""size"": 4, ""stride"": 1}, ""unseen_pattern"": {""enabled"": true, ""method"": ""levenshtein""}}, ""dataset"": {""config"": {""drop_columns"": [""datetime"", ""changepoint"", ""source_group"", ""source_file""], ""group_column"": ""source_file"", ""split"": {""test"": 0.2, ""train"": 0.6, ""validation"": 0.2}, ""target_column"": ""anomaly"", ""valve_folders"": [""valve1"", ""valve2""]}, ""name"": ""SKAB""}, ""extra"": {""alphabet_size"": 3, ""window_size"": 6}, ""noise"": {""enabled"": true, ""gaussian_mean"": 0.0, ""gaussian_std"": 0.05}, ""preprocessing"": {""missing_data"": {""enabled"": true, ""strategy"": ""mean""}, ""pca"": {""enabled"": true, ""n_components"": 1}, ""scaler"": ""standard"", ""sequence_length"": 16, ""sequence_stride"": 1}, ""project"": {""device"": ""cuda"", ""random_seeds"": [123]}, ""run"": {""family"": ""AUTOMATA"", ""scenario"": ""parameter_analysis"", ""seed"": 123, ""split"": ""fold_2""}, ""training"": {""batch_size"": 32, ""early_stopping"": {""enabled"": true, ""patience"": 5}, ""epochs"": 50, ""optimizer"": ""adam""}}",SKAB,"[""valve1"", ""valve2""]",anomaly,"[""datetime"", ""changepoint"", ""source_group"", ""source_file""]",source_file,0.6,0.2,0.2,True,mean,standard,True,1,16,1,True,0.0,0.05,cuda,[123],32,50,True,5,adam,0.1,4,3,4,1,True,levenshtein,True,0.0001,average_log_probability,0.05,AUTOMATA,123,fold_2,parameter_analysis,6,3,,,
SKAB,123,fold_3,6,3,0.5910326086956522,0.3225806451612903,0.034482758620689655,0.06230529595015576,107,185,107,0.016158616473054416,5,"{""automata"": {""anomaly_threshold"": 0.1, ""decision"": {""fallback_quantile"": 0.05, ""score_field"": ""average_log_probability""}, ""paa"": {""window_size"": 4}, ""probability"": {""epsilon"": 0.0001, ""smoothing"": true}, ""sax"": {""alphabet_size"": 3}, ""sliding_window"": {""size"": 4, ""stride"": 1}, ""unseen_pattern"": {""enabled"": true, ""method"": ""levenshtein""}}, ""dataset"": {""config"": {""drop_columns"": [""datetime"", ""changepoint"", ""source_group"", ""source_file""], ""group_column"": ""source_file"", ""split"": {""test"": 0.2, ""train"": 0.6, ""validation"": 0.2}, ""target_column"": ""anomaly"", ""valve_folders"": [""valve1"", ""valve2""]}, ""name"": ""SKAB""}, ""extra"": {""alphabet_size"": 3, ""window_size"": 6}, ""noise"": {""enabled"": true, ""gaussian_mean"": 0.0, ""gaussian_std"": 0.05}, ""preprocessing"": {""missing_data"": {""enabled"": true, ""strategy"": ""mean""}, ""pca"": {""enabled"": true, ""n_components"": 1}, ""scaler"": ""standard"", ""sequence_length"": 16, ""sequence_stride"": 1}, ""project"": {""device"": ""cuda"", ""random_seeds"": [123]}, ""run"": {""family"": ""AUTOMATA"", ""scenario"": ""parameter_analysis"", ""seed"": 123, ""split"": ""fold_3""}, ""training"": {""batch_size"": 32, ""early_stopping"": {""enabled"": true, ""patience"": 5}, ""epochs"": 50, ""optimizer"": ""adam""}}",SKAB,"[""valve1"", ""valve2""]",anomaly,"[""datetime"", ""changepoint"", ""source_group"", ""source_file""]",source_file,0.6,0.2,0.2,True,mean,standard,True,1,16,1,True,0.0,0.05,cuda,[123],32,50,True,5,adam,0.1,4,3,4,1,True,levenshtein,True,0.0001,average_log_probability,0.05,AUTOMATA,123,fold_3,parameter_analysis,6,3,,,
SKAB,123,fold_4,6,3,0.6005326231691078,0.4117647058823529,0.14893617021276595,0.21875,110,175,110,0.014462809917355372,44,"{""automata"": {""anomaly_threshold"": 0.1, ""decision"": {""fallback_quantile"": 0.05, ""score_field"": ""average_log_probability""}, ""paa"": {""window_size"": 4}, ""probability"": {""epsilon"": 0.0001, ""smoothing"": true}, ""sax"": {""alphabet_size"": 3}, ""sliding_window"": {""size"": 4, ""stride"": 1}, ""unseen_pattern"": {""enabled"": true, ""method"": ""levenshtein""}}, ""dataset"": {""config"": {""drop_columns"": [""datetime"", ""changepoint"", ""source_group"", ""source_file""], ""group_column"": ""source_file"", ""split"": {""test"": 0.2, ""train"": 0.6, ""validation"": 0.2}, ""target_column"": ""anomaly"", ""valve_folders"": [""valve1"", ""valve2""]}, ""name"": ""SKAB""}, ""extra"": {""alphabet_size"": 3, ""window_size"": 6}, ""noise"": {""enabled"": true, ""gaussian_mean"": 0.0, ""gaussian_std"": 0.05}, ""preprocessing"": {""missing_data"": {""enabled"": true, ""strategy"": ""mean""}, ""pca"": {""enabled"": true, ""n_components"": 1}, ""scaler"": ""standard"", ""sequence_length"": 16, ""sequence_stride"": 1}, ""project"": {""device"": ""cuda"", ""random_seeds"": [123]}, ""run"": {""family"": ""AUTOMATA"", ""scenario"": ""parameter_analysis"", ""seed"": 123, ""split"": ""fold_4""}, ""training"": {""batch_size"": 32, ""early_stopping"": {""enabled"": true, ""patience"": 5}, ""epochs"": 50, ""optimizer"": ""adam""}}",SKAB,"[""valve1"", ""valve2""]",anomaly,"[""datetime"", ""changepoint"", ""source_group"", ""source_file""]",source_file,0.6,0.2,0.2,True,mean,standard,True,1,16,1,True,0.0,0.05,cuda,[123],32,50,True,5,adam,0.1,4,3,4,1,True,levenshtein,True,0.0001,average_log_probability,0.05,AUTOMATA,123,fold_4,parameter_analysis,6,3,,,
SKAB,123,fold_0,6,4,0.5140939597315436,0.1391304347826087,0.05734767025089606,0.08121827411167512,176,269,176,0.00868414256198347,52,"{""automata"": {""anomaly_threshold"": 0.1, ""decision"": {""fallback_quantile"": 0.05, ""score_field"": ""average_log_probability""}, ""paa"": {""window_size"": 4}, ""probability"": {""epsilon"": 0.0001, ""smoothing"": true}, ""sax"": {""alphabet_size"": 3}, ""sliding_window"": {""size"": 4, ""stride"": 1}, ""unseen_pattern"": {""enabled"": true, ""method"": ""levenshtein""}}, ""dataset"": {""config"": {""drop_columns"": [""datetime"", ""changepoint"", ""source_group"", ""source_file""], ""group_column"": ""source_file"", ""split"": {""test"": 0.2, ""train"": 0.6, ""validation"": 0.2}, ""target_column"": ""anomaly"", ""valve_folders"": [""valve1"", ""valve2""]}, ""name"": ""SKAB""}, ""extra"": {""alphabet_size"": 4, ""window_size"": 6}, ""noise"": {""enabled"": true, ""gaussian_mean"": 0.0, ""gaussian_std"": 0.05}, ""preprocessing"": {""missing_data"": {""enabled"": true, ""strategy"": ""mean""}, ""pca"": {""enabled"": true, ""n_components"": 1}, ""scaler"": ""standard"", ""sequence_length"": 16, ""sequence_stride"": 1}, ""project"": {""device"": ""cuda"", ""random_seeds"": [123]}, ""run"": {""family"": ""AUTOMATA"", ""scenario"": ""parameter_analysis"", ""seed"": 123, ""split"": ""fold_0""}, ""training"": {""batch_size"": 32, ""early_stopping"": {""enabled"": true, ""patience"": 5}, ""epochs"": 50, ""optimizer"": ""adam""}}",SKAB,"[""valve1"", ""valve2""]",anomaly,"[""datetime"", ""changepoint"", ""source_group"", ""source_file""]",source_file,0.6,0.2,0.2,True,mean,standard,True,1,16,1,True,0.0,0.05,cuda,[123],32,50,True,5,adam,0.1,4,3,4,1,True,levenshtein,True,0.0001,average_log_probability,0.05,AUTOMATA,123,fold_0,parameter_analysis,6,4,,,
SKAB,123,fold_1,6,4,0.553763440860215,0.15584415584415584,0.043010752688172046,0.06741573033707865,178,280,178,0.00883726802171443,39,"{""automata"": {""anomaly_threshold"": 0.1, ""decision"": {""fallback_quantile"": 0.05, ""score_field"": ""average_log_probability""}, ""paa"": {""window_size"": 4}, ""probability"": {""epsilon"": 0.0001, ""smoothing"": true}, ""sax"": {""alphabet_size"": 3}, ""sliding_window"": {""size"": 4, ""stride"": 1}, ""unseen_pattern"": {""enabled"": true, ""method"": ""levenshtein""}}, ""dataset"": {""config"": {""drop_columns"": [""datetime"", ""changepoint"", ""source_group"", ""source_file""], ""group_column"": ""source_file"", ""split"": {""test"": 0.2, ""train"": 0.6, ""validation"": 0.2}, ""target_column"": ""anomaly"", ""valve_folders"": [""valve1"", ""valve2""]}, ""name"": ""SKAB""}, ""extra"": {""alphabet_size"": 4, ""window_size"": 6}, ""noise"": {""enabled"": true, ""gaussian_mean"": 0.0, ""gaussian_std"": 0.05}, ""preprocessing"": {""missing_data"": {""enabled"": true, ""strategy"": ""mean""}, ""pca"": {""enabled"": true, ""n_components"": 1}, ""scaler"": ""standard"", ""sequence_length"": 16, ""sequence_stride"": 1}, ""project"": {""device"": ""cuda"", ""random_seeds"": [123]}, ""run"": {""family"": ""AUTOMATA"", ""scenario"": ""parameter_analysis"", ""seed"": 123, ""split"": ""fold_1""}, ""training"": {""batch_size"": 32, ""early_stopping"": {""enabled"": true, ""patience"": 5}, ""epochs"": 50, ""optimizer"": ""adam""}}",SKAB,"[""valve1"", ""valve2""]",anomaly,"[""datetime"", ""changepoint"", ""source_group"", ""source_file""]",source_file,0.6,0.2,0.2,True,mean,standard,True,1,16,1,True,0.0,0.05,cuda,[123],32,50,True,5,adam,0.1,4,3,4,1,True,levenshtein,True,0.0001,average_log_probability,0.05,AUTOMATA,123,fold_1,parameter_analysis,6,4,,,
SKAB,123,fold_2,6,4,0.5997322623828648,0.2631578947368421,0.017241379310344827,0.032362459546925564,208,336,208,0.007766272189349112,5,"{""automata"": {""anomaly_threshold"": 0.1, ""decision"": {""fallback_quantile"": 0.05, ""score_field"": ""average_log_probability""}, ""paa"": {""window_size"": 4}, ""probability"": {""epsilon"": 0.0001, ""smoothing"": true}, ""sax"": {""alphabet_size"": 3}, ""sliding_window"": {""size"": 4, ""stride"": 1}, ""unseen_pattern"": {""enabled"": true, ""method"": ""levenshtein""}}, ""dataset"": {""config"": {""drop_columns"": [""datetime"", ""changepoint"", ""source_group"", ""source_file""], ""group_column"": ""source_file"", ""split"": {""test"": 0.2, ""train"": 0.6, ""validation"": 0.2}, ""target_column"": ""anomaly"", ""valve_folders"": [""valve1"", ""valve2""]}, ""name"": ""SKAB""}, ""extra"": {""alphabet_size"": 4, ""window_size"": 6}, ""noise"": {""enabled"": true, ""gaussian_mean"": 0.0, ""gaussian_std"": 0.05}, ""preprocessing"": {""missing_data"": {""enabled"": true, ""strategy"": ""mean""}, ""pca"": {""enabled"": true, ""n_components"": 1}, ""scaler"": ""standard"", ""sequence_length"": 16, ""sequence_stride"": 1}, ""project"": {""device"": ""cuda"", ""random_seeds"": [123]}, ""run"": {""family"": ""AUTOMATA"", ""scenario"": ""parameter_analysis"", ""seed"": 123, ""split"": ""fold_2""}, ""training"": {""batch_size"": 32, ""early_stopping"": {""enabled"": true, ""patience"": 5}, ""epochs"": 50, ""optimizer"": ""adam""}}",SKAB,"[""valve1"", ""valve2""]",anomaly,"[""datetime"", ""changepoint"", ""source_group"", ""source_file""]",source_file,0.6,0.2,0.2,True,mean,standard,True,1,16,1,True,0.0,0.05,cuda,[123],32,50,True,5,adam,0.1,4,3,4,1,True,levenshtein,True,0.0001,average_log_probability,0.05,AUTOMATA,123,fold_2,parameter_analysis,6,4,,,
SKAB,123,fold_3,6,4,0.5625,0.22413793103448276,0.04482758620689655,0.07471264367816093,191,290,191,0.007949343493873523,8,"{""automata"": {""anomaly_threshold"": 0.1, ""decision"": {""fallback_quantile"": 0.05, ""score_field"": ""average_log_probability""}, ""paa"": {""window_size"": 4}, ""probability"": {""epsilon"": 0.0001, ""smoothing"": true}, ""sax"": {""alphabet_size"": 3}, ""sliding_window"": {""size"": 4, ""stride"": 1}, ""unseen_pattern"": {""enabled"": true, ""method"": ""levenshtein""}}, ""dataset"": {""config"": {""drop_columns"": [""datetime"", ""changepoint"", ""source_group"", ""source_file""], ""group_column"": ""source_file"", ""split"": {""test"": 0.2, ""train"": 0.6, ""validation"": 0.2}, ""target_column"": ""anomaly"", ""valve_folders"": [""valve1"", ""valve2""]}, ""name"": ""SKAB""}, ""extra"": {""alphabet_size"": 4, ""window_size"": 6}, ""noise"": {""enabled"": true, ""gaussian_mean"": 0.0, ""gaussian_std"": 0.05}, ""preprocessing"": {""missing_data"": {""enabled"": true, ""strategy"": ""mean""}, ""pca"": {""enabled"": true, ""n_components"": 1}, ""scaler"": ""standard"", ""sequence_length"": 16, ""sequence_stride"": 1}, ""project"": {""device"": ""cuda"", ""random_seeds"": [123]}, ""run"": {""family"": ""AUTOMATA"", ""scenario"": ""parameter_analysis"", ""seed"": 123, ""split"": ""fold_3""}, ""training"": {""batch_size"": 32, ""early_stopping"": {""enabled"": true, ""patience"": 5}, ""epochs"": 50, ""optimizer"": ""adam""}}",SKAB,"[""valve1"", ""valve2""]",anomaly,"[""datetime"", ""changepoint"", ""source_group"", ""source_file""]",source_file,0.6,0.2,0.2,True,mean,standard,True,1,16,1,True,0.0,0.05,cuda,[123],32,50,True,5,adam,0.1,4,3,4,1,True,levenshtein,True,0.0001,average_log_probability,0.05,AUTOMATA,123,fold_3,parameter_analysis,6,4,,,
SKAB,123,fold_4,6,4,0.5872170439414115,0.4027777777777778,0.20567375886524822,0.27230046948356806,169,266,169,0.009313399390777634,94,"{""automata"": {""anomaly_threshold"": 0.1, ""decision"": {""fallback_quantile"": 0.05, ""score_field"": ""average_log_probability""}, ""paa"": {""window_size"": 4}, ""probability"": {""epsilon"": 0.0001, ""smoothing"": true}, ""sax"": {""alphabet_size"": 3}, ""sliding_window"": {""size"": 4, ""stride"": 1}, ""unseen_pattern"": {""enabled"": true, ""method"": ""levenshtein""}}, ""dataset"": {""config"": {""drop_columns"": [""datetime"", ""changepoint"", ""source_group"", ""source_file""], ""group_column"": ""source_file"", ""split"": {""test"": 0.2, ""train"": 0.6, ""validation"": 0.2}, ""target_column"": ""anomaly"", ""valve_folders"": [""valve1"", ""valve2""]}, ""name"": ""SKAB""}, ""extra"": {""alphabet_size"": 4, ""window_size"": 6}, ""noise"": {""enabled"": true, ""gaussian_mean"": 0.0, ""gaussian_std"": 0.05}, ""preprocessing"": {""missing_data"": {""enabled"": true, ""strategy"": ""mean""}, ""pca"": {""enabled"": true, ""n_components"": 1}, ""scaler"": ""standard"", ""sequence_length"": 16, ""sequence_stride"": 1}, ""project"": {""device"": ""cuda"", ""random_seeds"": [123]}, ""run"": {""family"": ""AUTOMATA"", ""scenario"": ""parameter_analysis"", ""seed"": 123, ""split"": ""fold_4""}, ""training"": {""batch_size"": 32, ""early_stopping"": {""enabled"": true, ""patience"": 5}, ""epochs"": 50, ""optimizer"": ""adam""}}",SKAB,"[""valve1"", ""valve2""]",anomaly,"[""datetime"", ""changepoint"", ""source_group"", ""source_file""]",source_file,0.6,0.2,0.2,True,mean,standard,True,1,16,1,True,0.0,0.05,cuda,[123],32,50,True,5,adam,0.1,4,3,4,1,True,levenshtein,True,0.0001,average_log_probability,0.05,AUTOMATA,123,fold_4,parameter_analysis,6,4,,,
SKAB,123,fold_0,6,5,0.5449664429530201,0.2413793103448276,0.1003584229390681,0.14177215189873418,229,345,229,0.006578821914151141,56,"{""automata"": {""anomaly_threshold"": 0.1, ""decision"": {""fallback_quantile"": 0.05, ""score_field"": ""average_log_probability""}, ""paa"": {""window_size"": 4}, ""probability"": {""epsilon"": 0.0001, ""smoothing"": true}, ""sax"": {""alphabet_size"": 3}, ""sliding_window"": {""size"": 4, ""stride"": 1}, ""unseen_pattern"": {""enabled"": true, ""method"": ""levenshtein""}}, ""dataset"": {""config"": {""drop_columns"": [""datetime"", ""changepoint"", ""source_group"", ""source_file""], ""group_column"": ""source_file"", ""split"": {""test"": 0.2, ""train"": 0.6, ""validation"": 0.2}, ""target_column"": ""anomaly"", ""valve_folders"": [""valve1"", ""valve2""]}, ""name"": ""SKAB""}, ""extra"": {""alphabet_size"": 5, ""window_size"": 6}, ""noise"": {""enabled"": true, ""gaussian_mean"": 0.0, ""gaussian_std"": 0.05}, ""preprocessing"": {""missing_data"": {""enabled"": true, ""strategy"": ""mean""}, ""pca"": {""enabled"": true, ""n_components"": 1}, ""scaler"": ""standard"", ""sequence_length"": 16, ""sequence_stride"": 1}, ""project"": {""device"": ""cuda"", ""random_seeds"": [123]}, ""run"": {""family"": ""AUTOMATA"", ""scenario"": ""parameter_analysis"", ""seed"": 123, ""split"": ""fold_0""}, ""training"": {""batch_size"": 32, ""early_stopping"": {""enabled"": true, ""patience"": 5}, ""epochs"": 50, ""optimizer"": ""adam""}}",SKAB,"[""valve1"", ""valve2""]",anomaly,"[""datetime"", ""changepoint"", ""source_group"", ""source_file""]",source_file,0.6,0.2,0.2,True,mean,standard,True,1,16,1,True,0.0,0.05,cuda,[123],32,50,True,5,adam,0.1,4,3,4,1,True,levenshtein,True,0.0001,average_log_probability,0.05,AUTOMATA,123,fold_0,parameter_analysis,6,5,,,
SKAB,123,fold_1,6,5,0.5766129032258065,0.32,0.11469534050179211,0.16886543535620052,258,410,258,0.006159485607836067,37,"{""automata"": {""anomaly_threshold"": 0.1, ""decision"": {""fallback_quantile"": 0.05, ""score_field"": ""average_log_probability""}, ""paa"": {""window_size"": 4}, ""probability"": {""epsilon"": 0.0001, ""smoothing"": true}, ""sax"": {""alphabet_size"": 3}, ""sliding_window"": {""size"": 4, ""stride"": 1}, ""unseen_pattern"": {""enabled"": true, ""method"": ""levenshtein""}}, ""dataset"": {""config"": {""drop_columns"": [""datetime"", ""changepoint"", ""source_group"", ""source_file""], ""group_column"": ""source_file"", ""split"": {""test"": 0.2, ""train"": 0.6, ""validation"": 0.2}, ""target_column"": ""anomaly"", ""valve_folders"": [""valve1"", ""valve2""]}, ""name"": ""SKAB""}, ""extra"": {""alphabet_size"": 5, ""window_size"": 6}, ""noise"": {""enabled"": true, ""gaussian_mean"": 0.0, ""gaussian_std"": 0.05}, ""preprocessing"": {""missing_data"": {""enabled"": true, ""strategy"": ""mean""}, ""pca"": {""enabled"": true, ""n_components"": 1}, ""scaler"": ""standard"", ""sequence_length"": 16, ""sequence_stride"": 1}, ""project"": {""device"": ""cuda"", ""random_seeds"": [123]}, ""run"": {""family"": ""AUTOMATA"", ""scenario"": ""parameter_analysis"", ""seed"": 123, ""split"": ""fold_1""}, ""training"": {""batch_size"": 32, ""early_stopping"": {""enabled"": true, ""patience"": 5}, ""epochs"": 50, ""optimizer"": ""adam""}}",SKAB,"[""valve1"", ""valve2""]",anomaly,"[""datetime"", ""changepoint"", ""source_group"", ""source_file""]",source_file,0.6,0.2,0.2,True,mean,standard,True,1,16,1,True,0.0,0.05,cuda,[123],32,50,True,5,adam,0.1,4,3,4,1,True,levenshtein,True,0.0001,average_log_probability,0.05,AUTOMATA,123,fold_1,parameter_analysis,6,5,,,
SKAB,123,fold_2,6,5,0.5957161981258366,0.3235294117647059,0.03793103448275862,0.06790123456790123,290,452,290,0.005374554102259215,4,"{""automata"": {""anomaly_threshold"": 0.1, ""decision"": {""fallback_quantile"": 0.05, ""score_field"": ""average_log_probability""}, ""paa"": {""window_size"": 4}, ""probability"": {""epsilon"": 0.0001, ""smoothing"": true}, ""sax"": {""alphabet_size"": 3}, ""sliding_window"": {""size"": 4, ""stride"": 1}, ""unseen_pattern"": {""enabled"": true, ""method"": ""levenshtein""}}, ""dataset"": {""config"": {""drop_columns"": [""datetime"", ""changepoint"", ""source_group"", ""source_file""], ""group_column"": ""source_file"", ""split"": {""test"": 0.2, ""train"": 0.6, ""validation"": 0.2}, ""target_column"": ""anomaly"", ""valve_folders"": [""valve1"", ""valve2""]}, ""name"": ""SKAB""}, ""extra"": {""alphabet_size"": 5, ""window_size"": 6}, ""noise"": {""enabled"": true, ""gaussian_mean"": 0.0, ""gaussian_std"": 0.05}, ""preprocessing"": {""missing_data"": {""enabled"": true, ""strategy"": ""mean""}, ""pca"": {""enabled"": true, ""n_components"": 1}, ""scaler"": ""standard"", ""sequence_length"": 16, ""sequence_stride"": 1}, ""project"": {""device"": ""cuda"", ""random_seeds"": [123]}, ""run"": {""family"": ""AUTOMATA"", ""scenario"": ""parameter_analysis"", ""seed"": 123, ""split"": ""fold_2""}, ""training"": {""batch_size"": 32, ""early_stopping"": {""enabled"": true, ""patience"": 5}, ""epochs"": 50, ""optimizer"": ""adam""}}",SKAB,"[""valve1"", ""valve2""]",anomaly,"[""datetime"", ""changepoint"", ""source_group"", ""source_file""]",source_file,0.6,0.2,0.2,True,mean,standard,True,1,16,1,True,0.0,0.05,cuda,[123],32,50,True,5,adam,0.1,4,3,4,1,True,levenshtein,True,0.0001,average_log_probability,0.05,AUTOMATA,123,fold_2,parameter_analysis,6,5,,,
SKAB,123,fold_3,6,5,0.5448369565217391,0.31092436974789917,0.12758620689655173,0.18092909535452323,230,342,230,0.0064650283553875235,59,"{""automata"": {""anomaly_threshold"": 0.1, ""decision"": {""fallback_quantile"": 0.05, ""score_field"": ""average_log_probability""}, ""paa"": {""window_size"": 4}, ""probability"": {""epsilon"": 0.0001, ""smoothing"": true}, ""sax"": {""alphabet_size"": 3}, ""sliding_window"": {""size"": 4, ""stride"": 1}, ""unseen_pattern"": {""enabled"": true, ""method"": ""levenshtein""}}, ""dataset"": {""config"": {""drop_columns"": [""datetime"", ""changepoint"", ""source_group"", ""source_file""], ""group_column"": ""source_file"", ""split"": {""test"": 0.2, ""train"": 0.6, ""validation"": 0.2}, ""target_column"": ""anomaly"", ""valve_folders"": [""valve1"", ""valve2""]}, ""name"": ""SKAB""}, ""extra"": {""alphabet_size"": 5, ""window_size"": 6}, ""noise"": {""enabled"": true, ""gaussian_mean"": 0.0, ""gaussian_std"": 0.05}, ""preprocessing"": {""missing_data"": {""enabled"": true, ""strategy"": ""mean""}, ""pca"": {""enabled"": true, ""n_components"": 1}, ""scaler"": ""standard"", ""sequence_length"": 16, ""sequence_stride"": 1}, ""project"": {""device"": ""cuda"", ""random_seeds"": [123]}, ""run"": {""family"": ""AUTOMATA"", ""scenario"": ""parameter_analysis"", ""seed"": 123, ""split"": ""fold_3""}, ""training"": {""batch_size"": 32, ""early_stopping"": {""enabled"": true, ""patience"": 5}, ""epochs"": 50, ""optimizer"": ""adam""}}",SKAB,"[""valve1"", ""valve2""]",anomaly,"[""datetime"", ""changepoint"", ""source_group"", ""source_file""]",source_file,0.6,0.2,0.2,True,mean,standard,True,1,16,1,True,0.0,0.05,cuda,[123],32,50,True,5,adam,0.1,4,3,4,1,True,levenshtein,True,0.0001,average_log_probability,0.05,AUTOMATA,123,fold_3,parameter_analysis,6,5,,,
SKAB,123,fold_4,6,5,0.607190412782956,0.4619883040935672,0.2801418439716312,0.3487858719646799,255,395,255,0.006074586697424068,102,"{""automata"": {""anomaly_threshold"": 0.1, ""decision"": {""fallback_quantile"": 0.05, ""score_field"": ""average_log_probability""}, ""paa"": {""window_size"": 4}, ""probability"": {""epsilon"": 0.0001, ""smoothing"": true}, ""sax"": {""alphabet_size"": 3}, ""sliding_window"": {""size"": 4, ""stride"": 1}, ""unseen_pattern"": {""enabled"": true, ""method"": ""levenshtein""}}, ""dataset"": {""config"": {""drop_columns"": [""datetime"", ""changepoint"", ""source_group"", ""source_file""], ""group_column"": ""source_file"", ""split"": {""test"": 0.2, ""train"": 0.6, ""validation"": 0.2}, ""target_column"": ""anomaly"", ""valve_folders"": [""valve1"", ""valve2""]}, ""name"": ""SKAB""}, ""extra"": {""alphabet_size"": 5, ""window_size"": 6}, ""noise"": {""enabled"": true, ""gaussian_mean"": 0.0, ""gaussian_std"": 0.05}, ""preprocessing"": {""missing_data"": {""enabled"": true, ""strategy"": ""mean""}, ""pca"": {""enabled"": true, ""n_components"": 1}, ""scaler"": ""standard"", ""sequence_length"": 16, ""sequence_stride"": 1}, ""project"": {""device"": ""cuda"", ""random_seeds"": [123]}, ""run"": {""family"": ""AUTOMATA"", ""scenario"": ""parameter_analysis"", ""seed"": 123, ""split"": ""fold_4""}, ""training"": {""batch_size"": 32, ""early_stopping"": {""enabled"": true, ""patience"": 5}, ""epochs"": 50, ""optimizer"": ""adam""}}",SKAB,"[""valve1"", ""valve2""]",anomaly,"[""datetime"", ""changepoint"", ""source_group"", ""source_file""]",source_file,0.6,0.2,0.2,True,mean,standard,True,1,16,1,True,0.0,0.05,cuda,[123],32,50,True,5,adam,0.1,4,3,4,1,True,levenshtein,True,0.0001,average_log_probability,0.05,AUTOMATA,123,fold_4,parameter_analysis,6,5,,,
SKAB,123,fold_0,6,6,0.5234899328859061,0.2361111111111111,0.12186379928315412,0.1607565011820331,327,503,327,0.004704055962367552,98,"{""automata"": {""anomaly_threshold"": 0.1, ""decision"": {""fallback_quantile"": 0.05, ""score_field"": ""average_log_probability""}, ""paa"": {""window_size"": 4}, ""probability"": {""epsilon"": 0.0001, ""smoothing"": true}, ""sax"": {""alphabet_size"": 3}, ""sliding_window"": {""size"": 4, ""stride"": 1}, ""unseen_pattern"": {""enabled"": true, ""method"": ""levenshtein""}}, ""dataset"": {""config"": {""drop_columns"": [""datetime"", ""changepoint"", ""source_group"", ""source_file""], ""group_column"": ""source_file"", ""split"": {""test"": 0.2, ""train"": 0.6, ""validation"": 0.2}, ""target_column"": ""anomaly"", ""valve_folders"": [""valve1"", ""valve2""]}, ""name"": ""SKAB""}, ""extra"": {""alphabet_size"": 6, ""window_size"": 6}, ""noise"": {""enabled"": true, ""gaussian_mean"": 0.0, ""gaussian_std"": 0.05}, ""preprocessing"": {""missing_data"": {""enabled"": true, ""strategy"": ""mean""}, ""pca"": {""enabled"": true, ""n_components"": 1}, ""scaler"": ""standard"", ""sequence_length"": 16, ""sequence_stride"": 1}, ""project"": {""device"": ""cuda"", ""random_seeds"": [123]}, ""run"": {""family"": ""AUTOMATA"", ""scenario"": ""parameter_analysis"", ""seed"": 123, ""split"": ""fold_0""}, ""training"": {""batch_size"": 32, ""early_stopping"": {""enabled"": true, ""patience"": 5}, ""epochs"": 50, ""optimizer"": ""adam""}}",SKAB,"[""valve1"", ""valve2""]",anomaly,"[""datetime"", ""changepoint"", ""source_group"", ""source_file""]",source_file,0.6,0.2,0.2,True,mean,standard,True,1,16,1,True,0.0,0.05,cuda,[123],32,50,True,5,adam,0.1,4,3,4,1,True,levenshtein,True,0.0001,average_log_probability,0.05,AUTOMATA,123,fold_0,parameter_analysis,6,6,,,
SKAB,123,fold_1,6,6,0.553763440860215,0.26548672566371684,0.10752688172043011,0.15306122448979592,332,510,332,0.004626941500943533,60,"{""automata"": {""anomaly_threshold"": 0.1, ""decision"": {""fallback_quantile"": 0.05, ""score_field"": ""average_log_probability""}, ""paa"": {""window_size"": 4}, ""probability"": {""epsilon"": 0.0001, ""smoothing"": true}, ""sax"": {""alphabet_size"": 3}, ""sliding_window"": {""size"": 4, ""stride"": 1}, ""unseen_pattern"": {""enabled"": true, ""method"": ""levenshtein""}}, ""dataset"": {""config"": {""drop_columns"": [""datetime"", ""changepoint"", ""source_group"", ""source_file""], ""group_column"": ""source_file"", ""split"": {""test"": 0.2, ""train"": 0.6, ""validation"": 0.2}, ""target_column"": ""anomaly"", ""valve_folders"": [""valve1"", ""valve2""]}, ""name"": ""SKAB""}, ""extra"": {""alphabet_size"": 6, ""window_size"": 6}, ""noise"": {""enabled"": true, ""gaussian_mean"": 0.0, ""gaussian_std"": 0.05}, ""preprocessing"": {""missing_data"": {""enabled"": true, ""strategy"": ""mean""}, ""pca"": {""enabled"": true, ""n_components"": 1}, ""scaler"": ""standard"", ""sequence_length"": 16, ""sequence_stride"": 1}, ""project"": {""device"": ""cuda"", ""random_seeds"": [123]}, ""run"": {""family"": ""AUTOMATA"", ""scenario"": ""parameter_analysis"", ""seed"": 123, ""split"": ""fold_1""}, ""training"": {""batch_size"": 32, ""early_stopping"": {""enabled"": true, ""patience"": 5}, ""epochs"": 50, ""optimizer"": ""adam""}}",SKAB,"[""valve1"", ""valve2""]",anomaly,"[""datetime"", ""changepoint"", ""source_group"", ""source_file""]",source_file,0.6,0.2,0.2,True,mean,standard,True,1,16,1,True,0.0,0.05,cuda,[123],32,50,True,5,adam,0.1,4,3,4,1,True,levenshtein,True,0.0001,average_log_probability,0.05,AUTOMATA,123,fold_1,parameter_analysis,6,6,,,
SKAB,123,fold_2,6,6,0.6037483266398929,0.4,0.041379310344827586,0.075,432,628,432,0.0033650548696844995,10,"{""automata"": {""anomaly_threshold"": 0.1, ""decision"": {""fallback_quantile"": 0.05, ""score_field"": ""average_log_probability""}, ""paa"": {""window_size"": 4}, ""probability"": {""epsilon"": 0.0001, ""smoothing"": true}, ""sax"": {""alphabet_size"": 3}, ""sliding_window"": {""size"": 4, ""stride"": 1}, ""unseen_pattern"": {""enabled"": true, ""method"": ""levenshtein""}}, ""dataset"": {""config"": {""drop_columns"": [""datetime"", ""changepoint"", ""source_group"", ""source_file""], ""group_column"": ""source_file"", ""split"": {""test"": 0.2, ""train"": 0.6, ""validation"": 0.2}, ""target_column"": ""anomaly"", ""valve_folders"": [""valve1"", ""valve2""]}, ""name"": ""SKAB""}, ""extra"": {""alphabet_size"": 6, ""window_size"": 6}, ""noise"": {""enabled"": true, ""gaussian_mean"": 0.0, ""gaussian_std"": 0.05}, ""preprocessing"": {""missing_data"": {""enabled"": true, ""strategy"": ""mean""}, ""pca"": {""enabled"": true, ""n_components"": 1}, ""scaler"": ""standard"", ""sequence_length"": 16, ""sequence_stride"": 1}, ""project"": {""device"": ""cuda"", ""random_seeds"": [123]}, ""run"": {""family"": ""AUTOMATA"", ""scenario"": ""parameter_analysis"", ""seed"": 123, ""split"": ""fold_2""}, ""training"": {""batch_size"": 32, ""early_stopping"": {""enabled"": true, ""patience"": 5}, ""epochs"": 50, ""optimizer"": ""adam""}}",SKAB,"[""valve1"", ""valve2""]",anomaly,"[""datetime"", ""changepoint"", ""source_group"", ""source_file""]",source_file,0.6,0.2,0.2,True,mean,standard,True,1,16,1,True,0.0,0.05,cuda,[123],32,50,True,5,adam,0.1,4,3,4,1,True,levenshtein,True,0.0001,average_log_probability,0.05,AUTOMATA,123,fold_2,parameter_analysis,6,6,,,
SKAB,123,fold_3,6,6,0.5394021739130435,0.29411764705882354,0.1206896551724138,0.17114914425427874,335,523,335,0.004660280686121631,70,"{""automata"": {""anomaly_threshold"": 0.1, ""decision"": {""fallback_quantile"": 0.05, ""score_field"": ""average_log_probability""}, ""paa"": {""window_size"": 4}, ""probability"": {""epsilon"": 0.0001, ""smoothing"": true}, ""sax"": {""alphabet_size"": 3}, ""sliding_window"": {""size"": 4, ""stride"": 1}, ""unseen_pattern"": {""enabled"": true, ""method"": ""levenshtein""}}, ""dataset"": {""config"": {""drop_columns"": [""datetime"", ""changepoint"", ""source_group"", ""source_file""], ""group_column"": ""source_file"", ""split"": {""test"": 0.2, ""train"": 0.6, ""validation"": 0.2}, ""target_column"": ""anomaly"", ""valve_folders"": [""valve1"", ""valve2""]}, ""name"": ""SKAB""}, ""extra"": {""alphabet_size"": 6, ""window_size"": 6}, ""noise"": {""enabled"": true, ""gaussian_mean"": 0.0, ""gaussian_std"": 0.05}, ""preprocessing"": {""missing_data"": {""enabled"": true, ""strategy"": ""mean""}, ""pca"": {""enabled"": true, ""n_components"": 1}, ""scaler"": ""standard"", ""sequence_length"": 16, ""sequence_stride"": 1}, ""project"": {""device"": ""cuda"", ""random_seeds"": [123]}, ""run"": {""family"": ""AUTOMATA"", ""scenario"": ""parameter_analysis"", ""seed"": 123, ""split"": ""fold_3""}, ""training"": {""batch_size"": 32, ""early_stopping"": {""enabled"": true, ""patience"": 5}, ""epochs"": 50, ""optimizer"": ""adam""}}",SKAB,"[""valve1"", ""valve2""]",anomaly,"[""datetime"", ""changepoint"", ""source_group"", ""source_file""]",source_file,0.6,0.2,0.2,True,mean,standard,True,1,16,1,True,0.0,0.05,cuda,[123],32,50,True,5,adam,0.1,4,3,4,1,True,levenshtein,True,0.0001,average_log_probability,0.05,AUTOMATA,123,fold_3,parameter_analysis,6,6,,,
SKAB,123,fold_4,6,6,0.5366178428761651,0.375,0.35106382978723405,0.3626373626373626,320,486,320,0.00474609375,184,"{""automata"": {""anomaly_threshold"": 0.1, ""decision"": {""fallback_quantile"": 0.05, ""score_field"": ""average_log_probability""}, ""paa"": {""window_size"": 4}, ""probability"": {""epsilon"": 0.0001, ""smoothing"": true}, ""sax"": {""alphabet_size"": 3}, ""sliding_window"": {""size"": 4, ""stride"": 1}, ""unseen_pattern"": {""enabled"": true, ""method"": ""levenshtein""}}, ""dataset"": {""config"": {""drop_columns"": [""datetime"", ""changepoint"", ""source_group"", ""source_file""], ""group_column"": ""source_file"", ""split"": {""test"": 0.2, ""train"": 0.6, ""validation"": 0.2}, ""target_column"": ""anomaly"", ""valve_folders"": [""valve1"", ""valve2""]}, ""name"": ""SKAB""}, ""extra"": {""alphabet_size"": 6, ""window_size"": 6}, ""noise"": {""enabled"": true, ""gaussian_mean"": 0.0, ""gaussian_std"": 0.05}, ""preprocessing"": {""missing_data"": {""enabled"": true, ""strategy"": ""mean""}, ""pca"": {""enabled"": true, ""n_components"": 1}, ""scaler"": ""standard"", ""sequence_length"": 16, ""sequence_stride"": 1}, ""project"": {""device"": ""cuda"", ""random_seeds"": [123]}, ""run"": {""family"": ""AUTOMATA"", ""scenario"": ""parameter_analysis"", ""seed"": 123, ""split"": ""fold_4""}, ""training"": {""batch_size"": 32, ""early_stopping"": {""enabled"": true, ""patience"": 5}, ""epochs"": 50, ""optimizer"": ""adam""}}",SKAB,"[""valve1"", ""valve2""]",anomaly,"[""datetime"", ""changepoint"", ""source_group"", ""source_file""]",source_file,0.6,0.2,0.2,True,mean,standard,True,1,16,1,True,0.0,0.05,cuda,[123],32,50,True,5,adam,0.1,4,3,4,1,True,levenshtein,True,0.0001,average_log_probability,0.05,AUTOMATA,123,fold_4,parameter_analysis,6,6,,,
BATADAL,123,test,3,3,0.8483754512635379,0.2916666666666667,0.21875,0.25,26,71,26,0.10502958579881656,1,"{""automata"": {""anomaly_threshold"": 0.1, ""decision"": {""fallback_quantile"": 0.05, ""score_field"": ""average_log_probability""}, ""paa"": {""window_size"": 4}, ""probability"": {""epsilon"": 0.0001, ""smoothing"": true}, ""sax"": {""alphabet_size"": 3}, ""sliding_window"": {""size"": 4, ""stride"": 1}, ""unseen_pattern"": {""enabled"": true, ""method"": ""levenshtein""}}, ""dataset"": {""config"": {""anomaly_label_value"": 1, ""drop_columns"": [""DATETIME""], ""normal_label_value"": -999, ""split"": {""test"": 0.2, ""train"": 0.6, ""validation"": 0.2}, ""target_column"": ""ATT_FLAG"", ""train_file"": ""BATADAL_dataset04.csv""}, ""name"": ""BATADAL""}, ""extra"": {""alphabet_size"": 3, ""window_size"": 3}, ""noise"": {""enabled"": true, ""gaussian_mean"": 0.0, ""gaussian_std"": 0.05}, ""preprocessing"": {""missing_data"": {""enabled"": true, ""strategy"": ""mean""}, ""pca"": {""enabled"": true, ""n_components"": 1}, ""scaler"": ""standard"", ""sequence_length"": 16, ""sequence_stride"": 1}, ""project"": {""device"": ""cuda"", ""random_seeds"": [123]}, ""run"": {""family"": ""AUTOMATA"", ""scenario"": ""parameter_analysis"", ""seed"": 123, ""split"": ""test""}, ""training"": {""batch_size"": 32, ""early_stopping"": {""enabled"": true, ""patience"": 5}, ""epochs"": 50, ""optimizer"": ""adam""}}",BATADAL,,ATT_FLAG,"[""DATETIME""]",,0.6,0.2,0.2,True,mean,standard,True,1,16,1,True,0.0,0.05,cuda,[123],32,50,True,5,adam,0.1,4,3,4,1,True,levenshtein,True,0.0001,average_log_probability,0.05,AUTOMATA,123,test,parameter_analysis,3,3,BATADAL_dataset04.csv,-999.0,1.0
BATADAL,123,test,3,4,0.7328519855595668,0.125,0.21875,0.1590909090909091,59,174,59,0.04998563631140477,3,"{""automata"": {""anomaly_threshold"": 0.1, ""decision"": {""fallback_quantile"": 0.05, ""score_field"": ""average_log_probability""}, ""paa"": {""window_size"": 4}, ""probability"": {""epsilon"": 0.0001, ""smoothing"": true}, ""sax"": {""alphabet_size"": 3}, ""sliding_window"": {""size"": 4, ""stride"": 1}, ""unseen_pattern"": {""enabled"": true, ""method"": ""levenshtein""}}, ""dataset"": {""config"": {""anomaly_label_value"": 1, ""drop_columns"": [""DATETIME""], ""normal_label_value"": -999, ""split"": {""test"": 0.2, ""train"": 0.6, ""validation"": 0.2}, ""target_column"": ""ATT_FLAG"", ""train_file"": ""BATADAL_dataset04.csv""}, ""name"": ""BATADAL""}, ""extra"": {""alphabet_size"": 4, ""window_size"": 3}, ""noise"": {""enabled"": true, ""gaussian_mean"": 0.0, ""gaussian_std"": 0.05}, ""preprocessing"": {""missing_data"": {""enabled"": true, ""strategy"": ""mean""}, ""pca"": {""enabled"": true, ""n_components"": 1}, ""scaler"": ""standard"", ""sequence_length"": 16, ""sequence_stride"": 1}, ""project"": {""device"": ""cuda"", ""random_seeds"": [123]}, ""run"": {""family"": ""AUTOMATA"", ""scenario"": ""parameter_analysis"", ""seed"": 123, ""split"": ""test""}, ""training"": {""batch_size"": 32, ""early_stopping"": {""enabled"": true, ""patience"": 5}, ""epochs"": 50, ""optimizer"": ""adam""}}",BATADAL,,ATT_FLAG,"[""DATETIME""]",,0.6,0.2,0.2,True,mean,standard,True,1,16,1,True,0.0,0.05,cuda,[123],32,50,True,5,adam,0.1,4,3,4,1,True,levenshtein,True,0.0001,average_log_probability,0.05,AUTOMATA,123,test,parameter_analysis,3,4,BATADAL_dataset04.csv,-999.0,1.0
BATADAL,123,test,3,5,0.5992779783393501,0.11650485436893204,0.375,0.17777777777777778,112,306,112,0.024394132653061226,4,"{""automata"": {""anomaly_threshold"": 0.1, ""decision"": {""fallback_quantile"": 0.05, ""score_field"": ""average_log_probability""}, ""paa"": {""window_size"": 4}, ""probability"": {""epsilon"": 0.0001, ""smoothing"": true}, ""sax"": {""alphabet_size"": 3}, ""sliding_window"": {""size"": 4, ""stride"": 1}, ""unseen_pattern"": {""enabled"": true, ""method"": ""levenshtein""}}, ""dataset"": {""config"": {""anomaly_label_value"": 1, ""drop_columns"": [""DATETIME""], ""normal_label_value"": -999, ""split"": {""test"": 0.2, ""train"": 0.6, ""validation"": 0.2}, ""target_column"": ""ATT_FLAG"", ""train_file"": ""BATADAL_dataset04.csv""}, ""name"": ""BATADAL""}, ""extra"": {""alphabet_size"": 5, ""window_size"": 3}, ""noise"": {""enabled"": true, ""gaussian_mean"": 0.0, ""gaussian_std"": 0.05}, ""preprocessing"": {""missing_data"": {""enabled"": true, ""strategy"": ""mean""}, ""pca"": {""enabled"": true, ""n_components"": 1}, ""scaler"": ""standard"", ""sequence_length"": 16, ""sequence_stride"": 1}, ""project"": {""device"": ""cuda"", ""random_seeds"": [123]}, ""run"": {""family"": ""AUTOMATA"", ""scenario"": ""parameter_analysis"", ""seed"": 123, ""split"": ""test""}, ""training"": {""batch_size"": 32, ""early_stopping"": {""enabled"": true, ""patience"": 5}, ""epochs"": 50, ""optimizer"": ""adam""}}",BATADAL,,ATT_FLAG,"[""DATETIME""]",,0.6,0.2,0.2,True,mean,standard,True,1,16,1,True,0.0,0.05,cuda,[123],32,50,True,5,adam,0.1,4,3,4,1,True,levenshtein,True,0.0001,average_log_probability,0.05,AUTOMATA,123,test,parameter_analysis,3,5,BATADAL_dataset04.csv,-999.0,1.0
BATADAL,123,test,3,6,0.5595667870036101,0.11206896551724138,0.40625,0.17567567567567569,178,465,178,0.014676177250347179,8,"{""automata"": {""anomaly_threshold"": 0.1, ""decision"": {""fallback_quantile"": 0.05, ""score_field"": ""average_log_probability""}, ""paa"": {""window_size"": 4}, ""probability"": {""epsilon"": 0.0001, ""smoothing"": true}, ""sax"": {""alphabet_size"": 3}, ""sliding_window"": {""size"": 4, ""stride"": 1}, ""unseen_pattern"": {""enabled"": true, ""method"": ""levenshtein""}}, ""dataset"": {""config"": {""anomaly_label_value"": 1, ""drop_columns"": [""DATETIME""], ""normal_label_value"": -999, ""split"": {""test"": 0.2, ""train"": 0.6, ""validation"": 0.2}, ""target_column"": ""ATT_FLAG"", ""train_file"": ""BATADAL_dataset04.csv""}, ""name"": ""BATADAL""}, ""extra"": {""alphabet_size"": 6, ""window_size"": 3}, ""noise"": {""enabled"": true, ""gaussian_mean"": 0.0, ""gaussian_std"": 0.05}, ""preprocessing"": {""missing_data"": {""enabled"": true, ""strategy"": ""mean""}, ""pca"": {""enabled"": true, ""n_components"": 1}, ""scaler"": ""standard"", ""sequence_length"": 16, ""sequence_stride"": 1}, ""project"": {""device"": ""cuda"", ""random_seeds"": [123]}, ""run"": {""family"": ""AUTOMATA"", ""scenario"": ""parameter_analysis"", ""seed"": 123, ""split"": ""test""}, ""training"": {""batch_size"": 32, ""early_stopping"": {""enabled"": true, ""patience"": 5}, ""epochs"": 50, ""optimizer"": ""adam""}}",BATADAL,,ATT_FLAG,"[""DATETIME""]",,0.6,0.2,0.2,True,mean,standard,True,1,16,1,True,0.0,0.05,cuda,[123],32,50,True,5,adam,0.1,4,3,4,1,True,levenshtein,True,0.0001,average_log_probability,0.05,AUTOMATA,123,test,parameter_analysis,3,6,BATADAL_dataset04.csv,-999.0,1.0
BATADAL,123,test,4,3,0.7281553398058253,0.22,0.39285714285714285,0.28205128205128205,76,151,76,0.026142659279778394,9,"{""automata"": {""anomaly_threshold"": 0.1, ""decision"": {""fallback_quantile"": 0.05, ""score_field"": ""average_log_probability""}, ""paa"": {""window_size"": 4}, ""probability"": {""epsilon"": 0.0001, ""smoothing"": true}, ""sax"": {""alphabet_size"": 3}, ""sliding_window"": {""size"": 4, ""stride"": 1}, ""unseen_pattern"": {""enabled"": true, ""method"": ""levenshtein""}}, ""dataset"": {""config"": {""anomaly_label_value"": 1, ""drop_columns"": [""DATETIME""], ""normal_label_value"": -999, ""split"": {""test"": 0.2, ""train"": 0.6, ""validation"": 0.2}, ""target_column"": ""ATT_FLAG"", ""train_file"": ""BATADAL_dataset04.csv""}, ""name"": ""BATADAL""}, ""extra"": {""alphabet_size"": 3, ""window_size"": 4}, ""noise"": {""enabled"": true, ""gaussian_mean"": 0.0, ""gaussian_std"": 0.05}, ""preprocessing"": {""missing_data"": {""enabled"": true, ""strategy"": ""mean""}, ""pca"": {""enabled"": true, ""n_components"": 1}, ""scaler"": ""standard"", ""sequence_length"": 16, ""sequence_stride"": 1}, ""project"": {""device"": ""cuda"", ""random_seeds"": [123]}, ""run"": {""family"": ""AUTOMATA"", ""scenario"": ""parameter_analysis"", ""seed"": 123, ""split"": ""test""}, ""training"": {""batch_size"": 32, ""early_stopping"": {""enabled"": true, ""patience"": 5}, ""epochs"": 50, ""optimizer"": ""adam""}}",BATADAL,,ATT_FLAG,"[""DATETIME""]",,0.6,0.2,0.2,True,mean,standard,True,1,16,1,True,0.0,0.05,cuda,[123],32,50,True,5,adam,0.1,4,3,4,1,True,levenshtein,True,0.0001,average_log_probability,0.05,AUTOMATA,123,test,parameter_analysis,4,3,BATADAL_dataset04.csv,-999.0,1.0
BATADAL,123,test,4,4,0.5825242718446602,0.19791666666666666,0.6785714285714286,0.3064516129032258,175,292,175,0.00953469387755102,46,"{""automata"": {""anomaly_threshold"": 0.1, ""decision"": {""fallback_quantile"": 0.05, ""score_field"": ""average_log_probability""}, ""paa"": {""window_size"": 4}, ""probability"": {""epsilon"": 0.0001, ""smoothing"": true}, ""sax"": {""alphabet_size"": 3}, ""sliding_window"": {""size"": 4, ""stride"": 1}, ""unseen_pattern"": {""enabled"": true, ""method"": ""levenshtein""}}, ""dataset"": {""config"": {""anomaly_label_value"": 1, ""drop_columns"": [""DATETIME""], ""normal_label_value"": -999, ""split"": {""test"": 0.2, ""train"": 0.6, ""validation"": 0.2}, ""target_column"": ""ATT_FLAG"", ""train_file"": ""BATADAL_dataset04.csv""}, ""name"": ""BATADAL""}, ""extra"": {""alphabet_size"": 4, ""window_size"": 4}, ""noise"": {""enabled"": true, ""gaussian_mean"": 0.0, ""gaussian_std"": 0.05}, ""preprocessing"": {""missing_data"": {""enabled"": true, ""strategy"": ""mean""}, ""pca"": {""enabled"": true, ""n_components"": 1}, ""scaler"": ""standard"", ""sequence_length"": 16, ""sequence_stride"": 1}, ""project"": {""device"": ""cuda"", ""random_seeds"": [123]}, ""run"": {""family"": ""AUTOMATA"", ""scenario"": ""parameter_analysis"", ""seed"": 123, ""split"": ""test""}, ""training"": {""batch_size"": 32, ""early_stopping"": {""enabled"": true, ""patience"": 5}, ""epochs"": 50, ""optimizer"": ""adam""}}",BATADAL,,ATT_FLAG,"[""DATETIME""]",,0.6,0.2,0.2,True,mean,standard,True,1,16,1,True,0.0,0.05,cuda,[123],32,50,True,5,adam,0.1,4,3,4,1,True,levenshtein,True,0.0001,average_log_probability,0.05,AUTOMATA,123,test,parameter_analysis,4,4,BATADAL_dataset04.csv,-999.0,1.0
BATADAL,123,test,4,5,0.4320388349514563,0.144,0.6428571428571429,0.23529411764705882,258,390,258,0.005859022895258698,87,"{""automata"": {""anomaly_threshold"": 0.1, ""decision"": {""fallback_quantile"": 0.05, ""score_field"": ""average_log_probability""}, ""paa"": {""window_size"": 4}, ""probability"": {""epsilon"": 0.0001, ""smoothing"": true}, ""sax"": {""alphabet_size"": 3}, ""sliding_window"": {""size"": 4, ""stride"": 1}, ""unseen_pattern"": {""enabled"": true, ""method"": ""levenshtein""}}, ""dataset"": {""config"": {""anomaly_label_value"": 1, ""drop_columns"": [""DATETIME""], ""normal_label_value"": -999, ""split"": {""test"": 0.2, ""train"": 0.6, ""validation"": 0.2}, ""target_column"": ""ATT_FLAG"", ""train_file"": ""BATADAL_dataset04.csv""}, ""name"": ""BATADAL""}, ""extra"": {""alphabet_size"": 5, ""window_size"": 4}, ""noise"": {""enabled"": true, ""gaussian_mean"": 0.0, ""gaussian_std"": 0.05}, ""preprocessing"": {""missing_data"": {""enabled"": true, ""strategy"": ""mean""}, ""pca"": {""enabled"": true, ""n_components"": 1}, ""scaler"": ""standard"", ""sequence_length"": 16, ""sequence_stride"": 1}, ""project"": {""device"": ""cuda"", ""random_seeds"": [123]}, ""run"": {""family"": ""AUTOMATA"", ""scenario"": ""parameter_analysis"", ""seed"": 123, ""split"": ""test""}, ""training"": {""batch_size"": 32, ""early_stopping"": {""enabled"": true, ""patience"": 5}, ""epochs"": 50, ""optimizer"": ""adam""}}",BATADAL,,ATT_FLAG,"[""DATETIME""]",,0.6,0.2,0.2,True,mean,standard,True,1,16,1,True,0.0,0.05,cuda,[123],32,50,True,5,adam,0.1,4,3,4,1,True,levenshtein,True,0.0001,average_log_probability,0.05,AUTOMATA,123,test,parameter_analysis,4,5,BATADAL_dataset04.csv,-999.0,1.0
BATADAL,123,test,4,6,0.3592233009708738,0.15333333333333332,0.8214285714285714,0.25842696629213485,340,458,340,0.003961937716262976,110,"{""automata"": {""anomaly_threshold"": 0.1, ""decision"": {""fallback_quantile"": 0.05, ""score_field"": ""average_log_probability""}, ""paa"": {""window_size"": 4}, ""probability"": {""epsilon"": 0.0001, ""smoothing"": true}, ""sax"": {""alphabet_size"": 3}, ""sliding_window"": {""size"": 4, ""stride"": 1}, ""unseen_pattern"": {""enabled"": true, ""method"": ""levenshtein""}}, ""dataset"": {""config"": {""anomaly_label_value"": 1, ""drop_columns"": [""DATETIME""], ""normal_label_value"": -999, ""split"": {""test"": 0.2, ""train"": 0.6, ""validation"": 0.2}, ""target_column"": ""ATT_FLAG"", ""train_file"": ""BATADAL_dataset04.csv""}, ""name"": ""BATADAL""}, ""extra"": {""alphabet_size"": 6, ""window_size"": 4}, ""noise"": {""enabled"": true, ""gaussian_mean"": 0.0, ""gaussian_std"": 0.05}, ""preprocessing"": {""missing_data"": {""enabled"": true, ""strategy"": ""mean""}, ""pca"": {""enabled"": true, ""n_components"": 1}, ""scaler"": ""standard"", ""sequence_length"": 16, ""sequence_stride"": 1}, ""project"": {""device"": ""cuda"", ""random_seeds"": [123]}, ""run"": {""family"": ""AUTOMATA"", ""scenario"": ""parameter_analysis"", ""seed"": 123, ""split"": ""test""}, ""training"": {""batch_size"": 32, ""early_stopping"": {""enabled"": true, ""patience"": 5}, ""epochs"": 50, ""optimizer"": ""adam""}}",BATADAL,,ATT_FLAG,"[""DATETIME""]",,0.6,0.2,0.2,True,mean,standard,True,1,16,1,True,0.0,0.05,cuda,[123],32,50,True,5,adam,0.1,4,3,4,1,True,levenshtein,True,0.0001,average_log_probability,0.05,AUTOMATA,123,test,parameter_analysis,4,6,BATADAL_dataset04.csv,-999.0,1.0
BATADAL,123,test,5,3,0.5792682926829268,0.041666666666666664,0.08,0.0547945205479452,166,254,166,0.009217593264624764,22,"{""automata"": {""anomaly_threshold"": 0.1, ""decision"": {""fallback_quantile"": 0.05, ""score_field"": ""average_log_probability""}, ""paa"": {""window_size"": 4}, ""probability"": {""epsilon"": 0.0001, ""smoothing"": true}, ""sax"": {""alphabet_size"": 3}, ""sliding_window"": {""size"": 4, ""stride"": 1}, ""unseen_pattern"": {""enabled"": true, ""method"": ""levenshtein""}}, ""dataset"": {""config"": {""anomaly_label_value"": 1, ""drop_columns"": [""DATETIME""], ""normal_label_value"": -999, ""split"": {""test"": 0.2, ""train"": 0.6, ""validation"": 0.2}, ""target_column"": ""ATT_FLAG"", ""train_file"": ""BATADAL_dataset04.csv""}, ""name"": ""BATADAL""}, ""extra"": {""alphabet_size"": 3, ""window_size"": 5}, ""noise"": {""enabled"": true, ""gaussian_mean"": 0.0, ""gaussian_std"": 0.05}, ""preprocessing"": {""missing_data"": {""enabled"": true, ""strategy"": ""mean""}, ""pca"": {""enabled"": true, ""n_components"": 1}, ""scaler"": ""standard"", ""sequence_length"": 16, ""sequence_stride"": 1}, ""project"": {""device"": ""cuda"", ""random_seeds"": [123]}, ""run"": {""family"": ""AUTOMATA"", ""scenario"": ""parameter_analysis"", ""seed"": 123, ""split"": ""test""}, ""training"": {""batch_size"": 32, ""early_stopping"": {""enabled"": true, ""patience"": 5}, ""epochs"": 50, ""optimizer"": ""adam""}}",BATADAL,,ATT_FLAG,"[""DATETIME""]",,0.6,0.2,0.2,True,mean,standard,True,1,16,1,True,0.0,0.05,cuda,[123],32,50,True,5,adam,0.1,4,3,4,1,True,levenshtein,True,0.0001,average_log_probability,0.05,AUTOMATA,123,test,parameter_analysis,5,3,BATADAL_dataset04.csv,-999.0,1.0
BATADAL,123,test,5,4,0.5060975609756098,0.18888888888888888,0.68,0.2956521739130435,298,375,298,0.004222782757533444,56,"{""automata"": {""anomaly_threshold"": 0.1, ""decision"": {""fallback_quantile"": 0.05, ""score_field"": ""average_log_probability""}, ""paa"": {""window_size"": 4}, ""probability"": {""epsilon"": 0.0001, ""smoothing"": true}, ""sax"": {""alphabet_size"": 3}, ""sliding_window"": {""size"": 4, ""stride"": 1}, ""unseen_pattern"": {""enabled"": true, ""method"": ""levenshtein""}}, ""dataset"": {""config"": {""anomaly_label_value"": 1, ""drop_columns"": [""DATETIME""], ""normal_label_value"": -999, ""split"": {""test"": 0.2, ""train"": 0.6, ""validation"": 0.2}, ""target_column"": ""ATT_FLAG"", ""train_file"": ""BATADAL_dataset04.csv""}, ""name"": ""BATADAL""}, ""extra"": {""alphabet_size"": 4, ""window_size"": 5}, ""noise"": {""enabled"": true, ""gaussian_mean"": 0.0, ""gaussian_std"": 0.05}, ""preprocessing"": {""missing_data"": {""enabled"": true, ""strategy"": ""mean""}, ""pca"": {""enabled"": true, ""n_components"": 1}, ""scaler"": ""standard"", ""sequence_length"": 16, ""sequence_stride"": 1}, ""project"": {""device"": ""cuda"", ""random_seeds"": [123]}, ""run"": {""family"": ""AUTOMATA"", ""scenario"": ""parameter_analysis"", ""seed"": 123, ""split"": ""test""}, ""training"": {""batch_size"": 32, ""early_stopping"": {""enabled"": true, ""patience"": 5}, ""epochs"": 50, ""optimizer"": ""adam""}}",BATADAL,,ATT_FLAG,"[""DATETIME""]",,0.6,0.2,0.2,True,mean,standard,True,1,16,1,True,0.0,0.05,cuda,[123],32,50,True,5,adam,0.1,4,3,4,1,True,levenshtein,True,0.0001,average_log_probability,0.05,AUTOMATA,123,test,parameter_analysis,5,4,BATADAL_dataset04.csv,-999.0,1.0
BATADAL,123,test,5,5,0.25,0.15,0.84,0.2545454545454545,368,426,367,0.0031456758034026466,131,"{""automata"": {""anomaly_threshold"": 0.1, ""decision"": {""fallback_quantile"": 0.05, ""score_field"": ""average_log_probability""}, ""paa"": {""window_size"": 4}, ""probability"": {""epsilon"": 0.0001, ""smoothing"": true}, ""sax"": {""alphabet_size"": 3}, ""sliding_window"": {""size"": 4, ""stride"": 1}, ""unseen_pattern"": {""enabled"": true, ""method"": ""levenshtein""}}, ""dataset"": {""config"": {""anomaly_label_value"": 1, ""drop_columns"": [""DATETIME""], ""normal_label_value"": -999, ""split"": {""test"": 0.2, ""train"": 0.6, ""validation"": 0.2}, ""target_column"": ""ATT_FLAG"", ""train_file"": ""BATADAL_dataset04.csv""}, ""name"": ""BATADAL""}, ""extra"": {""alphabet_size"": 5, ""window_size"": 5}, ""noise"": {""enabled"": true, ""gaussian_mean"": 0.0, ""gaussian_std"": 0.05}, ""preprocessing"": {""missing_data"": {""enabled"": true, ""strategy"": ""mean""}, ""pca"": {""enabled"": true, ""n_components"": 1}, ""scaler"": ""standard"", ""sequence_length"": 16, ""sequence_stride"": 1}, ""project"": {""device"": ""cuda"", ""random_seeds"": [123]}, ""run"": {""family"": ""AUTOMATA"", ""scenario"": ""parameter_analysis"", ""seed"": 123, ""split"": ""test""}, ""training"": {""batch_size"": 32, ""early_stopping"": {""enabled"": true, ""patience"": 5}, ""epochs"": 50, ""optimizer"": ""adam""}}",BATADAL,,ATT_FLAG,"[""DATETIME""]",,0.6,0.2,0.2,True,mean,standard,True,1,16,1,True,0.0,0.05,cuda,[123],32,50,True,5,adam,0.1,4,3,4,1,True,levenshtein,True,0.0001,average_log_probability,0.05,AUTOMATA,123,test,parameter_analysis,5,5,BATADAL_dataset04.csv,-999.0,1.0
BATADAL,123,test,5,6,0.21951219512195122,0.15894039735099338,0.96,0.2727272727272727,421,459,421,0.0025896942581005522,143,"{""automata"": {""anomaly_threshold"": 0.1, ""decision"": {""fallback_quantile"": 0.05, ""score_field"": ""average_log_probability""}, ""paa"": {""window_size"": 4}, ""probability"": {""epsilon"": 0.0001, ""smoothing"": true}, ""sax"": {""alphabet_size"": 3}, ""sliding_window"": {""size"": 4, ""stride"": 1}, ""unseen_pattern"": {""enabled"": true, ""method"": ""levenshtein""}}, ""dataset"": {""config"": {""anomaly_label_value"": 1, ""drop_columns"": [""DATETIME""], ""normal_label_value"": -999, ""split"": {""test"": 0.2, ""train"": 0.6, ""validation"": 0.2}, ""target_column"": ""ATT_FLAG"", ""train_file"": ""BATADAL_dataset04.csv""}, ""name"": ""BATADAL""}, ""extra"": {""alphabet_size"": 6, ""window_size"": 5}, ""noise"": {""enabled"": true, ""gaussian_mean"": 0.0, ""gaussian_std"": 0.05}, ""preprocessing"": {""missing_data"": {""enabled"": true, ""strategy"": ""mean""}, ""pca"": {""enabled"": true, ""n_components"": 1}, ""scaler"": ""standard"", ""sequence_length"": 16, ""sequence_stride"": 1}, ""project"": {""device"": ""cuda"", ""random_seeds"": [123]}, ""run"": {""family"": ""AUTOMATA"", ""scenario"": ""parameter_analysis"", ""seed"": 123, ""split"": ""test""}, ""training"": {""batch_size"": 32, ""early_stopping"": {""enabled"": true, ""patience"": 5}, ""epochs"": 50, ""optimizer"": ""adam""}}",BATADAL,,ATT_FLAG,"[""DATETIME""]",,0.6,0.2,0.2,True,mean,standard,True,1,16,1,True,0.0,0.05,cuda,[123],32,50,True,5,adam,0.1,4,3,4,1,True,levenshtein,True,0.0001,average_log_probability,0.05,AUTOMATA,123,test,parameter_analysis,5,6,BATADAL_dataset04.csv,-999.0,1.0
BATADAL,123,test,6,3,0.5111111111111111,0.25301204819277107,0.84,0.3888888888888889,206,267,206,0.00629182769346781,66,"{""automata"": {""anomaly_threshold"": 0.1, ""decision"": {""fallback_quantile"": 0.05, ""score_field"": ""average_log_probability""}, ""paa"": {""window_size"": 4}, ""probability"": {""epsilon"": 0.0001, ""smoothing"": true}, ""sax"": {""alphabet_size"": 3}, ""sliding_window"": {""size"": 4, ""stride"": 1}, ""unseen_pattern"": {""enabled"": true, ""method"": ""levenshtein""}}, ""dataset"": {""config"": {""anomaly_label_value"": 1, ""drop_columns"": [""DATETIME""], ""normal_label_value"": -999, ""split"": {""test"": 0.2, ""train"": 0.6, ""validation"": 0.2}, ""target_column"": ""ATT_FLAG"", ""train_file"": ""BATADAL_dataset04.csv""}, ""name"": ""BATADAL""}, ""extra"": {""alphabet_size"": 3, ""window_size"": 6}, ""noise"": {""enabled"": true, ""gaussian_mean"": 0.0, ""gaussian_std"": 0.05}, ""preprocessing"": {""missing_data"": {""enabled"": true, ""strategy"": ""mean""}, ""pca"": {""enabled"": true, ""n_components"": 1}, ""scaler"": ""standard"", ""sequence_length"": 16, ""sequence_stride"": 1}, ""project"": {""device"": ""cuda"", ""random_seeds"": [123]}, ""run"": {""family"": ""AUTOMATA"", ""scenario"": ""parameter_analysis"", ""seed"": 123, ""split"": ""test""}, ""training"": {""batch_size"": 32, ""early_stopping"": {""enabled"": true, ""patience"": 5}, ""epochs"": 50, ""optimizer"": ""adam""}}",BATADAL,,ATT_FLAG,"[""DATETIME""]",,0.6,0.2,0.2,True,mean,standard,True,1,16,1,True,0.0,0.05,cuda,[123],32,50,True,5,adam,0.1,4,3,4,1,True,levenshtein,True,0.0001,average_log_probability,0.05,AUTOMATA,123,test,parameter_analysis,6,3,BATADAL_dataset04.csv,-999.0,1.0
BATADAL,123,test,6,4,0.26666666666666666,0.19672131147540983,0.96,0.32653061224489793,304,353,304,0.0038196849030470914,109,"{""automata"": {""anomaly_threshold"": 0.1, ""decision"": {""fallback_quantile"": 0.05, ""score_field"": ""average_log_probability""}, ""paa"": {""window_size"": 4}, ""probability"": {""epsilon"": 0.0001, ""smoothing"": true}, ""sax"": {""alphabet_size"": 3}, ""sliding_window"": {""size"": 4, ""stride"": 1}, ""unseen_pattern"": {""enabled"": true, ""method"": ""levenshtein""}}, ""dataset"": {""config"": {""anomaly_label_value"": 1, ""drop_columns"": [""DATETIME""], ""normal_label_value"": -999, ""split"": {""test"": 0.2, ""train"": 0.6, ""validation"": 0.2}, ""target_column"": ""ATT_FLAG"", ""train_file"": ""BATADAL_dataset04.csv""}, ""name"": ""BATADAL""}, ""extra"": {""alphabet_size"": 4, ""window_size"": 6}, ""noise"": {""enabled"": true, ""gaussian_mean"": 0.0, ""gaussian_std"": 0.05}, ""preprocessing"": {""missing_data"": {""enabled"": true, ""strategy"": ""mean""}, ""pca"": {""enabled"": true, ""n_components"": 1}, ""scaler"": ""standard"", ""sequence_length"": 16, ""sequence_stride"": 1}, ""project"": {""device"": ""cuda"", ""random_seeds"": [123]}, ""run"": {""family"": ""AUTOMATA"", ""scenario"": ""parameter_analysis"", ""seed"": 123, ""split"": ""test""}, ""training"": {""batch_size"": 32, ""early_stopping"": {""enabled"": true, ""patience"": 5}, ""epochs"": 50, ""optimizer"": ""adam""}}",BATADAL,,ATT_FLAG,"[""DATETIME""]",,0.6,0.2,0.2,True,mean,standard,True,1,16,1,True,0.0,0.05,cuda,[123],32,50,True,5,adam,0.1,4,3,4,1,True,levenshtein,True,0.0001,average_log_probability,0.05,AUTOMATA,123,test,parameter_analysis,6,4,BATADAL_dataset04.csv,-999.0,1.0
BATADAL,123,test,6,5,0.2222222222222222,0.19230769230769232,1.0,0.3225806451612903,342,374,341,0.003197565062754352,129,"{""automata"": {""anomaly_threshold"": 0.1, ""decision"": {""fallback_quantile"": 0.05, ""score_field"": ""average_log_probability""}, ""paa"": {""window_size"": 4}, ""probability"": {""epsilon"": 0.0001, ""smoothing"": true}, ""sax"": {""alphabet_size"": 3}, ""sliding_window"": {""size"": 4, ""stride"": 1}, ""unseen_pattern"": {""enabled"": true, ""method"": ""levenshtein""}}, ""dataset"": {""config"": {""anomaly_label_value"": 1, ""drop_columns"": [""DATETIME""], ""normal_label_value"": -999, ""split"": {""test"": 0.2, ""train"": 0.6, ""validation"": 0.2}, ""target_column"": ""ATT_FLAG"", ""train_file"": ""BATADAL_dataset04.csv""}, ""name"": ""BATADAL""}, ""extra"": {""alphabet_size"": 5, ""window_size"": 6}, ""noise"": {""enabled"": true, ""gaussian_mean"": 0.0, ""gaussian_std"": 0.05}, ""preprocessing"": {""missing_data"": {""enabled"": true, ""strategy"": ""mean""}, ""pca"": {""enabled"": true, ""n_components"": 1}, ""scaler"": ""standard"", ""sequence_length"": 16, ""sequence_stride"": 1}, ""project"": {""device"": ""cuda"", ""random_seeds"": [123]}, ""run"": {""family"": ""AUTOMATA"", ""scenario"": ""parameter_analysis"", ""seed"": 123, ""split"": ""test""}, ""training"": {""batch_size"": 32, ""early_stopping"": {""enabled"": true, ""patience"": 5}, ""epochs"": 50, ""optimizer"": ""adam""}}",BATADAL,,ATT_FLAG,"[""DATETIME""]",,0.6,0.2,0.2,True,mean,standard,True,1,16,1,True,0.0,0.05,cuda,[123],32,50,True,5,adam,0.1,4,3,4,1,True,levenshtein,True,0.0001,average_log_probability,0.05,AUTOMATA,123,test,parameter_analysis,6,5,BATADAL_dataset04.csv,-999.0,1.0
BATADAL,123,test,6,6,0.21481481481481482,0.19083969465648856,1.0,0.32051282051282054,378,395,377,0.002764480277707791,131,"{""automata"": {""anomaly_threshold"": 0.1, ""decision"": {""fallback_quantile"": 0.05, ""score_field"": ""average_log_probability""}, ""paa"": {""window_size"": 4}, ""probability"": {""epsilon"": 0.0001, ""smoothing"": true}, ""sax"": {""alphabet_size"": 3}, ""sliding_window"": {""size"": 4, ""stride"": 1}, ""unseen_pattern"": {""enabled"": true, ""method"": ""levenshtein""}}, ""dataset"": {""config"": {""anomaly_label_value"": 1, ""drop_columns"": [""DATETIME""], ""normal_label_value"": -999, ""split"": {""test"": 0.2, ""train"": 0.6, ""validation"": 0.2}, ""target_column"": ""ATT_FLAG"", ""train_file"": ""BATADAL_dataset04.csv""}, ""name"": ""BATADAL""}, ""extra"": {""alphabet_size"": 6, ""window_size"": 6}, ""noise"": {""enabled"": true, ""gaussian_mean"": 0.0, ""gaussian_std"": 0.05}, ""preprocessing"": {""missing_data"": {""enabled"": true, ""strategy"": ""mean""}, ""pca"": {""enabled"": true, ""n_components"": 1}, ""scaler"": ""standard"", ""sequence_length"": 16, ""sequence_stride"": 1}, ""project"": {""device"": ""cuda"", ""random_seeds"": [123]}, ""run"": {""family"": ""AUTOMATA"", ""scenario"": ""parameter_analysis"", ""seed"": 123, ""split"": ""test""}, ""training"": {""batch_size"": 32, ""early_stopping"": {""enabled"": true, ""patience"": 5}, ""epochs"": 50, ""optimizer"": ""adam""}}",BATADAL,,ATT_FLAG,"[""DATETIME""]",,0.6,0.2,0.2,True,mean,standard,True,1,16,1,True,0.0,0.05,cuda,[123],32,50,True,5,adam,0.1,4,3,4,1,True,levenshtein,True,0.0001,average_log_probability,0.05,AUTOMATA,123,test,parameter_analysis,6,6,BATADAL_dataset04.csv,-999.0,1.0
SKAB,2026,fold_0,3,3,0.6143048128342246,0.2627118644067797,0.05950095969289827,0.09702660406885759,20,40,20,0.1,5,"{""automata"": {""anomaly_threshold"": 0.1, ""decision"": {""fallback_quantile"": 0.05, ""score_field"": ""average_log_probability""}, ""paa"": {""window_size"": 4}, ""probability"": {""epsilon"": 0.0001, ""smoothing"": true}, ""sax"": {""alphabet_size"": 3}, ""sliding_window"": {""size"": 4, ""stride"": 1}, ""unseen_pattern"": {""enabled"": true, ""method"": ""levenshtein""}}, ""dataset"": {""config"": {""drop_columns"": [""datetime"", ""changepoint"", ""source_group"", ""source_file""], ""group_column"": ""source_file"", ""split"": {""test"": 0.2, ""train"": 0.6, ""validation"": 0.2}, ""target_column"": ""anomaly"", ""valve_folders"": [""valve1"", ""valve2""]}, ""name"": ""SKAB""}, ""extra"": {""alphabet_size"": 3, ""window_size"": 3}, ""noise"": {""enabled"": true, ""gaussian_mean"": 0.0, ""gaussian_std"": 0.05}, ""preprocessing"": {""missing_data"": {""enabled"": true, ""strategy"": ""mean""}, ""pca"": {""enabled"": true, ""n_components"": 1}, ""scaler"": ""standard"", ""sequence_length"": 16, ""sequence_stride"": 1}, ""project"": {""device"": ""cuda"", ""random_seeds"": [2026]}, ""run"": {""family"": ""AUTOMATA"", ""scenario"": ""parameter_analysis"", ""seed"": 2026, ""split"": ""fold_0""}, ""training"": {""batch_size"": 32, ""early_stopping"": {""enabled"": true, ""patience"": 5}, ""epochs"": 50, ""optimizer"": ""adam""}}",SKAB,"[""valve1"", ""valve2""]",anomaly,"[""datetime"", ""changepoint"", ""source_group"", ""source_file""]",source_file,0.6,0.2,0.2,True,mean,standard,True,1,16,1,True,0.0,0.05,cuda,[2026],32,50,True,5,adam,0.1,4,3,4,1,True,levenshtein,True,0.0001,average_log_probability,0.05,AUTOMATA,2026,fold_0,parameter_analysis,3,3,,,
SKAB,2026,fold_1,3,3,0.6303475935828877,0.28169014084507044,0.038314176245210725,0.06745362563237774,19,39,19,0.10803324099722991,0,"{""automata"": {""anomaly_threshold"": 0.1, ""decision"": {""fallback_quantile"": 0.05, ""score_field"": ""average_log_probability""}, ""paa"": {""window_size"": 4}, ""probability"": {""epsilon"": 0.0001, ""smoothing"": true}, ""sax"": {""alphabet_size"": 3}, ""sliding_window"": {""size"": 4, ""stride"": 1}, ""unseen_pattern"": {""enabled"": true, ""method"": ""levenshtein""}}, ""dataset"": {""config"": {""drop_columns"": [""datetime"", ""changepoint"", ""source_group"", ""source_file""], ""group_column"": ""source_file"", ""split"": {""test"": 0.2, ""train"": 0.6, ""validation"": 0.2}, ""target_column"": ""anomaly"", ""valve_folders"": [""valve1"", ""valve2""]}, ""name"": ""SKAB""}, ""extra"": {""alphabet_size"": 3, ""window_size"": 3}, ""noise"": {""enabled"": true, ""gaussian_mean"": 0.0, ""gaussian_std"": 0.05}, ""preprocessing"": {""missing_data"": {""enabled"": true, ""strategy"": ""mean""}, ""pca"": {""enabled"": true, ""n_components"": 1}, ""scaler"": ""standard"", ""sequence_length"": 16, ""sequence_stride"": 1}, ""project"": {""device"": ""cuda"", ""random_seeds"": [2026]}, ""run"": {""family"": ""AUTOMATA"", ""scenario"": ""parameter_analysis"", ""seed"": 2026, ""split"": ""fold_1""}, ""training"": {""batch_size"": 32, ""early_stopping"": {""enabled"": true, ""patience"": 5}, ""epochs"": 50, ""optimizer"": ""adam""}}",SKAB,"[""valve1"", ""valve2""]",anomaly,"[""datetime"", ""changepoint"", ""source_group"", ""source_file""]",source_file,0.6,0.2,0.2,True,mean,standard,True,1,16,1,True,0.0,0.05,cuda,[2026],32,50,True,5,adam,0.1,4,3,4,1,True,levenshtein,True,0.0001,average_log_probability,0.05,AUTOMATA,2026,fold_1,parameter_analysis,3,3,,,
SKAB,2026,fold_2,3,3,0.6282478347768155,0.3404255319148936,0.029465930018416207,0.05423728813559322,24,47,24,0.08159722222222222,0,"{""automata"": {""anomaly_threshold"": 0.1, ""decision"": {""fallback_quantile"": 0.05, ""score_field"": ""average_log_probability""}, ""paa"": {""window_size"": 4}, ""probability"": {""epsilon"": 0.0001, ""smoothing"": true}, ""sax"": {""alphabet_size"": 3}, ""sliding_window"": {""size"": 4, ""stride"": 1}, ""unseen_pattern"": {""enabled"": true, ""method"": ""levenshtein""}}, ""dataset"": {""config"": {""drop_columns"": [""datetime"", ""changepoint"", ""source_group"", ""source_file""], ""group_column"": ""source_file"", ""split"": {""test"": 0.2, ""train"": 0.6, ""validation"": 0.2}, ""target_column"": ""anomaly"", ""valve_folders"": [""valve1"", ""valve2""]}, ""name"": ""SKAB""}, ""extra"": {""alphabet_size"": 3, ""window_size"": 3}, ""noise"": {""enabled"": true, ""gaussian_mean"": 0.0, ""gaussian_std"": 0.05}, ""preprocessing"": {""missing_data"": {""enabled"": true, ""strategy"": ""mean""}, ""pca"": {""enabled"": true, ""n_components"": 1}, ""scaler"": ""standard"", ""sequence_length"": 16, ""sequence_stride"": 1}, ""project"": {""device"": ""cuda"", ""random_seeds"": [2026]}, ""run"": {""family"": ""AUTOMATA"", ""scenario"": ""parameter_analysis"", ""seed"": 2026, ""split"": ""fold_2""}, ""training"": {""batch_size"": 32, ""early_stopping"": {""enabled"": true, ""patience"": 5}, ""epochs"": 50, ""optimizer"": ""adam""}}",SKAB,"[""valve1"", ""valve2""]",anomaly,"[""datetime"", ""changepoint"", ""source_group"", ""source_file""]",source_file,0.6,0.2,0.2,True,mean,standard,True,1,16,1,True,0.0,0.05,cuda,[2026],32,50,True,5,adam,0.1,4,3,4,1,True,levenshtein,True,0.0001,average_log_probability,0.05,AUTOMATA,2026,fold_2,parameter_analysis,3,3,,,
SKAB,2026,fold_3,3,3,0.6198514517218096,0.34545454545454546,0.0347985347985348,0.0632279534109817,21,44,21,0.09977324263038549,2,"{""automata"": {""anomaly_threshold"": 0.1, ""decision"": {""fallback_quantile"": 0.05, ""score_field"": ""average_log_probability""}, ""paa"": {""window_size"": 4}, ""probability"": {""epsilon"": 0.0001, ""smoothing"": true}, ""sax"": {""alphabet_size"": 3}, ""sliding_window"": {""size"": 4, ""stride"": 1}, ""unseen_pattern"": {""enabled"": true, ""method"": ""levenshtein""}}, ""dataset"": {""config"": {""drop_columns"": [""datetime"", ""changepoint"", ""source_group"", ""source_file""], ""group_column"": ""source_file"", ""split"": {""test"": 0.2, ""train"": 0.6, ""validation"": 0.2}, ""target_column"": ""anomaly"", ""valve_folders"": [""valve1"", ""valve2""]}, ""name"": ""SKAB""}, ""extra"": {""alphabet_size"": 3, ""window_size"": 3}, ""noise"": {""enabled"": true, ""gaussian_mean"": 0.0, ""gaussian_std"": 0.05}, ""preprocessing"": {""missing_data"": {""enabled"": true, ""strategy"": ""mean""}, ""pca"": {""enabled"": true, ""n_components"": 1}, ""scaler"": ""standard"", ""sequence_length"": 16, ""sequence_stride"": 1}, ""project"": {""device"": ""cuda"", ""random_seeds"": [2026]}, ""run"": {""family"": ""AUTOMATA"", ""scenario"": ""parameter_analysis"", ""seed"": 2026, ""split"": ""fold_3""}, ""training"": {""batch_size"": 32, ""early_stopping"": {""enabled"": true, ""patience"": 5}, ""epochs"": 50, ""optimizer"": ""adam""}}",SKAB,"[""valve1"", ""valve2""]",anomaly,"[""datetime"", ""changepoint"", ""source_group"", ""source_file""]",source_file,0.6,0.2,0.2,True,mean,standard,True,1,16,1,True,0.0,0.05,cuda,[2026],32,50,True,5,adam,0.1,4,3,4,1,True,levenshtein,True,0.0001,average_log_probability,0.05,AUTOMATA,2026,fold_3,parameter_analysis,3,3,,,
SKAB,2026,fold_4,3,3,0.6271523178807947,0.3157894736842105,0.056818181818181816,0.09630818619582665,21,43,21,0.09750566893424037,3,"{""automata"": {""anomaly_threshold"": 0.1, ""decision"": {""fallback_quantile"": 0.05, ""score_field"": ""average_log_probability""}, ""paa"": {""window_size"": 4}, ""probability"": {""epsilon"": 0.0001, ""smoothing"": true}, ""sax"": {""alphabet_size"": 3}, ""sliding_window"": {""size"": 4, ""stride"": 1}, ""unseen_pattern"": {""enabled"": true, ""method"": ""levenshtein""}}, ""dataset"": {""config"": {""drop_columns"": [""datetime"", ""changepoint"", ""source_group"", ""source_file""], ""group_column"": ""source_file"", ""split"": {""test"": 0.2, ""train"": 0.6, ""validation"": 0.2}, ""target_column"": ""anomaly"", ""valve_folders"": [""valve1"", ""valve2""]}, ""name"": ""SKAB""}, ""extra"": {""alphabet_size"": 3, ""window_size"": 3}, ""noise"": {""enabled"": true, ""gaussian_mean"": 0.0, ""gaussian_std"": 0.05}, ""preprocessing"": {""missing_data"": {""enabled"": true, ""strategy"": ""mean""}, ""pca"": {""enabled"": true, ""n_components"": 1}, ""scaler"": ""standard"", ""sequence_length"": 16, ""sequence_stride"": 1}, ""project"": {""device"": ""cuda"", ""random_seeds"": [2026]}, ""run"": {""family"": ""AUTOMATA"", ""scenario"": ""parameter_analysis"", ""seed"": 2026, ""split"": ""fold_4""}, ""training"": {""batch_size"": 32, ""early_stopping"": {""enabled"": true, ""patience"": 5}, ""epochs"": 50, ""optimizer"": ""adam""}}",SKAB,"[""valve1"", ""valve2""]",anomaly,"[""datetime"", ""changepoint"", ""source_group"", ""source_file""]",source_file,0.6,0.2,0.2,True,mean,standard,True,1,16,1,True,0.0,0.05,cuda,[2026],32,50,True,5,adam,0.1,4,3,4,1,True,levenshtein,True,0.0001,average_log_probability,0.05,AUTOMATA,2026,fold_4,parameter_analysis,3,3,,,
SKAB,2026,fold_0,3,4,0.6109625668449198,0.23931623931623933,0.053742802303262956,0.0877742946708464,32,68,32,0.06640625,6,"{""automata"": {""anomaly_threshold"": 0.1, ""decision"": {""fallback_quantile"": 0.05, ""score_field"": ""average_log_probability""}, ""paa"": {""window_size"": 4}, ""probability"": {""epsilon"": 0.0001, ""smoothing"": true}, ""sax"": {""alphabet_size"": 3}, ""sliding_window"": {""size"": 4, ""stride"": 1}, ""unseen_pattern"": {""enabled"": true, ""method"": ""levenshtein""}}, ""dataset"": {""config"": {""drop_columns"": [""datetime"", ""changepoint"", ""source_group"", ""source_file""], ""group_column"": ""source_file"", ""split"": {""test"": 0.2, ""train"": 0.6, ""validation"": 0.2}, ""target_column"": ""anomaly"", ""valve_folders"": [""valve1"", ""valve2""]}, ""name"": ""SKAB""}, ""extra"": {""alphabet_size"": 4, ""window_size"": 3}, ""noise"": {""enabled"": true, ""gaussian_mean"": 0.0, ""gaussian_std"": 0.05}, ""preprocessing"": {""missing_data"": {""enabled"": true, ""strategy"": ""mean""}, ""pca"": {""enabled"": true, ""n_components"": 1}, ""scaler"": ""standard"", ""sequence_length"": 16, ""sequence_stride"": 1}, ""project"": {""device"": ""cuda"", ""random_seeds"": [2026]}, ""run"": {""family"": ""AUTOMATA"", ""scenario"": ""parameter_analysis"", ""seed"": 2026, ""split"": ""fold_0""}, ""training"": {""batch_size"": 32, ""early_stopping"": {""enabled"": true, ""patience"": 5}, ""epochs"": 50, ""optimizer"": ""adam""}}",SKAB,"[""valve1"", ""valve2""]",anomaly,"[""datetime"", ""changepoint"", ""source_group"", ""source_file""]",source_file,0.6,0.2,0.2,True,mean,standard,True,1,16,1,True,0.0,0.05,cuda,[2026],32,50,True,5,adam,0.1,4,3,4,1,True,levenshtein,True,0.0001,average_log_probability,0.05,AUTOMATA,2026,fold_0,parameter_analysis,3,4,,,
SKAB,2026,fold_1,3,4,0.6156417112299465,0.24761904761904763,0.04980842911877394,0.08293460925039872,33,67,33,0.06152433425160698,5,"{""automata"": {""anomaly_threshold"": 0.1, ""decision"": {""fallback_quantile"": 0.05, ""score_field"": ""average_log_probability""}, ""paa"": {""window_size"": 4}, ""probability"": {""epsilon"": 0.0001, ""smoothing"": true}, ""sax"": {""alphabet_size"": 3}, ""sliding_window"": {""size"": 4, ""stride"": 1}, ""unseen_pattern"": {""enabled"": true, ""method"": ""levenshtein""}}, ""dataset"": {""config"": {""drop_columns"": [""datetime"", ""changepoint"", ""source_group"", ""source_file""], ""group_column"": ""source_file"", ""split"": {""test"": 0.2, ""train"": 0.6, ""validation"": 0.2}, ""target_column"": ""anomaly"", ""valve_folders"": [""valve1"", ""valve2""]}, ""name"": ""SKAB""}, ""extra"": {""alphabet_size"": 4, ""window_size"": 3}, ""noise"": {""enabled"": true, ""gaussian_mean"": 0.0, ""gaussian_std"": 0.05}, ""preprocessing"": {""missing_data"": {""enabled"": true, ""strategy"": ""mean""}, ""pca"": {""enabled"": true, ""n_components"": 1}, ""scaler"": ""standard"", ""sequence_length"": 16, ""sequence_stride"": 1}, ""project"": {""device"": ""cuda"", ""random_seeds"": [2026]}, ""run"": {""family"": ""AUTOMATA"", ""scenario"": ""parameter_analysis"", ""seed"": 2026, ""split"": ""fold_1""}, ""training"": {""batch_size"": 32, ""early_stopping"": {""enabled"": true, ""patience"": 5}, ""epochs"": 50, ""optimizer"": ""adam""}}",SKAB,"[""valve1"", ""valve2""]",anomaly,"[""datetime"", ""changepoint"", ""source_group"", ""source_file""]",source_file,0.6,0.2,0.2,True,mean,standard,True,1,16,1,True,0.0,0.05,cuda,[2026],32,50,True,5,adam,0.1,4,3,4,1,True,levenshtein,True,0.0001,average_log_probability,0.05,AUTOMATA,2026,fold_1,parameter_analysis,3,4,,,
SKAB,2026,fold_2,3,4,0.6302465023317788,0.16666666666666666,0.0055248618784530384,0.0106951871657754,41,80,41,0.04759071980963712,1,"{""automata"": {""anomaly_threshold"": 0.1, ""decision"": {""fallback_quantile"": 0.05, ""score_field"": ""average_log_probability""}, ""paa"": {""window_size"": 4}, ""probability"": {""epsilon"": 0.0001, ""smoothing"": true}, ""sax"": {""alphabet_size"": 3}, ""sliding_window"": {""size"": 4, ""stride"": 1}, ""unseen_pattern"": {""enabled"": true, ""method"": ""levenshtein""}}, ""dataset"": {""config"": {""drop_columns"": [""datetime"", ""changepoint"", ""source_group"", ""source_file""], ""group_column"": ""source_file"", ""split"": {""test"": 0.2, ""train"": 0.6, ""validation"": 0.2}, ""target_column"": ""anomaly"", ""valve_folders"": [""valve1"", ""valve2""]}, ""name"": ""SKAB""}, ""extra"": {""alphabet_size"": 4, ""window_size"": 3}, ""noise"": {""enabled"": true, ""gaussian_mean"": 0.0, ""gaussian_std"": 0.05}, ""preprocessing"": {""missing_data"": {""enabled"": true, ""strategy"": ""mean""}, ""pca"": {""enabled"": true, ""n_components"": 1}, ""scaler"": ""standard"", ""sequence_length"": 16, ""sequence_stride"": 1}, ""project"": {""device"": ""cuda"", ""random_seeds"": [2026]}, ""run"": {""family"": ""AUTOMATA"", ""scenario"": ""parameter_analysis"", ""seed"": 2026, ""split"": ""fold_2""}, ""training"": {""batch_size"": 32, ""early_stopping"": {""enabled"": true, ""patience"": 5}, ""epochs"": 50, ""optimizer"": ""adam""}}",SKAB,"[""valve1"", ""valve2""]",anomaly,"[""datetime"", ""changepoint"", ""source_group"", ""source_file""]",source_file,0.6,0.2,0.2,True,mean,standard,True,1,16,1,True,0.0,0.05,cuda,[2026],32,50,True,5,adam,0.1,4,3,4,1,True,levenshtein,True,0.0001,average_log_probability,0.05,AUTOMATA,2026,fold_2,parameter_analysis,3,4,,,
SKAB,2026,fold_3,3,4,0.6164753544902093,0.225,0.016483516483516484,0.030716723549488054,38,82,38,0.05678670360110803,3,"{""automata"": {""anomaly_threshold"": 0.1, ""decision"": {""fallback_quantile"": 0.05, ""score_field"": ""average_log_probability""}, ""paa"": {""window_size"": 4}, ""probability"": {""epsilon"": 0.0001, ""smoothing"": true}, ""sax"": {""alphabet_size"": 3}, ""sliding_window"": {""size"": 4, ""stride"": 1}, ""unseen_pattern"": {""enabled"": true, ""method"": ""levenshtein""}}, ""dataset"": {""config"": {""drop_columns"": [""datetime"", ""changepoint"", ""source_group"", ""source_file""], ""group_column"": ""source_file"", ""split"": {""test"": 0.2, ""train"": 0.6, ""validation"": 0.2}, ""target_column"": ""anomaly"", ""valve_folders"": [""valve1"", ""valve2""]}, ""name"": ""SKAB""}, ""extra"": {""alphabet_size"": 4, ""window_size"": 3}, ""noise"": {""enabled"": true, ""gaussian_mean"": 0.0, ""gaussian_std"": 0.05}, ""preprocessing"": {""missing_data"": {""enabled"": true, ""strategy"": ""mean""}, ""pca"": {""enabled"": true, ""n_components"": 1}, ""scaler"": ""standard"", ""sequence_length"": 16, ""sequence_stride"": 1}, ""project"": {""device"": ""cuda"", ""random_seeds"": [2026]}, ""run"": {""family"": ""AUTOMATA"", ""scenario"": ""parameter_analysis"", ""seed"": 2026, ""split"": ""fold_3""}, ""training"": {""batch_size"": 32, ""early_stopping"": {""enabled"": true, ""patience"": 5}, ""epochs"": 50, ""optimizer"": ""adam""}}",SKAB,"[""valve1"", ""valve2""]",anomaly,"[""datetime"", ""changepoint"", ""source_group"", ""source_file""]",source_file,0.6,0.2,0.2,True,mean,standard,True,1,16,1,True,0.0,0.05,cuda,[2026],32,50,True,5,adam,0.1,4,3,4,1,True,levenshtein,True,0.0001,average_log_probability,0.05,AUTOMATA,2026,fold_3,parameter_analysis,3,4,,,
SKAB,2026,fold_4,3,4,0.609271523178808,0.31097560975609756,0.09659090909090909,0.14739884393063585,31,63,31,0.06555671175858481,43,"{""automata"": {""anomaly_threshold"": 0.1, ""decision"": {""fallback_quantile"": 0.05, ""score_field"": ""average_log_probability""}, ""paa"": {""window_size"": 4}, ""probability"": {""epsilon"": 0.0001, ""smoothing"": true}, ""sax"": {""alphabet_size"": 3}, ""sliding_window"": {""size"": 4, ""stride"": 1}, ""unseen_pattern"": {""enabled"": true, ""method"": ""levenshtein""}}, ""dataset"": {""config"": {""drop_columns"": [""datetime"", ""changepoint"", ""source_group"", ""source_file""], ""group_column"": ""source_file"", ""split"": {""test"": 0.2, ""train"": 0.6, ""validation"": 0.2}, ""target_column"": ""anomaly"", ""valve_folders"": [""valve1"", ""valve2""]}, ""name"": ""SKAB""}, ""extra"": {""alphabet_size"": 4, ""window_size"": 3}, ""noise"": {""enabled"": true, ""gaussian_mean"": 0.0, ""gaussian_std"": 0.05}, ""preprocessing"": {""missing_data"": {""enabled"": true, ""strategy"": ""mean""}, ""pca"": {""enabled"": true, ""n_components"": 1}, ""scaler"": ""standard"", ""sequence_length"": 16, ""sequence_stride"": 1}, ""project"": {""device"": ""cuda"", ""random_seeds"": [2026]}, ""run"": {""family"": ""AUTOMATA"", ""scenario"": ""parameter_analysis"", ""seed"": 2026, ""split"": ""fold_4""}, ""training"": {""batch_size"": 32, ""early_stopping"": {""enabled"": true, ""patience"": 5}, ""epochs"": 50, ""optimizer"": ""adam""}}",SKAB,"[""valve1"", ""valve2""]",anomaly,"[""datetime"", ""changepoint"", ""source_group"", ""source_file""]",source_file,0.6,0.2,0.2,True,mean,standard,True,1,16,1,True,0.0,0.05,cuda,[2026],32,50,True,5,adam,0.1,4,3,4,1,True,levenshtein,True,0.0001,average_log_probability,0.05,AUTOMATA,2026,fold_4,parameter_analysis,3,4,,,
SKAB,2026,fold_0,3,5,0.6169786096256684,0.21739130434782608,0.03838771593090211,0.06525285481239804,48,104,48,0.04513888888888889,10,"{""automata"": {""anomaly_threshold"": 0.1, ""decision"": {""fallback_quantile"": 0.05, ""score_field"": ""average_log_probability""}, ""paa"": {""window_size"": 4}, ""probability"": {""epsilon"": 0.0001, ""smoothing"": true}, ""sax"": {""alphabet_size"": 3}, ""sliding_window"": {""size"": 4, ""stride"": 1}, ""unseen_pattern"": {""enabled"": true, ""method"": ""levenshtein""}}, ""dataset"": {""config"": {""drop_columns"": [""datetime"", ""changepoint"", ""source_group"", ""source_file""], ""group_column"": ""source_file"", ""split"": {""test"": 0.2, ""train"": 0.6, ""validation"": 0.2}, ""target_column"": ""anomaly"", ""valve_folders"": [""valve1"", ""valve2""]}, ""name"": ""SKAB""}, ""extra"": {""alphabet_size"": 5, ""window_size"": 3}, ""noise"": {""enabled"": true, ""gaussian_mean"": 0.0, ""gaussian_std"": 0.05}, ""preprocessing"": {""missing_data"": {""enabled"": true, ""strategy"": ""mean""}, ""pca"": {""enabled"": true, ""n_components"": 1}, ""scaler"": ""standard"", ""sequence_length"": 16, ""sequence_stride"": 1}, ""project"": {""device"": ""cuda"", ""random_seeds"": [2026]}, ""run"": {""family"": ""AUTOMATA"", ""scenario"": ""parameter_analysis"", ""seed"": 2026, ""split"": ""fold_0""}, ""training"": {""batch_size"": 32, ""early_stopping"": {""enabled"": true, ""patience"": 5}, ""epochs"": 50, ""optimizer"": ""adam""}}",SKAB,"[""valve1"", ""valve2""]",anomaly,"[""datetime"", ""changepoint"", ""source_group"", ""source_file""]",source_file,0.6,0.2,0.2,True,mean,standard,True,1,16,1,True,0.0,0.05,cuda,[2026],32,50,True,5,adam,0.1,4,3,4,1,True,levenshtein,True,0.0001,average_log_probability,0.05,AUTOMATA,2026,fold_0,parameter_analysis,3,5,,,
SKAB,2026,fold_1,3,5,0.6183155080213903,0.24742268041237114,0.04597701149425287,0.07754442649434572,46,97,46,0.045841209829867675,15,"{""automata"": {""anomaly_threshold"": 0.1, ""decision"": {""fallback_quantile"": 0.05, ""score_field"": ""average_log_probability""}, ""paa"": {""window_size"": 4}, ""probability"": {""epsilon"": 0.0001, ""smoothing"": true}, ""sax"": {""alphabet_size"": 3}, ""sliding_window"": {""size"": 4, ""stride"": 1}, ""unseen_pattern"": {""enabled"": true, ""method"": ""levenshtein""}}, ""dataset"": {""config"": {""drop_columns"": [""datetime"", ""changepoint"", ""source_group"", ""source_file""], ""group_column"": ""source_file"", ""split"": {""test"": 0.2, ""train"": 0.6, ""validation"": 0.2}, ""target_column"": ""anomaly"", ""valve_folders"": [""valve1"", ""valve2""]}, ""name"": ""SKAB""}, ""extra"": {""alphabet_size"": 5, ""window_size"": 3}, ""noise"": {""enabled"": true, ""gaussian_mean"": 0.0, ""gaussian_std"": 0.05}, ""preprocessing"": {""missing_data"": {""enabled"": true, ""strategy"": ""mean""}, ""pca"": {""enabled"": true, ""n_components"": 1}, ""scaler"": ""standard"", ""sequence_length"": 16, ""sequence_stride"": 1}, ""project"": {""device"": ""cuda"", ""random_seeds"": [2026]}, ""run"": {""family"": ""AUTOMATA"", ""scenario"": ""parameter_analysis"", ""seed"": 2026, ""split"": ""fold_1""}, ""training"": {""batch_size"": 32, ""early_stopping"": {""enabled"": true, ""patience"": 5}, ""epochs"": 50, ""optimizer"": ""adam""}}",SKAB,"[""valve1"", ""valve2""]",anomaly,"[""datetime"", ""changepoint"", ""source_group"", ""source_file""]",source_file,0.6,0.2,0.2,True,mean,standard,True,1,16,1,True,0.0,0.05,cuda,[2026],32,50,True,5,adam,0.1,4,3,4,1,True,levenshtein,True,0.0001,average_log_probability,0.05,AUTOMATA,2026,fold_1,parameter_analysis,3,5,,,
SKAB,2026,fold_2,3,5,0.631578947368421,0.35294117647058826,0.022099447513812154,0.0415944540727903,52,116,52,0.042899408284023666,2,"{""automata"": {""anomaly_threshold"": 0.1, ""decision"": {""fallback_quantile"": 0.05, ""score_field"": ""average_log_probability""}, ""paa"": {""window_size"": 4}, ""probability"": {""epsilon"": 0.0001, ""smoothing"": true}, ""sax"": {""alphabet_size"": 3}, ""sliding_window"": {""size"": 4, ""stride"": 1}, ""unseen_pattern"": {""enabled"": true, ""method"": ""levenshtein""}}, ""dataset"": {""config"": {""drop_columns"": [""datetime"", ""changepoint"", ""source_group"", ""source_file""], ""group_column"": ""source_file"", ""split"": {""test"": 0.2, ""train"": 0.6, ""validation"": 0.2}, ""target_column"": ""anomaly"", ""valve_folders"": [""valve1"", ""valve2""]}, ""name"": ""SKAB""}, ""extra"": {""alphabet_size"": 5, ""window_size"": 3}, ""noise"": {""enabled"": true, ""gaussian_mean"": 0.0, ""gaussian_std"": 0.05}, ""preprocessing"": {""missing_data"": {""enabled"": true, ""strategy"": ""mean""}, ""pca"": {""enabled"": true, ""n_components"": 1}, ""scaler"": ""standard"", ""sequence_length"": 16, ""sequence_stride"": 1}, ""project"": {""device"": ""cuda"", ""random_seeds"": [2026]}, ""run"": {""family"": ""AUTOMATA"", ""scenario"": ""parameter_analysis"", ""seed"": 2026, ""split"": ""fold_2""}, ""training"": {""batch_size"": 32, ""early_stopping"": {""enabled"": true, ""patience"": 5}, ""epochs"": 50, ""optimizer"": ""adam""}}",SKAB,"[""valve1"", ""valve2""]",anomaly,"[""datetime"", ""changepoint"", ""source_group"", ""source_file""]",source_file,0.6,0.2,0.2,True,mean,standard,True,1,16,1,True,0.0,0.05,cuda,[2026],32,50,True,5,adam,0.1,4,3,4,1,True,levenshtein,True,0.0001,average_log_probability,0.05,AUTOMATA,2026,fold_2,parameter_analysis,3,5,,,
SKAB,2026,fold_3,3,5,0.6218771100607697,0.23076923076923078,0.01098901098901099,0.02097902097902098,54,124,54,0.04252400548696845,3,"{""automata"": {""anomaly_threshold"": 0.1, ""decision"": {""fallback_quantile"": 0.05, ""score_field"": ""average_log_probability""}, ""paa"": {""window_size"": 4}, ""probability"": {""epsilon"": 0.0001, ""smoothing"": true}, ""sax"": {""alphabet_size"": 3}, ""sliding_window"": {""size"": 4, ""stride"": 1}, ""unseen_pattern"": {""enabled"": true, ""method"": ""levenshtein""}}, ""dataset"": {""config"": {""drop_columns"": [""datetime"", ""changepoint"", ""source_group"", ""source_file""], ""group_column"": ""source_file"", ""split"": {""test"": 0.2, ""train"": 0.6, ""validation"": 0.2}, ""target_column"": ""anomaly"", ""valve_folders"": [""valve1"", ""valve2""]}, ""name"": ""SKAB""}, ""extra"": {""alphabet_size"": 5, ""window_size"": 3}, ""noise"": {""enabled"": true, ""gaussian_mean"": 0.0, ""gaussian_std"": 0.05}, ""preprocessing"": {""missing_data"": {""enabled"": true, ""strategy"": ""mean""}, ""pca"": {""enabled"": true, ""n_components"": 1}, ""scaler"": ""standard"", ""sequence_length"": 16, ""sequence_stride"": 1}, ""project"": {""device"": ""cuda"", ""random_seeds"": [2026]}, ""run"": {""family"": ""AUTOMATA"", ""scenario"": ""parameter_analysis"", ""seed"": 2026, ""split"": ""fold_3""}, ""training"": {""batch_size"": 32, ""early_stopping"": {""enabled"": true, ""patience"": 5}, ""epochs"": 50, ""optimizer"": ""adam""}}",SKAB,"[""valve1"", ""valve2""]",anomaly,"[""datetime"", ""changepoint"", ""source_group"", ""source_file""]",source_file,0.6,0.2,0.2,True,mean,standard,True,1,16,1,True,0.0,0.05,cuda,[2026],32,50,True,5,adam,0.1,4,3,4,1,True,levenshtein,True,0.0001,average_log_probability,0.05,AUTOMATA,2026,fold_3,parameter_analysis,3,5,,,
SKAB,2026,fold_4,3,5,0.6,0.30412371134020616,0.11174242424242424,0.1634349030470914,47,100,47,0.04526935264825713,53,"{""automata"": {""anomaly_threshold"": 0.1, ""decision"": {""fallback_quantile"": 0.05, ""score_field"": ""average_log_probability""}, ""paa"": {""window_size"": 4}, ""probability"": {""epsilon"": 0.0001, ""smoothing"": true}, ""sax"": {""alphabet_size"": 3}, ""sliding_window"": {""size"": 4, ""stride"": 1}, ""unseen_pattern"": {""enabled"": true, ""method"": ""levenshtein""}}, ""dataset"": {""config"": {""drop_columns"": [""datetime"", ""changepoint"", ""source_group"", ""source_file""], ""group_column"": ""source_file"", ""split"": {""test"": 0.2, ""train"": 0.6, ""validation"": 0.2}, ""target_column"": ""anomaly"", ""valve_folders"": [""valve1"", ""valve2""]}, ""name"": ""SKAB""}, ""extra"": {""alphabet_size"": 5, ""window_size"": 3}, ""noise"": {""enabled"": true, ""gaussian_mean"": 0.0, ""gaussian_std"": 0.05}, ""preprocessing"": {""missing_data"": {""enabled"": true, ""strategy"": ""mean""}, ""pca"": {""enabled"": true, ""n_components"": 1}, ""scaler"": ""standard"", ""sequence_length"": 16, ""sequence_stride"": 1}, ""project"": {""device"": ""cuda"", ""random_seeds"": [2026]}, ""run"": {""family"": ""AUTOMATA"", ""scenario"": ""parameter_analysis"", ""seed"": 2026, ""split"": ""fold_4""}, ""training"": {""batch_size"": 32, ""early_stopping"": {""enabled"": true, ""patience"": 5}, ""epochs"": 50, ""optimizer"": ""adam""}}",SKAB,"[""valve1"", ""valve2""]",anomaly,"[""datetime"", ""changepoint"", ""source_group"", ""source_file""]",source_file,0.6,0.2,0.2,True,mean,standard,True,1,16,1,True,0.0,0.05,cuda,[2026],32,50,True,5,adam,0.1,4,3,4,1,True,levenshtein,True,0.0001,average_log_probability,0.05,AUTOMATA,2026,fold_4,parameter_analysis,3,5,,,
SKAB,2026,fold_0,3,6,0.6189839572192514,0.27102803738317754,0.05566218809980806,0.09235668789808917,64,147,64,0.035888671875,21,"{""automata"": {""anomaly_threshold"": 0.1, ""decision"": {""fallback_quantile"": 0.05, ""score_field"": ""average_log_probability""}, ""paa"": {""window_size"": 4}, ""probability"": {""epsilon"": 0.0001, ""smoothing"": true}, ""sax"": {""alphabet_size"": 3}, ""sliding_window"": {""size"": 4, ""stride"": 1}, ""unseen_pattern"": {""enabled"": true, ""method"": ""levenshtein""}}, ""dataset"": {""config"": {""drop_columns"": [""datetime"", ""changepoint"", ""source_group"", ""source_file""], ""group_column"": ""source_file"", ""split"": {""test"": 0.2, ""train"": 0.6, ""validation"": 0.2}, ""target_column"": ""anomaly"", ""valve_folders"": [""valve1"", ""valve2""]}, ""name"": ""SKAB""}, ""extra"": {""alphabet_size"": 6, ""window_size"": 3}, ""noise"": {""enabled"": true, ""gaussian_mean"": 0.0, ""gaussian_std"": 0.05}, ""preprocessing"": {""missing_data"": {""enabled"": true, ""strategy"": ""mean""}, ""pca"": {""enabled"": true, ""n_components"": 1}, ""scaler"": ""standard"", ""sequence_length"": 16, ""sequence_stride"": 1}, ""project"": {""device"": ""cuda"", ""random_seeds"": [2026]}, ""run"": {""family"": ""AUTOMATA"", ""scenario"": ""parameter_analysis"", ""seed"": 2026, ""split"": ""fold_0""}, ""training"": {""batch_size"": 32, ""early_stopping"": {""enabled"": true, ""patience"": 5}, ""epochs"": 50, ""optimizer"": ""adam""}}",SKAB,"[""valve1"", ""valve2""]",anomaly,"[""datetime"", ""changepoint"", ""source_group"", ""source_file""]",source_file,0.6,0.2,0.2,True,mean,standard,True,1,16,1,True,0.0,0.05,cuda,[2026],32,50,True,5,adam,0.1,4,3,4,1,True,levenshtein,True,0.0001,average_log_probability,0.05,AUTOMATA,2026,fold_0,parameter_analysis,3,6,,,
SKAB,2026,fold_1,3,6,0.6163101604278075,0.18292682926829268,0.028735632183908046,0.04966887417218543,65,146,65,0.034556213017751476,7,"{""automata"": {""anomaly_threshold"": 0.1, ""decision"": {""fallback_quantile"": 0.05, ""score_field"": ""average_log_probability""}, ""paa"": {""window_size"": 4}, ""probability"": {""epsilon"": 0.0001, ""smoothing"": true}, ""sax"": {""alphabet_size"": 3}, ""sliding_window"": {""size"": 4, ""stride"": 1}, ""unseen_pattern"": {""enabled"": true, ""method"": ""levenshtein""}}, ""dataset"": {""config"": {""drop_columns"": [""datetime"", ""changepoint"", ""source_group"", ""source_file""], ""group_column"": ""source_file"", ""split"": {""test"": 0.2, ""train"": 0.6, ""validation"": 0.2}, ""target_column"": ""anomaly"", ""valve_folders"": [""valve1"", ""valve2""]}, ""name"": ""SKAB""}, ""extra"": {""alphabet_size"": 6, ""window_size"": 3}, ""noise"": {""enabled"": true, ""gaussian_mean"": 0.0, ""gaussian_std"": 0.05}, ""preprocessing"": {""missing_data"": {""enabled"": true, ""strategy"": ""mean""}, ""pca"": {""enabled"": true, ""n_components"": 1}, ""scaler"": ""standard"", ""sequence_length"": 16, ""sequence_stride"": 1}, ""project"": {""device"": ""cuda"", ""random_seeds"": [2026]}, ""run"": {""family"": ""AUTOMATA"", ""scenario"": ""parameter_analysis"", ""seed"": 2026, ""split"": ""fold_1""}, ""training"": {""batch_size"": 32, ""early_stopping"": {""enabled"": true, ""patience"": 5}, ""epochs"": 50, ""optimizer"": ""adam""}}",SKAB,"[""valve1"", ""valve2""]",anomaly,"[""datetime"", ""changepoint"", ""source_group"", ""source_file""]",source_file,0.6,0.2,0.2,True,mean,standard,True,1,16,1,True,0.0,0.05,cuda,[2026],32,50,True,5,adam,0.1,4,3,4,1,True,levenshtein,True,0.0001,average_log_probability,0.05,AUTOMATA,2026,fold_1,parameter_analysis,3,6,,,
SKAB,2026,fold_2,3,6,0.6375749500333111,0.47058823529411764,0.014732965009208104,0.02857142857142857,84,189,84,0.026785714285714284,2,"{""automata"": {""anomaly_threshold"": 0.1, ""decision"": {""fallback_quantile"": 0.05, ""score_field"": ""average_log_probability""}, ""paa"": {""window_size"": 4}, ""probability"": {""epsilon"": 0.0001, ""smoothing"": true}, ""sax"": {""alphabet_size"": 3}, ""sliding_window"": {""size"": 4, ""stride"": 1}, ""unseen_pattern"": {""enabled"": true, ""method"": ""levenshtein""}}, ""dataset"": {""config"": {""drop_columns"": [""datetime"", ""changepoint"", ""source_group"", ""source_file""], ""group_column"": ""source_file"", ""split"": {""test"": 0.2, ""train"": 0.6, ""validation"": 0.2}, ""target_column"": ""anomaly"", ""valve_folders"": [""valve1"", ""valve2""]}, ""name"": ""SKAB""}, ""extra"": {""alphabet_size"": 6, ""window_size"": 3}, ""noise"": {""enabled"": true, ""gaussian_mean"": 0.0, ""gaussian_std"": 0.05}, ""preprocessing"": {""missing_data"": {""enabled"": true, ""strategy"": ""mean""}, ""pca"": {""enabled"": true, ""n_components"": 1}, ""scaler"": ""standard"", ""sequence_length"": 16, ""sequence_stride"": 1}, ""project"": {""device"": ""cuda"", ""random_seeds"": [2026]}, ""run"": {""family"": ""AUTOMATA"", ""scenario"": ""parameter_analysis"", ""seed"": 2026, ""split"": ""fold_2""}, ""training"": {""batch_size"": 32, ""early_stopping"": {""enabled"": true, ""patience"": 5}, ""epochs"": 50, ""optimizer"": ""adam""}}",SKAB,"[""valve1"", ""valve2""]",anomaly,"[""datetime"", ""changepoint"", ""source_group"", ""source_file""]",source_file,0.6,0.2,0.2,True,mean,standard,True,1,16,1,True,0.0,0.05,cuda,[2026],32,50,True,5,adam,0.1,4,3,4,1,True,levenshtein,True,0.0001,average_log_probability,0.05,AUTOMATA,2026,fold_2,parameter_analysis,3,6,,,
SKAB,2026,fold_3,3,6,0.612424037812289,0.29411764705882354,0.03663003663003663,0.06514657980456026,79,195,79,0.031244992789617048,8,"{""automata"": {""anomaly_threshold"": 0.1, ""decision"": {""fallback_quantile"": 0.05, ""score_field"": ""average_log_probability""}, ""paa"": {""window_size"": 4}, ""probability"": {""epsilon"": 0.0001, ""smoothing"": true}, ""sax"": {""alphabet_size"": 3}, ""sliding_window"": {""size"": 4, ""stride"": 1}, ""unseen_pattern"": {""enabled"": true, ""method"": ""levenshtein""}}, ""dataset"": {""config"": {""drop_columns"": [""datetime"", ""changepoint"", ""source_group"", ""source_file""], ""group_column"": ""source_file"", ""split"": {""test"": 0.2, ""train"": 0.6, ""validation"": 0.2}, ""target_column"": ""anomaly"", ""valve_folders"": [""valve1"", ""valve2""]}, ""name"": ""SKAB""}, ""extra"": {""alphabet_size"": 6, ""window_size"": 3}, ""noise"": {""enabled"": true, ""gaussian_mean"": 0.0, ""gaussian_std"": 0.05}, ""preprocessing"": {""missing_data"": {""enabled"": true, ""strategy"": ""mean""}, ""pca"": {""enabled"": true, ""n_components"": 1}, ""scaler"": ""standard"", ""sequence_length"": 16, ""sequence_stride"": 1}, ""project"": {""device"": ""cuda"", ""random_seeds"": [2026]}, ""run"": {""family"": ""AUTOMATA"", ""scenario"": ""parameter_analysis"", ""seed"": 2026, ""split"": ""fold_3""}, ""training"": {""batch_size"": 32, ""early_stopping"": {""enabled"": true, ""patience"": 5}, ""epochs"": 50, ""optimizer"": ""adam""}}",SKAB,"[""valve1"", ""valve2""]",anomaly,"[""datetime"", ""changepoint"", ""source_group"", ""source_file""]",source_file,0.6,0.2,0.2,True,mean,standard,True,1,16,1,True,0.0,0.05,cuda,[2026],32,50,True,5,adam,0.1,4,3,4,1,True,levenshtein,True,0.0001,average_log_probability,0.05,AUTOMATA,2026,fold_3,parameter_analysis,3,6,,,
SKAB,2026,fold_4,3,6,0.5741721854304636,0.2878228782287823,0.14772727272727273,0.19524405506883605,69,151,69,0.03171602604494854,58,"{""automata"": {""anomaly_threshold"": 0.1, ""decision"": {""fallback_quantile"": 0.05, ""score_field"": ""average_log_probability""}, ""paa"": {""window_size"": 4}, ""probability"": {""epsilon"": 0.0001, ""smoothing"": true}, ""sax"": {""alphabet_size"": 3}, ""sliding_window"": {""size"": 4, ""stride"": 1}, ""unseen_pattern"": {""enabled"": true, ""method"": ""levenshtein""}}, ""dataset"": {""config"": {""drop_columns"": [""datetime"", ""changepoint"", ""source_group"", ""source_file""], ""group_column"": ""source_file"", ""split"": {""test"": 0.2, ""train"": 0.6, ""validation"": 0.2}, ""target_column"": ""anomaly"", ""valve_folders"": [""valve1"", ""valve2""]}, ""name"": ""SKAB""}, ""extra"": {""alphabet_size"": 6, ""window_size"": 3}, ""noise"": {""enabled"": true, ""gaussian_mean"": 0.0, ""gaussian_std"": 0.05}, ""preprocessing"": {""missing_data"": {""enabled"": true, ""strategy"": ""mean""}, ""pca"": {""enabled"": true, ""n_components"": 1}, ""scaler"": ""standard"", ""sequence_length"": 16, ""sequence_stride"": 1}, ""project"": {""device"": ""cuda"", ""random_seeds"": [2026]}, ""run"": {""family"": ""AUTOMATA"", ""scenario"": ""parameter_analysis"", ""seed"": 2026, ""split"": ""fold_4""}, ""training"": {""batch_size"": 32, ""early_stopping"": {""enabled"": true, ""patience"": 5}, ""epochs"": 50, ""optimizer"": ""adam""}}",SKAB,"[""valve1"", ""valve2""]",anomaly,"[""datetime"", ""changepoint"", ""source_group"", ""source_file""]",source_file,0.6,0.2,0.2,True,mean,standard,True,1,16,1,True,0.0,0.05,cuda,[2026],32,50,True,5,adam,0.1,4,3,4,1,True,levenshtein,True,0.0001,average_log_probability,0.05,AUTOMATA,2026,fold_4,parameter_analysis,3,6,,,
SKAB,2026,fold_0,4,3,0.6169642857142857,0.23728813559322035,0.035175879396984924,0.061269146608315096,36,71,36,0.05478395061728395,3,"{""automata"": {""anomaly_threshold"": 0.1, ""decision"": {""fallback_quantile"": 0.05, ""score_field"": ""average_log_probability""}, ""paa"": {""window_size"": 4}, ""probability"": {""epsilon"": 0.0001, ""smoothing"": true}, ""sax"": {""alphabet_size"": 3}, ""sliding_window"": {""size"": 4, ""stride"": 1}, ""unseen_pattern"": {""enabled"": true, ""method"": ""levenshtein""}}, ""dataset"": {""config"": {""drop_columns"": [""datetime"", ""changepoint"", ""source_group"", ""source_file""], ""group_column"": ""source_file"", ""split"": {""test"": 0.2, ""train"": 0.6, ""validation"": 0.2}, ""target_column"": ""anomaly"", ""valve_folders"": [""valve1"", ""valve2""]}, ""name"": ""SKAB""}, ""extra"": {""alphabet_size"": 3, ""window_size"": 4}, ""noise"": {""enabled"": true, ""gaussian_mean"": 0.0, ""gaussian_std"": 0.05}, ""preprocessing"": {""missing_data"": {""enabled"": true, ""strategy"": ""mean""}, ""pca"": {""enabled"": true, ""n_components"": 1}, ""scaler"": ""standard"", ""sequence_length"": 16, ""sequence_stride"": 1}, ""project"": {""device"": ""cuda"", ""random_seeds"": [2026]}, ""run"": {""family"": ""AUTOMATA"", ""scenario"": ""parameter_analysis"", ""seed"": 2026, ""split"": ""fold_0""}, ""training"": {""batch_size"": 32, ""early_stopping"": {""enabled"": true, ""patience"": 5}, ""epochs"": 50, ""optimizer"": ""adam""}}",SKAB,"[""valve1"", ""valve2""]",anomaly,"[""datetime"", ""changepoint"", ""source_group"", ""source_file""]",source_file,0.6,0.2,0.2,True,mean,standard,True,1,16,1,True,0.0,0.05,cuda,[2026],32,50,True,5,adam,0.1,4,3,4,1,True,levenshtein,True,0.0001,average_log_probability,0.05,AUTOMATA,2026,fold_0,parameter_analysis,4,3,,,
SKAB,2026,fold_1,4,3,0.6419642857142858,0.4482758620689655,0.032663316582914576,0.06088992974238876,38,73,38,0.05055401662049862,2,"{""automata"": {""anomaly_threshold"": 0.1, ""decision"": {""fallback_quantile"": 0.05, ""score_field"": ""average_log_probability""}, ""paa"": {""window_size"": 4}, ""probability"": {""epsilon"": 0.0001, ""smoothing"": true}, ""sax"": {""alphabet_size"": 3}, ""sliding_window"": {""size"": 4, ""stride"": 1}, ""unseen_pattern"": {""enabled"": true, ""method"": ""levenshtein""}}, ""dataset"": {""config"": {""drop_columns"": [""datetime"", ""changepoint"", ""source_group"", ""source_file""], ""group_column"": ""source_file"", ""split"": {""test"": 0.2, ""train"": 0.6, ""validation"": 0.2}, ""target_column"": ""anomaly"", ""valve_folders"": [""valve1"", ""valve2""]}, ""name"": ""SKAB""}, ""extra"": {""alphabet_size"": 3, ""window_size"": 4}, ""noise"": {""enabled"": true, ""gaussian_mean"": 0.0, ""gaussian_std"": 0.05}, ""preprocessing"": {""missing_data"": {""enabled"": true, ""strategy"": ""mean""}, ""pca"": {""enabled"": true, ""n_components"": 1}, ""scaler"": ""standard"", ""sequence_length"": 16, ""sequence_stride"": 1}, ""project"": {""device"": ""cuda"", ""random_seeds"": [2026]}, ""run"": {""family"": ""AUTOMATA"", ""scenario"": ""parameter_analysis"", ""seed"": 2026, ""split"": ""fold_1""}, ""training"": {""batch_size"": 32, ""early_stopping"": {""enabled"": true, ""patience"": 5}, ""epochs"": 50, ""optimizer"": ""adam""}}",SKAB,"[""valve1"", ""valve2""]",anomaly,"[""datetime"", ""changepoint"", ""source_group"", ""source_file""]",source_file,0.6,0.2,0.2,True,mean,standard,True,1,16,1,True,0.0,0.05,cuda,[2026],32,50,True,5,adam,0.1,4,3,4,1,True,levenshtein,True,0.0001,average_log_probability,0.05,AUTOMATA,2026,fold_1,parameter_analysis,4,3,,,
SKAB,2026,fold_2,4,3,0.6209964412811388,0.38461538461538464,0.04830917874396135,0.08583690987124463,41,77,41,0.04580606781677573,0,"{""automata"": {""anomaly_threshold"": 0.1, ""decision"": {""fallback_quantile"": 0.05, ""score_field"": ""average_log_probability""}, ""paa"": {""window_size"": 4}, ""probability"": {""epsilon"": 0.0001, ""smoothing"": true}, ""sax"": {""alphabet_size"": 3}, ""sliding_window"": {""size"": 4, ""stride"": 1}, ""unseen_pattern"": {""enabled"": true, ""method"": ""levenshtein""}}, ""dataset"": {""config"": {""drop_columns"": [""datetime"", ""changepoint"", ""source_group"", ""source_file""], ""group_column"": ""source_file"", ""split"": {""test"": 0.2, ""train"": 0.6, ""validation"": 0.2}, ""target_column"": ""anomaly"", ""valve_folders"": [""valve1"", ""valve2""]}, ""name"": ""SKAB""}, ""extra"": {""alphabet_size"": 3, ""window_size"": 4}, ""noise"": {""enabled"": true, ""gaussian_mean"": 0.0, ""gaussian_std"": 0.05}, ""preprocessing"": {""missing_data"": {""enabled"": true, ""strategy"": ""mean""}, ""pca"": {""enabled"": true, ""n_components"": 1}, ""scaler"": ""standard"", ""sequence_length"": 16, ""sequence_stride"": 1}, ""project"": {""device"": ""cuda"", ""random_seeds"": [2026]}, ""run"": {""family"": ""AUTOMATA"", ""scenario"": ""parameter_analysis"", ""seed"": 2026, ""split"": ""fold_2""}, ""training"": {""batch_size"": 32, ""early_stopping"": {""enabled"": true, ""patience"": 5}, ""epochs"": 50, ""optimizer"": ""adam""}}",SKAB,"[""valve1"", ""valve2""]",anomaly,"[""datetime"", ""changepoint"", ""source_group"", ""source_file""]",source_file,0.6,0.2,0.2,True,mean,standard,True,1,16,1,True,0.0,0.05,cuda,[2026],32,50,True,5,adam,0.1,4,3,4,1,True,levenshtein,True,0.0001,average_log_probability,0.05,AUTOMATA,2026,fold_2,parameter_analysis,4,3,,,
SKAB,2026,fold_3,4,3,0.6032461677186655,0.2708333333333333,0.03110047846889952,0.055793991416309016,38,71,38,0.04916897506925208,1,"{""automata"": {""anomaly_threshold"": 0.1, ""decision"": {""fallback_quantile"": 0.05, ""score_field"": ""average_log_probability""}, ""paa"": {""window_size"": 4}, ""probability"": {""epsilon"": 0.0001, ""smoothing"": true}, ""sax"": {""alphabet_size"": 3}, ""sliding_window"": {""size"": 4, ""stride"": 1}, ""unseen_pattern"": {""enabled"": true, ""method"": ""levenshtein""}}, ""dataset"": {""config"": {""drop_columns"": [""datetime"", ""changepoint"", ""source_group"", ""source_file""], ""group_column"": ""source_file"", ""split"": {""test"": 0.2, ""train"": 0.6, ""validation"": 0.2}, ""target_column"": ""anomaly"", ""valve_folders"": [""valve1"", ""valve2""]}, ""name"": ""SKAB""}, ""extra"": {""alphabet_size"": 3, ""window_size"": 4}, ""noise"": {""enabled"": true, ""gaussian_mean"": 0.0, ""gaussian_std"": 0.05}, ""preprocessing"": {""missing_data"": {""enabled"": true, ""strategy"": ""mean""}, ""pca"": {""enabled"": true, ""n_components"": 1}, ""scaler"": ""standard"", ""sequence_length"": 16, ""sequence_stride"": 1}, ""project"": {""device"": ""cuda"", ""random_seeds"": [2026]}, ""run"": {""family"": ""AUTOMATA"", ""scenario"": ""parameter_analysis"", ""seed"": 2026, ""split"": ""fold_3""}, ""training"": {""batch_size"": 32, ""early_stopping"": {""enabled"": true, ""patience"": 5}, ""epochs"": 50, ""optimizer"": ""adam""}}",SKAB,"[""valve1"", ""valve2""]",anomaly,"[""datetime"", ""changepoint"", ""source_group"", ""source_file""]",source_file,0.6,0.2,0.2,True,mean,standard,True,1,16,1,True,0.0,0.05,cuda,[2026],32,50,True,5,adam,0.1,4,3,4,1,True,levenshtein,True,0.0001,average_log_probability,0.05,AUTOMATA,2026,fold_3,parameter_analysis,4,3,,,
SKAB,2026,fold_4,4,3,0.636604774535809,0.4444444444444444,0.0794044665012407,0.13473684210526315,41,72,41,0.04283164782867341,0,"{""automata"": {""anomaly_threshold"": 0.1, ""decision"": {""fallback_quantile"": 0.05, ""score_field"": ""average_log_probability""}, ""paa"": {""window_size"": 4}, ""probability"": {""epsilon"": 0.0001, ""smoothing"": true}, ""sax"": {""alphabet_size"": 3}, ""sliding_window"": {""size"": 4, ""stride"": 1}, ""unseen_pattern"": {""enabled"": true, ""method"": ""levenshtein""}}, ""dataset"": {""config"": {""drop_columns"": [""datetime"", ""changepoint"", ""source_group"", ""source_file""], ""group_column"": ""source_file"", ""split"": {""test"": 0.2, ""train"": 0.6, ""validation"": 0.2}, ""target_column"": ""anomaly"", ""valve_folders"": [""valve1"", ""valve2""]}, ""name"": ""SKAB""}, ""extra"": {""alphabet_size"": 3, ""window_size"": 4}, ""noise"": {""enabled"": true, ""gaussian_mean"": 0.0, ""gaussian_std"": 0.05}, ""preprocessing"": {""missing_data"": {""enabled"": true, ""strategy"": ""mean""}, ""pca"": {""enabled"": true, ""n_components"": 1}, ""scaler"": ""standard"", ""sequence_length"": 16, ""sequence_stride"": 1}, ""project"": {""device"": ""cuda"", ""random_seeds"": [2026]}, ""run"": {""family"": ""AUTOMATA"", ""scenario"": ""parameter_analysis"", ""seed"": 2026, ""split"": ""fold_4""}, ""training"": {""batch_size"": 32, ""early_stopping"": {""enabled"": true, ""patience"": 5}, ""epochs"": 50, ""optimizer"": ""adam""}}",SKAB,"[""valve1"", ""valve2""]",anomaly,"[""datetime"", ""changepoint"", ""source_group"", ""source_file""]",source_file,0.6,0.2,0.2,True,mean,standard,True,1,16,1,True,0.0,0.05,cuda,[2026],32,50,True,5,adam,0.1,4,3,4,1,True,levenshtein,True,0.0001,average_log_probability,0.05,AUTOMATA,2026,fold_4,parameter_analysis,4,3,,,
SKAB,2026,fold_0,4,4,0.6080357142857142,0.2112676056338028,0.03768844221105527,0.06396588486140725,57,111,57,0.034164358264081256,7,"{""automata"": {""anomaly_threshold"": 0.1, ""decision"": {""fallback_quantile"": 0.05, ""score_field"": ""average_log_probability""}, ""paa"": {""window_size"": 4}, ""probability"": {""epsilon"": 0.0001, ""smoothing"": true}, ""sax"": {""alphabet_size"": 3}, ""sliding_window"": {""size"": 4, ""stride"": 1}, ""unseen_pattern"": {""enabled"": true, ""method"": ""levenshtein""}}, ""dataset"": {""config"": {""drop_columns"": [""datetime"", ""changepoint"", ""source_group"", ""source_file""], ""group_column"": ""source_file"", ""split"": {""test"": 0.2, ""train"": 0.6, ""validation"": 0.2}, ""target_column"": ""anomaly"", ""valve_folders"": [""valve1"", ""valve2""]}, ""name"": ""SKAB""}, ""extra"": {""alphabet_size"": 4, ""window_size"": 4}, ""noise"": {""enabled"": true, ""gaussian_mean"": 0.0, ""gaussian_std"": 0.05}, ""preprocessing"": {""missing_data"": {""enabled"": true, ""strategy"": ""mean""}, ""pca"": {""enabled"": true, ""n_components"": 1}, ""scaler"": ""standard"", ""sequence_length"": 16, ""sequence_stride"": 1}, ""project"": {""device"": ""cuda"", ""random_seeds"": [2026]}, ""run"": {""family"": ""AUTOMATA"", ""scenario"": ""parameter_analysis"", ""seed"": 2026, ""split"": ""fold_0""}, ""training"": {""batch_size"": 32, ""early_stopping"": {""enabled"": true, ""patience"": 5}, ""epochs"": 50, ""optimizer"": ""adam""}}",SKAB,"[""valve1"", ""valve2""]",anomaly,"[""datetime"", ""changepoint"", ""source_group"", ""source_file""]",source_file,0.6,0.2,0.2,True,mean,standard,True,1,16,1,True,0.0,0.05,cuda,[2026],32,50,True,5,adam,0.1,4,3,4,1,True,levenshtein,True,0.0001,average_log_probability,0.05,AUTOMATA,2026,fold_0,parameter_analysis,4,4,,,
SKAB,2026,fold_1,4,4,0.6098214285714286,0.24,0.04522613065326633,0.07610993657505286,58,113,58,0.03359096313912009,10,"{""automata"": {""anomaly_threshold"": 0.1, ""decision"": {""fallback_quantile"": 0.05, ""score_field"": ""average_log_probability""}, ""paa"": {""window_size"": 4}, ""probability"": {""epsilon"": 0.0001, ""smoothing"": true}, ""sax"": {""alphabet_size"": 3}, ""sliding_window"": {""size"": 4, ""stride"": 1}, ""unseen_pattern"": {""enabled"": true, ""method"": ""levenshtein""}}, ""dataset"": {""config"": {""drop_columns"": [""datetime"", ""changepoint"", ""source_group"", ""source_file""], ""group_column"": ""source_file"", ""split"": {""test"": 0.2, ""train"": 0.6, ""validation"": 0.2}, ""target_column"": ""anomaly"", ""valve_folders"": [""valve1"", ""valve2""]}, ""name"": ""SKAB""}, ""extra"": {""alphabet_size"": 4, ""window_size"": 4}, ""noise"": {""enabled"": true, ""gaussian_mean"": 0.0, ""gaussian_std"": 0.05}, ""preprocessing"": {""missing_data"": {""enabled"": true, ""strategy"": ""mean""}, ""pca"": {""enabled"": true, ""n_components"": 1}, ""scaler"": ""standard"", ""sequence_length"": 16, ""sequence_stride"": 1}, ""project"": {""device"": ""cuda"", ""random_seeds"": [2026]}, ""run"": {""family"": ""AUTOMATA"", ""scenario"": ""parameter_analysis"", ""seed"": 2026, ""split"": ""fold_1""}, ""training"": {""batch_size"": 32, ""early_stopping"": {""enabled"": true, ""patience"": 5}, ""epochs"": 50, ""optimizer"": ""adam""}}",SKAB,"[""valve1"", ""valve2""]",anomaly,"[""datetime"", ""changepoint"", ""source_group"", ""source_file""]",source_file,0.6,0.2,0.2,True,mean,standard,True,1,16,1,True,0.0,0.05,cuda,[2026],32,50,True,5,adam,0.1,4,3,4,1,True,levenshtein,True,0.0001,average_log_probability,0.05,AUTOMATA,2026,fold_1,parameter_analysis,4,4,,,
SKAB,2026,fold_2,4,4,0.6281138790035588,0.3,0.007246376811594203,0.014150943396226415,65,130,65,0.03076923076923077,0,"{""automata"": {""anomaly_threshold"": 0.1, ""decision"": {""fallback_quantile"": 0.05, ""score_field"": ""average_log_probability""}, ""paa"": {""window_size"": 4}, ""probability"": {""epsilon"": 0.0001, ""smoothing"": true}, ""sax"": {""alphabet_size"": 3}, ""sliding_window"": {""size"": 4, ""stride"": 1}, ""unseen_pattern"": {""enabled"": true, ""method"": ""levenshtein""}}, ""dataset"": {""config"": {""drop_columns"": [""datetime"", ""changepoint"", ""source_group"", ""source_file""], ""group_column"": ""source_file"", ""split"": {""test"": 0.2, ""train"": 0.6, ""validation"": 0.2}, ""target_column"": ""anomaly"", ""valve_folders"": [""valve1"", ""valve2""]}, ""name"": ""SKAB""}, ""extra"": {""alphabet_size"": 4, ""window_size"": 4}, ""noise"": {""enabled"": true, ""gaussian_mean"": 0.0, ""gaussian_std"": 0.05}, ""preprocessing"": {""missing_data"": {""enabled"": true, ""strategy"": ""mean""}, ""pca"": {""enabled"": true, ""n_components"": 1}, ""scaler"": ""standard"", ""sequence_length"": 16, ""sequence_stride"": 1}, ""project"": {""device"": ""cuda"", ""random_seeds"": [2026]}, ""run"": {""family"": ""AUTOMATA"", ""scenario"": ""parameter_analysis"", ""seed"": 2026, ""split"": ""fold_2""}, ""training"": {""batch_size"": 32, ""early_stopping"": {""enabled"": true, ""patience"": 5}, ""epochs"": 50, ""optimizer"": ""adam""}}",SKAB,"[""valve1"", ""valve2""]",anomaly,"[""datetime"", ""changepoint"", ""source_group"", ""source_file""]",source_file,0.6,0.2,0.2,True,mean,standard,True,1,16,1,True,0.0,0.05,cuda,[2026],32,50,True,5,adam,0.1,4,3,4,1,True,levenshtein,True,0.0001,average_log_probability,0.05,AUTOMATA,2026,fold_2,parameter_analysis,4,4,,,
SKAB,2026,fold_3,4,4,0.6041478809738503,0.13793103448275862,0.009569377990430622,0.017897091722595078,69,128,69,0.026885108170552403,6,"{""automata"": {""anomaly_threshold"": 0.1, ""decision"": {""fallback_quantile"": 0.05, ""score_field"": ""average_log_probability""}, ""paa"": {""window_size"": 4}, ""probability"": {""epsilon"": 0.0001, ""smoothing"": true}, ""sax"": {""alphabet_size"": 3}, ""sliding_window"": {""size"": 4, ""stride"": 1}, ""unseen_pattern"": {""enabled"": true, ""method"": ""levenshtein""}}, ""dataset"": {""config"": {""drop_columns"": [""datetime"", ""changepoint"", ""source_group"", ""source_file""], ""group_column"": ""source_file"", ""split"": {""test"": 0.2, ""train"": 0.6, ""validation"": 0.2}, ""target_column"": ""anomaly"", ""valve_folders"": [""valve1"", ""valve2""]}, ""name"": ""SKAB""}, ""extra"": {""alphabet_size"": 4, ""window_size"": 4}, ""noise"": {""enabled"": true, ""gaussian_mean"": 0.0, ""gaussian_std"": 0.05}, ""preprocessing"": {""missing_data"": {""enabled"": true, ""strategy"": ""mean""}, ""pca"": {""enabled"": true, ""n_components"": 1}, ""scaler"": ""standard"", ""sequence_length"": 16, ""sequence_stride"": 1}, ""project"": {""device"": ""cuda"", ""random_seeds"": [2026]}, ""run"": {""family"": ""AUTOMATA"", ""scenario"": ""parameter_analysis"", ""seed"": 2026, ""split"": ""fold_3""}, ""training"": {""batch_size"": 32, ""early_stopping"": {""enabled"": true, ""patience"": 5}, ""epochs"": 50, ""optimizer"": ""adam""}}",SKAB,"[""valve1"", ""valve2""]",anomaly,"[""datetime"", ""changepoint"", ""source_group"", ""source_file""]",source_file,0.6,0.2,0.2,True,mean,standard,True,1,16,1,True,0.0,0.05,cuda,[2026],32,50,True,5,adam,0.1,4,3,4,1,True,levenshtein,True,0.0001,average_log_probability,0.05,AUTOMATA,2026,fold_3,parameter_analysis,4,4,,,
SKAB,2026,fold_4,4,4,0.5977011494252874,0.31690140845070425,0.11166253101736973,0.1651376146788991,65,117,65,0.027692307692307693,22,"{""automata"": {""anomaly_threshold"": 0.1, ""decision"": {""fallback_quantile"": 0.05, ""score_field"": ""average_log_probability""}, ""paa"": {""window_size"": 4}, ""probability"": {""epsilon"": 0.0001, ""smoothing"": true}, ""sax"": {""alphabet_size"": 3}, ""sliding_window"": {""size"": 4, ""stride"": 1}, ""unseen_pattern"": {""enabled"": true, ""method"": ""levenshtein""}}, ""dataset"": {""config"": {""drop_columns"": [""datetime"", ""changepoint"", ""source_group"", ""source_file""], ""group_column"": ""source_file"", ""split"": {""test"": 0.2, ""train"": 0.6, ""validation"": 0.2}, ""target_column"": ""anomaly"", ""valve_folders"": [""valve1"", ""valve2""]}, ""name"": ""SKAB""}, ""extra"": {""alphabet_size"": 4, ""window_size"": 4}, ""noise"": {""enabled"": true, ""gaussian_mean"": 0.0, ""gaussian_std"": 0.05}, ""preprocessing"": {""missing_data"": {""enabled"": true, ""strategy"": ""mean""}, ""pca"": {""enabled"": true, ""n_components"": 1}, ""scaler"": ""standard"", ""sequence_length"": 16, ""sequence_stride"": 1}, ""project"": {""device"": ""cuda"", ""random_seeds"": [2026]}, ""run"": {""family"": ""AUTOMATA"", ""scenario"": ""parameter_analysis"", ""seed"": 2026, ""split"": ""fold_4""}, ""training"": {""batch_size"": 32, ""early_stopping"": {""enabled"": true, ""patience"": 5}, ""epochs"": 50, ""optimizer"": ""adam""}}",SKAB,"[""valve1"", ""valve2""]",anomaly,"[""datetime"", ""changepoint"", ""source_group"", ""source_file""]",source_file,0.6,0.2,0.2,True,mean,standard,True,1,16,1,True,0.0,0.05,cuda,[2026],32,50,True,5,adam,0.1,4,3,4,1,True,levenshtein,True,0.0001,average_log_probability,0.05,AUTOMATA,2026,fold_4,parameter_analysis,4,4,,,
SKAB,2026,fold_0,4,5,0.5991071428571428,0.22580645161290322,0.052763819095477386,0.0855397148676171,91,173,91,0.02089119671537254,19,"{""automata"": {""anomaly_threshold"": 0.1, ""decision"": {""fallback_quantile"": 0.05, ""score_field"": ""average_log_probability""}, ""paa"": {""window_size"": 4}, ""probability"": {""epsilon"": 0.0001, ""smoothing"": true}, ""sax"": {""alphabet_size"": 3}, ""sliding_window"": {""size"": 4, ""stride"": 1}, ""unseen_pattern"": {""enabled"": true, ""method"": ""levenshtein""}}, ""dataset"": {""config"": {""drop_columns"": [""datetime"", ""changepoint"", ""source_group"", ""source_file""], ""group_column"": ""source_file"", ""split"": {""test"": 0.2, ""train"": 0.6, ""validation"": 0.2}, ""target_column"": ""anomaly"", ""valve_folders"": [""valve1"", ""valve2""]}, ""name"": ""SKAB""}, ""extra"": {""alphabet_size"": 5, ""window_size"": 4}, ""noise"": {""enabled"": true, ""gaussian_mean"": 0.0, ""gaussian_std"": 0.05}, ""preprocessing"": {""missing_data"": {""enabled"": true, ""strategy"": ""mean""}, ""pca"": {""enabled"": true, ""n_components"": 1}, ""scaler"": ""standard"", ""sequence_length"": 16, ""sequence_stride"": 1}, ""project"": {""device"": ""cuda"", ""random_seeds"": [2026]}, ""run"": {""family"": ""AUTOMATA"", ""scenario"": ""parameter_analysis"", ""seed"": 2026, ""split"": ""fold_0""}, ""training"": {""batch_size"": 32, ""early_stopping"": {""enabled"": true, ""patience"": 5}, ""epochs"": 50, ""optimizer"": ""adam""}}",SKAB,"[""valve1"", ""valve2""]",anomaly,"[""datetime"", ""changepoint"", ""source_group"", ""source_file""]",source_file,0.6,0.2,0.2,True,mean,standard,True,1,16,1,True,0.0,0.05,cuda,[2026],32,50,True,5,adam,0.1,4,3,4,1,True,levenshtein,True,0.0001,average_log_probability,0.05,AUTOMATA,2026,fold_0,parameter_analysis,4,5,,,
SKAB,2026,fold_1,4,5,0.6089285714285714,0.2916666666666667,0.07035175879396985,0.11336032388663968,84,166,84,0.02352607709750567,30,"{""automata"": {""anomaly_threshold"": 0.1, ""decision"": {""fallback_quantile"": 0.05, ""score_field"": ""average_log_probability""}, ""paa"": {""window_size"": 4}, ""probability"": {""epsilon"": 0.0001, ""smoothing"": true}, ""sax"": {""alphabet_size"": 3}, ""sliding_window"": {""size"": 4, ""stride"": 1}, ""unseen_pattern"": {""enabled"": true, ""method"": ""levenshtein""}}, ""dataset"": {""config"": {""drop_columns"": [""datetime"", ""changepoint"", ""source_group"", ""source_file""], ""group_column"": ""source_file"", ""split"": {""test"": 0.2, ""train"": 0.6, ""validation"": 0.2}, ""target_column"": ""anomaly"", ""valve_folders"": [""valve1"", ""valve2""]}, ""name"": ""SKAB""}, ""extra"": {""alphabet_size"": 5, ""window_size"": 4}, ""noise"": {""enabled"": true, ""gaussian_mean"": 0.0, ""gaussian_std"": 0.05}, ""preprocessing"": {""missing_data"": {""enabled"": true, ""strategy"": ""mean""}, ""pca"": {""enabled"": true, ""n_components"": 1}, ""scaler"": ""standard"", ""sequence_length"": 16, ""sequence_stride"": 1}, ""project"": {""device"": ""cuda"", ""random_seeds"": [2026]}, ""run"": {""family"": ""AUTOMATA"", ""scenario"": ""parameter_analysis"", ""seed"": 2026, ""split"": ""fold_1""}, ""training"": {""batch_size"": 32, ""early_stopping"": {""enabled"": true, ""patience"": 5}, ""epochs"": 50, ""optimizer"": ""adam""}}",SKAB,"[""valve1"", ""valve2""]",anomaly,"[""datetime"", ""changepoint"", ""source_group"", ""source_file""]",source_file,0.6,0.2,0.2,True,mean,standard,True,1,16,1,True,0.0,0.05,cuda,[2026],32,50,True,5,adam,0.1,4,3,4,1,True,levenshtein,True,0.0001,average_log_probability,0.05,AUTOMATA,2026,fold_1,parameter_analysis,4,5,,,
SKAB,2026,fold_2,4,5,0.6201067615658363,0.3617021276595745,0.04106280193236715,0.0737527114967462,105,195,105,0.017687074829931974,3,"{""automata"": {""anomaly_threshold"": 0.1, ""decision"": {""fallback_quantile"": 0.05, ""score_field"": ""average_log_probability""}, ""paa"": {""window_size"": 4}, ""probability"": {""epsilon"": 0.0001, ""smoothing"": true}, ""sax"": {""alphabet_size"": 3}, ""sliding_window"": {""size"": 4, ""stride"": 1}, ""unseen_pattern"": {""enabled"": true, ""method"": ""levenshtein""}}, ""dataset"": {""config"": {""drop_columns"": [""datetime"", ""changepoint"", ""source_group"", ""source_file""], ""group_column"": ""source_file"", ""split"": {""test"": 0.2, ""train"": 0.6, ""validation"": 0.2}, ""target_column"": ""anomaly"", ""valve_folders"": [""valve1"", ""valve2""]}, ""name"": ""SKAB""}, ""extra"": {""alphabet_size"": 5, ""window_size"": 4}, ""noise"": {""enabled"": true, ""gaussian_mean"": 0.0, ""gaussian_std"": 0.05}, ""preprocessing"": {""missing_data"": {""enabled"": true, ""strategy"": ""mean""}, ""pca"": {""enabled"": true, ""n_components"": 1}, ""scaler"": ""standard"", ""sequence_length"": 16, ""sequence_stride"": 1}, ""project"": {""device"": ""cuda"", ""random_seeds"": [2026]}, ""run"": {""family"": ""AUTOMATA"", ""scenario"": ""parameter_analysis"", ""seed"": 2026, ""split"": ""fold_2""}, ""training"": {""batch_size"": 32, ""early_stopping"": {""enabled"": true, ""patience"": 5}, ""epochs"": 50, ""optimizer"": ""adam""}}",SKAB,"[""valve1"", ""valve2""]",anomaly,"[""datetime"", ""changepoint"", ""source_group"", ""source_file""]",source_file,0.6,0.2,0.2,True,mean,standard,True,1,16,1,True,0.0,0.05,cuda,[2026],32,50,True,5,adam,0.1,4,3,4,1,True,levenshtein,True,0.0001,average_log_probability,0.05,AUTOMATA,2026,fold_2,parameter_analysis,4,5,,,
SKAB,2026,fold_3,4,5,0.6167718665464382,0.43137254901960786,0.05263157894736842,0.09381663113006397,115,212,115,0.01603024574669187,6,"{""automata"": {""anomaly_threshold"": 0.1, ""decision"": {""fallback_quantile"": 0.05, ""score_field"": ""average_log_probability""}, ""paa"": {""window_size"": 4}, ""probability"": {""epsilon"": 0.0001, ""smoothing"": true}, ""sax"": {""alphabet_size"": 3}, ""sliding_window"": {""size"": 4, ""stride"": 1}, ""unseen_pattern"": {""enabled"": true, ""method"": ""levenshtein""}}, ""dataset"": {""config"": {""drop_columns"": [""datetime"", ""changepoint"", ""source_group"", ""source_file""], ""group_column"": ""source_file"", ""split"": {""test"": 0.2, ""train"": 0.6, ""validation"": 0.2}, ""target_column"": ""anomaly"", ""valve_folders"": [""valve1"", ""valve2""]}, ""name"": ""SKAB""}, ""extra"": {""alphabet_size"": 5, ""window_size"": 4}, ""noise"": {""enabled"": true, ""gaussian_mean"": 0.0, ""gaussian_std"": 0.05}, ""preprocessing"": {""missing_data"": {""enabled"": true, ""strategy"": ""mean""}, ""pca"": {""enabled"": true, ""n_components"": 1}, ""scaler"": ""standard"", ""sequence_length"": 16, ""sequence_stride"": 1}, ""project"": {""device"": ""cuda"", ""random_seeds"": [2026]}, ""run"": {""family"": ""AUTOMATA"", ""scenario"": ""parameter_analysis"", ""seed"": 2026, ""split"": ""fold_3""}, ""training"": {""batch_size"": 32, ""early_stopping"": {""enabled"": true, ""patience"": 5}, ""epochs"": 50, ""optimizer"": ""adam""}}",SKAB,"[""valve1"", ""valve2""]",anomaly,"[""datetime"", ""changepoint"", ""source_group"", ""source_file""]",source_file,0.6,0.2,0.2,True,mean,standard,True,1,16,1,True,0.0,0.05,cuda,[2026],32,50,True,5,adam,0.1,4,3,4,1,True,levenshtein,True,0.0001,average_log_probability,0.05,AUTOMATA,2026,fold_3,parameter_analysis,4,5,,,
SKAB,2026,fold_4,4,5,0.6047745358090185,0.3493150684931507,0.12655086848635236,0.18579234972677597,96,177,96,0.019205729166666668,58,"{""automata"": {""anomaly_threshold"": 0.1, ""decision"": {""fallback_quantile"": 0.05, ""score_field"": ""average_log_probability""}, ""paa"": {""window_size"": 4}, ""probability"": {""epsilon"": 0.0001, ""smoothing"": true}, ""sax"": {""alphabet_size"": 3}, ""sliding_window"": {""size"": 4, ""stride"": 1}, ""unseen_pattern"": {""enabled"": true, ""method"": ""levenshtein""}}, ""dataset"": {""config"": {""drop_columns"": [""datetime"", ""changepoint"", ""source_group"", ""source_file""], ""group_column"": ""source_file"", ""split"": {""test"": 0.2, ""train"": 0.6, ""validation"": 0.2}, ""target_column"": ""anomaly"", ""valve_folders"": [""valve1"", ""valve2""]}, ""name"": ""SKAB""}, ""extra"": {""alphabet_size"": 5, ""window_size"": 4}, ""noise"": {""enabled"": true, ""gaussian_mean"": 0.0, ""gaussian_std"": 0.05}, ""preprocessing"": {""missing_data"": {""enabled"": true, ""strategy"": ""mean""}, ""pca"": {""enabled"": true, ""n_components"": 1}, ""scaler"": ""standard"", ""sequence_length"": 16, ""sequence_stride"": 1}, ""project"": {""device"": ""cuda"", ""random_seeds"": [2026]}, ""run"": {""family"": ""AUTOMATA"", ""scenario"": ""parameter_analysis"", ""seed"": 2026, ""split"": ""fold_4""}, ""training"": {""batch_size"": 32, ""early_stopping"": {""enabled"": true, ""patience"": 5}, ""epochs"": 50, ""optimizer"": ""adam""}}",SKAB,"[""valve1"", ""valve2""]",anomaly,"[""datetime"", ""changepoint"", ""source_group"", ""source_file""]",source_file,0.6,0.2,0.2,True,mean,standard,True,1,16,1,True,0.0,0.05,cuda,[2026],32,50,True,5,adam,0.1,4,3,4,1,True,levenshtein,True,0.0001,average_log_probability,0.05,AUTOMATA,2026,fold_4,parameter_analysis,4,5,,,
SKAB,2026,fold_0,4,6,0.6071428571428571,0.20833333333333334,0.03768844221105527,0.06382978723404255,121,237,121,0.016187418892152177,28,"{""automata"": {""anomaly_threshold"": 0.1, ""decision"": {""fallback_quantile"": 0.05, ""score_field"": ""average_log_probability""}, ""paa"": {""window_size"": 4}, ""probability"": {""epsilon"": 0.0001, ""smoothing"": true}, ""sax"": {""alphabet_size"": 3}, ""sliding_window"": {""size"": 4, ""stride"": 1}, ""unseen_pattern"": {""enabled"": true, ""method"": ""levenshtein""}}, ""dataset"": {""config"": {""drop_columns"": [""datetime"", ""changepoint"", ""source_group"", ""source_file""], ""group_column"": ""source_file"", ""split"": {""test"": 0.2, ""train"": 0.6, ""validation"": 0.2}, ""target_column"": ""anomaly"", ""valve_folders"": [""valve1"", ""valve2""]}, ""name"": ""SKAB""}, ""extra"": {""alphabet_size"": 6, ""window_size"": 4}, ""noise"": {""enabled"": true, ""gaussian_mean"": 0.0, ""gaussian_std"": 0.05}, ""preprocessing"": {""missing_data"": {""enabled"": true, ""strategy"": ""mean""}, ""pca"": {""enabled"": true, ""n_components"": 1}, ""scaler"": ""standard"", ""sequence_length"": 16, ""sequence_stride"": 1}, ""project"": {""device"": ""cuda"", ""random_seeds"": [2026]}, ""run"": {""family"": ""AUTOMATA"", ""scenario"": ""parameter_analysis"", ""seed"": 2026, ""split"": ""fold_0""}, ""training"": {""batch_size"": 32, ""early_stopping"": {""enabled"": true, ""patience"": 5}, ""epochs"": 50, ""optimizer"": ""adam""}}",SKAB,"[""valve1"", ""valve2""]",anomaly,"[""datetime"", ""changepoint"", ""source_group"", ""source_file""]",source_file,0.6,0.2,0.2,True,mean,standard,True,1,16,1,True,0.0,0.05,cuda,[2026],32,50,True,5,adam,0.1,4,3,4,1,True,levenshtein,True,0.0001,average_log_probability,0.05,AUTOMATA,2026,fold_0,parameter_analysis,4,6,,,
SKAB,2026,fold_1,4,6,0.6133928571428572,0.26666666666666666,0.05025125628140704,0.08456659619450317,134,252,134,0.014034306081532635,15,"{""automata"": {""anomaly_threshold"": 0.1, ""decision"": {""fallback_quantile"": 0.05, ""score_field"": ""average_log_probability""}, ""paa"": {""window_size"": 4}, ""probability"": {""epsilon"": 0.0001, ""smoothing"": true}, ""sax"": {""alphabet_size"": 3}, ""sliding_window"": {""size"": 4, ""stride"": 1}, ""unseen_pattern"": {""enabled"": true, ""method"": ""levenshtein""}}, ""dataset"": {""config"": {""drop_columns"": [""datetime"", ""changepoint"", ""source_group"", ""source_file""], ""group_column"": ""source_file"", ""split"": {""test"": 0.2, ""train"": 0.6, ""validation"": 0.2}, ""target_column"": ""anomaly"", ""valve_folders"": [""valve1"", ""valve2""]}, ""name"": ""SKAB""}, ""extra"": {""alphabet_size"": 6, ""window_size"": 4}, ""noise"": {""enabled"": true, ""gaussian_mean"": 0.0, ""gaussian_std"": 0.05}, ""preprocessing"": {""missing_data"": {""enabled"": true, ""strategy"": ""mean""}, ""pca"": {""enabled"": true, ""n_components"": 1}, ""scaler"": ""standard"", ""sequence_length"": 16, ""sequence_stride"": 1}, ""project"": {""device"": ""cuda"", ""random_seeds"": [2026]}, ""run"": {""family"": ""AUTOMATA"", ""scenario"": ""parameter_analysis"", ""seed"": 2026, ""split"": ""fold_1""}, ""training"": {""batch_size"": 32, ""early_stopping"": {""enabled"": true, ""patience"": 5}, ""epochs"": 50, ""optimizer"": ""adam""}}",SKAB,"[""valve1"", ""valve2""]",anomaly,"[""datetime"", ""changepoint"", ""source_group"", ""source_file""]",source_file,0.6,0.2,0.2,True,mean,standard,True,1,16,1,True,0.0,0.05,cuda,[2026],32,50,True,5,adam,0.1,4,3,4,1,True,levenshtein,True,0.0001,average_log_probability,0.05,AUTOMATA,2026,fold_1,parameter_analysis,4,6,,,
SKAB,2026,fold_2,4,6,0.6218861209964412,0.39622641509433965,0.050724637681159424,0.08993576017130621,152,282,152,0.01220567867036011,3,"{""automata"": {""anomaly_threshold"": 0.1, ""decision"": {""fallback_quantile"": 0.05, ""score_field"": ""average_log_probability""}, ""paa"": {""window_size"": 4}, ""probability"": {""epsilon"": 0.0001, ""smoothing"": true}, ""sax"": {""alphabet_size"": 3}, ""sliding_window"": {""size"": 4, ""stride"": 1}, ""unseen_pattern"": {""enabled"": true, ""method"": ""levenshtein""}}, ""dataset"": {""config"": {""drop_columns"": [""datetime"", ""changepoint"", ""source_group"", ""source_file""], ""group_column"": ""source_file"", ""split"": {""test"": 0.2, ""train"": 0.6, ""validation"": 0.2}, ""target_column"": ""anomaly"", ""valve_folders"": [""valve1"", ""valve2""]}, ""name"": ""SKAB""}, ""extra"": {""alphabet_size"": 6, ""window_size"": 4}, ""noise"": {""enabled"": true, ""gaussian_mean"": 0.0, ""gaussian_std"": 0.05}, ""preprocessing"": {""missing_data"": {""enabled"": true, ""strategy"": ""mean""}, ""pca"": {""enabled"": true, ""n_components"": 1}, ""scaler"": ""standard"", ""sequence_length"": 16, ""sequence_stride"": 1}, ""project"": {""device"": ""cuda"", ""random_seeds"": [2026]}, ""run"": {""family"": ""AUTOMATA"", ""scenario"": ""parameter_analysis"", ""seed"": 2026, ""split"": ""fold_2""}, ""training"": {""batch_size"": 32, ""early_stopping"": {""enabled"": true, ""patience"": 5}, ""epochs"": 50, ""optimizer"": ""adam""}}",SKAB,"[""valve1"", ""valve2""]",anomaly,"[""datetime"", ""changepoint"", ""source_group"", ""source_file""]",source_file,0.6,0.2,0.2,True,mean,standard,True,1,16,1,True,0.0,0.05,cuda,[2026],32,50,True,5,adam,0.1,4,3,4,1,True,levenshtein,True,0.0001,average_log_probability,0.05,AUTOMATA,2026,fold_2,parameter_analysis,4,6,,,
SKAB,2026,fold_3,4,6,0.5978358881875564,0.3157894736842105,0.05741626794258373,0.09716599190283401,155,303,155,0.012611862643080125,13,"{""automata"": {""anomaly_threshold"": 0.1, ""decision"": {""fallback_quantile"": 0.05, ""score_field"": ""average_log_probability""}, ""paa"": {""window_size"": 4}, ""probability"": {""epsilon"": 0.0001, ""smoothing"": true}, ""sax"": {""alphabet_size"": 3}, ""sliding_window"": {""size"": 4, ""stride"": 1}, ""unseen_pattern"": {""enabled"": true, ""method"": ""levenshtein""}}, ""dataset"": {""config"": {""drop_columns"": [""datetime"", ""changepoint"", ""source_group"", ""source_file""], ""group_column"": ""source_file"", ""split"": {""test"": 0.2, ""train"": 0.6, ""validation"": 0.2}, ""target_column"": ""anomaly"", ""valve_folders"": [""valve1"", ""valve2""]}, ""name"": ""SKAB""}, ""extra"": {""alphabet_size"": 6, ""window_size"": 4}, ""noise"": {""enabled"": true, ""gaussian_mean"": 0.0, ""gaussian_std"": 0.05}, ""preprocessing"": {""missing_data"": {""enabled"": true, ""strategy"": ""mean""}, ""pca"": {""enabled"": true, ""n_components"": 1}, ""scaler"": ""standard"", ""sequence_length"": 16, ""sequence_stride"": 1}, ""project"": {""device"": ""cuda"", ""random_seeds"": [2026]}, ""run"": {""family"": ""AUTOMATA"", ""scenario"": ""parameter_analysis"", ""seed"": 2026, ""split"": ""fold_3""}, ""training"": {""batch_size"": 32, ""early_stopping"": {""enabled"": true, ""patience"": 5}, ""epochs"": 50, ""optimizer"": ""adam""}}",SKAB,"[""valve1"", ""valve2""]",anomaly,"[""datetime"", ""changepoint"", ""source_group"", ""source_file""]",source_file,0.6,0.2,0.2,True,mean,standard,True,1,16,1,True,0.0,0.05,cuda,[2026],32,50,True,5,adam,0.1,4,3,4,1,True,levenshtein,True,0.0001,average_log_probability,0.05,AUTOMATA,2026,fold_3,parameter_analysis,4,6,,,
SKAB,2026,fold_4,4,6,0.5800176834659593,0.32,0.1588089330024814,0.21227197346600332,131,250,131,0.014567915622632713,67,"{""automata"": {""anomaly_threshold"": 0.1, ""decision"": {""fallback_quantile"": 0.05, ""score_field"": ""average_log_probability""}, ""paa"": {""window_size"": 4}, ""probability"": {""epsilon"": 0.0001, ""smoothing"": true}, ""sax"": {""alphabet_size"": 3}, ""sliding_window"": {""size"": 4, ""stride"": 1}, ""unseen_pattern"": {""enabled"": true, ""method"": ""levenshtein""}}, ""dataset"": {""config"": {""drop_columns"": [""datetime"", ""changepoint"", ""source_group"", ""source_file""], ""group_column"": ""source_file"", ""split"": {""test"": 0.2, ""train"": 0.6, ""validation"": 0.2}, ""target_column"": ""anomaly"", ""valve_folders"": [""valve1"", ""valve2""]}, ""name"": ""SKAB""}, ""extra"": {""alphabet_size"": 6, ""window_size"": 4}, ""noise"": {""enabled"": true, ""gaussian_mean"": 0.0, ""gaussian_std"": 0.05}, ""preprocessing"": {""missing_data"": {""enabled"": true, ""strategy"": ""mean""}, ""pca"": {""enabled"": true, ""n_components"": 1}, ""scaler"": ""standard"", ""sequence_length"": 16, ""sequence_stride"": 1}, ""project"": {""device"": ""cuda"", ""random_seeds"": [2026]}, ""run"": {""family"": ""AUTOMATA"", ""scenario"": ""parameter_analysis"", ""seed"": 2026, ""split"": ""fold_4""}, ""training"": {""batch_size"": 32, ""early_stopping"": {""enabled"": true, ""patience"": 5}, ""epochs"": 50, ""optimizer"": ""adam""}}",SKAB,"[""valve1"", ""valve2""]",anomaly,"[""datetime"", ""changepoint"", ""source_group"", ""source_file""]",source_file,0.6,0.2,0.2,True,mean,standard,True,1,16,1,True,0.0,0.05,cuda,[2026],32,50,True,5,adam,0.1,4,3,4,1,True,levenshtein,True,0.0001,average_log_probability,0.05,AUTOMATA,2026,fold_4,parameter_analysis,4,6,,,
SKAB,2026,fold_0,5,3,0.6100558659217877,0.14285714285714285,0.015432098765432098,0.027855153203342618,72,128,72,0.024691358024691357,6,"{""automata"": {""anomaly_threshold"": 0.1, ""decision"": {""fallback_quantile"": 0.05, ""score_field"": ""average_log_probability""}, ""paa"": {""window_size"": 4}, ""probability"": {""epsilon"": 0.0001, ""smoothing"": true}, ""sax"": {""alphabet_size"": 3}, ""sliding_window"": {""size"": 4, ""stride"": 1}, ""unseen_pattern"": {""enabled"": true, ""method"": ""levenshtein""}}, ""dataset"": {""config"": {""drop_columns"": [""datetime"", ""changepoint"", ""source_group"", ""source_file""], ""group_column"": ""source_file"", ""split"": {""test"": 0.2, ""train"": 0.6, ""validation"": 0.2}, ""target_column"": ""anomaly"", ""valve_folders"": [""valve1"", ""valve2""]}, ""name"": ""SKAB""}, ""extra"": {""alphabet_size"": 3, ""window_size"": 5}, ""noise"": {""enabled"": true, ""gaussian_mean"": 0.0, ""gaussian_std"": 0.05}, ""preprocessing"": {""missing_data"": {""enabled"": true, ""strategy"": ""mean""}, ""pca"": {""enabled"": true, ""n_components"": 1}, ""scaler"": ""standard"", ""sequence_length"": 16, ""sequence_stride"": 1}, ""project"": {""device"": ""cuda"", ""random_seeds"": [2026]}, ""run"": {""family"": ""AUTOMATA"", ""scenario"": ""parameter_analysis"", ""seed"": 2026, ""split"": ""fold_0""}, ""training"": {""batch_size"": 32, ""early_stopping"": {""enabled"": true, ""patience"": 5}, ""epochs"": 50, ""optimizer"": ""adam""}}",SKAB,"[""valve1"", ""valve2""]",anomaly,"[""datetime"", ""changepoint"", ""source_group"", ""source_file""]",source_file,0.6,0.2,0.2,True,mean,standard,True,1,16,1,True,0.0,0.05,cuda,[2026],32,50,True,5,adam,0.1,4,3,4,1,True,levenshtein,True,0.0001,average_log_probability,0.05,AUTOMATA,2026,fold_0,parameter_analysis,5,3,,,
SKAB,2026,fold_1,5,3,0.6324022346368715,0.375,0.018461538461538463,0.03519061583577713,72,131,72,0.025270061728395063,0,"{""automata"": {""anomaly_threshold"": 0.1, ""decision"": {""fallback_quantile"": 0.05, ""score_field"": ""average_log_probability""}, ""paa"": {""window_size"": 4}, ""probability"": {""epsilon"": 0.0001, ""smoothing"": true}, ""sax"": {""alphabet_size"": 3}, ""sliding_window"": {""size"": 4, ""stride"": 1}, ""unseen_pattern"": {""enabled"": true, ""method"": ""levenshtein""}}, ""dataset"": {""config"": {""drop_columns"": [""datetime"", ""changepoint"", ""source_group"", ""source_file""], ""group_column"": ""source_file"", ""split"": {""test"": 0.2, ""train"": 0.6, ""validation"": 0.2}, ""target_column"": ""anomaly"", ""valve_folders"": [""valve1"", ""valve2""]}, ""name"": ""SKAB""}, ""extra"": {""alphabet_size"": 3, ""window_size"": 5}, ""noise"": {""enabled"": true, ""gaussian_mean"": 0.0, ""gaussian_std"": 0.05}, ""preprocessing"": {""missing_data"": {""enabled"": true, ""strategy"": ""mean""}, ""pca"": {""enabled"": true, ""n_components"": 1}, ""scaler"": ""standard"", ""sequence_length"": 16, ""sequence_stride"": 1}, ""project"": {""device"": ""cuda"", ""random_seeds"": [2026]}, ""run"": {""family"": ""AUTOMATA"", ""scenario"": ""parameter_analysis"", ""seed"": 2026, ""split"": ""fold_1""}, ""training"": {""batch_size"": 32, ""early_stopping"": {""enabled"": true, ""patience"": 5}, ""epochs"": 50, ""optimizer"": ""adam""}}",SKAB,"[""valve1"", ""valve2""]",anomaly,"[""datetime"", ""changepoint"", ""source_group"", ""source_file""]",source_file,0.6,0.2,0.2,True,mean,standard,True,1,16,1,True,0.0,0.05,cuda,[2026],32,50,True,5,adam,0.1,4,3,4,1,True,levenshtein,True,0.0001,average_log_probability,0.05,AUTOMATA,2026,fold_1,parameter_analysis,5,3,,,
SKAB,2026,fold_2,5,3,0.6146993318485523,0.4,0.03529411764705882,0.06486486486486487,70,130,70,0.026530612244897958,3,"{""automata"": {""anomaly_threshold"": 0.1, ""decision"": {""fallback_quantile"": 0.05, ""score_field"": ""average_log_probability""}, ""paa"": {""window_size"": 4}, ""probability"": {""epsilon"": 0.0001, ""smoothing"": true}, ""sax"": {""alphabet_size"": 3}, ""sliding_window"": {""size"": 4, ""stride"": 1}, ""unseen_pattern"": {""enabled"": true, ""method"": ""levenshtein""}}, ""dataset"": {""config"": {""drop_columns"": [""datetime"", ""changepoint"", ""source_group"", ""source_file""], ""group_column"": ""source_file"", ""split"": {""test"": 0.2, ""train"": 0.6, ""validation"": 0.2}, ""target_column"": ""anomaly"", ""valve_folders"": [""valve1"", ""valve2""]}, ""name"": ""SKAB""}, ""extra"": {""alphabet_size"": 3, ""window_size"": 5}, ""noise"": {""enabled"": true, ""gaussian_mean"": 0.0, ""gaussian_std"": 0.05}, ""preprocessing"": {""missing_data"": {""enabled"": true, ""strategy"": ""mean""}, ""pca"": {""enabled"": true, ""n_components"": 1}, ""scaler"": ""standard"", ""sequence_length"": 16, ""sequence_stride"": 1}, ""project"": {""device"": ""cuda"", ""random_seeds"": [2026]}, ""run"": {""family"": ""AUTOMATA"", ""scenario"": ""parameter_analysis"", ""seed"": 2026, ""split"": ""fold_2""}, ""training"": {""batch_size"": 32, ""early_stopping"": {""enabled"": true, ""patience"": 5}, ""epochs"": 50, ""optimizer"": ""adam""}}",SKAB,"[""valve1"", ""valve2""]",anomaly,"[""datetime"", ""changepoint"", ""source_group"", ""source_file""]",source_file,0.6,0.2,0.2,True,mean,standard,True,1,16,1,True,0.0,0.05,cuda,[2026],32,50,True,5,adam,0.1,4,3,4,1,True,levenshtein,True,0.0001,average_log_probability,0.05,AUTOMATA,2026,fold_2,parameter_analysis,5,3,,,
SKAB,2026,fold_3,5,3,0.5959367945823928,0.3181818181818182,0.04093567251461988,0.07253886010362694,62,105,62,0.027315296566077004,11,"{""automata"": {""anomaly_threshold"": 0.1, ""decision"": {""fallback_quantile"": 0.05, ""score_field"": ""average_log_probability""}, ""paa"": {""window_size"": 4}, ""probability"": {""epsilon"": 0.0001, ""smoothing"": true}, ""sax"": {""alphabet_size"": 3}, ""sliding_window"": {""size"": 4, ""stride"": 1}, ""unseen_pattern"": {""enabled"": true, ""method"": ""levenshtein""}}, ""dataset"": {""config"": {""drop_columns"": [""datetime"", ""changepoint"", ""source_group"", ""source_file""], ""group_column"": ""source_file"", ""split"": {""test"": 0.2, ""train"": 0.6, ""validation"": 0.2}, ""target_column"": ""anomaly"", ""valve_folders"": [""valve1"", ""valve2""]}, ""name"": ""SKAB""}, ""extra"": {""alphabet_size"": 3, ""window_size"": 5}, ""noise"": {""enabled"": true, ""gaussian_mean"": 0.0, ""gaussian_std"": 0.05}, ""preprocessing"": {""missing_data"": {""enabled"": true, ""strategy"": ""mean""}, ""pca"": {""enabled"": true, ""n_components"": 1}, ""scaler"": ""standard"", ""sequence_length"": 16, ""sequence_stride"": 1}, ""project"": {""device"": ""cuda"", ""random_seeds"": [2026]}, ""run"": {""family"": ""AUTOMATA"", ""scenario"": ""parameter_analysis"", ""seed"": 2026, ""split"": ""fold_3""}, ""training"": {""batch_size"": 32, ""early_stopping"": {""enabled"": true, ""patience"": 5}, ""epochs"": 50, ""optimizer"": ""adam""}}",SKAB,"[""valve1"", ""valve2""]",anomaly,"[""datetime"", ""changepoint"", ""source_group"", ""source_file""]",source_file,0.6,0.2,0.2,True,mean,standard,True,1,16,1,True,0.0,0.05,cuda,[2026],32,50,True,5,adam,0.1,4,3,4,1,True,levenshtein,True,0.0001,average_log_probability,0.05,AUTOMATA,2026,fold_3,parameter_analysis,5,3,,,
SKAB,2026,fold_4,5,3,0.6290143964562569,0.45,0.08206686930091185,0.13881748071979436,67,117,67,0.026063711294274892,17,"{""automata"": {""anomaly_threshold"": 0.1, ""decision"": {""fallback_quantile"": 0.05, ""score_field"": ""average_log_probability""}, ""paa"": {""window_size"": 4}, ""probability"": {""epsilon"": 0.0001, ""smoothing"": true}, ""sax"": {""alphabet_size"": 3}, ""sliding_window"": {""size"": 4, ""stride"": 1}, ""unseen_pattern"": {""enabled"": true, ""method"": ""levenshtein""}}, ""dataset"": {""config"": {""drop_columns"": [""datetime"", ""changepoint"", ""source_group"", ""source_file""], ""group_column"": ""source_file"", ""split"": {""test"": 0.2, ""train"": 0.6, ""validation"": 0.2}, ""target_column"": ""anomaly"", ""valve_folders"": [""valve1"", ""valve2""]}, ""name"": ""SKAB""}, ""extra"": {""alphabet_size"": 3, ""window_size"": 5}, ""noise"": {""enabled"": true, ""gaussian_mean"": 0.0, ""gaussian_std"": 0.05}, ""preprocessing"": {""missing_data"": {""enabled"": true, ""strategy"": ""mean""}, ""pca"": {""enabled"": true, ""n_components"": 1}, ""scaler"": ""standard"", ""sequence_length"": 16, ""sequence_stride"": 1}, ""project"": {""device"": ""cuda"", ""random_seeds"": [2026]}, ""run"": {""family"": ""AUTOMATA"", ""scenario"": ""parameter_analysis"", ""seed"": 2026, ""split"": ""fold_4""}, ""training"": {""batch_size"": 32, ""early_stopping"": {""enabled"": true, ""patience"": 5}, ""epochs"": 50, ""optimizer"": ""adam""}}",SKAB,"[""valve1"", ""valve2""]",anomaly,"[""datetime"", ""changepoint"", ""source_group"", ""source_file""]",source_file,0.6,0.2,0.2,True,mean,standard,True,1,16,1,True,0.0,0.05,cuda,[2026],32,50,True,5,adam,0.1,4,3,4,1,True,levenshtein,True,0.0001,average_log_probability,0.05,AUTOMATA,2026,fold_4,parameter_analysis,5,3,,,
SKAB,2026,fold_0,5,4,0.6067039106145251,0.24074074074074073,0.040123456790123455,0.06878306878306878,104,181,104,0.0167344674556213,12,"{""automata"": {""anomaly_threshold"": 0.1, ""decision"": {""fallback_quantile"": 0.05, ""score_field"": ""average_log_probability""}, ""paa"": {""window_size"": 4}, ""probability"": {""epsilon"": 0.0001, ""smoothing"": true}, ""sax"": {""alphabet_size"": 3}, ""sliding_window"": {""size"": 4, ""stride"": 1}, ""unseen_pattern"": {""enabled"": true, ""method"": ""levenshtein""}}, ""dataset"": {""config"": {""drop_columns"": [""datetime"", ""changepoint"", ""source_group"", ""source_file""], ""group_column"": ""source_file"", ""split"": {""test"": 0.2, ""train"": 0.6, ""validation"": 0.2}, ""target_column"": ""anomaly"", ""valve_folders"": [""valve1"", ""valve2""]}, ""name"": ""SKAB""}, ""extra"": {""alphabet_size"": 4, ""window_size"": 5}, ""noise"": {""enabled"": true, ""gaussian_mean"": 0.0, ""gaussian_std"": 0.05}, ""preprocessing"": {""missing_data"": {""enabled"": true, ""strategy"": ""mean""}, ""pca"": {""enabled"": true, ""n_components"": 1}, ""scaler"": ""standard"", ""sequence_length"": 16, ""sequence_stride"": 1}, ""project"": {""device"": ""cuda"", ""random_seeds"": [2026]}, ""run"": {""family"": ""AUTOMATA"", ""scenario"": ""parameter_analysis"", ""seed"": 2026, ""split"": ""fold_0""}, ""training"": {""batch_size"": 32, ""early_stopping"": {""enabled"": true, ""patience"": 5}, ""epochs"": 50, ""optimizer"": ""adam""}}",SKAB,"[""valve1"", ""valve2""]",anomaly,"[""datetime"", ""changepoint"", ""source_group"", ""source_file""]",source_file,0.6,0.2,0.2,True,mean,standard,True,1,16,1,True,0.0,0.05,cuda,[2026],32,50,True,5,adam,0.1,4,3,4,1,True,levenshtein,True,0.0001,average_log_probability,0.05,AUTOMATA,2026,fold_0,parameter_analysis,5,4,,,
SKAB,2026,fold_1,5,4,0.5932960893854748,0.15789473684210525,0.027692307692307693,0.04712041884816754,114,195,114,0.015004616805170823,16,"{""automata"": {""anomaly_threshold"": 0.1, ""decision"": {""fallback_quantile"": 0.05, ""score_field"": ""average_log_probability""}, ""paa"": {""window_size"": 4}, ""probability"": {""epsilon"": 0.0001, ""smoothing"": true}, ""sax"": {""alphabet_size"": 3}, ""sliding_window"": {""size"": 4, ""stride"": 1}, ""unseen_pattern"": {""enabled"": true, ""method"": ""levenshtein""}}, ""dataset"": {""config"": {""drop_columns"": [""datetime"", ""changepoint"", ""source_group"", ""source_file""], ""group_column"": ""source_file"", ""split"": {""test"": 0.2, ""train"": 0.6, ""validation"": 0.2}, ""target_column"": ""anomaly"", ""valve_folders"": [""valve1"", ""valve2""]}, ""name"": ""SKAB""}, ""extra"": {""alphabet_size"": 4, ""window_size"": 5}, ""noise"": {""enabled"": true, ""gaussian_mean"": 0.0, ""gaussian_std"": 0.05}, ""preprocessing"": {""missing_data"": {""enabled"": true, ""strategy"": ""mean""}, ""pca"": {""enabled"": true, ""n_components"": 1}, ""scaler"": ""standard"", ""sequence_length"": 16, ""sequence_stride"": 1}, ""project"": {""device"": ""cuda"", ""random_seeds"": [2026]}, ""run"": {""family"": ""AUTOMATA"", ""scenario"": ""parameter_analysis"", ""seed"": 2026, ""split"": ""fold_1""}, ""training"": {""batch_size"": 32, ""early_stopping"": {""enabled"": true, ""patience"": 5}, ""epochs"": 50, ""optimizer"": ""adam""}}",SKAB,"[""valve1"", ""valve2""]",anomaly,"[""datetime"", ""changepoint"", ""source_group"", ""source_file""]",source_file,0.6,0.2,0.2,True,mean,standard,True,1,16,1,True,0.0,0.05,cuda,[2026],32,50,True,5,adam,0.1,4,3,4,1,True,levenshtein,True,0.0001,average_log_probability,0.05,AUTOMATA,2026,fold_1,parameter_analysis,5,4,,,
SKAB,2026,fold_2,5,4,0.611358574610245,0.2857142857142857,0.01764705882352941,0.0332409972299169,123,221,123,0.014607707052680283,3,"{""automata"": {""anomaly_threshold"": 0.1, ""decision"": {""fallback_quantile"": 0.05, ""score_field"": ""average_log_probability""}, ""paa"": {""window_size"": 4}, ""probability"": {""epsilon"": 0.0001, ""smoothing"": true}, ""sax"": {""alphabet_size"": 3}, ""sliding_window"": {""size"": 4, ""stride"": 1}, ""unseen_pattern"": {""enabled"": true, ""method"": ""levenshtein""}}, ""dataset"": {""config"": {""drop_columns"": [""datetime"", ""changepoint"", ""source_group"", ""source_file""], ""group_column"": ""source_file"", ""split"": {""test"": 0.2, ""train"": 0.6, ""validation"": 0.2}, ""target_column"": ""anomaly"", ""valve_folders"": [""valve1"", ""valve2""]}, ""name"": ""SKAB""}, ""extra"": {""alphabet_size"": 4, ""window_size"": 5}, ""noise"": {""enabled"": true, ""gaussian_mean"": 0.0, ""gaussian_std"": 0.05}, ""preprocessing"": {""missing_data"": {""enabled"": true, ""strategy"": ""mean""}, ""pca"": {""enabled"": true, ""n_components"": 1}, ""scaler"": ""standard"", ""sequence_length"": 16, ""sequence_stride"": 1}, ""project"": {""device"": ""cuda"", ""random_seeds"": [2026]}, ""run"": {""family"": ""AUTOMATA"", ""scenario"": ""parameter_analysis"", ""seed"": 2026, ""split"": ""fold_2""}, ""training"": {""batch_size"": 32, ""early_stopping"": {""enabled"": true, ""patience"": 5}, ""epochs"": 50, ""optimizer"": ""adam""}}",SKAB,"[""valve1"", ""valve2""]",anomaly,"[""datetime"", ""changepoint"", ""source_group"", ""source_file""]",source_file,0.6,0.2,0.2,True,mean,standard,True,1,16,1,True,0.0,0.05,cuda,[2026],32,50,True,5,adam,0.1,4,3,4,1,True,levenshtein,True,0.0001,average_log_probability,0.05,AUTOMATA,2026,fold_2,parameter_analysis,5,4,,,
SKAB,2026,fold_3,5,4,0.5835214446952596,0.2631578947368421,0.043859649122807015,0.07518796992481203,119,209,119,0.014758844714356331,14,"{""automata"": {""anomaly_threshold"": 0.1, ""decision"": {""fallback_quantile"": 0.05, ""score_field"": ""average_log_probability""}, ""paa"": {""window_size"": 4}, ""probability"": {""epsilon"": 0.0001, ""smoothing"": true}, ""sax"": {""alphabet_size"": 3}, ""sliding_window"": {""size"": 4, ""stride"": 1}, ""unseen_pattern"": {""enabled"": true, ""method"": ""levenshtein""}}, ""dataset"": {""config"": {""drop_columns"": [""datetime"", ""changepoint"", ""source_group"", ""source_file""], ""group_column"": ""source_file"", ""split"": {""test"": 0.2, ""train"": 0.6, ""validation"": 0.2}, ""target_column"": ""anomaly"", ""valve_folders"": [""valve1"", ""valve2""]}, ""name"": ""SKAB""}, ""extra"": {""alphabet_size"": 4, ""window_size"": 5}, ""noise"": {""enabled"": true, ""gaussian_mean"": 0.0, ""gaussian_std"": 0.05}, ""preprocessing"": {""missing_data"": {""enabled"": true, ""strategy"": ""mean""}, ""pca"": {""enabled"": true, ""n_components"": 1}, ""scaler"": ""standard"", ""sequence_length"": 16, ""sequence_stride"": 1}, ""project"": {""device"": ""cuda"", ""random_seeds"": [2026]}, ""run"": {""family"": ""AUTOMATA"", ""scenario"": ""parameter_analysis"", ""seed"": 2026, ""split"": ""fold_3""}, ""training"": {""batch_size"": 32, ""early_stopping"": {""enabled"": true, ""patience"": 5}, ""epochs"": 50, ""optimizer"": ""adam""}}",SKAB,"[""valve1"", ""valve2""]",anomaly,"[""datetime"", ""changepoint"", ""source_group"", ""source_file""]",source_file,0.6,0.2,0.2,True,mean,standard,True,1,16,1,True,0.0,0.05,cuda,[2026],32,50,True,5,adam,0.1,4,3,4,1,True,levenshtein,True,0.0001,average_log_probability,0.05,AUTOMATA,2026,fold_3,parameter_analysis,5,4,,,
SKAB,2026,fold_4,5,4,0.5802879291251384,0.3287671232876712,0.1458966565349544,0.20210526315789473,109,184,109,0.015486911876104705,68,"{""automata"": {""anomaly_threshold"": 0.1, ""decision"": {""fallback_quantile"": 0.05, ""score_field"": ""average_log_probability""}, ""paa"": {""window_size"": 4}, ""probability"": {""epsilon"": 0.0001, ""smoothing"": true}, ""sax"": {""alphabet_size"": 3}, ""sliding_window"": {""size"": 4, ""stride"": 1}, ""unseen_pattern"": {""enabled"": true, ""method"": ""levenshtein""}}, ""dataset"": {""config"": {""drop_columns"": [""datetime"", ""changepoint"", ""source_group"", ""source_file""], ""group_column"": ""source_file"", ""split"": {""test"": 0.2, ""train"": 0.6, ""validation"": 0.2}, ""target_column"": ""anomaly"", ""valve_folders"": [""valve1"", ""valve2""]}, ""name"": ""SKAB""}, ""extra"": {""alphabet_size"": 4, ""window_size"": 5}, ""noise"": {""enabled"": true, ""gaussian_mean"": 0.0, ""gaussian_std"": 0.05}, ""preprocessing"": {""missing_data"": {""enabled"": true, ""strategy"": ""mean""}, ""pca"": {""enabled"": true, ""n_components"": 1}, ""scaler"": ""standard"", ""sequence_length"": 16, ""sequence_stride"": 1}, ""project"": {""device"": ""cuda"", ""random_seeds"": [2026]}, ""run"": {""family"": ""AUTOMATA"", ""scenario"": ""parameter_analysis"", ""seed"": 2026, ""split"": ""fold_4""}, ""training"": {""batch_size"": 32, ""early_stopping"": {""enabled"": true, ""patience"": 5}, ""epochs"": 50, ""optimizer"": ""adam""}}",SKAB,"[""valve1"", ""valve2""]",anomaly,"[""datetime"", ""changepoint"", ""source_group"", ""source_file""]",source_file,0.6,0.2,0.2,True,mean,standard,True,1,16,1,True,0.0,0.05,cuda,[2026],32,50,True,5,adam,0.1,4,3,4,1,True,levenshtein,True,0.0001,average_log_probability,0.05,AUTOMATA,2026,fold_4,parameter_analysis,5,4,,,
SKAB,2026,fold_0,5,5,0.5720670391061452,0.20202020202020202,0.06172839506172839,0.09456264775413711,162,279,162,0.010631001371742112,51,"{""automata"": {""anomaly_threshold"": 0.1, ""decision"": {""fallback_quantile"": 0.05, ""score_field"": ""average_log_probability""}, ""paa"": {""window_size"": 4}, ""probability"": {""epsilon"": 0.0001, ""smoothing"": true}, ""sax"": {""alphabet_size"": 3}, ""sliding_window"": {""size"": 4, ""stride"": 1}, ""unseen_pattern"": {""enabled"": true, ""method"": ""levenshtein""}}, ""dataset"": {""config"": {""drop_columns"": [""datetime"", ""changepoint"", ""source_group"", ""source_file""], ""group_column"": ""source_file"", ""split"": {""test"": 0.2, ""train"": 0.6, ""validation"": 0.2}, ""target_column"": ""anomaly"", ""valve_folders"": [""valve1"", ""valve2""]}, ""name"": ""SKAB""}, ""extra"": {""alphabet_size"": 5, ""window_size"": 5}, ""noise"": {""enabled"": true, ""gaussian_mean"": 0.0, ""gaussian_std"": 0.05}, ""preprocessing"": {""missing_data"": {""enabled"": true, ""strategy"": ""mean""}, ""pca"": {""enabled"": true, ""n_components"": 1}, ""scaler"": ""standard"", ""sequence_length"": 16, ""sequence_stride"": 1}, ""project"": {""device"": ""cuda"", ""random_seeds"": [2026]}, ""run"": {""family"": ""AUTOMATA"", ""scenario"": ""parameter_analysis"", ""seed"": 2026, ""split"": ""fold_0""}, ""training"": {""batch_size"": 32, ""early_stopping"": {""enabled"": true, ""patience"": 5}, ""epochs"": 50, ""optimizer"": ""adam""}}",SKAB,"[""valve1"", ""valve2""]",anomaly,"[""datetime"", ""changepoint"", ""source_group"", ""source_file""]",source_file,0.6,0.2,0.2,True,mean,standard,True,1,16,1,True,0.0,0.05,cuda,[2026],32,50,True,5,adam,0.1,4,3,4,1,True,levenshtein,True,0.0001,average_log_probability,0.05,AUTOMATA,2026,fold_0,parameter_analysis,5,5,,,
SKAB,2026,fold_1,5,5,0.6100558659217877,0.3,0.055384615384615386,0.09350649350649351,156,271,156,0.011135765943458251,16,"{""automata"": {""anomaly_threshold"": 0.1, ""decision"": {""fallback_quantile"": 0.05, ""score_field"": ""average_log_probability""}, ""paa"": {""window_size"": 4}, ""probability"": {""epsilon"": 0.0001, ""smoothing"": true}, ""sax"": {""alphabet_size"": 3}, ""sliding_window"": {""size"": 4, ""stride"": 1}, ""unseen_pattern"": {""enabled"": true, ""method"": ""levenshtein""}}, ""dataset"": {""config"": {""drop_columns"": [""datetime"", ""changepoint"", ""source_group"", ""source_file""], ""group_column"": ""source_file"", ""split"": {""test"": 0.2, ""train"": 0.6, ""validation"": 0.2}, ""target_column"": ""anomaly"", ""valve_folders"": [""valve1"", ""valve2""]}, ""name"": ""SKAB""}, ""extra"": {""alphabet_size"": 5, ""window_size"": 5}, ""noise"": {""enabled"": true, ""gaussian_mean"": 0.0, ""gaussian_std"": 0.05}, ""preprocessing"": {""missing_data"": {""enabled"": true, ""strategy"": ""mean""}, ""pca"": {""enabled"": true, ""n_components"": 1}, ""scaler"": ""standard"", ""sequence_length"": 16, ""sequence_stride"": 1}, ""project"": {""device"": ""cuda"", ""random_seeds"": [2026]}, ""run"": {""family"": ""AUTOMATA"", ""scenario"": ""parameter_analysis"", ""seed"": 2026, ""split"": ""fold_1""}, ""training"": {""batch_size"": 32, ""early_stopping"": {""enabled"": true, ""patience"": 5}, ""epochs"": 50, ""optimizer"": ""adam""}}",SKAB,"[""valve1"", ""valve2""]",anomaly,"[""datetime"", ""changepoint"", ""source_group"", ""source_file""]",source_file,0.6,0.2,0.2,True,mean,standard,True,1,16,1,True,0.0,0.05,cuda,[2026],32,50,True,5,adam,0.1,4,3,4,1,True,levenshtein,True,0.0001,average_log_probability,0.05,AUTOMATA,2026,fold_1,parameter_analysis,5,5,,,
SKAB,2026,fold_2,5,5,0.6080178173719376,0.3125,0.029411764705882353,0.053763440860215055,187,309,187,0.008836397952472189,0,"{""automata"": {""anomaly_threshold"": 0.1, ""decision"": {""fallback_quantile"": 0.05, ""score_field"": ""average_log_probability""}, ""paa"": {""window_size"": 4}, ""probability"": {""epsilon"": 0.0001, ""smoothing"": true}, ""sax"": {""alphabet_size"": 3}, ""sliding_window"": {""size"": 4, ""stride"": 1}, ""unseen_pattern"": {""enabled"": true, ""method"": ""levenshtein""}}, ""dataset"": {""config"": {""drop_columns"": [""datetime"", ""changepoint"", ""source_group"", ""source_file""], ""group_column"": ""source_file"", ""split"": {""test"": 0.2, ""train"": 0.6, ""validation"": 0.2}, ""target_column"": ""anomaly"", ""valve_folders"": [""valve1"", ""valve2""]}, ""name"": ""SKAB""}, ""extra"": {""alphabet_size"": 5, ""window_size"": 5}, ""noise"": {""enabled"": true, ""gaussian_mean"": 0.0, ""gaussian_std"": 0.05}, ""preprocessing"": {""missing_data"": {""enabled"": true, ""strategy"": ""mean""}, ""pca"": {""enabled"": true, ""n_components"": 1}, ""scaler"": ""standard"", ""sequence_length"": 16, ""sequence_stride"": 1}, ""project"": {""device"": ""cuda"", ""random_seeds"": [2026]}, ""run"": {""family"": ""AUTOMATA"", ""scenario"": ""parameter_analysis"", ""seed"": 2026, ""split"": ""fold_2""}, ""training"": {""batch_size"": 32, ""early_stopping"": {""enabled"": true, ""patience"": 5}, ""epochs"": 50, ""optimizer"": ""adam""}}",SKAB,"[""valve1"", ""valve2""]",anomaly,"[""datetime"", ""changepoint"", ""source_group"", ""source_file""]",source_file,0.6,0.2,0.2,True,mean,standard,True,1,16,1,True,0.0,0.05,cuda,[2026],32,50,True,5,adam,0.1,4,3,4,1,True,levenshtein,True,0.0001,average_log_probability,0.05,AUTOMATA,2026,fold_2,parameter_analysis,5,5,,,
SKAB,2026,fold_3,5,5,0.5665914221218962,0.16129032258064516,0.029239766081871343,0.04950495049504951,194,324,194,0.008608778828780955,26,"{""automata"": {""anomaly_threshold"": 0.1, ""decision"": {""fallback_quantile"": 0.05, ""score_field"": ""average_log_probability""}, ""paa"": {""window_size"": 4}, ""probability"": {""epsilon"": 0.0001, ""smoothing"": true}, ""sax"": {""alphabet_size"": 3}, ""sliding_window"": {""size"": 4, ""stride"": 1}, ""unseen_pattern"": {""enabled"": true, ""method"": ""levenshtein""}}, ""dataset"": {""config"": {""drop_columns"": [""datetime"", ""changepoint"", ""source_group"", ""source_file""], ""group_column"": ""source_file"", ""split"": {""test"": 0.2, ""train"": 0.6, ""validation"": 0.2}, ""target_column"": ""anomaly"", ""valve_folders"": [""valve1"", ""valve2""]}, ""name"": ""SKAB""}, ""extra"": {""alphabet_size"": 5, ""window_size"": 5}, ""noise"": {""enabled"": true, ""gaussian_mean"": 0.0, ""gaussian_std"": 0.05}, ""preprocessing"": {""missing_data"": {""enabled"": true, ""strategy"": ""mean""}, ""pca"": {""enabled"": true, ""n_components"": 1}, ""scaler"": ""standard"", ""sequence_length"": 16, ""sequence_stride"": 1}, ""project"": {""device"": ""cuda"", ""random_seeds"": [2026]}, ""run"": {""family"": ""AUTOMATA"", ""scenario"": ""parameter_analysis"", ""seed"": 2026, ""split"": ""fold_3""}, ""training"": {""batch_size"": 32, ""early_stopping"": {""enabled"": true, ""patience"": 5}, ""epochs"": 50, ""optimizer"": ""adam""}}",SKAB,"[""valve1"", ""valve2""]",anomaly,"[""datetime"", ""changepoint"", ""source_group"", ""source_file""]",source_file,0.6,0.2,0.2,True,mean,standard,True,1,16,1,True,0.0,0.05,cuda,[2026],32,50,True,5,adam,0.1,4,3,4,1,True,levenshtein,True,0.0001,average_log_probability,0.05,AUTOMATA,2026,fold_3,parameter_analysis,5,5,,,
SKAB,2026,fold_4,5,5,0.5559246954595792,0.24647887323943662,0.10638297872340426,0.14861995753715498,156,267,156,0.010971400394477318,76,"{""automata"": {""anomaly_threshold"": 0.1, ""decision"": {""fallback_quantile"": 0.05, ""score_field"": ""average_log_probability""}, ""paa"": {""window_size"": 4}, ""probability"": {""epsilon"": 0.0001, ""smoothing"": true}, ""sax"": {""alphabet_size"": 3}, ""sliding_window"": {""size"": 4, ""stride"": 1}, ""unseen_pattern"": {""enabled"": true, ""method"": ""levenshtein""}}, ""dataset"": {""config"": {""drop_columns"": [""datetime"", ""changepoint"", ""source_group"", ""source_file""], ""group_column"": ""source_file"", ""split"": {""test"": 0.2, ""train"": 0.6, ""validation"": 0.2}, ""target_column"": ""anomaly"", ""valve_folders"": [""valve1"", ""valve2""]}, ""name"": ""SKAB""}, ""extra"": {""alphabet_size"": 5, ""window_size"": 5}, ""noise"": {""enabled"": true, ""gaussian_mean"": 0.0, ""gaussian_std"": 0.05}, ""preprocessing"": {""missing_data"": {""enabled"": true, ""strategy"": ""mean""}, ""pca"": {""enabled"": true, ""n_components"": 1}, ""scaler"": ""standard"", ""sequence_length"": 16, ""sequence_stride"": 1}, ""project"": {""device"": ""cuda"", ""random_seeds"": [2026]}, ""run"": {""family"": ""AUTOMATA"", ""scenario"": ""parameter_analysis"", ""seed"": 2026, ""split"": ""fold_4""}, ""training"": {""batch_size"": 32, ""early_stopping"": {""enabled"": true, ""patience"": 5}, ""epochs"": 50, ""optimizer"": ""adam""}}",SKAB,"[""valve1"", ""valve2""]",anomaly,"[""datetime"", ""changepoint"", ""source_group"", ""source_file""]",source_file,0.6,0.2,0.2,True,mean,standard,True,1,16,1,True,0.0,0.05,cuda,[2026],32,50,True,5,adam,0.1,4,3,4,1,True,levenshtein,True,0.0001,average_log_probability,0.05,AUTOMATA,2026,fold_4,parameter_analysis,5,5,,,
SKAB,2026,fold_0,5,6,0.5798882681564246,0.19047619047619047,0.04938271604938271,0.0784313725490196,217,368,217,0.007814988638535539,45,"{""automata"": {""anomaly_threshold"": 0.1, ""decision"": {""fallback_quantile"": 0.05, ""score_field"": ""average_log_probability""}, ""paa"": {""window_size"": 4}, ""probability"": {""epsilon"": 0.0001, ""smoothing"": true}, ""sax"": {""alphabet_size"": 3}, ""sliding_window"": {""size"": 4, ""stride"": 1}, ""unseen_pattern"": {""enabled"": true, ""method"": ""levenshtein""}}, ""dataset"": {""config"": {""drop_columns"": [""datetime"", ""changepoint"", ""source_group"", ""source_file""], ""group_column"": ""source_file"", ""split"": {""test"": 0.2, ""train"": 0.6, ""validation"": 0.2}, ""target_column"": ""anomaly"", ""valve_folders"": [""valve1"", ""valve2""]}, ""name"": ""SKAB""}, ""extra"": {""alphabet_size"": 6, ""window_size"": 5}, ""noise"": {""enabled"": true, ""gaussian_mean"": 0.0, ""gaussian_std"": 0.05}, ""preprocessing"": {""missing_data"": {""enabled"": true, ""strategy"": ""mean""}, ""pca"": {""enabled"": true, ""n_components"": 1}, ""scaler"": ""standard"", ""sequence_length"": 16, ""sequence_stride"": 1}, ""project"": {""device"": ""cuda"", ""random_seeds"": [2026]}, ""run"": {""family"": ""AUTOMATA"", ""scenario"": ""parameter_analysis"", ""seed"": 2026, ""split"": ""fold_0""}, ""training"": {""batch_size"": 32, ""early_stopping"": {""enabled"": true, ""patience"": 5}, ""epochs"": 50, ""optimizer"": ""adam""}}",SKAB,"[""valve1"", ""valve2""]",anomaly,"[""datetime"", ""changepoint"", ""source_group"", ""source_file""]",source_file,0.6,0.2,0.2,True,mean,standard,True,1,16,1,True,0.0,0.05,cuda,[2026],32,50,True,5,adam,0.1,4,3,4,1,True,levenshtein,True,0.0001,average_log_probability,0.05,AUTOMATA,2026,fold_0,parameter_analysis,5,6,,,
SKAB,2026,fold_1,5,6,0.5966480446927375,0.29069767441860467,0.07692307692307693,0.12165450121654502,220,378,220,0.007809917355371901,26,"{""automata"": {""anomaly_threshold"": 0.1, ""decision"": {""fallback_quantile"": 0.05, ""score_field"": ""average_log_probability""}, ""paa"": {""window_size"": 4}, ""probability"": {""epsilon"": 0.0001, ""smoothing"": true}, ""sax"": {""alphabet_size"": 3}, ""sliding_window"": {""size"": 4, ""stride"": 1}, ""unseen_pattern"": {""enabled"": true, ""method"": ""levenshtein""}}, ""dataset"": {""config"": {""drop_columns"": [""datetime"", ""changepoint"", ""source_group"", ""source_file""], ""group_column"": ""source_file"", ""split"": {""test"": 0.2, ""train"": 0.6, ""validation"": 0.2}, ""target_column"": ""anomaly"", ""valve_folders"": [""valve1"", ""valve2""]}, ""name"": ""SKAB""}, ""extra"": {""alphabet_size"": 6, ""window_size"": 5}, ""noise"": {""enabled"": true, ""gaussian_mean"": 0.0, ""gaussian_std"": 0.05}, ""preprocessing"": {""missing_data"": {""enabled"": true, ""strategy"": ""mean""}, ""pca"": {""enabled"": true, ""n_components"": 1}, ""scaler"": ""standard"", ""sequence_length"": 16, ""sequence_stride"": 1}, ""project"": {""device"": ""cuda"", ""random_seeds"": [2026]}, ""run"": {""family"": ""AUTOMATA"", ""scenario"": ""parameter_analysis"", ""seed"": 2026, ""split"": ""fold_1""}, ""training"": {""batch_size"": 32, ""early_stopping"": {""enabled"": true, ""patience"": 5}, ""epochs"": 50, ""optimizer"": ""adam""}}",SKAB,"[""valve1"", ""valve2""]",anomaly,"[""datetime"", ""changepoint"", ""source_group"", ""source_file""]",source_file,0.6,0.2,0.2,True,mean,standard,True,1,16,1,True,0.0,0.05,cuda,[2026],32,50,True,5,adam,0.1,4,3,4,1,True,levenshtein,True,0.0001,average_log_probability,0.05,AUTOMATA,2026,fold_1,parameter_analysis,5,6,,,
SKAB,2026,fold_2,5,6,0.6080178173719376,0.36363636363636365,0.047058823529411764,0.08333333333333333,252,424,252,0.0066767447719828675,5,"{""automata"": {""anomaly_threshold"": 0.1, ""decision"": {""fallback_quantile"": 0.05, ""score_field"": ""average_log_probability""}, ""paa"": {""window_size"": 4}, ""probability"": {""epsilon"": 0.0001, ""smoothing"": true}, ""sax"": {""alphabet_size"": 3}, ""sliding_window"": {""size"": 4, ""stride"": 1}, ""unseen_pattern"": {""enabled"": true, ""method"": ""levenshtein""}}, ""dataset"": {""config"": {""drop_columns"": [""datetime"", ""changepoint"", ""source_group"", ""source_file""], ""group_column"": ""source_file"", ""split"": {""test"": 0.2, ""train"": 0.6, ""validation"": 0.2}, ""target_column"": ""anomaly"", ""valve_folders"": [""valve1"", ""valve2""]}, ""name"": ""SKAB""}, ""extra"": {""alphabet_size"": 6, ""window_size"": 5}, ""noise"": {""enabled"": true, ""gaussian_mean"": 0.0, ""gaussian_std"": 0.05}, ""preprocessing"": {""missing_data"": {""enabled"": true, ""strategy"": ""mean""}, ""pca"": {""enabled"": true, ""n_components"": 1}, ""scaler"": ""standard"", ""sequence_length"": 16, ""sequence_stride"": 1}, ""project"": {""device"": ""cuda"", ""random_seeds"": [2026]}, ""run"": {""family"": ""AUTOMATA"", ""scenario"": ""parameter_analysis"", ""seed"": 2026, ""split"": ""fold_2""}, ""training"": {""batch_size"": 32, ""early_stopping"": {""enabled"": true, ""patience"": 5}, ""epochs"": 50, ""optimizer"": ""adam""}}",SKAB,"[""valve1"", ""valve2""]",anomaly,"[""datetime"", ""changepoint"", ""source_group"", ""source_file""]",source_file,0.6,0.2,0.2,True,mean,standard,True,1,16,1,True,0.0,0.05,cuda,[2026],32,50,True,5,adam,0.1,4,3,4,1,True,levenshtein,True,0.0001,average_log_probability,0.05,AUTOMATA,2026,fold_2,parameter_analysis,5,6,,,
SKAB,2026,fold_3,5,6,0.5812641083521445,0.3333333333333333,0.0847953216374269,0.1351981351981352,254,434,254,0.006727013454026908,38,"{""automata"": {""anomaly_threshold"": 0.1, ""decision"": {""fallback_quantile"": 0.05, ""score_field"": ""average_log_probability""}, ""paa"": {""window_size"": 4}, ""probability"": {""epsilon"": 0.0001, ""smoothing"": true}, ""sax"": {""alphabet_size"": 3}, ""sliding_window"": {""size"": 4, ""stride"": 1}, ""unseen_pattern"": {""enabled"": true, ""method"": ""levenshtein""}}, ""dataset"": {""config"": {""drop_columns"": [""datetime"", ""changepoint"", ""source_group"", ""source_file""], ""group_column"": ""source_file"", ""split"": {""test"": 0.2, ""train"": 0.6, ""validation"": 0.2}, ""target_column"": ""anomaly"", ""valve_folders"": [""valve1"", ""valve2""]}, ""name"": ""SKAB""}, ""extra"": {""alphabet_size"": 6, ""window_size"": 5}, ""noise"": {""enabled"": true, ""gaussian_mean"": 0.0, ""gaussian_std"": 0.05}, ""preprocessing"": {""missing_data"": {""enabled"": true, ""strategy"": ""mean""}, ""pca"": {""enabled"": true, ""n_components"": 1}, ""scaler"": ""standard"", ""sequence_length"": 16, ""sequence_stride"": 1}, ""project"": {""device"": ""cuda"", ""random_seeds"": [2026]}, ""run"": {""family"": ""AUTOMATA"", ""scenario"": ""parameter_analysis"", ""seed"": 2026, ""split"": ""fold_3""}, ""training"": {""batch_size"": 32, ""early_stopping"": {""enabled"": true, ""patience"": 5}, ""epochs"": 50, ""optimizer"": ""adam""}}",SKAB,"[""valve1"", ""valve2""]",anomaly,"[""datetime"", ""changepoint"", ""source_group"", ""source_file""]",source_file,0.6,0.2,0.2,True,mean,standard,True,1,16,1,True,0.0,0.05,cuda,[2026],32,50,True,5,adam,0.1,4,3,4,1,True,levenshtein,True,0.0001,average_log_probability,0.05,AUTOMATA,2026,fold_3,parameter_analysis,5,6,,,
SKAB,2026,fold_4,5,6,0.5592469545957918,0.351931330472103,0.24924012158054712,0.2918149466192171,219,372,219,0.007756301995371239,152,"{""automata"": {""anomaly_threshold"": 0.1, ""decision"": {""fallback_quantile"": 0.05, ""score_field"": ""average_log_probability""}, ""paa"": {""window_size"": 4}, ""probability"": {""epsilon"": 0.0001, ""smoothing"": true}, ""sax"": {""alphabet_size"": 3}, ""sliding_window"": {""size"": 4, ""stride"": 1}, ""unseen_pattern"": {""enabled"": true, ""method"": ""levenshtein""}}, ""dataset"": {""config"": {""drop_columns"": [""datetime"", ""changepoint"", ""source_group"", ""source_file""], ""group_column"": ""source_file"", ""split"": {""test"": 0.2, ""train"": 0.6, ""validation"": 0.2}, ""target_column"": ""anomaly"", ""valve_folders"": [""valve1"", ""valve2""]}, ""name"": ""SKAB""}, ""extra"": {""alphabet_size"": 6, ""window_size"": 5}, ""noise"": {""enabled"": true, ""gaussian_mean"": 0.0, ""gaussian_std"": 0.05}, ""preprocessing"": {""missing_data"": {""enabled"": true, ""strategy"": ""mean""}, ""pca"": {""enabled"": true, ""n_components"": 1}, ""scaler"": ""standard"", ""sequence_length"": 16, ""sequence_stride"": 1}, ""project"": {""device"": ""cuda"", ""random_seeds"": [2026]}, ""run"": {""family"": ""AUTOMATA"", ""scenario"": ""parameter_analysis"", ""seed"": 2026, ""split"": ""fold_4""}, ""training"": {""batch_size"": 32, ""early_stopping"": {""enabled"": true, ""patience"": 5}, ""epochs"": 50, ""optimizer"": ""adam""}}",SKAB,"[""valve1"", ""valve2""]",anomaly,"[""datetime"", ""changepoint"", ""source_group"", ""source_file""]",source_file,0.6,0.2,0.2,True,mean,standard,True,1,16,1,True,0.0,0.05,cuda,[2026],32,50,True,5,adam,0.1,4,3,4,1,True,levenshtein,True,0.0001,average_log_probability,0.05,AUTOMATA,2026,fold_4,parameter_analysis,5,6,,,
SKAB,2026,fold_0,6,3,0.5913978494623656,0.15789473684210525,0.02158273381294964,0.0379746835443038,131,214,131,0.012470135772973604,11,"{""automata"": {""anomaly_threshold"": 0.1, ""decision"": {""fallback_quantile"": 0.05, ""score_field"": ""average_log_probability""}, ""paa"": {""window_size"": 4}, ""probability"": {""epsilon"": 0.0001, ""smoothing"": true}, ""sax"": {""alphabet_size"": 3}, ""sliding_window"": {""size"": 4, ""stride"": 1}, ""unseen_pattern"": {""enabled"": true, ""method"": ""levenshtein""}}, ""dataset"": {""config"": {""drop_columns"": [""datetime"", ""changepoint"", ""source_group"", ""source_file""], ""group_column"": ""source_file"", ""split"": {""test"": 0.2, ""train"": 0.6, ""validation"": 0.2}, ""target_column"": ""anomaly"", ""valve_folders"": [""valve1"", ""valve2""]}, ""name"": ""SKAB""}, ""extra"": {""alphabet_size"": 3, ""window_size"": 6}, ""noise"": {""enabled"": true, ""gaussian_mean"": 0.0, ""gaussian_std"": 0.05}, ""preprocessing"": {""missing_data"": {""enabled"": true, ""strategy"": ""mean""}, ""pca"": {""enabled"": true, ""n_components"": 1}, ""scaler"": ""standard"", ""sequence_length"": 16, ""sequence_stride"": 1}, ""project"": {""device"": ""cuda"", ""random_seeds"": [2026]}, ""run"": {""family"": ""AUTOMATA"", ""scenario"": ""parameter_analysis"", ""seed"": 2026, ""split"": ""fold_0""}, ""training"": {""batch_size"": 32, ""early_stopping"": {""enabled"": true, ""patience"": 5}, ""epochs"": 50, ""optimizer"": ""adam""}}",SKAB,"[""valve1"", ""valve2""]",anomaly,"[""datetime"", ""changepoint"", ""source_group"", ""source_file""]",source_file,0.6,0.2,0.2,True,mean,standard,True,1,16,1,True,0.0,0.05,cuda,[2026],32,50,True,5,adam,0.1,4,3,4,1,True,levenshtein,True,0.0001,average_log_probability,0.05,AUTOMATA,2026,fold_0,parameter_analysis,6,3,,,
SKAB,2026,fold_1,6,3,0.6263440860215054,0.5,0.050359712230215826,0.0915032679738562,130,215,130,0.01272189349112426,5,"{""automata"": {""anomaly_threshold"": 0.1, ""decision"": {""fallback_quantile"": 0.05, ""score_field"": ""average_log_probability""}, ""paa"": {""window_size"": 4}, ""probability"": {""epsilon"": 0.0001, ""smoothing"": true}, ""sax"": {""alphabet_size"": 3}, ""sliding_window"": {""size"": 4, ""stride"": 1}, ""unseen_pattern"": {""enabled"": true, ""method"": ""levenshtein""}}, ""dataset"": {""config"": {""drop_columns"": [""datetime"", ""changepoint"", ""source_group"", ""source_file""], ""group_column"": ""source_file"", ""split"": {""test"": 0.2, ""train"": 0.6, ""validation"": 0.2}, ""target_column"": ""anomaly"", ""valve_folders"": [""valve1"", ""valve2""]}, ""name"": ""SKAB""}, ""extra"": {""alphabet_size"": 3, ""window_size"": 6}, ""noise"": {""enabled"": true, ""gaussian_mean"": 0.0, ""gaussian_std"": 0.05}, ""preprocessing"": {""missing_data"": {""enabled"": true, ""strategy"": ""mean""}, ""pca"": {""enabled"": true, ""n_components"": 1}, ""scaler"": ""standard"", ""sequence_length"": 16, ""sequence_stride"": 1}, ""project"": {""device"": ""cuda"", ""random_seeds"": [2026]}, ""run"": {""family"": ""AUTOMATA"", ""scenario"": ""parameter_analysis"", ""seed"": 2026, ""split"": ""fold_1""}, ""training"": {""batch_size"": 32, ""early_stopping"": {""enabled"": true, ""patience"": 5}, ""epochs"": 50, ""optimizer"": ""adam""}}",SKAB,"[""valve1"", ""valve2""]",anomaly,"[""datetime"", ""changepoint"", ""source_group"", ""source_file""]",source_file,0.6,0.2,0.2,True,mean,standard,True,1,16,1,True,0.0,0.05,cuda,[2026],32,50,True,5,adam,0.1,4,3,4,1,True,levenshtein,True,0.0001,average_log_probability,0.05,AUTOMATA,2026,fold_1,parameter_analysis,6,3,,,
SKAB,2026,fold_2,6,3,0.6024096385542169,0.40540540540540543,0.05172413793103448,0.09174311926605505,125,204,125,0.013056,5,"{""automata"": {""anomaly_threshold"": 0.1, ""decision"": {""fallback_quantile"": 0.05, ""score_field"": ""average_log_probability""}, ""paa"": {""window_size"": 4}, ""probability"": {""epsilon"": 0.0001, ""smoothing"": true}, ""sax"": {""alphabet_size"": 3}, ""sliding_window"": {""size"": 4, ""stride"": 1}, ""unseen_pattern"": {""enabled"": true, ""method"": ""levenshtein""}}, ""dataset"": {""config"": {""drop_columns"": [""datetime"", ""changepoint"", ""source_group"", ""source_file""], ""group_column"": ""source_file"", ""split"": {""test"": 0.2, ""train"": 0.6, ""validation"": 0.2}, ""target_column"": ""anomaly"", ""valve_folders"": [""valve1"", ""valve2""]}, ""name"": ""SKAB""}, ""extra"": {""alphabet_size"": 3, ""window_size"": 6}, ""noise"": {""enabled"": true, ""gaussian_mean"": 0.0, ""gaussian_std"": 0.05}, ""preprocessing"": {""missing_data"": {""enabled"": true, ""strategy"": ""mean""}, ""pca"": {""enabled"": true, ""n_components"": 1}, ""scaler"": ""standard"", ""sequence_length"": 16, ""sequence_stride"": 1}, ""project"": {""device"": ""cuda"", ""random_seeds"": [2026]}, ""run"": {""family"": ""AUTOMATA"", ""scenario"": ""parameter_analysis"", ""seed"": 2026, ""split"": ""fold_2""}, ""training"": {""batch_size"": 32, ""early_stopping"": {""enabled"": true, ""patience"": 5}, ""epochs"": 50, ""optimizer"": ""adam""}}",SKAB,"[""valve1"", ""valve2""]",anomaly,"[""datetime"", ""changepoint"", ""source_group"", ""source_file""]",source_file,0.6,0.2,0.2,True,mean,standard,True,1,16,1,True,0.0,0.05,cuda,[2026],32,50,True,5,adam,0.1,4,3,4,1,True,levenshtein,True,0.0001,average_log_probability,0.05,AUTOMATA,2026,fold_2,parameter_analysis,6,3,,,
SKAB,2026,fold_3,6,3,0.5698778833107191,0.20454545454545456,0.030927835051546393,0.05373134328358209,113,180,113,0.014096640300728326,13,"{""automata"": {""anomaly_threshold"": 0.1, ""decision"": {""fallback_quantile"": 0.05, ""score_field"": ""average_log_probability""}, ""paa"": {""window_size"": 4}, ""probability"": {""epsilon"": 0.0001, ""smoothing"": true}, ""sax"": {""alphabet_size"": 3}, ""sliding_window"": {""size"": 4, ""stride"": 1}, ""unseen_pattern"": {""enabled"": true, ""method"": ""levenshtein""}}, ""dataset"": {""config"": {""drop_columns"": [""datetime"", ""changepoint"", ""source_group"", ""source_file""], ""group_column"": ""source_file"", ""split"": {""test"": 0.2, ""train"": 0.6, ""validation"": 0.2}, ""target_column"": ""anomaly"", ""valve_folders"": [""valve1"", ""valve2""]}, ""name"": ""SKAB""}, ""extra"": {""alphabet_size"": 3, ""window_size"": 6}, ""noise"": {""enabled"": true, ""gaussian_mean"": 0.0, ""gaussian_std"": 0.05}, ""preprocessing"": {""missing_data"": {""enabled"": true, ""strategy"": ""mean""}, ""pca"": {""enabled"": true, ""n_components"": 1}, ""scaler"": ""standard"", ""sequence_length"": 16, ""sequence_stride"": 1}, ""project"": {""device"": ""cuda"", ""random_seeds"": [2026]}, ""run"": {""family"": ""AUTOMATA"", ""scenario"": ""parameter_analysis"", ""seed"": 2026, ""split"": ""fold_3""}, ""training"": {""batch_size"": 32, ""early_stopping"": {""enabled"": true, ""patience"": 5}, ""epochs"": 50, ""optimizer"": ""adam""}}",SKAB,"[""valve1"", ""valve2""]",anomaly,"[""datetime"", ""changepoint"", ""source_group"", ""source_file""]",source_file,0.6,0.2,0.2,True,mean,standard,True,1,16,1,True,0.0,0.05,cuda,[2026],32,50,True,5,adam,0.1,4,3,4,1,True,levenshtein,True,0.0001,average_log_probability,0.05,AUTOMATA,2026,fold_3,parameter_analysis,6,3,,,
SKAB,2026,fold_4,6,3,0.625832223701731,0.5172413793103449,0.10600706713780919,0.17595307917888564,107,177,107,0.015459865490435846,22,"{""automata"": {""anomaly_threshold"": 0.1, ""decision"": {""fallback_quantile"": 0.05, ""score_field"": ""average_log_probability""}, ""paa"": {""window_size"": 4}, ""probability"": {""epsilon"": 0.0001, ""smoothing"": true}, ""sax"": {""alphabet_size"": 3}, ""sliding_window"": {""size"": 4, ""stride"": 1}, ""unseen_pattern"": {""enabled"": true, ""method"": ""levenshtein""}}, ""dataset"": {""config"": {""drop_columns"": [""datetime"", ""changepoint"", ""source_group"", ""source_file""], ""group_column"": ""source_file"", ""split"": {""test"": 0.2, ""train"": 0.6, ""validation"": 0.2}, ""target_column"": ""anomaly"", ""valve_folders"": [""valve1"", ""valve2""]}, ""name"": ""SKAB""}, ""extra"": {""alphabet_size"": 3, ""window_size"": 6}, ""noise"": {""enabled"": true, ""gaussian_mean"": 0.0, ""gaussian_std"": 0.05}, ""preprocessing"": {""missing_data"": {""enabled"": true, ""strategy"": ""mean""}, ""pca"": {""enabled"": true, ""n_components"": 1}, ""scaler"": ""standard"", ""sequence_length"": 16, ""sequence_stride"": 1}, ""project"": {""device"": ""cuda"", ""random_seeds"": [2026]}, ""run"": {""family"": ""AUTOMATA"", ""scenario"": ""parameter_analysis"", ""seed"": 2026, ""split"": ""fold_4""}, ""training"": {""batch_size"": 32, ""early_stopping"": {""enabled"": true, ""patience"": 5}, ""epochs"": 50, ""optimizer"": ""adam""}}",SKAB,"[""valve1"", ""valve2""]",anomaly,"[""datetime"", ""changepoint"", ""source_group"", ""source_file""]",source_file,0.6,0.2,0.2,True,mean,standard,True,1,16,1,True,0.0,0.05,cuda,[2026],32,50,True,5,adam,0.1,4,3,4,1,True,levenshtein,True,0.0001,average_log_probability,0.05,AUTOMATA,2026,fold_4,parameter_analysis,6,3,,,
SKAB,2026,fold_0,6,4,0.5725806451612904,0.1875,0.04316546762589928,0.07017543859649122,174,292,174,0.00964460298586339,20,"{""automata"": {""anomaly_threshold"": 0.1, ""decision"": {""fallback_quantile"": 0.05, ""score_field"": ""average_log_probability""}, ""paa"": {""window_size"": 4}, ""probability"": {""epsilon"": 0.0001, ""smoothing"": true}, ""sax"": {""alphabet_size"": 3}, ""sliding_window"": {""size"": 4, ""stride"": 1}, ""unseen_pattern"": {""enabled"": true, ""method"": ""levenshtein""}}, ""dataset"": {""config"": {""drop_columns"": [""datetime"", ""changepoint"", ""source_group"", ""source_file""], ""group_column"": ""source_file"", ""split"": {""test"": 0.2, ""train"": 0.6, ""validation"": 0.2}, ""target_column"": ""anomaly"", ""valve_folders"": [""valve1"", ""valve2""]}, ""name"": ""SKAB""}, ""extra"": {""alphabet_size"": 4, ""window_size"": 6}, ""noise"": {""enabled"": true, ""gaussian_mean"": 0.0, ""gaussian_std"": 0.05}, ""preprocessing"": {""missing_data"": {""enabled"": true, ""strategy"": ""mean""}, ""pca"": {""enabled"": true, ""n_components"": 1}, ""scaler"": ""standard"", ""sequence_length"": 16, ""sequence_stride"": 1}, ""project"": {""device"": ""cuda"", ""random_seeds"": [2026]}, ""run"": {""family"": ""AUTOMATA"", ""scenario"": ""parameter_analysis"", ""seed"": 2026, ""split"": ""fold_0""}, ""training"": {""batch_size"": 32, ""early_stopping"": {""enabled"": true, ""patience"": 5}, ""epochs"": 50, ""optimizer"": ""adam""}}",SKAB,"[""valve1"", ""valve2""]",anomaly,"[""datetime"", ""changepoint"", ""source_group"", ""source_file""]",source_file,0.6,0.2,0.2,True,mean,standard,True,1,16,1,True,0.0,0.05,cuda,[2026],32,50,True,5,adam,0.1,4,3,4,1,True,levenshtein,True,0.0001,average_log_probability,0.05,AUTOMATA,2026,fold_0,parameter_analysis,6,4,,,
SKAB,2026,fold_1,6,4,0.5604838709677419,0.12307692307692308,0.02877697841726619,0.04664723032069971,190,290,190,0.008033240997229917,29,"{""automata"": {""anomaly_threshold"": 0.1, ""decision"": {""fallback_quantile"": 0.05, ""score_field"": ""average_log_probability""}, ""paa"": {""window_size"": 4}, ""probability"": {""epsilon"": 0.0001, ""smoothing"": true}, ""sax"": {""alphabet_size"": 3}, ""sliding_window"": {""size"": 4, ""stride"": 1}, ""unseen_pattern"": {""enabled"": true, ""method"": ""levenshtein""}}, ""dataset"": {""config"": {""drop_columns"": [""datetime"", ""changepoint"", ""source_group"", ""source_file""], ""group_column"": ""source_file"", ""split"": {""test"": 0.2, ""train"": 0.6, ""validation"": 0.2}, ""target_column"": ""anomaly"", ""valve_folders"": [""valve1"", ""valve2""]}, ""name"": ""SKAB""}, ""extra"": {""alphabet_size"": 4, ""window_size"": 6}, ""noise"": {""enabled"": true, ""gaussian_mean"": 0.0, ""gaussian_std"": 0.05}, ""preprocessing"": {""missing_data"": {""enabled"": true, ""strategy"": ""mean""}, ""pca"": {""enabled"": true, ""n_components"": 1}, ""scaler"": ""standard"", ""sequence_length"": 16, ""sequence_stride"": 1}, ""project"": {""device"": ""cuda"", ""random_seeds"": [2026]}, ""run"": {""family"": ""AUTOMATA"", ""scenario"": ""parameter_analysis"", ""seed"": 2026, ""split"": ""fold_1""}, ""training"": {""batch_size"": 32, ""early_stopping"": {""enabled"": true, ""patience"": 5}, ""epochs"": 50, ""optimizer"": ""adam""}}",SKAB,"[""valve1"", ""valve2""]",anomaly,"[""datetime"", ""changepoint"", ""source_group"", ""source_file""]",source_file,0.6,0.2,0.2,True,mean,standard,True,1,16,1,True,0.0,0.05,cuda,[2026],32,50,True,5,adam,0.1,4,3,4,1,True,levenshtein,True,0.0001,average_log_probability,0.05,AUTOMATA,2026,fold_1,parameter_analysis,6,4,,,
SKAB,2026,fold_2,6,4,0.606425702811245,0.3888888888888889,0.02413793103448276,0.045454545454545456,221,343,221,0.007022788231199197,5,"{""automata"": {""anomaly_threshold"": 0.1, ""decision"": {""fallback_quantile"": 0.05, ""score_field"": ""average_log_probability""}, ""paa"": {""window_size"": 4}, ""probability"": {""epsilon"": 0.0001, ""smoothing"": true}, ""sax"": {""alphabet_size"": 3}, ""sliding_window"": {""size"": 4, ""stride"": 1}, ""unseen_pattern"": {""enabled"": true, ""method"": ""levenshtein""}}, ""dataset"": {""config"": {""drop_columns"": [""datetime"", ""changepoint"", ""source_group"", ""source_file""], ""group_column"": ""source_file"", ""split"": {""test"": 0.2, ""train"": 0.6, ""validation"": 0.2}, ""target_column"": ""anomaly"", ""valve_folders"": [""valve1"", ""valve2""]}, ""name"": ""SKAB""}, ""extra"": {""alphabet_size"": 4, ""window_size"": 6}, ""noise"": {""enabled"": true, ""gaussian_mean"": 0.0, ""gaussian_std"": 0.05}, ""preprocessing"": {""missing_data"": {""enabled"": true, ""strategy"": ""mean""}, ""pca"": {""enabled"": true, ""n_components"": 1}, ""scaler"": ""standard"", ""sequence_length"": 16, ""sequence_stride"": 1}, ""project"": {""device"": ""cuda"", ""random_seeds"": [2026]}, ""run"": {""family"": ""AUTOMATA"", ""scenario"": ""parameter_analysis"", ""seed"": 2026, ""split"": ""fold_2""}, ""training"": {""batch_size"": 32, ""early_stopping"": {""enabled"": true, ""patience"": 5}, ""epochs"": 50, ""optimizer"": ""adam""}}",SKAB,"[""valve1"", ""valve2""]",anomaly,"[""datetime"", ""changepoint"", ""source_group"", ""source_file""]",source_file,0.6,0.2,0.2,True,mean,standard,True,1,16,1,True,0.0,0.05,cuda,[2026],32,50,True,5,adam,0.1,4,3,4,1,True,levenshtein,True,0.0001,average_log_probability,0.05,AUTOMATA,2026,fold_2,parameter_analysis,6,4,,,
SKAB,2026,fold_3,6,4,0.5590230664857531,0.21666666666666667,0.044673539518900345,0.07407407407407407,180,288,180,0.008888888888888889,30,"{""automata"": {""anomaly_threshold"": 0.1, ""decision"": {""fallback_quantile"": 0.05, ""score_field"": ""average_log_probability""}, ""paa"": {""window_size"": 4}, ""probability"": {""epsilon"": 0.0001, ""smoothing"": true}, ""sax"": {""alphabet_size"": 3}, ""sliding_window"": {""size"": 4, ""stride"": 1}, ""unseen_pattern"": {""enabled"": true, ""method"": ""levenshtein""}}, ""dataset"": {""config"": {""drop_columns"": [""datetime"", ""changepoint"", ""source_group"", ""source_file""], ""group_column"": ""source_file"", ""split"": {""test"": 0.2, ""train"": 0.6, ""validation"": 0.2}, ""target_column"": ""anomaly"", ""valve_folders"": [""valve1"", ""valve2""]}, ""name"": ""SKAB""}, ""extra"": {""alphabet_size"": 4, ""window_size"": 6}, ""noise"": {""enabled"": true, ""gaussian_mean"": 0.0, ""gaussian_std"": 0.05}, ""preprocessing"": {""missing_data"": {""enabled"": true, ""strategy"": ""mean""}, ""pca"": {""enabled"": true, ""n_components"": 1}, ""scaler"": ""standard"", ""sequence_length"": 16, ""sequence_stride"": 1}, ""project"": {""device"": ""cuda"", ""random_seeds"": [2026]}, ""run"": {""family"": ""AUTOMATA"", ""scenario"": ""parameter_analysis"", ""seed"": 2026, ""split"": ""fold_3""}, ""training"": {""batch_size"": 32, ""early_stopping"": {""enabled"": true, ""patience"": 5}, ""epochs"": 50, ""optimizer"": ""adam""}}",SKAB,"[""valve1"", ""valve2""]",anomaly,"[""datetime"", ""changepoint"", ""source_group"", ""source_file""]",source_file,0.6,0.2,0.2,True,mean,standard,True,1,16,1,True,0.0,0.05,cuda,[2026],32,50,True,5,adam,0.1,4,3,4,1,True,levenshtein,True,0.0001,average_log_probability,0.05,AUTOMATA,2026,fold_3,parameter_analysis,6,4,,,
SKAB,2026,fold_4,6,4,0.6151797603195739,0.4797297297297297,0.2508833922261484,0.3294663573085847,170,259,170,0.008961937716262976,82,"{""automata"": {""anomaly_threshold"": 0.1, ""decision"": {""fallback_quantile"": 0.05, ""score_field"": ""average_log_probability""}, ""paa"": {""window_size"": 4}, ""probability"": {""epsilon"": 0.0001, ""smoothing"": true}, ""sax"": {""alphabet_size"": 3}, ""sliding_window"": {""size"": 4, ""stride"": 1}, ""unseen_pattern"": {""enabled"": true, ""method"": ""levenshtein""}}, ""dataset"": {""config"": {""drop_columns"": [""datetime"", ""changepoint"", ""source_group"", ""source_file""], ""group_column"": ""source_file"", ""split"": {""test"": 0.2, ""train"": 0.6, ""validation"": 0.2}, ""target_column"": ""anomaly"", ""valve_folders"": [""valve1"", ""valve2""]}, ""name"": ""SKAB""}, ""extra"": {""alphabet_size"": 4, ""window_size"": 6}, ""noise"": {""enabled"": true, ""gaussian_mean"": 0.0, ""gaussian_std"": 0.05}, ""preprocessing"": {""missing_data"": {""enabled"": true, ""strategy"": ""mean""}, ""pca"": {""enabled"": true, ""n_components"": 1}, ""scaler"": ""standard"", ""sequence_length"": 16, ""sequence_stride"": 1}, ""project"": {""device"": ""cuda"", ""random_seeds"": [2026]}, ""run"": {""family"": ""AUTOMATA"", ""scenario"": ""parameter_analysis"", ""seed"": 2026, ""split"": ""fold_4""}, ""training"": {""batch_size"": 32, ""early_stopping"": {""enabled"": true, ""patience"": 5}, ""epochs"": 50, ""optimizer"": ""adam""}}",SKAB,"[""valve1"", ""valve2""]",anomaly,"[""datetime"", ""changepoint"", ""source_group"", ""source_file""]",source_file,0.6,0.2,0.2,True,mean,standard,True,1,16,1,True,0.0,0.05,cuda,[2026],32,50,True,5,adam,0.1,4,3,4,1,True,levenshtein,True,0.0001,average_log_probability,0.05,AUTOMATA,2026,fold_4,parameter_analysis,6,4,,,
SKAB,2026,fold_0,6,5,0.5698924731182796,0.3018867924528302,0.11510791366906475,0.16666666666666666,256,391,256,0.0059661865234375,52,"{""automata"": {""anomaly_threshold"": 0.1, ""decision"": {""fallback_quantile"": 0.05, ""score_field"": ""average_log_probability""}, ""paa"": {""window_size"": 4}, ""probability"": {""epsilon"": 0.0001, ""smoothing"": true}, ""sax"": {""alphabet_size"": 3}, ""sliding_window"": {""size"": 4, ""stride"": 1}, ""unseen_pattern"": {""enabled"": true, ""method"": ""levenshtein""}}, ""dataset"": {""config"": {""drop_columns"": [""datetime"", ""changepoint"", ""source_group"", ""source_file""], ""group_column"": ""source_file"", ""split"": {""test"": 0.2, ""train"": 0.6, ""validation"": 0.2}, ""target_column"": ""anomaly"", ""valve_folders"": [""valve1"", ""valve2""]}, ""name"": ""SKAB""}, ""extra"": {""alphabet_size"": 5, ""window_size"": 6}, ""noise"": {""enabled"": true, ""gaussian_mean"": 0.0, ""gaussian_std"": 0.05}, ""preprocessing"": {""missing_data"": {""enabled"": true, ""strategy"": ""mean""}, ""pca"": {""enabled"": true, ""n_components"": 1}, ""scaler"": ""standard"", ""sequence_length"": 16, ""sequence_stride"": 1}, ""project"": {""device"": ""cuda"", ""random_seeds"": [2026]}, ""run"": {""family"": ""AUTOMATA"", ""scenario"": ""parameter_analysis"", ""seed"": 2026, ""split"": ""fold_0""}, ""training"": {""batch_size"": 32, ""early_stopping"": {""enabled"": true, ""patience"": 5}, ""epochs"": 50, ""optimizer"": ""adam""}}",SKAB,"[""valve1"", ""valve2""]",anomaly,"[""datetime"", ""changepoint"", ""source_group"", ""source_file""]",source_file,0.6,0.2,0.2,True,mean,standard,True,1,16,1,True,0.0,0.05,cuda,[2026],32,50,True,5,adam,0.1,4,3,4,1,True,levenshtein,True,0.0001,average_log_probability,0.05,AUTOMATA,2026,fold_0,parameter_analysis,6,5,,,
SKAB,2026,fold_1,6,5,0.5806451612903226,0.2926829268292683,0.08633093525179857,0.13333333333333333,270,414,270,0.005679012345679012,35,"{""automata"": {""anomaly_threshold"": 0.1, ""decision"": {""fallback_quantile"": 0.05, ""score_field"": ""average_log_probability""}, ""paa"": {""window_size"": 4}, ""probability"": {""epsilon"": 0.0001, ""smoothing"": true}, ""sax"": {""alphabet_size"": 3}, ""sliding_window"": {""size"": 4, ""stride"": 1}, ""unseen_pattern"": {""enabled"": true, ""method"": ""levenshtein""}}, ""dataset"": {""config"": {""drop_columns"": [""datetime"", ""changepoint"", ""source_group"", ""source_file""], ""group_column"": ""source_file"", ""split"": {""test"": 0.2, ""train"": 0.6, ""validation"": 0.2}, ""target_column"": ""anomaly"", ""valve_folders"": [""valve1"", ""valve2""]}, ""name"": ""SKAB""}, ""extra"": {""alphabet_size"": 5, ""window_size"": 6}, ""noise"": {""enabled"": true, ""gaussian_mean"": 0.0, ""gaussian_std"": 0.05}, ""preprocessing"": {""missing_data"": {""enabled"": true, ""strategy"": ""mean""}, ""pca"": {""enabled"": true, ""n_components"": 1}, ""scaler"": ""standard"", ""sequence_length"": 16, ""sequence_stride"": 1}, ""project"": {""device"": ""cuda"", ""random_seeds"": [2026]}, ""run"": {""family"": ""AUTOMATA"", ""scenario"": ""parameter_analysis"", ""seed"": 2026, ""split"": ""fold_1""}, ""training"": {""batch_size"": 32, ""early_stopping"": {""enabled"": true, ""patience"": 5}, ""epochs"": 50, ""optimizer"": ""adam""}}",SKAB,"[""valve1"", ""valve2""]",anomaly,"[""datetime"", ""changepoint"", ""source_group"", ""source_file""]",source_file,0.6,0.2,0.2,True,mean,standard,True,1,16,1,True,0.0,0.05,cuda,[2026],32,50,True,5,adam,0.1,4,3,4,1,True,levenshtein,True,0.0001,average_log_probability,0.05,AUTOMATA,2026,fold_1,parameter_analysis,6,5,,,
SKAB,2026,fold_2,6,5,0.5903614457831325,0.3,0.041379310344827586,0.07272727272727272,300,447,300,0.004966666666666667,5,"{""automata"": {""anomaly_threshold"": 0.1, ""decision"": {""fallback_quantile"": 0.05, ""score_field"": ""average_log_probability""}, ""paa"": {""window_size"": 4}, ""probability"": {""epsilon"": 0.0001, ""smoothing"": true}, ""sax"": {""alphabet_size"": 3}, ""sliding_window"": {""size"": 4, ""stride"": 1}, ""unseen_pattern"": {""enabled"": true, ""method"": ""levenshtein""}}, ""dataset"": {""config"": {""drop_columns"": [""datetime"", ""changepoint"", ""source_group"", ""source_file""], ""group_column"": ""source_file"", ""split"": {""test"": 0.2, ""train"": 0.6, ""validation"": 0.2}, ""target_column"": ""anomaly"", ""valve_folders"": [""valve1"", ""valve2""]}, ""name"": ""SKAB""}, ""extra"": {""alphabet_size"": 5, ""window_size"": 6}, ""noise"": {""enabled"": true, ""gaussian_mean"": 0.0, ""gaussian_std"": 0.05}, ""preprocessing"": {""missing_data"": {""enabled"": true, ""strategy"": ""mean""}, ""pca"": {""enabled"": true, ""n_components"": 1}, ""scaler"": ""standard"", ""sequence_length"": 16, ""sequence_stride"": 1}, ""project"": {""device"": ""cuda"", ""random_seeds"": [2026]}, ""run"": {""family"": ""AUTOMATA"", ""scenario"": ""parameter_analysis"", ""seed"": 2026, ""split"": ""fold_2""}, ""training"": {""batch_size"": 32, ""early_stopping"": {""enabled"": true, ""patience"": 5}, ""epochs"": 50, ""optimizer"": ""adam""}}",SKAB,"[""valve1"", ""valve2""]",anomaly,"[""datetime"", ""changepoint"", ""source_group"", ""source_file""]",source_file,0.6,0.2,0.2,True,mean,standard,True,1,16,1,True,0.0,0.05,cuda,[2026],32,50,True,5,adam,0.1,4,3,4,1,True,levenshtein,True,0.0001,average_log_probability,0.05,AUTOMATA,2026,fold_2,parameter_analysis,6,5,,,
SKAB,2026,fold_3,6,5,0.5590230664857531,0.22580645161290322,0.048109965635738834,0.07932011331444759,272,444,272,0.006001297577854671,33,"{""automata"": {""anomaly_threshold"": 0.1, ""decision"": {""fallback_quantile"": 0.05, ""score_field"": ""average_log_probability""}, ""paa"": {""window_size"": 4}, ""probability"": {""epsilon"": 0.0001, ""smoothing"": true}, ""sax"": {""alphabet_size"": 3}, ""sliding_window"": {""size"": 4, ""stride"": 1}, ""unseen_pattern"": {""enabled"": true, ""method"": ""levenshtein""}}, ""dataset"": {""config"": {""drop_columns"": [""datetime"", ""changepoint"", ""source_group"", ""source_file""], ""group_column"": ""source_file"", ""split"": {""test"": 0.2, ""train"": 0.6, ""validation"": 0.2}, ""target_column"": ""anomaly"", ""valve_folders"": [""valve1"", ""valve2""]}, ""name"": ""SKAB""}, ""extra"": {""alphabet_size"": 5, ""window_size"": 6}, ""noise"": {""enabled"": true, ""gaussian_mean"": 0.0, ""gaussian_std"": 0.05}, ""preprocessing"": {""missing_data"": {""enabled"": true, ""strategy"": ""mean""}, ""pca"": {""enabled"": true, ""n_components"": 1}, ""scaler"": ""standard"", ""sequence_length"": 16, ""sequence_stride"": 1}, ""project"": {""device"": ""cuda"", ""random_seeds"": [2026]}, ""run"": {""family"": ""AUTOMATA"", ""scenario"": ""parameter_analysis"", ""seed"": 2026, ""split"": ""fold_3""}, ""training"": {""batch_size"": 32, ""early_stopping"": {""enabled"": true, ""patience"": 5}, ""epochs"": 50, ""optimizer"": ""adam""}}",SKAB,"[""valve1"", ""valve2""]",anomaly,"[""datetime"", ""changepoint"", ""source_group"", ""source_file""]",source_file,0.6,0.2,0.2,True,mean,standard,True,1,16,1,True,0.0,0.05,cuda,[2026],32,50,True,5,adam,0.1,4,3,4,1,True,levenshtein,True,0.0001,average_log_probability,0.05,AUTOMATA,2026,fold_3,parameter_analysis,6,5,,,
SKAB,2026,fold_4,6,5,0.5818908122503329,0.376,0.16607773851590105,0.23039215686274508,247,402,247,0.006589191758592994,57,"{""automata"": {""anomaly_threshold"": 0.1, ""decision"": {""fallback_quantile"": 0.05, ""score_field"": ""average_log_probability""}, ""paa"": {""window_size"": 4}, ""probability"": {""epsilon"": 0.0001, ""smoothing"": true}, ""sax"": {""alphabet_size"": 3}, ""sliding_window"": {""size"": 4, ""stride"": 1}, ""unseen_pattern"": {""enabled"": true, ""method"": ""levenshtein""}}, ""dataset"": {""config"": {""drop_columns"": [""datetime"", ""changepoint"", ""source_group"", ""source_file""], ""group_column"": ""source_file"", ""split"": {""test"": 0.2, ""train"": 0.6, ""validation"": 0.2}, ""target_column"": ""anomaly"", ""valve_folders"": [""valve1"", ""valve2""]}, ""name"": ""SKAB""}, ""extra"": {""alphabet_size"": 5, ""window_size"": 6}, ""noise"": {""enabled"": true, ""gaussian_mean"": 0.0, ""gaussian_std"": 0.05}, ""preprocessing"": {""missing_data"": {""enabled"": true, ""strategy"": ""mean""}, ""pca"": {""enabled"": true, ""n_components"": 1}, ""scaler"": ""standard"", ""sequence_length"": 16, ""sequence_stride"": 1}, ""project"": {""device"": ""cuda"", ""random_seeds"": [2026]}, ""run"": {""family"": ""AUTOMATA"", ""scenario"": ""parameter_analysis"", ""seed"": 2026, ""split"": ""fold_4""}, ""training"": {""batch_size"": 32, ""early_stopping"": {""enabled"": true, ""patience"": 5}, ""epochs"": 50, ""optimizer"": ""adam""}}",SKAB,"[""valve1"", ""valve2""]",anomaly,"[""datetime"", ""changepoint"", ""source_group"", ""source_file""]",source_file,0.6,0.2,0.2,True,mean,standard,True,1,16,1,True,0.0,0.05,cuda,[2026],32,50,True,5,adam,0.1,4,3,4,1,True,levenshtein,True,0.0001,average_log_probability,0.05,AUTOMATA,2026,fold_4,parameter_analysis,6,5,,,
SKAB,2026,fold_0,6,6,0.5443548387096774,0.17894736842105263,0.06115107913669065,0.09115281501340483,353,555,353,0.00445393189898001,61,"{""automata"": {""anomaly_threshold"": 0.1, ""decision"": {""fallback_quantile"": 0.05, ""score_field"": ""average_log_probability""}, ""paa"": {""window_size"": 4}, ""probability"": {""epsilon"": 0.0001, ""smoothing"": true}, ""sax"": {""alphabet_size"": 3}, ""sliding_window"": {""size"": 4, ""stride"": 1}, ""unseen_pattern"": {""enabled"": true, ""method"": ""levenshtein""}}, ""dataset"": {""config"": {""drop_columns"": [""datetime"", ""changepoint"", ""source_group"", ""source_file""], ""group_column"": ""source_file"", ""split"": {""test"": 0.2, ""train"": 0.6, ""validation"": 0.2}, ""target_column"": ""anomaly"", ""valve_folders"": [""valve1"", ""valve2""]}, ""name"": ""SKAB""}, ""extra"": {""alphabet_size"": 6, ""window_size"": 6}, ""noise"": {""enabled"": true, ""gaussian_mean"": 0.0, ""gaussian_std"": 0.05}, ""preprocessing"": {""missing_data"": {""enabled"": true, ""strategy"": ""mean""}, ""pca"": {""enabled"": true, ""n_components"": 1}, ""scaler"": ""standard"", ""sequence_length"": 16, ""sequence_stride"": 1}, ""project"": {""device"": ""cuda"", ""random_seeds"": [2026]}, ""run"": {""family"": ""AUTOMATA"", ""scenario"": ""parameter_analysis"", ""seed"": 2026, ""split"": ""fold_0""}, ""training"": {""batch_size"": 32, ""early_stopping"": {""enabled"": true, ""patience"": 5}, ""epochs"": 50, ""optimizer"": ""adam""}}",SKAB,"[""valve1"", ""valve2""]",anomaly,"[""datetime"", ""changepoint"", ""source_group"", ""source_file""]",source_file,0.6,0.2,0.2,True,mean,standard,True,1,16,1,True,0.0,0.05,cuda,[2026],32,50,True,5,adam,0.1,4,3,4,1,True,levenshtein,True,0.0001,average_log_probability,0.05,AUTOMATA,2026,fold_0,parameter_analysis,6,6,,,
SKAB,2026,fold_1,6,6,0.5658602150537635,0.29357798165137616,0.11510791366906475,0.165374677002584,345,532,345,0.004469649233354338,44,"{""automata"": {""anomaly_threshold"": 0.1, ""decision"": {""fallback_quantile"": 0.05, ""score_field"": ""average_log_probability""}, ""paa"": {""window_size"": 4}, ""probability"": {""epsilon"": 0.0001, ""smoothing"": true}, ""sax"": {""alphabet_size"": 3}, ""sliding_window"": {""size"": 4, ""stride"": 1}, ""unseen_pattern"": {""enabled"": true, ""method"": ""levenshtein""}}, ""dataset"": {""config"": {""drop_columns"": [""datetime"", ""changepoint"", ""source_group"", ""source_file""], ""group_column"": ""source_file"", ""split"": {""test"": 0.2, ""train"": 0.6, ""validation"": 0.2}, ""target_column"": ""anomaly"", ""valve_folders"": [""valve1"", ""valve2""]}, ""name"": ""SKAB""}, ""extra"": {""alphabet_size"": 6, ""window_size"": 6}, ""noise"": {""enabled"": true, ""gaussian_mean"": 0.0, ""gaussian_std"": 0.05}, ""preprocessing"": {""missing_data"": {""enabled"": true, ""strategy"": ""mean""}, ""pca"": {""enabled"": true, ""n_components"": 1}, ""scaler"": ""standard"", ""sequence_length"": 16, ""sequence_stride"": 1}, ""project"": {""device"": ""cuda"", ""random_seeds"": [2026]}, ""run"": {""family"": ""AUTOMATA"", ""scenario"": ""parameter_analysis"", ""seed"": 2026, ""split"": ""fold_1""}, ""training"": {""batch_size"": 32, ""early_stopping"": {""enabled"": true, ""patience"": 5}, ""epochs"": 50, ""optimizer"": ""adam""}}",SKAB,"[""valve1"", ""valve2""]",anomaly,"[""datetime"", ""changepoint"", ""source_group"", ""source_file""]",source_file,0.6,0.2,0.2,True,mean,standard,True,1,16,1,True,0.0,0.05,cuda,[2026],32,50,True,5,adam,0.1,4,3,4,1,True,levenshtein,True,0.0001,average_log_probability,0.05,AUTOMATA,2026,fold_1,parameter_analysis,6,6,,,
SKAB,2026,fold_2,6,6,0.606425702811245,0.46875,0.10344827586206896,0.1694915254237288,370,549,370,0.004010226442658875,13,"{""automata"": {""anomaly_threshold"": 0.1, ""decision"": {""fallback_quantile"": 0.05, ""score_field"": ""average_log_probability""}, ""paa"": {""window_size"": 4}, ""probability"": {""epsilon"": 0.0001, ""smoothing"": true}, ""sax"": {""alphabet_size"": 3}, ""sliding_window"": {""size"": 4, ""stride"": 1}, ""unseen_pattern"": {""enabled"": true, ""method"": ""levenshtein""}}, ""dataset"": {""config"": {""drop_columns"": [""datetime"", ""changepoint"", ""source_group"", ""source_file""], ""group_column"": ""source_file"", ""split"": {""test"": 0.2, ""train"": 0.6, ""validation"": 0.2}, ""target_column"": ""anomaly"", ""valve_folders"": [""valve1"", ""valve2""]}, ""name"": ""SKAB""}, ""extra"": {""alphabet_size"": 6, ""window_size"": 6}, ""noise"": {""enabled"": true, ""gaussian_mean"": 0.0, ""gaussian_std"": 0.05}, ""preprocessing"": {""missing_data"": {""enabled"": true, ""strategy"": ""mean""}, ""pca"": {""enabled"": true, ""n_components"": 1}, ""scaler"": ""standard"", ""sequence_length"": 16, ""sequence_stride"": 1}, ""project"": {""device"": ""cuda"", ""random_seeds"": [2026]}, ""run"": {""family"": ""AUTOMATA"", ""scenario"": ""parameter_analysis"", ""seed"": 2026, ""split"": ""fold_2""}, ""training"": {""batch_size"": 32, ""early_stopping"": {""enabled"": true, ""patience"": 5}, ""epochs"": 50, ""optimizer"": ""adam""}}",SKAB,"[""valve1"", ""valve2""]",anomaly,"[""datetime"", ""changepoint"", ""source_group"", ""source_file""]",source_file,0.6,0.2,0.2,True,mean,standard,True,1,16,1,True,0.0,0.05,cuda,[2026],32,50,True,5,adam,0.1,4,3,4,1,True,levenshtein,True,0.0001,average_log_probability,0.05,AUTOMATA,2026,fold_2,parameter_analysis,6,6,,,
SKAB,2026,fold_3,6,6,0.5617367706919946,0.32222222222222224,0.09965635738831616,0.15223097112860892,404,607,404,0.003718998137437506,45,"{""automata"": {""anomaly_threshold"": 0.1, ""decision"": {""fallback_quantile"": 0.05, ""score_field"": ""average_log_probability""}, ""paa"": {""window_size"": 4}, ""probability"": {""epsilon"": 0.0001, ""smoothing"": true}, ""sax"": {""alphabet_size"": 3}, ""sliding_window"": {""size"": 4, ""stride"": 1}, ""unseen_pattern"": {""enabled"": true, ""method"": ""levenshtein""}}, ""dataset"": {""config"": {""drop_columns"": [""datetime"", ""changepoint"", ""source_group"", ""source_file""], ""group_column"": ""source_file"", ""split"": {""test"": 0.2, ""train"": 0.6, ""validation"": 0.2}, ""target_column"": ""anomaly"", ""valve_folders"": [""valve1"", ""valve2""]}, ""name"": ""SKAB""}, ""extra"": {""alphabet_size"": 6, ""window_size"": 6}, ""noise"": {""enabled"": true, ""gaussian_mean"": 0.0, ""gaussian_std"": 0.05}, ""preprocessing"": {""missing_data"": {""enabled"": true, ""strategy"": ""mean""}, ""pca"": {""enabled"": true, ""n_components"": 1}, ""scaler"": ""standard"", ""sequence_length"": 16, ""sequence_stride"": 1}, ""project"": {""device"": ""cuda"", ""random_seeds"": [2026]}, ""run"": {""family"": ""AUTOMATA"", ""scenario"": ""parameter_analysis"", ""seed"": 2026, ""split"": ""fold_3""}, ""training"": {""batch_size"": 32, ""early_stopping"": {""enabled"": true, ""patience"": 5}, ""epochs"": 50, ""optimizer"": ""adam""}}",SKAB,"[""valve1"", ""valve2""]",anomaly,"[""datetime"", ""changepoint"", ""source_group"", ""source_file""]",source_file,0.6,0.2,0.2,True,mean,standard,True,1,16,1,True,0.0,0.05,cuda,[2026],32,50,True,5,adam,0.1,4,3,4,1,True,levenshtein,True,0.0001,average_log_probability,0.05,AUTOMATA,2026,fold_3,parameter_analysis,6,6,,,
SKAB,2026,fold_4,6,6,0.5645805592543276,0.4043478260869565,0.3286219081272085,0.36257309941520466,338,503,338,0.0044028570428206295,149,"{""automata"": {""anomaly_threshold"": 0.1, ""decision"": {""fallback_quantile"": 0.05, ""score_field"": ""average_log_probability""}, ""paa"": {""window_size"": 4}, ""probability"": {""epsilon"": 0.0001, ""smoothing"": true}, ""sax"": {""alphabet_size"": 3}, ""sliding_window"": {""size"": 4, ""stride"": 1}, ""unseen_pattern"": {""enabled"": true, ""method"": ""levenshtein""}}, ""dataset"": {""config"": {""drop_columns"": [""datetime"", ""changepoint"", ""source_group"", ""source_file""], ""group_column"": ""source_file"", ""split"": {""test"": 0.2, ""train"": 0.6, ""validation"": 0.2}, ""target_column"": ""anomaly"", ""valve_folders"": [""valve1"", ""valve2""]}, ""name"": ""SKAB""}, ""extra"": {""alphabet_size"": 6, ""window_size"": 6}, ""noise"": {""enabled"": true, ""gaussian_mean"": 0.0, ""gaussian_std"": 0.05}, ""preprocessing"": {""missing_data"": {""enabled"": true, ""strategy"": ""mean""}, ""pca"": {""enabled"": true, ""n_components"": 1}, ""scaler"": ""standard"", ""sequence_length"": 16, ""sequence_stride"": 1}, ""project"": {""device"": ""cuda"", ""random_seeds"": [2026]}, ""run"": {""family"": ""AUTOMATA"", ""scenario"": ""parameter_analysis"", ""seed"": 2026, ""split"": ""fold_4""}, ""training"": {""batch_size"": 32, ""early_stopping"": {""enabled"": true, ""patience"": 5}, ""epochs"": 50, ""optimizer"": ""adam""}}",SKAB,"[""valve1"", ""valve2""]",anomaly,"[""datetime"", ""changepoint"", ""source_group"", ""source_file""]",source_file,0.6,0.2,0.2,True,mean,standard,True,1,16,1,True,0.0,0.05,cuda,[2026],32,50,True,5,adam,0.1,4,3,4,1,True,levenshtein,True,0.0001,average_log_probability,0.05,AUTOMATA,2026,fold_4,parameter_analysis,6,6,,,
BATADAL,2026,test,3,3,0.8483754512635379,0.2916666666666667,0.21875,0.25,26,71,26,0.10502958579881656,1,"{""automata"": {""anomaly_threshold"": 0.1, ""decision"": {""fallback_quantile"": 0.05, ""score_field"": ""average_log_probability""}, ""paa"": {""window_size"": 4}, ""probability"": {""epsilon"": 0.0001, ""smoothing"": true}, ""sax"": {""alphabet_size"": 3}, ""sliding_window"": {""size"": 4, ""stride"": 1}, ""unseen_pattern"": {""enabled"": true, ""method"": ""levenshtein""}}, ""dataset"": {""config"": {""anomaly_label_value"": 1, ""drop_columns"": [""DATETIME""], ""normal_label_value"": -999, ""split"": {""test"": 0.2, ""train"": 0.6, ""validation"": 0.2}, ""target_column"": ""ATT_FLAG"", ""train_file"": ""BATADAL_dataset04.csv""}, ""name"": ""BATADAL""}, ""extra"": {""alphabet_size"": 3, ""window_size"": 3}, ""noise"": {""enabled"": true, ""gaussian_mean"": 0.0, ""gaussian_std"": 0.05}, ""preprocessing"": {""missing_data"": {""enabled"": true, ""strategy"": ""mean""}, ""pca"": {""enabled"": true, ""n_components"": 1}, ""scaler"": ""standard"", ""sequence_length"": 16, ""sequence_stride"": 1}, ""project"": {""device"": ""cuda"", ""random_seeds"": [2026]}, ""run"": {""family"": ""AUTOMATA"", ""scenario"": ""parameter_analysis"", ""seed"": 2026, ""split"": ""test""}, ""training"": {""batch_size"": 32, ""early_stopping"": {""enabled"": true, ""patience"": 5}, ""epochs"": 50, ""optimizer"": ""adam""}}",BATADAL,,ATT_FLAG,"[""DATETIME""]",,0.6,0.2,0.2,True,mean,standard,True,1,16,1,True,0.0,0.05,cuda,[2026],32,50,True,5,adam,0.1,4,3,4,1,True,levenshtein,True,0.0001,average_log_probability,0.05,AUTOMATA,2026,test,parameter_analysis,3,3,BATADAL_dataset04.csv,-999.0,1.0
BATADAL,2026,test,3,4,0.7328519855595668,0.125,0.21875,0.1590909090909091,59,174,59,0.04998563631140477,3,"{""automata"": {""anomaly_threshold"": 0.1, ""decision"": {""fallback_quantile"": 0.05, ""score_field"": ""average_log_probability""}, ""paa"": {""window_size"": 4}, ""probability"": {""epsilon"": 0.0001, ""smoothing"": true}, ""sax"": {""alphabet_size"": 3}, ""sliding_window"": {""size"": 4, ""stride"": 1}, ""unseen_pattern"": {""enabled"": true, ""method"": ""levenshtein""}}, ""dataset"": {""config"": {""anomaly_label_value"": 1, ""drop_columns"": [""DATETIME""], ""normal_label_value"": -999, ""split"": {""test"": 0.2, ""train"": 0.6, ""validation"": 0.2}, ""target_column"": ""ATT_FLAG"", ""train_file"": ""BATADAL_dataset04.csv""}, ""name"": ""BATADAL""}, ""extra"": {""alphabet_size"": 4, ""window_size"": 3}, ""noise"": {""enabled"": true, ""gaussian_mean"": 0.0, ""gaussian_std"": 0.05}, ""preprocessing"": {""missing_data"": {""enabled"": true, ""strategy"": ""mean""}, ""pca"": {""enabled"": true, ""n_components"": 1}, ""scaler"": ""standard"", ""sequence_length"": 16, ""sequence_stride"": 1}, ""project"": {""device"": ""cuda"", ""random_seeds"": [2026]}, ""run"": {""family"": ""AUTOMATA"", ""scenario"": ""parameter_analysis"", ""seed"": 2026, ""split"": ""test""}, ""training"": {""batch_size"": 32, ""early_stopping"": {""enabled"": true, ""patience"": 5}, ""epochs"": 50, ""optimizer"": ""adam""}}",BATADAL,,ATT_FLAG,"[""DATETIME""]",,0.6,0.2,0.2,True,mean,standard,True,1,16,1,True,0.0,0.05,cuda,[2026],32,50,True,5,adam,0.1,4,3,4,1,True,levenshtein,True,0.0001,average_log_probability,0.05,AUTOMATA,2026,test,parameter_analysis,3,4,BATADAL_dataset04.csv,-999.0,1.0
BATADAL,2026,test,3,5,0.5992779783393501,0.11650485436893204,0.375,0.17777777777777778,112,306,112,0.024394132653061226,4,"{""automata"": {""anomaly_threshold"": 0.1, ""decision"": {""fallback_quantile"": 0.05, ""score_field"": ""average_log_probability""}, ""paa"": {""window_size"": 4}, ""probability"": {""epsilon"": 0.0001, ""smoothing"": true}, ""sax"": {""alphabet_size"": 3}, ""sliding_window"": {""size"": 4, ""stride"": 1}, ""unseen_pattern"": {""enabled"": true, ""method"": ""levenshtein""}}, ""dataset"": {""config"": {""anomaly_label_value"": 1, ""drop_columns"": [""DATETIME""], ""normal_label_value"": -999, ""split"": {""test"": 0.2, ""train"": 0.6, ""validation"": 0.2}, ""target_column"": ""ATT_FLAG"", ""train_file"": ""BATADAL_dataset04.csv""}, ""name"": ""BATADAL""}, ""extra"": {""alphabet_size"": 5, ""window_size"": 3}, ""noise"": {""enabled"": true, ""gaussian_mean"": 0.0, ""gaussian_std"": 0.05}, ""preprocessing"": {""missing_data"": {""enabled"": true, ""strategy"": ""mean""}, ""pca"": {""enabled"": true, ""n_components"": 1}, ""scaler"": ""standard"", ""sequence_length"": 16, ""sequence_stride"": 1}, ""project"": {""device"": ""cuda"", ""random_seeds"": [2026]}, ""run"": {""family"": ""AUTOMATA"", ""scenario"": ""parameter_analysis"", ""seed"": 2026, ""split"": ""test""}, ""training"": {""batch_size"": 32, ""early_stopping"": {""enabled"": true, ""patience"": 5}, ""epochs"": 50, ""optimizer"": ""adam""}}",BATADAL,,ATT_FLAG,"[""DATETIME""]",,0.6,0.2,0.2,True,mean,standard,True,1,16,1,True,0.0,0.05,cuda,[2026],32,50,True,5,adam,0.1,4,3,4,1,True,levenshtein,True,0.0001,average_log_probability,0.05,AUTOMATA,2026,test,parameter_analysis,3,5,BATADAL_dataset04.csv,-999.0,1.0
BATADAL,2026,test,3,6,0.5595667870036101,0.11206896551724138,0.40625,0.17567567567567569,178,465,178,0.014676177250347179,8,"{""automata"": {""anomaly_threshold"": 0.1, ""decision"": {""fallback_quantile"": 0.05, ""score_field"": ""average_log_probability""}, ""paa"": {""window_size"": 4}, ""probability"": {""epsilon"": 0.0001, ""smoothing"": true}, ""sax"": {""alphabet_size"": 3}, ""sliding_window"": {""size"": 4, ""stride"": 1}, ""unseen_pattern"": {""enabled"": true, ""method"": ""levenshtein""}}, ""dataset"": {""config"": {""anomaly_label_value"": 1, ""drop_columns"": [""DATETIME""], ""normal_label_value"": -999, ""split"": {""test"": 0.2, ""train"": 0.6, ""validation"": 0.2}, ""target_column"": ""ATT_FLAG"", ""train_file"": ""BATADAL_dataset04.csv""}, ""name"": ""BATADAL""}, ""extra"": {""alphabet_size"": 6, ""window_size"": 3}, ""noise"": {""enabled"": true, ""gaussian_mean"": 0.0, ""gaussian_std"": 0.05}, ""preprocessing"": {""missing_data"": {""enabled"": true, ""strategy"": ""mean""}, ""pca"": {""enabled"": true, ""n_components"": 1}, ""scaler"": ""standard"", ""sequence_length"": 16, ""sequence_stride"": 1}, ""project"": {""device"": ""cuda"", ""random_seeds"": [2026]}, ""run"": {""family"": ""AUTOMATA"", ""scenario"": ""parameter_analysis"", ""seed"": 2026, ""split"": ""test""}, ""training"": {""batch_size"": 32, ""early_stopping"": {""enabled"": true, ""patience"": 5}, ""epochs"": 50, ""optimizer"": ""adam""}}",BATADAL,,ATT_FLAG,"[""DATETIME""]",,0.6,0.2,0.2,True,mean,standard,True,1,16,1,True,0.0,0.05,cuda,[2026],32,50,True,5,adam,0.1,4,3,4,1,True,levenshtein,True,0.0001,average_log_probability,0.05,AUTOMATA,2026,test,parameter_analysis,3,6,BATADAL_dataset04.csv,-999.0,1.0
BATADAL,2026,test,4,3,0.7281553398058253,0.22,0.39285714285714285,0.28205128205128205,76,151,76,0.026142659279778394,9,"{""automata"": {""anomaly_threshold"": 0.1, ""decision"": {""fallback_quantile"": 0.05, ""score_field"": ""average_log_probability""}, ""paa"": {""window_size"": 4}, ""probability"": {""epsilon"": 0.0001, ""smoothing"": true}, ""sax"": {""alphabet_size"": 3}, ""sliding_window"": {""size"": 4, ""stride"": 1}, ""unseen_pattern"": {""enabled"": true, ""method"": ""levenshtein""}}, ""dataset"": {""config"": {""anomaly_label_value"": 1, ""drop_columns"": [""DATETIME""], ""normal_label_value"": -999, ""split"": {""test"": 0.2, ""train"": 0.6, ""validation"": 0.2}, ""target_column"": ""ATT_FLAG"", ""train_file"": ""BATADAL_dataset04.csv""}, ""name"": ""BATADAL""}, ""extra"": {""alphabet_size"": 3, ""window_size"": 4}, ""noise"": {""enabled"": true, ""gaussian_mean"": 0.0, ""gaussian_std"": 0.05}, ""preprocessing"": {""missing_data"": {""enabled"": true, ""strategy"": ""mean""}, ""pca"": {""enabled"": true, ""n_components"": 1}, ""scaler"": ""standard"", ""sequence_length"": 16, ""sequence_stride"": 1}, ""project"": {""device"": ""cuda"", ""random_seeds"": [2026]}, ""run"": {""family"": ""AUTOMATA"", ""scenario"": ""parameter_analysis"", ""seed"": 2026, ""split"": ""test""}, ""training"": {""batch_size"": 32, ""early_stopping"": {""enabled"": true, ""patience"": 5}, ""epochs"": 50, ""optimizer"": ""adam""}}",BATADAL,,ATT_FLAG,"[""DATETIME""]",,0.6,0.2,0.2,True,mean,standard,True,1,16,1,True,0.0,0.05,cuda,[2026],32,50,True,5,adam,0.1,4,3,4,1,True,levenshtein,True,0.0001,average_log_probability,0.05,AUTOMATA,2026,test,parameter_analysis,4,3,BATADAL_dataset04.csv,-999.0,1.0
BATADAL,2026,test,4,4,0.5825242718446602,0.19791666666666666,0.6785714285714286,0.3064516129032258,175,292,175,0.00953469387755102,46,"{""automata"": {""anomaly_threshold"": 0.1, ""decision"": {""fallback_quantile"": 0.05, ""score_field"": ""average_log_probability""}, ""paa"": {""window_size"": 4}, ""probability"": {""epsilon"": 0.0001, ""smoothing"": true}, ""sax"": {""alphabet_size"": 3}, ""sliding_window"": {""size"": 4, ""stride"": 1}, ""unseen_pattern"": {""enabled"": true, ""method"": ""levenshtein""}}, ""dataset"": {""config"": {""anomaly_label_value"": 1, ""drop_columns"": [""DATETIME""], ""normal_label_value"": -999, ""split"": {""test"": 0.2, ""train"": 0.6, ""validation"": 0.2}, ""target_column"": ""ATT_FLAG"", ""train_file"": ""BATADAL_dataset04.csv""}, ""name"": ""BATADAL""}, ""extra"": {""alphabet_size"": 4, ""window_size"": 4}, ""noise"": {""enabled"": true, ""gaussian_mean"": 0.0, ""gaussian_std"": 0.05}, ""preprocessing"": {""missing_data"": {""enabled"": true, ""strategy"": ""mean""}, ""pca"": {""enabled"": true, ""n_components"": 1}, ""scaler"": ""standard"", ""sequence_length"": 16, ""sequence_stride"": 1}, ""project"": {""device"": ""cuda"", ""random_seeds"": [2026]}, ""run"": {""family"": ""AUTOMATA"", ""scenario"": ""parameter_analysis"", ""seed"": 2026, ""split"": ""test""}, ""training"": {""batch_size"": 32, ""early_stopping"": {""enabled"": true, ""patience"": 5}, ""epochs"": 50, ""optimizer"": ""adam""}}",BATADAL,,ATT_FLAG,"[""DATETIME""]",,0.6,0.2,0.2,True,mean,standard,True,1,16,1,True,0.0,0.05,cuda,[2026],32,50,True,5,adam,0.1,4,3,4,1,True,levenshtein,True,0.0001,average_log_probability,0.05,AUTOMATA,2026,test,parameter_analysis,4,4,BATADAL_dataset04.csv,-999.0,1.0
BATADAL,2026,test,4,5,0.4320388349514563,0.144,0.6428571428571429,0.23529411764705882,258,390,258,0.005859022895258698,87,"{""automata"": {""anomaly_threshold"": 0.1, ""decision"": {""fallback_quantile"": 0.05, ""score_field"": ""average_log_probability""}, ""paa"": {""window_size"": 4}, ""probability"": {""epsilon"": 0.0001, ""smoothing"": true}, ""sax"": {""alphabet_size"": 3}, ""sliding_window"": {""size"": 4, ""stride"": 1}, ""unseen_pattern"": {""enabled"": true, ""method"": ""levenshtein""}}, ""dataset"": {""config"": {""anomaly_label_value"": 1, ""drop_columns"": [""DATETIME""], ""normal_label_value"": -999, ""split"": {""test"": 0.2, ""train"": 0.6, ""validation"": 0.2}, ""target_column"": ""ATT_FLAG"", ""train_file"": ""BATADAL_dataset04.csv""}, ""name"": ""BATADAL""}, ""extra"": {""alphabet_size"": 5, ""window_size"": 4}, ""noise"": {""enabled"": true, ""gaussian_mean"": 0.0, ""gaussian_std"": 0.05}, ""preprocessing"": {""missing_data"": {""enabled"": true, ""strategy"": ""mean""}, ""pca"": {""enabled"": true, ""n_components"": 1}, ""scaler"": ""standard"", ""sequence_length"": 16, ""sequence_stride"": 1}, ""project"": {""device"": ""cuda"", ""random_seeds"": [2026]}, ""run"": {""family"": ""AUTOMATA"", ""scenario"": ""parameter_analysis"", ""seed"": 2026, ""split"": ""test""}, ""training"": {""batch_size"": 32, ""early_stopping"": {""enabled"": true, ""patience"": 5}, ""epochs"": 50, ""optimizer"": ""adam""}}",BATADAL,,ATT_FLAG,"[""DATETIME""]",,0.6,0.2,0.2,True,mean,standard,True,1,16,1,True,0.0,0.05,cuda,[2026],32,50,True,5,adam,0.1,4,3,4,1,True,levenshtein,True,0.0001,average_log_probability,0.05,AUTOMATA,2026,test,parameter_analysis,4,5,BATADAL_dataset04.csv,-999.0,1.0
BATADAL,2026,test,4,6,0.3592233009708738,0.15333333333333332,0.8214285714285714,0.25842696629213485,340,458,340,0.003961937716262976,110,"{""automata"": {""anomaly_threshold"": 0.1, ""decision"": {""fallback_quantile"": 0.05, ""score_field"": ""average_log_probability""}, ""paa"": {""window_size"": 4}, ""probability"": {""epsilon"": 0.0001, ""smoothing"": true}, ""sax"": {""alphabet_size"": 3}, ""sliding_window"": {""size"": 4, ""stride"": 1}, ""unseen_pattern"": {""enabled"": true, ""method"": ""levenshtein""}}, ""dataset"": {""config"": {""anomaly_label_value"": 1, ""drop_columns"": [""DATETIME""], ""normal_label_value"": -999, ""split"": {""test"": 0.2, ""train"": 0.6, ""validation"": 0.2}, ""target_column"": ""ATT_FLAG"", ""train_file"": ""BATADAL_dataset04.csv""}, ""name"": ""BATADAL""}, ""extra"": {""alphabet_size"": 6, ""window_size"": 4}, ""noise"": {""enabled"": true, ""gaussian_mean"": 0.0, ""gaussian_std"": 0.05}, ""preprocessing"": {""missing_data"": {""enabled"": true, ""strategy"": ""mean""}, ""pca"": {""enabled"": true, ""n_components"": 1}, ""scaler"": ""standard"", ""sequence_length"": 16, ""sequence_stride"": 1}, ""project"": {""device"": ""cuda"", ""random_seeds"": [2026]}, ""run"": {""family"": ""AUTOMATA"", ""scenario"": ""parameter_analysis"", ""seed"": 2026, ""split"": ""test""}, ""training"": {""batch_size"": 32, ""early_stopping"": {""enabled"": true, ""patience"": 5}, ""epochs"": 50, ""optimizer"": ""adam""}}",BATADAL,,ATT_FLAG,"[""DATETIME""]",,0.6,0.2,0.2,True,mean,standard,True,1,16,1,True,0.0,0.05,cuda,[2026],32,50,True,5,adam,0.1,4,3,4,1,True,levenshtein,True,0.0001,average_log_probability,0.05,AUTOMATA,2026,test,parameter_analysis,4,6,BATADAL_dataset04.csv,-999.0,1.0
BATADAL,2026,test,5,3,0.5792682926829268,0.041666666666666664,0.08,0.0547945205479452,166,254,166,0.009217593264624764,22,"{""automata"": {""anomaly_threshold"": 0.1, ""decision"": {""fallback_quantile"": 0.05, ""score_field"": ""average_log_probability""}, ""paa"": {""window_size"": 4}, ""probability"": {""epsilon"": 0.0001, ""smoothing"": true}, ""sax"": {""alphabet_size"": 3}, ""sliding_window"": {""size"": 4, ""stride"": 1}, ""unseen_pattern"": {""enabled"": true, ""method"": ""levenshtein""}}, ""dataset"": {""config"": {""anomaly_label_value"": 1, ""drop_columns"": [""DATETIME""], ""normal_label_value"": -999, ""split"": {""test"": 0.2, ""train"": 0.6, ""validation"": 0.2}, ""target_column"": ""ATT_FLAG"", ""train_file"": ""BATADAL_dataset04.csv""}, ""name"": ""BATADAL""}, ""extra"": {""alphabet_size"": 3, ""window_size"": 5}, ""noise"": {""enabled"": true, ""gaussian_mean"": 0.0, ""gaussian_std"": 0.05}, ""preprocessing"": {""missing_data"": {""enabled"": true, ""strategy"": ""mean""}, ""pca"": {""enabled"": true, ""n_components"": 1}, ""scaler"": ""standard"", ""sequence_length"": 16, ""sequence_stride"": 1}, ""project"": {""device"": ""cuda"", ""random_seeds"": [2026]}, ""run"": {""family"": ""AUTOMATA"", ""scenario"": ""parameter_analysis"", ""seed"": 2026, ""split"": ""test""}, ""training"": {""batch_size"": 32, ""early_stopping"": {""enabled"": true, ""patience"": 5}, ""epochs"": 50, ""optimizer"": ""adam""}}",BATADAL,,ATT_FLAG,"[""DATETIME""]",,0.6,0.2,0.2,True,mean,standard,True,1,16,1,True,0.0,0.05,cuda,[2026],32,50,True,5,adam,0.1,4,3,4,1,True,levenshtein,True,0.0001,average_log_probability,0.05,AUTOMATA,2026,test,parameter_analysis,5,3,BATADAL_dataset04.csv,-999.0,1.0
BATADAL,2026,test,5,4,0.5060975609756098,0.18888888888888888,0.68,0.2956521739130435,298,375,298,0.004222782757533444,56,"{""automata"": {""anomaly_threshold"": 0.1, ""decision"": {""fallback_quantile"": 0.05, ""score_field"": ""average_log_probability""}, ""paa"": {""window_size"": 4}, ""probability"": {""epsilon"": 0.0001, ""smoothing"": true}, ""sax"": {""alphabet_size"": 3}, ""sliding_window"": {""size"": 4, ""stride"": 1}, ""unseen_pattern"": {""enabled"": true, ""method"": ""levenshtein""}}, ""dataset"": {""config"": {""anomaly_label_value"": 1, ""drop_columns"": [""DATETIME""], ""normal_label_value"": -999, ""split"": {""test"": 0.2, ""train"": 0.6, ""validation"": 0.2}, ""target_column"": ""ATT_FLAG"", ""train_file"": ""BATADAL_dataset04.csv""}, ""name"": ""BATADAL""}, ""extra"": {""alphabet_size"": 4, ""window_size"": 5}, ""noise"": {""enabled"": true, ""gaussian_mean"": 0.0, ""gaussian_std"": 0.05}, ""preprocessing"": {""missing_data"": {""enabled"": true, ""strategy"": ""mean""}, ""pca"": {""enabled"": true, ""n_components"": 1}, ""scaler"": ""standard"", ""sequence_length"": 16, ""sequence_stride"": 1}, ""project"": {""device"": ""cuda"", ""random_seeds"": [2026]}, ""run"": {""family"": ""AUTOMATA"", ""scenario"": ""parameter_analysis"", ""seed"": 2026, ""split"": ""test""}, ""training"": {""batch_size"": 32, ""early_stopping"": {""enabled"": true, ""patience"": 5}, ""epochs"": 50, ""optimizer"": ""adam""}}",BATADAL,,ATT_FLAG,"[""DATETIME""]",,0.6,0.2,0.2,True,mean,standard,True,1,16,1,True,0.0,0.05,cuda,[2026],32,50,True,5,adam,0.1,4,3,4,1,True,levenshtein,True,0.0001,average_log_probability,0.05,AUTOMATA,2026,test,parameter_analysis,5,4,BATADAL_dataset04.csv,-999.0,1.0
BATADAL,2026,test,5,5,0.25,0.15,0.84,0.2545454545454545,368,426,367,0.0031456758034026466,131,"{""automata"": {""anomaly_threshold"": 0.1, ""decision"": {""fallback_quantile"": 0.05, ""score_field"": ""average_log_probability""}, ""paa"": {""window_size"": 4}, ""probability"": {""epsilon"": 0.0001, ""smoothing"": true}, ""sax"": {""alphabet_size"": 3}, ""sliding_window"": {""size"": 4, ""stride"": 1}, ""unseen_pattern"": {""enabled"": true, ""method"": ""levenshtein""}}, ""dataset"": {""config"": {""anomaly_label_value"": 1, ""drop_columns"": [""DATETIME""], ""normal_label_value"": -999, ""split"": {""test"": 0.2, ""train"": 0.6, ""validation"": 0.2}, ""target_column"": ""ATT_FLAG"", ""train_file"": ""BATADAL_dataset04.csv""}, ""name"": ""BATADAL""}, ""extra"": {""alphabet_size"": 5, ""window_size"": 5}, ""noise"": {""enabled"": true, ""gaussian_mean"": 0.0, ""gaussian_std"": 0.05}, ""preprocessing"": {""missing_data"": {""enabled"": true, ""strategy"": ""mean""}, ""pca"": {""enabled"": true, ""n_components"": 1}, ""scaler"": ""standard"", ""sequence_length"": 16, ""sequence_stride"": 1}, ""project"": {""device"": ""cuda"", ""random_seeds"": [2026]}, ""run"": {""family"": ""AUTOMATA"", ""scenario"": ""parameter_analysis"", ""seed"": 2026, ""split"": ""test""}, ""training"": {""batch_size"": 32, ""early_stopping"": {""enabled"": true, ""patience"": 5}, ""epochs"": 50, ""optimizer"": ""adam""}}",BATADAL,,ATT_FLAG,"[""DATETIME""]",,0.6,0.2,0.2,True,mean,standard,True,1,16,1,True,0.0,0.05,cuda,[2026],32,50,True,5,adam,0.1,4,3,4,1,True,levenshtein,True,0.0001,average_log_probability,0.05,AUTOMATA,2026,test,parameter_analysis,5,5,BATADAL_dataset04.csv,-999.0,1.0
BATADAL,2026,test,5,6,0.21951219512195122,0.15894039735099338,0.96,0.2727272727272727,421,459,421,0.0025896942581005522,143,"{""automata"": {""anomaly_threshold"": 0.1, ""decision"": {""fallback_quantile"": 0.05, ""score_field"": ""average_log_probability""}, ""paa"": {""window_size"": 4}, ""probability"": {""epsilon"": 0.0001, ""smoothing"": true}, ""sax"": {""alphabet_size"": 3}, ""sliding_window"": {""size"": 4, ""stride"": 1}, ""unseen_pattern"": {""enabled"": true, ""method"": ""levenshtein""}}, ""dataset"": {""config"": {""anomaly_label_value"": 1, ""drop_columns"": [""DATETIME""], ""normal_label_value"": -999, ""split"": {""test"": 0.2, ""train"": 0.6, ""validation"": 0.2}, ""target_column"": ""ATT_FLAG"", ""train_file"": ""BATADAL_dataset04.csv""}, ""name"": ""BATADAL""}, ""extra"": {""alphabet_size"": 6, ""window_size"": 5}, ""noise"": {""enabled"": true, ""gaussian_mean"": 0.0, ""gaussian_std"": 0.05}, ""preprocessing"": {""missing_data"": {""enabled"": true, ""strategy"": ""mean""}, ""pca"": {""enabled"": true, ""n_components"": 1}, ""scaler"": ""standard"", ""sequence_length"": 16, ""sequence_stride"": 1}, ""project"": {""device"": ""cuda"", ""random_seeds"": [2026]}, ""run"": {""family"": ""AUTOMATA"", ""scenario"": ""parameter_analysis"", ""seed"": 2026, ""split"": ""test""}, ""training"": {""batch_size"": 32, ""early_stopping"": {""enabled"": true, ""patience"": 5}, ""epochs"": 50, ""optimizer"": ""adam""}}",BATADAL,,ATT_FLAG,"[""DATETIME""]",,0.6,0.2,0.2,True,mean,standard,True,1,16,1,True,0.0,0.05,cuda,[2026],32,50,True,5,adam,0.1,4,3,4,1,True,levenshtein,True,0.0001,average_log_probability,0.05,AUTOMATA,2026,test,parameter_analysis,5,6,BATADAL_dataset04.csv,-999.0,1.0
BATADAL,2026,test,6,3,0.5111111111111111,0.25301204819277107,0.84,0.3888888888888889,206,267,206,0.00629182769346781,66,"{""automata"": {""anomaly_threshold"": 0.1, ""decision"": {""fallback_quantile"": 0.05, ""score_field"": ""average_log_probability""}, ""paa"": {""window_size"": 4}, ""probability"": {""epsilon"": 0.0001, ""smoothing"": true}, ""sax"": {""alphabet_size"": 3}, ""sliding_window"": {""size"": 4, ""stride"": 1}, ""unseen_pattern"": {""enabled"": true, ""method"": ""levenshtein""}}, ""dataset"": {""config"": {""anomaly_label_value"": 1, ""drop_columns"": [""DATETIME""], ""normal_label_value"": -999, ""split"": {""test"": 0.2, ""train"": 0.6, ""validation"": 0.2}, ""target_column"": ""ATT_FLAG"", ""train_file"": ""BATADAL_dataset04.csv""}, ""name"": ""BATADAL""}, ""extra"": {""alphabet_size"": 3, ""window_size"": 6}, ""noise"": {""enabled"": true, ""gaussian_mean"": 0.0, ""gaussian_std"": 0.05}, ""preprocessing"": {""missing_data"": {""enabled"": true, ""strategy"": ""mean""}, ""pca"": {""enabled"": true, ""n_components"": 1}, ""scaler"": ""standard"", ""sequence_length"": 16, ""sequence_stride"": 1}, ""project"": {""device"": ""cuda"", ""random_seeds"": [2026]}, ""run"": {""family"": ""AUTOMATA"", ""scenario"": ""parameter_analysis"", ""seed"": 2026, ""split"": ""test""}, ""training"": {""batch_size"": 32, ""early_stopping"": {""enabled"": true, ""patience"": 5}, ""epochs"": 50, ""optimizer"": ""adam""}}",BATADAL,,ATT_FLAG,"[""DATETIME""]",,0.6,0.2,0.2,True,mean,standard,True,1,16,1,True,0.0,0.05,cuda,[2026],32,50,True,5,adam,0.1,4,3,4,1,True,levenshtein,True,0.0001,average_log_probability,0.05,AUTOMATA,2026,test,parameter_analysis,6,3,BATADAL_dataset04.csv,-999.0,1.0
BATADAL,2026,test,6,4,0.26666666666666666,0.19672131147540983,0.96,0.32653061224489793,304,353,304,0.0038196849030470914,109,"{""automata"": {""anomaly_threshold"": 0.1, ""decision"": {""fallback_quantile"": 0.05, ""score_field"": ""average_log_probability""}, ""paa"": {""window_size"": 4}, ""probability"": {""epsilon"": 0.0001, ""smoothing"": true}, ""sax"": {""alphabet_size"": 3}, ""sliding_window"": {""size"": 4, ""stride"": 1}, ""unseen_pattern"": {""enabled"": true, ""method"": ""levenshtein""}}, ""dataset"": {""config"": {""anomaly_label_value"": 1, ""drop_columns"": [""DATETIME""], ""normal_label_value"": -999, ""split"": {""test"": 0.2, ""train"": 0.6, ""validation"": 0.2}, ""target_column"": ""ATT_FLAG"", ""train_file"": ""BATADAL_dataset04.csv""}, ""name"": ""BATADAL""}, ""extra"": {""alphabet_size"": 4, ""window_size"": 6}, ""noise"": {""enabled"": true, ""gaussian_mean"": 0.0, ""gaussian_std"": 0.05}, ""preprocessing"": {""missing_data"": {""enabled"": true, ""strategy"": ""mean""}, ""pca"": {""enabled"": true, ""n_components"": 1}, ""scaler"": ""standard"", ""sequence_length"": 16, ""sequence_stride"": 1}, ""project"": {""device"": ""cuda"", ""random_seeds"": [2026]}, ""run"": {""family"": ""AUTOMATA"", ""scenario"": ""parameter_analysis"", ""seed"": 2026, ""split"": ""test""}, ""training"": {""batch_size"": 32, ""early_stopping"": {""enabled"": true, ""patience"": 5}, ""epochs"": 50, ""optimizer"": ""adam""}}",BATADAL,,ATT_FLAG,"[""DATETIME""]",,0.6,0.2,0.2,True,mean,standard,True,1,16,1,True,0.0,0.05,cuda,[2026],32,50,True,5,adam,0.1,4,3,4,1,True,levenshtein,True,0.0001,average_log_probability,0.05,AUTOMATA,2026,test,parameter_analysis,6,4,BATADAL_dataset04.csv,-999.0,1.0
BATADAL,2026,test,6,5,0.2222222222222222,0.19230769230769232,1.0,0.3225806451612903,342,374,341,0.003197565062754352,129,"{""automata"": {""anomaly_threshold"": 0.1, ""decision"": {""fallback_quantile"": 0.05, ""score_field"": ""average_log_probability""}, ""paa"": {""window_size"": 4}, ""probability"": {""epsilon"": 0.0001, ""smoothing"": true}, ""sax"": {""alphabet_size"": 3}, ""sliding_window"": {""size"": 4, ""stride"": 1}, ""unseen_pattern"": {""enabled"": true, ""method"": ""levenshtein""}}, ""dataset"": {""config"": {""anomaly_label_value"": 1, ""drop_columns"": [""DATETIME""], ""normal_label_value"": -999, ""split"": {""test"": 0.2, ""train"": 0.6, ""validation"": 0.2}, ""target_column"": ""ATT_FLAG"", ""train_file"": ""BATADAL_dataset04.csv""}, ""name"": ""BATADAL""}, ""extra"": {""alphabet_size"": 5, ""window_size"": 6}, ""noise"": {""enabled"": true, ""gaussian_mean"": 0.0, ""gaussian_std"": 0.05}, ""preprocessing"": {""missing_data"": {""enabled"": true, ""strategy"": ""mean""}, ""pca"": {""enabled"": true, ""n_components"": 1}, ""scaler"": ""standard"", ""sequence_length"": 16, ""sequence_stride"": 1}, ""project"": {""device"": ""cuda"", ""random_seeds"": [2026]}, ""run"": {""family"": ""AUTOMATA"", ""scenario"": ""parameter_analysis"", ""seed"": 2026, ""split"": ""test""}, ""training"": {""batch_size"": 32, ""early_stopping"": {""enabled"": true, ""patience"": 5}, ""epochs"": 50, ""optimizer"": ""adam""}}",BATADAL,,ATT_FLAG,"[""DATETIME""]",,0.6,0.2,0.2,True,mean,standard,True,1,16,1,True,0.0,0.05,cuda,[2026],32,50,True,5,adam,0.1,4,3,4,1,True,levenshtein,True,0.0001,average_log_probability,0.05,AUTOMATA,2026,test,parameter_analysis,6,5,BATADAL_dataset04.csv,-999.0,1.0
BATADAL,2026,test,6,6,0.21481481481481482,0.19083969465648856,1.0,0.32051282051282054,378,395,377,0.002764480277707791,131,"{""automata"": {""anomaly_threshold"": 0.1, ""decision"": {""fallback_quantile"": 0.05, ""score_field"": ""average_log_probability""}, ""paa"": {""window_size"": 4}, ""probability"": {""epsilon"": 0.0001, ""smoothing"": true}, ""sax"": {""alphabet_size"": 3}, ""sliding_window"": {""size"": 4, ""stride"": 1}, ""unseen_pattern"": {""enabled"": true, ""method"": ""levenshtein""}}, ""dataset"": {""config"": {""anomaly_label_value"": 1, ""drop_columns"": [""DATETIME""], ""normal_label_value"": -999, ""split"": {""test"": 0.2, ""train"": 0.6, ""validation"": 0.2}, ""target_column"": ""ATT_FLAG"", ""train_file"": ""BATADAL_dataset04.csv""}, ""name"": ""BATADAL""}, ""extra"": {""alphabet_size"": 6, ""window_size"": 6}, ""noise"": {""enabled"": true, ""gaussian_mean"": 0.0, ""gaussian_std"": 0.05}, ""preprocessing"": {""missing_data"": {""enabled"": true, ""strategy"": ""mean""}, ""pca"": {""enabled"": true, ""n_components"": 1}, ""scaler"": ""standard"", ""sequence_length"": 16, ""sequence_stride"": 1}, ""project"": {""device"": ""cuda"", ""random_seeds"": [2026]}, ""run"": {""family"": ""AUTOMATA"", ""scenario"": ""parameter_analysis"", ""seed"": 2026, ""split"": ""test""}, ""training"": {""batch_size"": 32, ""early_stopping"": {""enabled"": true, ""patience"": 5}, ""epochs"": 50, ""optimizer"": ""adam""}}",BATADAL,,ATT_FLAG,"[""DATETIME""]",,0.6,0.2,0.2,True,mean,standard,True,1,16,1,True,0.0,0.05,cuda,[2026],32,50,True,5,adam,0.1,4,3,4,1,True,levenshtein,True,0.0001,average_log_probability,0.05,AUTOMATA,2026,test,parameter_analysis,6,6,BATADAL_dataset04.csv,-999.0,1.0
SKAB,7,fold_0,3,3,0.6268357810413885,0.125,0.011472275334608031,0.021015761821366025,20,40,20,0.1,2,"{""automata"": {""anomaly_threshold"": 0.1, ""decision"": {""fallback_quantile"": 0.05, ""score_field"": ""average_log_probability""}, ""paa"": {""window_size"": 4}, ""probability"": {""epsilon"": 0.0001, ""smoothing"": true}, ""sax"": {""alphabet_size"": 3}, ""sliding_window"": {""size"": 4, ""stride"": 1}, ""unseen_pattern"": {""enabled"": true, ""method"": ""levenshtein""}}, ""dataset"": {""config"": {""drop_columns"": [""datetime"", ""changepoint"", ""source_group"", ""source_file""], ""group_column"": ""source_file"", ""split"": {""test"": 0.2, ""train"": 0.6, ""validation"": 0.2}, ""target_column"": ""anomaly"", ""valve_folders"": [""valve1"", ""valve2""]}, ""name"": ""SKAB""}, ""extra"": {""alphabet_size"": 3, ""window_size"": 3}, ""noise"": {""enabled"": true, ""gaussian_mean"": 0.0, ""gaussian_std"": 0.05}, ""preprocessing"": {""missing_data"": {""enabled"": true, ""strategy"": ""mean""}, ""pca"": {""enabled"": true, ""n_components"": 1}, ""scaler"": ""standard"", ""sequence_length"": 16, ""sequence_stride"": 1}, ""project"": {""device"": ""cuda"", ""random_seeds"": [7]}, ""run"": {""family"": ""AUTOMATA"", ""scenario"": ""parameter_analysis"", ""seed"": 7, ""split"": ""fold_0""}, ""training"": {""batch_size"": 32, ""early_stopping"": {""enabled"": true, ""patience"": 5}, ""epochs"": 50, ""optimizer"": ""adam""}}",SKAB,"[""valve1"", ""valve2""]",anomaly,"[""datetime"", ""changepoint"", ""source_group"", ""source_file""]",source_file,0.6,0.2,0.2,True,mean,standard,True,1,16,1,True,0.0,0.05,cuda,[7],32,50,True,5,adam,0.1,4,3,4,1,True,levenshtein,True,0.0001,average_log_probability,0.05,AUTOMATA,7,fold_0,parameter_analysis,3,3,,,
SKAB,7,fold_1,3,3,0.6430953969312875,0.28,0.013358778625954198,0.025500910746812388,19,40,19,0.11080332409972299,2,"{""automata"": {""anomaly_threshold"": 0.1, ""decision"": {""fallback_quantile"": 0.05, ""score_field"": ""average_log_probability""}, ""paa"": {""window_size"": 4}, ""probability"": {""epsilon"": 0.0001, ""smoothing"": true}, ""sax"": {""alphabet_size"": 3}, ""sliding_window"": {""size"": 4, ""stride"": 1}, ""unseen_pattern"": {""enabled"": true, ""method"": ""levenshtein""}}, ""dataset"": {""config"": {""drop_columns"": [""datetime"", ""changepoint"", ""source_group"", ""source_file""], ""group_column"": ""source_file"", ""split"": {""test"": 0.2, ""train"": 0.6, ""validation"": 0.2}, ""target_column"": ""anomaly"", ""valve_folders"": [""valve1"", ""valve2""]}, ""name"": ""SKAB""}, ""extra"": {""alphabet_size"": 3, ""window_size"": 3}, ""noise"": {""enabled"": true, ""gaussian_mean"": 0.0, ""gaussian_std"": 0.05}, ""preprocessing"": {""missing_data"": {""enabled"": true, ""strategy"": ""mean""}, ""pca"": {""enabled"": true, ""n_components"": 1}, ""scaler"": ""standard"", ""sequence_length"": 16, ""sequence_stride"": 1}, ""project"": {""device"": ""cuda"", ""random_seeds"": [7]}, ""run"": {""family"": ""AUTOMATA"", ""scenario"": ""parameter_analysis"", ""seed"": 7, ""split"": ""fold_1""}, ""training"": {""batch_size"": 32, ""early_stopping"": {""enabled"": true, ""patience"": 5}, ""epochs"": 50, ""optimizer"": ""adam""}}",SKAB,"[""valve1"", ""valve2""]",anomaly,"[""datetime"", ""changepoint"", ""source_group"", ""source_file""]",source_file,0.6,0.2,0.2,True,mean,standard,True,1,16,1,True,0.0,0.05,cuda,[7],32,50,True,5,adam,0.1,4,3,4,1,True,levenshtein,True,0.0001,average_log_probability,0.05,AUTOMATA,7,fold_1,parameter_analysis,3,3,,,
SKAB,7,fold_2,3,3,0.6262491672218521,0.29545454545454547,0.02394106813996317,0.044293015332197615,19,37,19,0.10249307479224377,1,"{""automata"": {""anomaly_threshold"": 0.1, ""decision"": {""fallback_quantile"": 0.05, ""score_field"": ""average_log_probability""}, ""paa"": {""window_size"": 4}, ""probability"": {""epsilon"": 0.0001, ""smoothing"": true}, ""sax"": {""alphabet_size"": 3}, ""sliding_window"": {""size"": 4, ""stride"": 1}, ""unseen_pattern"": {""enabled"": true, ""method"": ""levenshtein""}}, ""dataset"": {""config"": {""drop_columns"": [""datetime"", ""changepoint"", ""source_group"", ""source_file""], ""group_column"": ""source_file"", ""split"": {""test"": 0.2, ""train"": 0.6, ""validation"": 0.2}, ""target_column"": ""anomaly"", ""valve_folders"": [""valve1"", ""valve2""]}, ""name"": ""SKAB""}, ""extra"": {""alphabet_size"": 3, ""window_size"": 3}, ""noise"": {""enabled"": true, ""gaussian_mean"": 0.0, ""gaussian_std"": 0.05}, ""preprocessing"": {""missing_data"": {""enabled"": true, ""strategy"": ""mean""}, ""pca"": {""enabled"": true, ""n_components"": 1}, ""scaler"": ""standard"", ""sequence_length"": 16, ""sequence_stride"": 1}, ""project"": {""device"": ""cuda"", ""random_seeds"": [7]}, ""run"": {""family"": ""AUTOMATA"", ""scenario"": ""parameter_analysis"", ""seed"": 7, ""split"": ""fold_2""}, ""training"": {""batch_size"": 32, ""early_stopping"": {""enabled"": true, ""patience"": 5}, ""epochs"": 50, ""optimizer"": ""adam""}}",SKAB,"[""valve1"", ""valve2""]",anomaly,"[""datetime"", ""changepoint"", ""source_group"", ""source_file""]",source_file,0.6,0.2,0.2,True,mean,standard,True,1,16,1,True,0.0,0.05,cuda,[7],32,50,True,5,adam,0.1,4,3,4,1,True,levenshtein,True,0.0001,average_log_probability,0.05,AUTOMATA,7,fold_2,parameter_analysis,3,3,,,
SKAB,7,fold_3,3,3,0.6183050847457627,0.35294117647058826,0.04419889502762431,0.07855973813420622,19,41,19,0.11357340720221606,4,"{""automata"": {""anomaly_threshold"": 0.1, ""decision"": {""fallback_quantile"": 0.05, ""score_field"": ""average_log_probability""}, ""paa"": {""window_size"": 4}, ""probability"": {""epsilon"": 0.0001, ""smoothing"": true}, ""sax"": {""alphabet_size"": 3}, ""sliding_window"": {""size"": 4, ""stride"": 1}, ""unseen_pattern"": {""enabled"": true, ""method"": ""levenshtein""}}, ""dataset"": {""config"": {""drop_columns"": [""datetime"", ""changepoint"", ""source_group"", ""source_file""], ""group_column"": ""source_file"", ""split"": {""test"": 0.2, ""train"": 0.6, ""validation"": 0.2}, ""target_column"": ""anomaly"", ""valve_folders"": [""valve1"", ""valve2""]}, ""name"": ""SKAB""}, ""extra"": {""alphabet_size"": 3, ""window_size"": 3}, ""noise"": {""enabled"": true, ""gaussian_mean"": 0.0, ""gaussian_std"": 0.05}, ""preprocessing"": {""missing_data"": {""enabled"": true, ""strategy"": ""mean""}, ""pca"": {""enabled"": true, ""n_components"": 1}, ""scaler"": ""standard"", ""sequence_length"": 16, ""sequence_stride"": 1}, ""project"": {""device"": ""cuda"", ""random_seeds"": [7]}, ""run"": {""family"": ""AUTOMATA"", ""scenario"": ""parameter_analysis"", ""seed"": 7, ""split"": ""fold_3""}, ""training"": {""batch_size"": 32, ""early_stopping"": {""enabled"": true, ""patience"": 5}, ""epochs"": 50, ""optimizer"": ""adam""}}",SKAB,"[""valve1"", ""valve2""]",anomaly,"[""datetime"", ""changepoint"", ""source_group"", ""source_file""]",source_file,0.6,0.2,0.2,True,mean,standard,True,1,16,1,True,0.0,0.05,cuda,[7],32,50,True,5,adam,0.1,4,3,4,1,True,levenshtein,True,0.0001,average_log_probability,0.05,AUTOMATA,7,fold_3,parameter_analysis,3,3,,,
SKAB,7,fold_4,3,3,0.6205298013245033,0.3358208955223881,0.08506616257088846,0.13574660633484162,21,42,21,0.09523809523809523,2,"{""automata"": {""anomaly_threshold"": 0.1, ""decision"": {""fallback_quantile"": 0.05, ""score_field"": ""average_log_probability""}, ""paa"": {""window_size"": 4}, ""probability"": {""epsilon"": 0.0001, ""smoothing"": true}, ""sax"": {""alphabet_size"": 3}, ""sliding_window"": {""size"": 4, ""stride"": 1}, ""unseen_pattern"": {""enabled"": true, ""method"": ""levenshtein""}}, ""dataset"": {""config"": {""drop_columns"": [""datetime"", ""changepoint"", ""source_group"", ""source_file""], ""group_column"": ""source_file"", ""split"": {""test"": 0.2, ""train"": 0.6, ""validation"": 0.2}, ""target_column"": ""anomaly"", ""valve_folders"": [""valve1"", ""valve2""]}, ""name"": ""SKAB""}, ""extra"": {""alphabet_size"": 3, ""window_size"": 3}, ""noise"": {""enabled"": true, ""gaussian_mean"": 0.0, ""gaussian_std"": 0.05}, ""preprocessing"": {""missing_data"": {""enabled"": true, ""strategy"": ""mean""}, ""pca"": {""enabled"": true, ""n_components"": 1}, ""scaler"": ""standard"", ""sequence_length"": 16, ""sequence_stride"": 1}, ""project"": {""device"": ""cuda"", ""random_seeds"": [7]}, ""run"": {""family"": ""AUTOMATA"", ""scenario"": ""parameter_analysis"", ""seed"": 7, ""split"": ""fold_4""}, ""training"": {""batch_size"": 32, ""early_stopping"": {""enabled"": true, ""patience"": 5}, ""epochs"": 50, ""optimizer"": ""adam""}}",SKAB,"[""valve1"", ""valve2""]",anomaly,"[""datetime"", ""changepoint"", ""source_group"", ""source_file""]",source_file,0.6,0.2,0.2,True,mean,standard,True,1,16,1,True,0.0,0.05,cuda,[7],32,50,True,5,adam,0.1,4,3,4,1,True,levenshtein,True,0.0001,average_log_probability,0.05,AUTOMATA,7,fold_4,parameter_analysis,3,3,,,
SKAB,7,fold_0,3,4,0.6275033377837116,0.2033898305084746,0.022944550669216062,0.041237113402061855,39,82,39,0.05391190006574622,2,"{""automata"": {""anomaly_threshold"": 0.1, ""decision"": {""fallback_quantile"": 0.05, ""score_field"": ""average_log_probability""}, ""paa"": {""window_size"": 4}, ""probability"": {""epsilon"": 0.0001, ""smoothing"": true}, ""sax"": {""alphabet_size"": 3}, ""sliding_window"": {""size"": 4, ""stride"": 1}, ""unseen_pattern"": {""enabled"": true, ""method"": ""levenshtein""}}, ""dataset"": {""config"": {""drop_columns"": [""datetime"", ""changepoint"", ""source_group"", ""source_file""], ""group_column"": ""source_file"", ""split"": {""test"": 0.2, ""train"": 0.6, ""validation"": 0.2}, ""target_column"": ""anomaly"", ""valve_folders"": [""valve1"", ""valve2""]}, ""name"": ""SKAB""}, ""extra"": {""alphabet_size"": 4, ""window_size"": 3}, ""noise"": {""enabled"": true, ""gaussian_mean"": 0.0, ""gaussian_std"": 0.05}, ""preprocessing"": {""missing_data"": {""enabled"": true, ""strategy"": ""mean""}, ""pca"": {""enabled"": true, ""n_components"": 1}, ""scaler"": ""standard"", ""sequence_length"": 16, ""sequence_stride"": 1}, ""project"": {""device"": ""cuda"", ""random_seeds"": [7]}, ""run"": {""family"": ""AUTOMATA"", ""scenario"": ""parameter_analysis"", ""seed"": 7, ""split"": ""fold_0""}, ""training"": {""batch_size"": 32, ""early_stopping"": {""enabled"": true, ""patience"": 5}, ""epochs"": 50, ""optimizer"": ""adam""}}",SKAB,"[""valve1"", ""valve2""]",anomaly,"[""datetime"", ""changepoint"", ""source_group"", ""source_file""]",source_file,0.6,0.2,0.2,True,mean,standard,True,1,16,1,True,0.0,0.05,cuda,[7],32,50,True,5,adam,0.1,4,3,4,1,True,levenshtein,True,0.0001,average_log_probability,0.05,AUTOMATA,7,fold_0,parameter_analysis,3,4,,,
SKAB,7,fold_1,3,4,0.6417611741160774,0.2903225806451613,0.01717557251908397,0.032432432432432434,35,75,35,0.061224489795918366,0,"{""automata"": {""anomaly_threshold"": 0.1, ""decision"": {""fallback_quantile"": 0.05, ""score_field"": ""average_log_probability""}, ""paa"": {""window_size"": 4}, ""probability"": {""epsilon"": 0.0001, ""smoothing"": true}, ""sax"": {""alphabet_size"": 3}, ""sliding_window"": {""size"": 4, ""stride"": 1}, ""unseen_pattern"": {""enabled"": true, ""method"": ""levenshtein""}}, ""dataset"": {""config"": {""drop_columns"": [""datetime"", ""changepoint"", ""source_group"", ""source_file""], ""group_column"": ""source_file"", ""split"": {""test"": 0.2, ""train"": 0.6, ""validation"": 0.2}, ""target_column"": ""anomaly"", ""valve_folders"": [""valve1"", ""valve2""]}, ""name"": ""SKAB""}, ""extra"": {""alphabet_size"": 4, ""window_size"": 3}, ""noise"": {""enabled"": true, ""gaussian_mean"": 0.0, ""gaussian_std"": 0.05}, ""preprocessing"": {""missing_data"": {""enabled"": true, ""strategy"": ""mean""}, ""pca"": {""enabled"": true, ""n_components"": 1}, ""scaler"": ""standard"", ""sequence_length"": 16, ""sequence_stride"": 1}, ""project"": {""device"": ""cuda"", ""random_seeds"": [7]}, ""run"": {""family"": ""AUTOMATA"", ""scenario"": ""parameter_analysis"", ""seed"": 7, ""split"": ""fold_1""}, ""training"": {""batch_size"": 32, ""early_stopping"": {""enabled"": true, ""patience"": 5}, ""epochs"": 50, ""optimizer"": ""adam""}}",SKAB,"[""valve1"", ""valve2""]",anomaly,"[""datetime"", ""changepoint"", ""source_group"", ""source_file""]",source_file,0.6,0.2,0.2,True,mean,standard,True,1,16,1,True,0.0,0.05,cuda,[7],32,50,True,5,adam,0.1,4,3,4,1,True,levenshtein,True,0.0001,average_log_probability,0.05,AUTOMATA,7,fold_1,parameter_analysis,3,4,,,
SKAB,7,fold_2,3,4,0.6335776149233844,0.26666666666666666,0.007366482504604052,0.014336917562724014,38,75,38,0.05193905817174515,1,"{""automata"": {""anomaly_threshold"": 0.1, ""decision"": {""fallback_quantile"": 0.05, ""score_field"": ""average_log_probability""}, ""paa"": {""window_size"": 4}, ""probability"": {""epsilon"": 0.0001, ""smoothing"": true}, ""sax"": {""alphabet_size"": 3}, ""sliding_window"": {""size"": 4, ""stride"": 1}, ""unseen_pattern"": {""enabled"": true, ""method"": ""levenshtein""}}, ""dataset"": {""config"": {""drop_columns"": [""datetime"", ""changepoint"", ""source_group"", ""source_file""], ""group_column"": ""source_file"", ""split"": {""test"": 0.2, ""train"": 0.6, ""validation"": 0.2}, ""target_column"": ""anomaly"", ""valve_folders"": [""valve1"", ""valve2""]}, ""name"": ""SKAB""}, ""extra"": {""alphabet_size"": 4, ""window_size"": 3}, ""noise"": {""enabled"": true, ""gaussian_mean"": 0.0, ""gaussian_std"": 0.05}, ""preprocessing"": {""missing_data"": {""enabled"": true, ""strategy"": ""mean""}, ""pca"": {""enabled"": true, ""n_components"": 1}, ""scaler"": ""standard"", ""sequence_length"": 16, ""sequence_stride"": 1}, ""project"": {""device"": ""cuda"", ""random_seeds"": [7]}, ""run"": {""family"": ""AUTOMATA"", ""scenario"": ""parameter_analysis"", ""seed"": 7, ""split"": ""fold_2""}, ""training"": {""batch_size"": 32, ""early_stopping"": {""enabled"": true, ""patience"": 5}, ""epochs"": 50, ""optimizer"": ""adam""}}",SKAB,"[""valve1"", ""valve2""]",anomaly,"[""datetime"", ""changepoint"", ""source_group"", ""source_file""]",source_file,0.6,0.2,0.2,True,mean,standard,True,1,16,1,True,0.0,0.05,cuda,[7],32,50,True,5,adam,0.1,4,3,4,1,True,levenshtein,True,0.0001,average_log_probability,0.05,AUTOMATA,7,fold_2,parameter_analysis,3,4,,,
SKAB,7,fold_3,3,4,0.5783050847457627,0.25766871165644173,0.07734806629834254,0.11898016997167139,32,66,32,0.064453125,12,"{""automata"": {""anomaly_threshold"": 0.1, ""decision"": {""fallback_quantile"": 0.05, ""score_field"": ""average_log_probability""}, ""paa"": {""window_size"": 4}, ""probability"": {""epsilon"": 0.0001, ""smoothing"": true}, ""sax"": {""alphabet_size"": 3}, ""sliding_window"": {""size"": 4, ""stride"": 1}, ""unseen_pattern"": {""enabled"": true, ""method"": ""levenshtein""}}, ""dataset"": {""config"": {""drop_columns"": [""datetime"", ""changepoint"", ""source_group"", ""source_file""], ""group_column"": ""source_file"", ""split"": {""test"": 0.2, ""train"": 0.6, ""validation"": 0.2}, ""target_column"": ""anomaly"", ""valve_folders"": [""valve1"", ""valve2""]}, ""name"": ""SKAB""}, ""extra"": {""alphabet_size"": 4, ""window_size"": 3}, ""noise"": {""enabled"": true, ""gaussian_mean"": 0.0, ""gaussian_std"": 0.05}, ""preprocessing"": {""missing_data"": {""enabled"": true, ""strategy"": ""mean""}, ""pca"": {""enabled"": true, ""n_components"": 1}, ""scaler"": ""standard"", ""sequence_length"": 16, ""sequence_stride"": 1}, ""project"": {""device"": ""cuda"", ""random_seeds"": [7]}, ""run"": {""family"": ""AUTOMATA"", ""scenario"": ""parameter_analysis"", ""seed"": 7, ""split"": ""fold_3""}, ""training"": {""batch_size"": 32, ""early_stopping"": {""enabled"": true, ""patience"": 5}, ""epochs"": 50, ""optimizer"": ""adam""}}",SKAB,"[""valve1"", ""valve2""]",anomaly,"[""datetime"", ""changepoint"", ""source_group"", ""source_file""]",source_file,0.6,0.2,0.2,True,mean,standard,True,1,16,1,True,0.0,0.05,cuda,[7],32,50,True,5,adam,0.1,4,3,4,1,True,levenshtein,True,0.0001,average_log_probability,0.05,AUTOMATA,7,fold_3,parameter_analysis,3,4,,,
SKAB,7,fold_4,3,4,0.6139072847682119,0.36764705882352944,0.14177693761814744,0.20463847203274216,31,65,31,0.06763787721123829,31,"{""automata"": {""anomaly_threshold"": 0.1, ""decision"": {""fallback_quantile"": 0.05, ""score_field"": ""average_log_probability""}, ""paa"": {""window_size"": 4}, ""probability"": {""epsilon"": 0.0001, ""smoothing"": true}, ""sax"": {""alphabet_size"": 3}, ""sliding_window"": {""size"": 4, ""stride"": 1}, ""unseen_pattern"": {""enabled"": true, ""method"": ""levenshtein""}}, ""dataset"": {""config"": {""drop_columns"": [""datetime"", ""changepoint"", ""source_group"", ""source_file""], ""group_column"": ""source_file"", ""split"": {""test"": 0.2, ""train"": 0.6, ""validation"": 0.2}, ""target_column"": ""anomaly"", ""valve_folders"": [""valve1"", ""valve2""]}, ""name"": ""SKAB""}, ""extra"": {""alphabet_size"": 4, ""window_size"": 3}, ""noise"": {""enabled"": true, ""gaussian_mean"": 0.0, ""gaussian_std"": 0.05}, ""preprocessing"": {""missing_data"": {""enabled"": true, ""strategy"": ""mean""}, ""pca"": {""enabled"": true, ""n_components"": 1}, ""scaler"": ""standard"", ""sequence_length"": 16, ""sequence_stride"": 1}, ""project"": {""device"": ""cuda"", ""random_seeds"": [7]}, ""run"": {""family"": ""AUTOMATA"", ""scenario"": ""parameter_analysis"", ""seed"": 7, ""split"": ""fold_4""}, ""training"": {""batch_size"": 32, ""early_stopping"": {""enabled"": true, ""patience"": 5}, ""epochs"": 50, ""optimizer"": ""adam""}}",SKAB,"[""valve1"", ""valve2""]",anomaly,"[""datetime"", ""changepoint"", ""source_group"", ""source_file""]",source_file,0.6,0.2,0.2,True,mean,standard,True,1,16,1,True,0.0,0.05,cuda,[7],32,50,True,5,adam,0.1,4,3,4,1,True,levenshtein,True,0.0001,average_log_probability,0.05,AUTOMATA,7,fold_4,parameter_analysis,3,4,,,
SKAB,7,fold_0,3,5,0.6188251001335113,0.11290322580645161,0.01338432122370937,0.023931623931623933,54,123,54,0.04218106995884774,7,"{""automata"": {""anomaly_threshold"": 0.1, ""decision"": {""fallback_quantile"": 0.05, ""score_field"": ""average_log_probability""}, ""paa"": {""window_size"": 4}, ""probability"": {""epsilon"": 0.0001, ""smoothing"": true}, ""sax"": {""alphabet_size"": 3}, ""sliding_window"": {""size"": 4, ""stride"": 1}, ""unseen_pattern"": {""enabled"": true, ""method"": ""levenshtein""}}, ""dataset"": {""config"": {""drop_columns"": [""datetime"", ""changepoint"", ""source_group"", ""source_file""], ""group_column"": ""source_file"", ""split"": {""test"": 0.2, ""train"": 0.6, ""validation"": 0.2}, ""target_column"": ""anomaly"", ""valve_folders"": [""valve1"", ""valve2""]}, ""name"": ""SKAB""}, ""extra"": {""alphabet_size"": 5, ""window_size"": 3}, ""noise"": {""enabled"": true, ""gaussian_mean"": 0.0, ""gaussian_std"": 0.05}, ""preprocessing"": {""missing_data"": {""enabled"": true, ""strategy"": ""mean""}, ""pca"": {""enabled"": true, ""n_components"": 1}, ""scaler"": ""standard"", ""sequence_length"": 16, ""sequence_stride"": 1}, ""project"": {""device"": ""cuda"", ""random_seeds"": [7]}, ""run"": {""family"": ""AUTOMATA"", ""scenario"": ""parameter_analysis"", ""seed"": 7, ""split"": ""fold_0""}, ""training"": {""batch_size"": 32, ""early_stopping"": {""enabled"": true, ""patience"": 5}, ""epochs"": 50, ""optimizer"": ""adam""}}",SKAB,"[""valve1"", ""valve2""]",anomaly,"[""datetime"", ""changepoint"", ""source_group"", ""source_file""]",source_file,0.6,0.2,0.2,True,mean,standard,True,1,16,1,True,0.0,0.05,cuda,[7],32,50,True,5,adam,0.1,4,3,4,1,True,levenshtein,True,0.0001,average_log_probability,0.05,AUTOMATA,7,fold_0,parameter_analysis,3,5,,,
SKAB,7,fold_1,3,5,0.6497665110073382,0.4,0.003816793893129771,0.007561436672967864,54,124,54,0.04252400548696845,2,"{""automata"": {""anomaly_threshold"": 0.1, ""decision"": {""fallback_quantile"": 0.05, ""score_field"": ""average_log_probability""}, ""paa"": {""window_size"": 4}, ""probability"": {""epsilon"": 0.0001, ""smoothing"": true}, ""sax"": {""alphabet_size"": 3}, ""sliding_window"": {""size"": 4, ""stride"": 1}, ""unseen_pattern"": {""enabled"": true, ""method"": ""levenshtein""}}, ""dataset"": {""config"": {""drop_columns"": [""datetime"", ""changepoint"", ""source_group"", ""source_file""], ""group_column"": ""source_file"", ""split"": {""test"": 0.2, ""train"": 0.6, ""validation"": 0.2}, ""target_column"": ""anomaly"", ""valve_folders"": [""valve1"", ""valve2""]}, ""name"": ""SKAB""}, ""extra"": {""alphabet_size"": 5, ""window_size"": 3}, ""noise"": {""enabled"": true, ""gaussian_mean"": 0.0, ""gaussian_std"": 0.05}, ""preprocessing"": {""missing_data"": {""enabled"": true, ""strategy"": ""mean""}, ""pca"": {""enabled"": true, ""n_components"": 1}, ""scaler"": ""standard"", ""sequence_length"": 16, ""sequence_stride"": 1}, ""project"": {""device"": ""cuda"", ""random_seeds"": [7]}, ""run"": {""family"": ""AUTOMATA"", ""scenario"": ""parameter_analysis"", ""seed"": 7, ""split"": ""fold_1""}, ""training"": {""batch_size"": 32, ""early_stopping"": {""enabled"": true, ""patience"": 5}, ""epochs"": 50, ""optimizer"": ""adam""}}",SKAB,"[""valve1"", ""valve2""]",anomaly,"[""datetime"", ""changepoint"", ""source_group"", ""source_file""]",source_file,0.6,0.2,0.2,True,mean,standard,True,1,16,1,True,0.0,0.05,cuda,[7],32,50,True,5,adam,0.1,4,3,4,1,True,levenshtein,True,0.0001,average_log_probability,0.05,AUTOMATA,7,fold_1,parameter_analysis,3,5,,,
SKAB,7,fold_2,3,5,0.6362425049966689,0.4,0.011049723756906077,0.021505376344086023,49,105,49,0.043731778425655975,2,"{""automata"": {""anomaly_threshold"": 0.1, ""decision"": {""fallback_quantile"": 0.05, ""score_field"": ""average_log_probability""}, ""paa"": {""window_size"": 4}, ""probability"": {""epsilon"": 0.0001, ""smoothing"": true}, ""sax"": {""alphabet_size"": 3}, ""sliding_window"": {""size"": 4, ""stride"": 1}, ""unseen_pattern"": {""enabled"": true, ""method"": ""levenshtein""}}, ""dataset"": {""config"": {""drop_columns"": [""datetime"", ""changepoint"", ""source_group"", ""source_file""], ""group_column"": ""source_file"", ""split"": {""test"": 0.2, ""train"": 0.6, ""validation"": 0.2}, ""target_column"": ""anomaly"", ""valve_folders"": [""valve1"", ""valve2""]}, ""name"": ""SKAB""}, ""extra"": {""alphabet_size"": 5, ""window_size"": 3}, ""noise"": {""enabled"": true, ""gaussian_mean"": 0.0, ""gaussian_std"": 0.05}, ""preprocessing"": {""missing_data"": {""enabled"": true, ""strategy"": ""mean""}, ""pca"": {""enabled"": true, ""n_components"": 1}, ""scaler"": ""standard"", ""sequence_length"": 16, ""sequence_stride"": 1}, ""project"": {""device"": ""cuda"", ""random_seeds"": [7]}, ""run"": {""family"": ""AUTOMATA"", ""scenario"": ""parameter_analysis"", ""seed"": 7, ""split"": ""fold_2""}, ""training"": {""batch_size"": 32, ""early_stopping"": {""enabled"": true, ""patience"": 5}, ""epochs"": 50, ""optimizer"": ""adam""}}",SKAB,"[""valve1"", ""valve2""]",anomaly,"[""datetime"", ""changepoint"", ""source_group"", ""source_file""]",source_file,0.6,0.2,0.2,True,mean,standard,True,1,16,1,True,0.0,0.05,cuda,[7],32,50,True,5,adam,0.1,4,3,4,1,True,levenshtein,True,0.0001,average_log_probability,0.05,AUTOMATA,7,fold_2,parameter_analysis,3,5,,,
SKAB,7,fold_3,3,5,0.5857627118644068,0.24242424242424243,0.058931860036832415,0.09481481481481481,48,101,48,0.04383680555555555,29,"{""automata"": {""anomaly_threshold"": 0.1, ""decision"": {""fallback_quantile"": 0.05, ""score_field"": ""average_log_probability""}, ""paa"": {""window_size"": 4}, ""probability"": {""epsilon"": 0.0001, ""smoothing"": true}, ""sax"": {""alphabet_size"": 3}, ""sliding_window"": {""size"": 4, ""stride"": 1}, ""unseen_pattern"": {""enabled"": true, ""method"": ""levenshtein""}}, ""dataset"": {""config"": {""drop_columns"": [""datetime"", ""changepoint"", ""source_group"", ""source_file""], ""group_column"": ""source_file"", ""split"": {""test"": 0.2, ""train"": 0.6, ""validation"": 0.2}, ""target_column"": ""anomaly"", ""valve_folders"": [""valve1"", ""valve2""]}, ""name"": ""SKAB""}, ""extra"": {""alphabet_size"": 5, ""window_size"": 3}, ""noise"": {""enabled"": true, ""gaussian_mean"": 0.0, ""gaussian_std"": 0.05}, ""preprocessing"": {""missing_data"": {""enabled"": true, ""strategy"": ""mean""}, ""pca"": {""enabled"": true, ""n_components"": 1}, ""scaler"": ""standard"", ""sequence_length"": 16, ""sequence_stride"": 1}, ""project"": {""device"": ""cuda"", ""random_seeds"": [7]}, ""run"": {""family"": ""AUTOMATA"", ""scenario"": ""parameter_analysis"", ""seed"": 7, ""split"": ""fold_3""}, ""training"": {""batch_size"": 32, ""early_stopping"": {""enabled"": true, ""patience"": 5}, ""epochs"": 50, ""optimizer"": ""adam""}}",SKAB,"[""valve1"", ""valve2""]",anomaly,"[""datetime"", ""changepoint"", ""source_group"", ""source_file""]",source_file,0.6,0.2,0.2,True,mean,standard,True,1,16,1,True,0.0,0.05,cuda,[7],32,50,True,5,adam,0.1,4,3,4,1,True,levenshtein,True,0.0001,average_log_probability,0.05,AUTOMATA,7,fold_3,parameter_analysis,3,5,,,
SKAB,7,fold_4,3,5,0.6079470198675496,0.34782608695652173,0.13610586011342155,0.1956521739130435,51,103,51,0.039600153787004995,42,"{""automata"": {""anomaly_threshold"": 0.1, ""decision"": {""fallback_quantile"": 0.05, ""score_field"": ""average_log_probability""}, ""paa"": {""window_size"": 4}, ""probability"": {""epsilon"": 0.0001, ""smoothing"": true}, ""sax"": {""alphabet_size"": 3}, ""sliding_window"": {""size"": 4, ""stride"": 1}, ""unseen_pattern"": {""enabled"": true, ""method"": ""levenshtein""}}, ""dataset"": {""config"": {""drop_columns"": [""datetime"", ""changepoint"", ""source_group"", ""source_file""], ""group_column"": ""source_file"", ""split"": {""test"": 0.2, ""train"": 0.6, ""validation"": 0.2}, ""target_column"": ""anomaly"", ""valve_folders"": [""valve1"", ""valve2""]}, ""name"": ""SKAB""}, ""extra"": {""alphabet_size"": 5, ""window_size"": 3}, ""noise"": {""enabled"": true, ""gaussian_mean"": 0.0, ""gaussian_std"": 0.05}, ""preprocessing"": {""missing_data"": {""enabled"": true, ""strategy"": ""mean""}, ""pca"": {""enabled"": true, ""n_components"": 1}, ""scaler"": ""standard"", ""sequence_length"": 16, ""sequence_stride"": 1}, ""project"": {""device"": ""cuda"", ""random_seeds"": [7]}, ""run"": {""family"": ""AUTOMATA"", ""scenario"": ""parameter_analysis"", ""seed"": 7, ""split"": ""fold_4""}, ""training"": {""batch_size"": 32, ""early_stopping"": {""enabled"": true, ""patience"": 5}, ""epochs"": 50, ""optimizer"": ""adam""}}",SKAB,"[""valve1"", ""valve2""]",anomaly,"[""datetime"", ""changepoint"", ""source_group"", ""source_file""]",source_file,0.6,0.2,0.2,True,mean,standard,True,1,16,1,True,0.0,0.05,cuda,[7],32,50,True,5,adam,0.1,4,3,4,1,True,levenshtein,True,0.0001,average_log_probability,0.05,AUTOMATA,7,fold_4,parameter_analysis,3,5,,,
SKAB,7,fold_0,3,6,0.6034712950600801,0.1553398058252427,0.030592734225621414,0.051118210862619806,81,195,81,0.029721079103795154,8,"{""automata"": {""anomaly_threshold"": 0.1, ""decision"": {""fallback_quantile"": 0.05, ""score_field"": ""average_log_probability""}, ""paa"": {""window_size"": 4}, ""probability"": {""epsilon"": 0.0001, ""smoothing"": true}, ""sax"": {""alphabet_size"": 3}, ""sliding_window"": {""size"": 4, ""stride"": 1}, ""unseen_pattern"": {""enabled"": true, ""method"": ""levenshtein""}}, ""dataset"": {""config"": {""drop_columns"": [""datetime"", ""changepoint"", ""source_group"", ""source_file""], ""group_column"": ""source_file"", ""split"": {""test"": 0.2, ""train"": 0.6, ""validation"": 0.2}, ""target_column"": ""anomaly"", ""valve_folders"": [""valve1"", ""valve2""]}, ""name"": ""SKAB""}, ""extra"": {""alphabet_size"": 6, ""window_size"": 3}, ""noise"": {""enabled"": true, ""gaussian_mean"": 0.0, ""gaussian_std"": 0.05}, ""preprocessing"": {""missing_data"": {""enabled"": true, ""strategy"": ""mean""}, ""pca"": {""enabled"": true, ""n_components"": 1}, ""scaler"": ""standard"", ""sequence_length"": 16, ""sequence_stride"": 1}, ""project"": {""device"": ""cuda"", ""random_seeds"": [7]}, ""run"": {""family"": ""AUTOMATA"", ""scenario"": ""parameter_analysis"", ""seed"": 7, ""split"": ""fold_0""}, ""training"": {""batch_size"": 32, ""early_stopping"": {""enabled"": true, ""patience"": 5}, ""epochs"": 50, ""optimizer"": ""adam""}}",SKAB,"[""valve1"", ""valve2""]",anomaly,"[""datetime"", ""changepoint"", ""source_group"", ""source_file""]",source_file,0.6,0.2,0.2,True,mean,standard,True,1,16,1,True,0.0,0.05,cuda,[7],32,50,True,5,adam,0.1,4,3,4,1,True,levenshtein,True,0.0001,average_log_probability,0.05,AUTOMATA,7,fold_0,parameter_analysis,3,6,,,
SKAB,7,fold_1,3,6,0.6484322881921281,0.2857142857142857,0.003816793893129771,0.007532956685499058,78,185,78,0.030407626561472716,2,"{""automata"": {""anomaly_threshold"": 0.1, ""decision"": {""fallback_quantile"": 0.05, ""score_field"": ""average_log_probability""}, ""paa"": {""window_size"": 4}, ""probability"": {""epsilon"": 0.0001, ""smoothing"": true}, ""sax"": {""alphabet_size"": 3}, ""sliding_window"": {""size"": 4, ""stride"": 1}, ""unseen_pattern"": {""enabled"": true, ""method"": ""levenshtein""}}, ""dataset"": {""config"": {""drop_columns"": [""datetime"", ""changepoint"", ""source_group"", ""source_file""], ""group_column"": ""source_file"", ""split"": {""test"": 0.2, ""train"": 0.6, ""validation"": 0.2}, ""target_column"": ""anomaly"", ""valve_folders"": [""valve1"", ""valve2""]}, ""name"": ""SKAB""}, ""extra"": {""alphabet_size"": 6, ""window_size"": 3}, ""noise"": {""enabled"": true, ""gaussian_mean"": 0.0, ""gaussian_std"": 0.05}, ""preprocessing"": {""missing_data"": {""enabled"": true, ""strategy"": ""mean""}, ""pca"": {""enabled"": true, ""n_components"": 1}, ""scaler"": ""standard"", ""sequence_length"": 16, ""sequence_stride"": 1}, ""project"": {""device"": ""cuda"", ""random_seeds"": [7]}, ""run"": {""family"": ""AUTOMATA"", ""scenario"": ""parameter_analysis"", ""seed"": 7, ""split"": ""fold_1""}, ""training"": {""batch_size"": 32, ""early_stopping"": {""enabled"": true, ""patience"": 5}, ""epochs"": 50, ""optimizer"": ""adam""}}",SKAB,"[""valve1"", ""valve2""]",anomaly,"[""datetime"", ""changepoint"", ""source_group"", ""source_file""]",source_file,0.6,0.2,0.2,True,mean,standard,True,1,16,1,True,0.0,0.05,cuda,[7],32,50,True,5,adam,0.1,4,3,4,1,True,levenshtein,True,0.0001,average_log_probability,0.05,AUTOMATA,7,fold_1,parameter_analysis,3,6,,,
SKAB,7,fold_2,3,6,0.6389073950699533,0.5217391304347826,0.022099447513812154,0.04240282685512368,72,163,72,0.0314429012345679,3,"{""automata"": {""anomaly_threshold"": 0.1, ""decision"": {""fallback_quantile"": 0.05, ""score_field"": ""average_log_probability""}, ""paa"": {""window_size"": 4}, ""probability"": {""epsilon"": 0.0001, ""smoothing"": true}, ""sax"": {""alphabet_size"": 3}, ""sliding_window"": {""size"": 4, ""stride"": 1}, ""unseen_pattern"": {""enabled"": true, ""method"": ""levenshtein""}}, ""dataset"": {""config"": {""drop_columns"": [""datetime"", ""changepoint"", ""source_group"", ""source_file""], ""group_column"": ""source_file"", ""split"": {""test"": 0.2, ""train"": 0.6, ""validation"": 0.2}, ""target_column"": ""anomaly"", ""valve_folders"": [""valve1"", ""valve2""]}, ""name"": ""SKAB""}, ""extra"": {""alphabet_size"": 6, ""window_size"": 3}, ""noise"": {""enabled"": true, ""gaussian_mean"": 0.0, ""gaussian_std"": 0.05}, ""preprocessing"": {""missing_data"": {""enabled"": true, ""strategy"": ""mean""}, ""pca"": {""enabled"": true, ""n_components"": 1}, ""scaler"": ""standard"", ""sequence_length"": 16, ""sequence_stride"": 1}, ""project"": {""device"": ""cuda"", ""random_seeds"": [7]}, ""run"": {""family"": ""AUTOMATA"", ""scenario"": ""parameter_analysis"", ""seed"": 7, ""split"": ""fold_2""}, ""training"": {""batch_size"": 32, ""early_stopping"": {""enabled"": true, ""patience"": 5}, ""epochs"": 50, ""optimizer"": ""adam""}}",SKAB,"[""valve1"", ""valve2""]",anomaly,"[""datetime"", ""changepoint"", ""source_group"", ""source_file""]",source_file,0.6,0.2,0.2,True,mean,standard,True,1,16,1,True,0.0,0.05,cuda,[7],32,50,True,5,adam,0.1,4,3,4,1,True,levenshtein,True,0.0001,average_log_probability,0.05,AUTOMATA,7,fold_2,parameter_analysis,3,6,,,
SKAB,7,fold_3,3,6,0.5708474576271186,0.22560975609756098,0.06813996316758748,0.10466760961810467,65,147,65,0.03479289940828403,39,"{""automata"": {""anomaly_threshold"": 0.1, ""decision"": {""fallback_quantile"": 0.05, ""score_field"": ""average_log_probability""}, ""paa"": {""window_size"": 4}, ""probability"": {""epsilon"": 0.0001, ""smoothing"": true}, ""sax"": {""alphabet_size"": 3}, ""sliding_window"": {""size"": 4, ""stride"": 1}, ""unseen_pattern"": {""enabled"": true, ""method"": ""levenshtein""}}, ""dataset"": {""config"": {""drop_columns"": [""datetime"", ""changepoint"", ""source_group"", ""source_file""], ""group_column"": ""source_file"", ""split"": {""test"": 0.2, ""train"": 0.6, ""validation"": 0.2}, ""target_column"": ""anomaly"", ""valve_folders"": [""valve1"", ""valve2""]}, ""name"": ""SKAB""}, ""extra"": {""alphabet_size"": 6, ""window_size"": 3}, ""noise"": {""enabled"": true, ""gaussian_mean"": 0.0, ""gaussian_std"": 0.05}, ""preprocessing"": {""missing_data"": {""enabled"": true, ""strategy"": ""mean""}, ""pca"": {""enabled"": true, ""n_components"": 1}, ""scaler"": ""standard"", ""sequence_length"": 16, ""sequence_stride"": 1}, ""project"": {""device"": ""cuda"", ""random_seeds"": [7]}, ""run"": {""family"": ""AUTOMATA"", ""scenario"": ""parameter_analysis"", ""seed"": 7, ""split"": ""fold_3""}, ""training"": {""batch_size"": 32, ""early_stopping"": {""enabled"": true, ""patience"": 5}, ""epochs"": 50, ""optimizer"": ""adam""}}",SKAB,"[""valve1"", ""valve2""]",anomaly,"[""datetime"", ""changepoint"", ""source_group"", ""source_file""]",source_file,0.6,0.2,0.2,True,mean,standard,True,1,16,1,True,0.0,0.05,cuda,[7],32,50,True,5,adam,0.1,4,3,4,1,True,levenshtein,True,0.0001,average_log_probability,0.05,AUTOMATA,7,fold_3,parameter_analysis,3,6,,,
SKAB,7,fold_4,3,6,0.5589403973509933,0.2930513595166163,0.1833648393194707,0.2255813953488372,65,140,65,0.033136094674556214,89,"{""automata"": {""anomaly_threshold"": 0.1, ""decision"": {""fallback_quantile"": 0.05, ""score_field"": ""average_log_probability""}, ""paa"": {""window_size"": 4}, ""probability"": {""epsilon"": 0.0001, ""smoothing"": true}, ""sax"": {""alphabet_size"": 3}, ""sliding_window"": {""size"": 4, ""stride"": 1}, ""unseen_pattern"": {""enabled"": true, ""method"": ""levenshtein""}}, ""dataset"": {""config"": {""drop_columns"": [""datetime"", ""changepoint"", ""source_group"", ""source_file""], ""group_column"": ""source_file"", ""split"": {""test"": 0.2, ""train"": 0.6, ""validation"": 0.2}, ""target_column"": ""anomaly"", ""valve_folders"": [""valve1"", ""valve2""]}, ""name"": ""SKAB""}, ""extra"": {""alphabet_size"": 6, ""window_size"": 3}, ""noise"": {""enabled"": true, ""gaussian_mean"": 0.0, ""gaussian_std"": 0.05}, ""preprocessing"": {""missing_data"": {""enabled"": true, ""strategy"": ""mean""}, ""pca"": {""enabled"": true, ""n_components"": 1}, ""scaler"": ""standard"", ""sequence_length"": 16, ""sequence_stride"": 1}, ""project"": {""device"": ""cuda"", ""random_seeds"": [7]}, ""run"": {""family"": ""AUTOMATA"", ""scenario"": ""parameter_analysis"", ""seed"": 7, ""split"": ""fold_4""}, ""training"": {""batch_size"": 32, ""early_stopping"": {""enabled"": true, ""patience"": 5}, ""epochs"": 50, ""optimizer"": ""adam""}}",SKAB,"[""valve1"", ""valve2""]",anomaly,"[""datetime"", ""changepoint"", ""source_group"", ""source_file""]",source_file,0.6,0.2,0.2,True,mean,standard,True,1,16,1,True,0.0,0.05,cuda,[7],32,50,True,5,adam,0.1,4,3,4,1,True,levenshtein,True,0.0001,average_log_probability,0.05,AUTOMATA,7,fold_4,parameter_analysis,3,6,,,
SKAB,7,fold_0,4,3,0.6256684491978609,0.2,0.017543859649122806,0.03225806451612903,36,69,36,0.05324074074074074,5,"{""automata"": {""anomaly_threshold"": 0.1, ""decision"": {""fallback_quantile"": 0.05, ""score_field"": ""average_log_probability""}, ""paa"": {""window_size"": 4}, ""probability"": {""epsilon"": 0.0001, ""smoothing"": true}, ""sax"": {""alphabet_size"": 3}, ""sliding_window"": {""size"": 4, ""stride"": 1}, ""unseen_pattern"": {""enabled"": true, ""method"": ""levenshtein""}}, ""dataset"": {""config"": {""drop_columns"": [""datetime"", ""changepoint"", ""source_group"", ""source_file""], ""group_column"": ""source_file"", ""split"": {""test"": 0.2, ""train"": 0.6, ""validation"": 0.2}, ""target_column"": ""anomaly"", ""valve_folders"": [""valve1"", ""valve2""]}, ""name"": ""SKAB""}, ""extra"": {""alphabet_size"": 3, ""window_size"": 4}, ""noise"": {""enabled"": true, ""gaussian_mean"": 0.0, ""gaussian_std"": 0.05}, ""preprocessing"": {""missing_data"": {""enabled"": true, ""strategy"": ""mean""}, ""pca"": {""enabled"": true, ""n_components"": 1}, ""scaler"": ""standard"", ""sequence_length"": 16, ""sequence_stride"": 1}, ""project"": {""device"": ""cuda"", ""random_seeds"": [7]}, ""run"": {""family"": ""AUTOMATA"", ""scenario"": ""parameter_analysis"", ""seed"": 7, ""split"": ""fold_0""}, ""training"": {""batch_size"": 32, ""early_stopping"": {""enabled"": true, ""patience"": 5}, ""epochs"": 50, ""optimizer"": ""adam""}}",SKAB,"[""valve1"", ""valve2""]",anomaly,"[""datetime"", ""changepoint"", ""source_group"", ""source_file""]",source_file,0.6,0.2,0.2,True,mean,standard,True,1,16,1,True,0.0,0.05,cuda,[7],32,50,True,5,adam,0.1,4,3,4,1,True,levenshtein,True,0.0001,average_log_probability,0.05,AUTOMATA,7,fold_0,parameter_analysis,4,3,,,
SKAB,7,fold_1,4,3,0.6366874443455031,0.25,0.01,0.019230769230769232,37,71,37,0.05186267348429511,0,"{""automata"": {""anomaly_threshold"": 0.1, ""decision"": {""fallback_quantile"": 0.05, ""score_field"": ""average_log_probability""}, ""paa"": {""window_size"": 4}, ""probability"": {""epsilon"": 0.0001, ""smoothing"": true}, ""sax"": {""alphabet_size"": 3}, ""sliding_window"": {""size"": 4, ""stride"": 1}, ""unseen_pattern"": {""enabled"": true, ""method"": ""levenshtein""}}, ""dataset"": {""config"": {""drop_columns"": [""datetime"", ""changepoint"", ""source_group"", ""source_file""], ""group_column"": ""source_file"", ""split"": {""test"": 0.2, ""train"": 0.6, ""validation"": 0.2}, ""target_column"": ""anomaly"", ""valve_folders"": [""valve1"", ""valve2""]}, ""name"": ""SKAB""}, ""extra"": {""alphabet_size"": 3, ""window_size"": 4}, ""noise"": {""enabled"": true, ""gaussian_mean"": 0.0, ""gaussian_std"": 0.05}, ""preprocessing"": {""missing_data"": {""enabled"": true, ""strategy"": ""mean""}, ""pca"": {""enabled"": true, ""n_components"": 1}, ""scaler"": ""standard"", ""sequence_length"": 16, ""sequence_stride"": 1}, ""project"": {""device"": ""cuda"", ""random_seeds"": [7]}, ""run"": {""family"": ""AUTOMATA"", ""scenario"": ""parameter_analysis"", ""seed"": 7, ""split"": ""fold_1""}, ""training"": {""batch_size"": 32, ""early_stopping"": {""enabled"": true, ""patience"": 5}, ""epochs"": 50, ""optimizer"": ""adam""}}",SKAB,"[""valve1"", ""valve2""]",anomaly,"[""datetime"", ""changepoint"", ""source_group"", ""source_file""]",source_file,0.6,0.2,0.2,True,mean,standard,True,1,16,1,True,0.0,0.05,cuda,[7],32,50,True,5,adam,0.1,4,3,4,1,True,levenshtein,True,0.0001,average_log_probability,0.05,AUTOMATA,7,fold_1,parameter_analysis,4,3,,,
SKAB,7,fold_2,4,3,0.6192170818505338,0.325,0.03140096618357488,0.05726872246696035,35,66,35,0.053877551020408164,3,"{""automata"": {""anomaly_threshold"": 0.1, ""decision"": {""fallback_quantile"": 0.05, ""score_field"": ""average_log_probability""}, ""paa"": {""window_size"": 4}, ""probability"": {""epsilon"": 0.0001, ""smoothing"": true}, ""sax"": {""alphabet_size"": 3}, ""sliding_window"": {""size"": 4, ""stride"": 1}, ""unseen_pattern"": {""enabled"": true, ""method"": ""levenshtein""}}, ""dataset"": {""config"": {""drop_columns"": [""datetime"", ""changepoint"", ""source_group"", ""source_file""], ""group_column"": ""source_file"", ""split"": {""test"": 0.2, ""train"": 0.6, ""validation"": 0.2}, ""target_column"": ""anomaly"", ""valve_folders"": [""valve1"", ""valve2""]}, ""name"": ""SKAB""}, ""extra"": {""alphabet_size"": 3, ""window_size"": 4}, ""noise"": {""enabled"": true, ""gaussian_mean"": 0.0, ""gaussian_std"": 0.05}, ""preprocessing"": {""missing_data"": {""enabled"": true, ""strategy"": ""mean""}, ""pca"": {""enabled"": true, ""n_components"": 1}, ""scaler"": ""standard"", ""sequence_length"": 16, ""sequence_stride"": 1}, ""project"": {""device"": ""cuda"", ""random_seeds"": [7]}, ""run"": {""family"": ""AUTOMATA"", ""scenario"": ""parameter_analysis"", ""seed"": 7, ""split"": ""fold_2""}, ""training"": {""batch_size"": 32, ""early_stopping"": {""enabled"": true, ""patience"": 5}, ""epochs"": 50, ""optimizer"": ""adam""}}",SKAB,"[""valve1"", ""valve2""]",anomaly,"[""datetime"", ""changepoint"", ""source_group"", ""source_file""]",source_file,0.6,0.2,0.2,True,mean,standard,True,1,16,1,True,0.0,0.05,cuda,[7],32,50,True,5,adam,0.1,4,3,4,1,True,levenshtein,True,0.0001,average_log_probability,0.05,AUTOMATA,7,fold_2,parameter_analysis,4,3,,,
SKAB,7,fold_3,4,3,0.609049773755656,0.2702702702702703,0.024096385542168676,0.04424778761061947,38,73,38,0.05055401662049862,4,"{""automata"": {""anomaly_threshold"": 0.1, ""decision"": {""fallback_quantile"": 0.05, ""score_field"": ""average_log_probability""}, ""paa"": {""window_size"": 4}, ""probability"": {""epsilon"": 0.0001, ""smoothing"": true}, ""sax"": {""alphabet_size"": 3}, ""sliding_window"": {""size"": 4, ""stride"": 1}, ""unseen_pattern"": {""enabled"": true, ""method"": ""levenshtein""}}, ""dataset"": {""config"": {""drop_columns"": [""datetime"", ""changepoint"", ""source_group"", ""source_file""], ""group_column"": ""source_file"", ""split"": {""test"": 0.2, ""train"": 0.6, ""validation"": 0.2}, ""target_column"": ""anomaly"", ""valve_folders"": [""valve1"", ""valve2""]}, ""name"": ""SKAB""}, ""extra"": {""alphabet_size"": 3, ""window_size"": 4}, ""noise"": {""enabled"": true, ""gaussian_mean"": 0.0, ""gaussian_std"": 0.05}, ""preprocessing"": {""missing_data"": {""enabled"": true, ""strategy"": ""mean""}, ""pca"": {""enabled"": true, ""n_components"": 1}, ""scaler"": ""standard"", ""sequence_length"": 16, ""sequence_stride"": 1}, ""project"": {""device"": ""cuda"", ""random_seeds"": [7]}, ""run"": {""family"": ""AUTOMATA"", ""scenario"": ""parameter_analysis"", ""seed"": 7, ""split"": ""fold_3""}, ""training"": {""batch_size"": 32, ""early_stopping"": {""enabled"": true, ""patience"": 5}, ""epochs"": 50, ""optimizer"": ""adam""}}",SKAB,"[""valve1"", ""valve2""]",anomaly,"[""datetime"", ""changepoint"", ""source_group"", ""source_file""]",source_file,0.6,0.2,0.2,True,mean,standard,True,1,16,1,True,0.0,0.05,cuda,[7],32,50,True,5,adam,0.1,4,3,4,1,True,levenshtein,True,0.0001,average_log_probability,0.05,AUTOMATA,7,fold_3,parameter_analysis,4,3,,,
SKAB,7,fold_4,4,3,0.6330680813439434,0.4423076923076923,0.1141439205955335,0.1814595660749507,39,66,39,0.04339250493096647,28,"{""automata"": {""anomaly_threshold"": 0.1, ""decision"": {""fallback_quantile"": 0.05, ""score_field"": ""average_log_probability""}, ""paa"": {""window_size"": 4}, ""probability"": {""epsilon"": 0.0001, ""smoothing"": true}, ""sax"": {""alphabet_size"": 3}, ""sliding_window"": {""size"": 4, ""stride"": 1}, ""unseen_pattern"": {""enabled"": true, ""method"": ""levenshtein""}}, ""dataset"": {""config"": {""drop_columns"": [""datetime"", ""changepoint"", ""source_group"", ""source_file""], ""group_column"": ""source_file"", ""split"": {""test"": 0.2, ""train"": 0.6, ""validation"": 0.2}, ""target_column"": ""anomaly"", ""valve_folders"": [""valve1"", ""valve2""]}, ""name"": ""SKAB""}, ""extra"": {""alphabet_size"": 3, ""window_size"": 4}, ""noise"": {""enabled"": true, ""gaussian_mean"": 0.0, ""gaussian_std"": 0.05}, ""preprocessing"": {""missing_data"": {""enabled"": true, ""strategy"": ""mean""}, ""pca"": {""enabled"": true, ""n_components"": 1}, ""scaler"": ""standard"", ""sequence_length"": 16, ""sequence_stride"": 1}, ""project"": {""device"": ""cuda"", ""random_seeds"": [7]}, ""run"": {""family"": ""AUTOMATA"", ""scenario"": ""parameter_analysis"", ""seed"": 7, ""split"": ""fold_4""}, ""training"": {""batch_size"": 32, ""early_stopping"": {""enabled"": true, ""patience"": 5}, ""epochs"": 50, ""optimizer"": ""adam""}}",SKAB,"[""valve1"", ""valve2""]",anomaly,"[""datetime"", ""changepoint"", ""source_group"", ""source_file""]",source_file,0.6,0.2,0.2,True,mean,standard,True,1,16,1,True,0.0,0.05,cuda,[7],32,50,True,5,adam,0.1,4,3,4,1,True,levenshtein,True,0.0001,average_log_probability,0.05,AUTOMATA,7,fold_4,parameter_analysis,4,3,,,
SKAB,7,fold_0,4,4,0.6149732620320856,0.2608695652173913,0.045112781954887216,0.07692307692307693,60,120,60,0.03333333333333333,17,"{""automata"": {""anomaly_threshold"": 0.1, ""decision"": {""fallback_quantile"": 0.05, ""score_field"": ""average_log_probability""}, ""paa"": {""window_size"": 4}, ""probability"": {""epsilon"": 0.0001, ""smoothing"": true}, ""sax"": {""alphabet_size"": 3}, ""sliding_window"": {""size"": 4, ""stride"": 1}, ""unseen_pattern"": {""enabled"": true, ""method"": ""levenshtein""}}, ""dataset"": {""config"": {""drop_columns"": [""datetime"", ""changepoint"", ""source_group"", ""source_file""], ""group_column"": ""source_file"", ""split"": {""test"": 0.2, ""train"": 0.6, ""validation"": 0.2}, ""target_column"": ""anomaly"", ""valve_folders"": [""valve1"", ""valve2""]}, ""name"": ""SKAB""}, ""extra"": {""alphabet_size"": 4, ""window_size"": 4}, ""noise"": {""enabled"": true, ""gaussian_mean"": 0.0, ""gaussian_std"": 0.05}, ""preprocessing"": {""missing_data"": {""enabled"": true, ""strategy"": ""mean""}, ""pca"": {""enabled"": true, ""n_components"": 1}, ""scaler"": ""standard"", ""sequence_length"": 16, ""sequence_stride"": 1}, ""project"": {""device"": ""cuda"", ""random_seeds"": [7]}, ""run"": {""family"": ""AUTOMATA"", ""scenario"": ""parameter_analysis"", ""seed"": 7, ""split"": ""fold_0""}, ""training"": {""batch_size"": 32, ""early_stopping"": {""enabled"": true, ""patience"": 5}, ""epochs"": 50, ""optimizer"": ""adam""}}",SKAB,"[""valve1"", ""valve2""]",anomaly,"[""datetime"", ""changepoint"", ""source_group"", ""source_file""]",source_file,0.6,0.2,0.2,True,mean,standard,True,1,16,1,True,0.0,0.05,cuda,[7],32,50,True,5,adam,0.1,4,3,4,1,True,levenshtein,True,0.0001,average_log_probability,0.05,AUTOMATA,7,fold_0,parameter_analysis,4,4,,,
SKAB,7,fold_1,4,4,0.6331255565449688,0.22727272727272727,0.0125,0.023696682464454975,66,126,66,0.028925619834710745,1,"{""automata"": {""anomaly_threshold"": 0.1, ""decision"": {""fallback_quantile"": 0.05, ""score_field"": ""average_log_probability""}, ""paa"": {""window_size"": 4}, ""probability"": {""epsilon"": 0.0001, ""smoothing"": true}, ""sax"": {""alphabet_size"": 3}, ""sliding_window"": {""size"": 4, ""stride"": 1}, ""unseen_pattern"": {""enabled"": true, ""method"": ""levenshtein""}}, ""dataset"": {""config"": {""drop_columns"": [""datetime"", ""changepoint"", ""source_group"", ""source_file""], ""group_column"": ""source_file"", ""split"": {""test"": 0.2, ""train"": 0.6, ""validation"": 0.2}, ""target_column"": ""anomaly"", ""valve_folders"": [""valve1"", ""valve2""]}, ""name"": ""SKAB""}, ""extra"": {""alphabet_size"": 4, ""window_size"": 4}, ""noise"": {""enabled"": true, ""gaussian_mean"": 0.0, ""gaussian_std"": 0.05}, ""preprocessing"": {""missing_data"": {""enabled"": true, ""strategy"": ""mean""}, ""pca"": {""enabled"": true, ""n_components"": 1}, ""scaler"": ""standard"", ""sequence_length"": 16, ""sequence_stride"": 1}, ""project"": {""device"": ""cuda"", ""random_seeds"": [7]}, ""run"": {""family"": ""AUTOMATA"", ""scenario"": ""parameter_analysis"", ""seed"": 7, ""split"": ""fold_1""}, ""training"": {""batch_size"": 32, ""early_stopping"": {""enabled"": true, ""patience"": 5}, ""epochs"": 50, ""optimizer"": ""adam""}}",SKAB,"[""valve1"", ""valve2""]",anomaly,"[""datetime"", ""changepoint"", ""source_group"", ""source_file""]",source_file,0.6,0.2,0.2,True,mean,standard,True,1,16,1,True,0.0,0.05,cuda,[7],32,50,True,5,adam,0.1,4,3,4,1,True,levenshtein,True,0.0001,average_log_probability,0.05,AUTOMATA,7,fold_1,parameter_analysis,4,4,,,
SKAB,7,fold_2,4,4,0.6227758007117438,0.2727272727272727,0.014492753623188406,0.027522935779816515,59,116,59,0.03332375754093651,0,"{""automata"": {""anomaly_threshold"": 0.1, ""decision"": {""fallback_quantile"": 0.05, ""score_field"": ""average_log_probability""}, ""paa"": {""window_size"": 4}, ""probability"": {""epsilon"": 0.0001, ""smoothing"": true}, ""sax"": {""alphabet_size"": 3}, ""sliding_window"": {""size"": 4, ""stride"": 1}, ""unseen_pattern"": {""enabled"": true, ""method"": ""levenshtein""}}, ""dataset"": {""config"": {""drop_columns"": [""datetime"", ""changepoint"", ""source_group"", ""source_file""], ""group_column"": ""source_file"", ""split"": {""test"": 0.2, ""train"": 0.6, ""validation"": 0.2}, ""target_column"": ""anomaly"", ""valve_folders"": [""valve1"", ""valve2""]}, ""name"": ""SKAB""}, ""extra"": {""alphabet_size"": 4, ""window_size"": 4}, ""noise"": {""enabled"": true, ""gaussian_mean"": 0.0, ""gaussian_std"": 0.05}, ""preprocessing"": {""missing_data"": {""enabled"": true, ""strategy"": ""mean""}, ""pca"": {""enabled"": true, ""n_components"": 1}, ""scaler"": ""standard"", ""sequence_length"": 16, ""sequence_stride"": 1}, ""project"": {""device"": ""cuda"", ""random_seeds"": [7]}, ""run"": {""family"": ""AUTOMATA"", ""scenario"": ""parameter_analysis"", ""seed"": 7, ""split"": ""fold_2""}, ""training"": {""batch_size"": 32, ""early_stopping"": {""enabled"": true, ""patience"": 5}, ""epochs"": 50, ""optimizer"": ""adam""}}",SKAB,"[""valve1"", ""valve2""]",anomaly,"[""datetime"", ""changepoint"", ""source_group"", ""source_file""]",source_file,0.6,0.2,0.2,True,mean,standard,True,1,16,1,True,0.0,0.05,cuda,[7],32,50,True,5,adam,0.1,4,3,4,1,True,levenshtein,True,0.0001,average_log_probability,0.05,AUTOMATA,7,fold_2,parameter_analysis,4,4,,,
SKAB,7,fold_3,4,4,0.5855203619909503,0.26881720430107525,0.060240963855421686,0.0984251968503937,63,119,63,0.029982363315696647,11,"{""automata"": {""anomaly_threshold"": 0.1, ""decision"": {""fallback_quantile"": 0.05, ""score_field"": ""average_log_probability""}, ""paa"": {""window_size"": 4}, ""probability"": {""epsilon"": 0.0001, ""smoothing"": true}, ""sax"": {""alphabet_size"": 3}, ""sliding_window"": {""size"": 4, ""stride"": 1}, ""unseen_pattern"": {""enabled"": true, ""method"": ""levenshtein""}}, ""dataset"": {""config"": {""drop_columns"": [""datetime"", ""changepoint"", ""source_group"", ""source_file""], ""group_column"": ""source_file"", ""split"": {""test"": 0.2, ""train"": 0.6, ""validation"": 0.2}, ""target_column"": ""anomaly"", ""valve_folders"": [""valve1"", ""valve2""]}, ""name"": ""SKAB""}, ""extra"": {""alphabet_size"": 4, ""window_size"": 4}, ""noise"": {""enabled"": true, ""gaussian_mean"": 0.0, ""gaussian_std"": 0.05}, ""preprocessing"": {""missing_data"": {""enabled"": true, ""strategy"": ""mean""}, ""pca"": {""enabled"": true, ""n_components"": 1}, ""scaler"": ""standard"", ""sequence_length"": 16, ""sequence_stride"": 1}, ""project"": {""device"": ""cuda"", ""random_seeds"": [7]}, ""run"": {""family"": ""AUTOMATA"", ""scenario"": ""parameter_analysis"", ""seed"": 7, ""split"": ""fold_3""}, ""training"": {""batch_size"": 32, ""early_stopping"": {""enabled"": true, ""patience"": 5}, ""epochs"": 50, ""optimizer"": ""adam""}}",SKAB,"[""valve1"", ""valve2""]",anomaly,"[""datetime"", ""changepoint"", ""source_group"", ""source_file""]",source_file,0.6,0.2,0.2,True,mean,standard,True,1,16,1,True,0.0,0.05,cuda,[7],32,50,True,5,adam,0.1,4,3,4,1,True,levenshtein,True,0.0001,average_log_probability,0.05,AUTOMATA,7,fold_3,parameter_analysis,4,4,,,
SKAB,7,fold_4,4,4,0.6162687886825818,0.41798941798941797,0.19602977667493796,0.2668918918918919,65,116,65,0.02745562130177515,48,"{""automata"": {""anomaly_threshold"": 0.1, ""decision"": {""fallback_quantile"": 0.05, ""score_field"": ""average_log_probability""}, ""paa"": {""window_size"": 4}, ""probability"": {""epsilon"": 0.0001, ""smoothing"": true}, ""sax"": {""alphabet_size"": 3}, ""sliding_window"": {""size"": 4, ""stride"": 1}, ""unseen_pattern"": {""enabled"": true, ""method"": ""levenshtein""}}, ""dataset"": {""config"": {""drop_columns"": [""datetime"", ""changepoint"", ""source_group"", ""source_file""], ""group_column"": ""source_file"", ""split"": {""test"": 0.2, ""train"": 0.6, ""validation"": 0.2}, ""target_column"": ""anomaly"", ""valve_folders"": [""valve1"", ""valve2""]}, ""name"": ""SKAB""}, ""extra"": {""alphabet_size"": 4, ""window_size"": 4}, ""noise"": {""enabled"": true, ""gaussian_mean"": 0.0, ""gaussian_std"": 0.05}, ""preprocessing"": {""missing_data"": {""enabled"": true, ""strategy"": ""mean""}, ""pca"": {""enabled"": true, ""n_components"": 1}, ""scaler"": ""standard"", ""sequence_length"": 16, ""sequence_stride"": 1}, ""project"": {""device"": ""cuda"", ""random_seeds"": [7]}, ""run"": {""family"": ""AUTOMATA"", ""scenario"": ""parameter_analysis"", ""seed"": 7, ""split"": ""fold_4""}, ""training"": {""batch_size"": 32, ""early_stopping"": {""enabled"": true, ""patience"": 5}, ""epochs"": 50, ""optimizer"": ""adam""}}",SKAB,"[""valve1"", ""valve2""]",anomaly,"[""datetime"", ""changepoint"", ""source_group"", ""source_file""]",source_file,0.6,0.2,0.2,True,mean,standard,True,1,16,1,True,0.0,0.05,cuda,[7],32,50,True,5,adam,0.1,4,3,4,1,True,levenshtein,True,0.0001,average_log_probability,0.05,AUTOMATA,7,fold_4,parameter_analysis,4,4,,,
SKAB,7,fold_0,4,5,0.5989304812834224,0.2,0.042606516290726815,0.07024793388429752,106,202,106,0.017977928088287645,24,"{""automata"": {""anomaly_threshold"": 0.1, ""decision"": {""fallback_quantile"": 0.05, ""score_field"": ""average_log_probability""}, ""paa"": {""window_size"": 4}, ""probability"": {""epsilon"": 0.0001, ""smoothing"": true}, ""sax"": {""alphabet_size"": 3}, ""sliding_window"": {""size"": 4, ""stride"": 1}, ""unseen_pattern"": {""enabled"": true, ""method"": ""levenshtein""}}, ""dataset"": {""config"": {""drop_columns"": [""datetime"", ""changepoint"", ""source_group"", ""source_file""], ""group_column"": ""source_file"", ""split"": {""test"": 0.2, ""train"": 0.6, ""validation"": 0.2}, ""target_column"": ""anomaly"", ""valve_folders"": [""valve1"", ""valve2""]}, ""name"": ""SKAB""}, ""extra"": {""alphabet_size"": 5, ""window_size"": 4}, ""noise"": {""enabled"": true, ""gaussian_mean"": 0.0, ""gaussian_std"": 0.05}, ""preprocessing"": {""missing_data"": {""enabled"": true, ""strategy"": ""mean""}, ""pca"": {""enabled"": true, ""n_components"": 1}, ""scaler"": ""standard"", ""sequence_length"": 16, ""sequence_stride"": 1}, ""project"": {""device"": ""cuda"", ""random_seeds"": [7]}, ""run"": {""family"": ""AUTOMATA"", ""scenario"": ""parameter_analysis"", ""seed"": 7, ""split"": ""fold_0""}, ""training"": {""batch_size"": 32, ""early_stopping"": {""enabled"": true, ""patience"": 5}, ""epochs"": 50, ""optimizer"": ""adam""}}",SKAB,"[""valve1"", ""valve2""]",anomaly,"[""datetime"", ""changepoint"", ""source_group"", ""source_file""]",source_file,0.6,0.2,0.2,True,mean,standard,True,1,16,1,True,0.0,0.05,cuda,[7],32,50,True,5,adam,0.1,4,3,4,1,True,levenshtein,True,0.0001,average_log_probability,0.05,AUTOMATA,7,fold_0,parameter_analysis,4,5,,,
SKAB,7,fold_1,4,5,0.6384683882457702,0.3125,0.0125,0.02403846153846154,115,207,115,0.01565217391304348,3,"{""automata"": {""anomaly_threshold"": 0.1, ""decision"": {""fallback_quantile"": 0.05, ""score_field"": ""average_log_probability""}, ""paa"": {""window_size"": 4}, ""probability"": {""epsilon"": 0.0001, ""smoothing"": true}, ""sax"": {""alphabet_size"": 3}, ""sliding_window"": {""size"": 4, ""stride"": 1}, ""unseen_pattern"": {""enabled"": true, ""method"": ""levenshtein""}}, ""dataset"": {""config"": {""drop_columns"": [""datetime"", ""changepoint"", ""source_group"", ""source_file""], ""group_column"": ""source_file"", ""split"": {""test"": 0.2, ""train"": 0.6, ""validation"": 0.2}, ""target_column"": ""anomaly"", ""valve_folders"": [""valve1"", ""valve2""]}, ""name"": ""SKAB""}, ""extra"": {""alphabet_size"": 5, ""window_size"": 4}, ""noise"": {""enabled"": true, ""gaussian_mean"": 0.0, ""gaussian_std"": 0.05}, ""preprocessing"": {""missing_data"": {""enabled"": true, ""strategy"": ""mean""}, ""pca"": {""enabled"": true, ""n_components"": 1}, ""scaler"": ""standard"", ""sequence_length"": 16, ""sequence_stride"": 1}, ""project"": {""device"": ""cuda"", ""random_seeds"": [7]}, ""run"": {""family"": ""AUTOMATA"", ""scenario"": ""parameter_analysis"", ""seed"": 7, ""split"": ""fold_1""}, ""training"": {""batch_size"": 32, ""early_stopping"": {""enabled"": true, ""patience"": 5}, ""epochs"": 50, ""optimizer"": ""adam""}}",SKAB,"[""valve1"", ""valve2""]",anomaly,"[""datetime"", ""changepoint"", ""source_group"", ""source_file""]",source_file,0.6,0.2,0.2,True,mean,standard,True,1,16,1,True,0.0,0.05,cuda,[7],32,50,True,5,adam,0.1,4,3,4,1,True,levenshtein,True,0.0001,average_log_probability,0.05,AUTOMATA,7,fold_1,parameter_analysis,4,5,,,
SKAB,7,fold_2,4,5,0.6263345195729537,0.35,0.016908212560386472,0.03225806451612903,102,191,102,0.01835832372164552,2,"{""automata"": {""anomaly_threshold"": 0.1, ""decision"": {""fallback_quantile"": 0.05, ""score_field"": ""average_log_probability""}, ""paa"": {""window_size"": 4}, ""probability"": {""epsilon"": 0.0001, ""smoothing"": true}, ""sax"": {""alphabet_size"": 3}, ""sliding_window"": {""size"": 4, ""stride"": 1}, ""unseen_pattern"": {""enabled"": true, ""method"": ""levenshtein""}}, ""dataset"": {""config"": {""drop_columns"": [""datetime"", ""changepoint"", ""source_group"", ""source_file""], ""group_column"": ""source_file"", ""split"": {""test"": 0.2, ""train"": 0.6, ""validation"": 0.2}, ""target_column"": ""anomaly"", ""valve_folders"": [""valve1"", ""valve2""]}, ""name"": ""SKAB""}, ""extra"": {""alphabet_size"": 5, ""window_size"": 4}, ""noise"": {""enabled"": true, ""gaussian_mean"": 0.0, ""gaussian_std"": 0.05}, ""preprocessing"": {""missing_data"": {""enabled"": true, ""strategy"": ""mean""}, ""pca"": {""enabled"": true, ""n_components"": 1}, ""scaler"": ""standard"", ""sequence_length"": 16, ""sequence_stride"": 1}, ""project"": {""device"": ""cuda"", ""random_seeds"": [7]}, ""run"": {""family"": ""AUTOMATA"", ""scenario"": ""parameter_analysis"", ""seed"": 7, ""split"": ""fold_2""}, ""training"": {""batch_size"": 32, ""early_stopping"": {""enabled"": true, ""patience"": 5}, ""epochs"": 50, ""optimizer"": ""adam""}}",SKAB,"[""valve1"", ""valve2""]",anomaly,"[""datetime"", ""changepoint"", ""source_group"", ""source_file""]",source_file,0.6,0.2,0.2,True,mean,standard,True,1,16,1,True,0.0,0.05,cuda,[7],32,50,True,5,adam,0.1,4,3,4,1,True,levenshtein,True,0.0001,average_log_probability,0.05,AUTOMATA,7,fold_2,parameter_analysis,4,5,,,
SKAB,7,fold_3,4,5,0.5737556561085972,0.2627118644067797,0.0746987951807229,0.11632270168855535,95,175,95,0.019390581717451522,26,"{""automata"": {""anomaly_threshold"": 0.1, ""decision"": {""fallback_quantile"": 0.05, ""score_field"": ""average_log_probability""}, ""paa"": {""window_size"": 4}, ""probability"": {""epsilon"": 0.0001, ""smoothing"": true}, ""sax"": {""alphabet_size"": 3}, ""sliding_window"": {""size"": 4, ""stride"": 1}, ""unseen_pattern"": {""enabled"": true, ""method"": ""levenshtein""}}, ""dataset"": {""config"": {""drop_columns"": [""datetime"", ""changepoint"", ""source_group"", ""source_file""], ""group_column"": ""source_file"", ""split"": {""test"": 0.2, ""train"": 0.6, ""validation"": 0.2}, ""target_column"": ""anomaly"", ""valve_folders"": [""valve1"", ""valve2""]}, ""name"": ""SKAB""}, ""extra"": {""alphabet_size"": 5, ""window_size"": 4}, ""noise"": {""enabled"": true, ""gaussian_mean"": 0.0, ""gaussian_std"": 0.05}, ""preprocessing"": {""missing_data"": {""enabled"": true, ""strategy"": ""mean""}, ""pca"": {""enabled"": true, ""n_components"": 1}, ""scaler"": ""standard"", ""sequence_length"": 16, ""sequence_stride"": 1}, ""project"": {""device"": ""cuda"", ""random_seeds"": [7]}, ""run"": {""family"": ""AUTOMATA"", ""scenario"": ""parameter_analysis"", ""seed"": 7, ""split"": ""fold_3""}, ""training"": {""batch_size"": 32, ""early_stopping"": {""enabled"": true, ""patience"": 5}, ""epochs"": 50, ""optimizer"": ""adam""}}",SKAB,"[""valve1"", ""valve2""]",anomaly,"[""datetime"", ""changepoint"", ""source_group"", ""source_file""]",source_file,0.6,0.2,0.2,True,mean,standard,True,1,16,1,True,0.0,0.05,cuda,[7],32,50,True,5,adam,0.1,4,3,4,1,True,levenshtein,True,0.0001,average_log_probability,0.05,AUTOMATA,7,fold_3,parameter_analysis,4,5,,,
SKAB,7,fold_4,4,5,0.5800176834659593,0.29545454545454547,0.12903225806451613,0.17962003454231434,95,178,95,0.019722991689750693,77,"{""automata"": {""anomaly_threshold"": 0.1, ""decision"": {""fallback_quantile"": 0.05, ""score_field"": ""average_log_probability""}, ""paa"": {""window_size"": 4}, ""probability"": {""epsilon"": 0.0001, ""smoothing"": true}, ""sax"": {""alphabet_size"": 3}, ""sliding_window"": {""size"": 4, ""stride"": 1}, ""unseen_pattern"": {""enabled"": true, ""method"": ""levenshtein""}}, ""dataset"": {""config"": {""drop_columns"": [""datetime"", ""changepoint"", ""source_group"", ""source_file""], ""group_column"": ""source_file"", ""split"": {""test"": 0.2, ""train"": 0.6, ""validation"": 0.2}, ""target_column"": ""anomaly"", ""valve_folders"": [""valve1"", ""valve2""]}, ""name"": ""SKAB""}, ""extra"": {""alphabet_size"": 5, ""window_size"": 4}, ""noise"": {""enabled"": true, ""gaussian_mean"": 0.0, ""gaussian_std"": 0.05}, ""preprocessing"": {""missing_data"": {""enabled"": true, ""strategy"": ""mean""}, ""pca"": {""enabled"": true, ""n_components"": 1}, ""scaler"": ""standard"", ""sequence_length"": 16, ""sequence_stride"": 1}, ""project"": {""device"": ""cuda"", ""random_seeds"": [7]}, ""run"": {""family"": ""AUTOMATA"", ""scenario"": ""parameter_analysis"", ""seed"": 7, ""split"": ""fold_4""}, ""training"": {""batch_size"": 32, ""early_stopping"": {""enabled"": true, ""patience"": 5}, ""epochs"": 50, ""optimizer"": ""adam""}}",SKAB,"[""valve1"", ""valve2""]",anomaly,"[""datetime"", ""changepoint"", ""source_group"", ""source_file""]",source_file,0.6,0.2,0.2,True,mean,standard,True,1,16,1,True,0.0,0.05,cuda,[7],32,50,True,5,adam,0.1,4,3,4,1,True,levenshtein,True,0.0001,average_log_probability,0.05,AUTOMATA,7,fold_4,parameter_analysis,4,5,,,
SKAB,7,fold_0,4,6,0.5855614973262032,0.0875,0.017543859649122806,0.029227557411273485,159,305,159,0.012064396186859698,23,"{""automata"": {""anomaly_threshold"": 0.1, ""decision"": {""fallback_quantile"": 0.05, ""score_field"": ""average_log_probability""}, ""paa"": {""window_size"": 4}, ""probability"": {""epsilon"": 0.0001, ""smoothing"": true}, ""sax"": {""alphabet_size"": 3}, ""sliding_window"": {""size"": 4, ""stride"": 1}, ""unseen_pattern"": {""enabled"": true, ""method"": ""levenshtein""}}, ""dataset"": {""config"": {""drop_columns"": [""datetime"", ""changepoint"", ""source_group"", ""source_file""], ""group_column"": ""source_file"", ""split"": {""test"": 0.2, ""train"": 0.6, ""validation"": 0.2}, ""target_column"": ""anomaly"", ""valve_folders"": [""valve1"", ""valve2""]}, ""name"": ""SKAB""}, ""extra"": {""alphabet_size"": 6, ""window_size"": 4}, ""noise"": {""enabled"": true, ""gaussian_mean"": 0.0, ""gaussian_std"": 0.05}, ""preprocessing"": {""missing_data"": {""enabled"": true, ""strategy"": ""mean""}, ""pca"": {""enabled"": true, ""n_components"": 1}, ""scaler"": ""standard"", ""sequence_length"": 16, ""sequence_stride"": 1}, ""project"": {""device"": ""cuda"", ""random_seeds"": [7]}, ""run"": {""family"": ""AUTOMATA"", ""scenario"": ""parameter_analysis"", ""seed"": 7, ""split"": ""fold_0""}, ""training"": {""batch_size"": 32, ""early_stopping"": {""enabled"": true, ""patience"": 5}, ""epochs"": 50, ""optimizer"": ""adam""}}",SKAB,"[""valve1"", ""valve2""]",anomaly,"[""datetime"", ""changepoint"", ""source_group"", ""source_file""]",source_file,0.6,0.2,0.2,True,mean,standard,True,1,16,1,True,0.0,0.05,cuda,[7],32,50,True,5,adam,0.1,4,3,4,1,True,levenshtein,True,0.0001,average_log_probability,0.05,AUTOMATA,7,fold_0,parameter_analysis,4,6,,,
SKAB,7,fold_1,4,6,0.6420302760463046,0.45454545454545453,0.025,0.04739336492890995,151,297,151,0.013025744484891013,1,"{""automata"": {""anomaly_threshold"": 0.1, ""decision"": {""fallback_quantile"": 0.05, ""score_field"": ""average_log_probability""}, ""paa"": {""window_size"": 4}, ""probability"": {""epsilon"": 0.0001, ""smoothing"": true}, ""sax"": {""alphabet_size"": 3}, ""sliding_window"": {""size"": 4, ""stride"": 1}, ""unseen_pattern"": {""enabled"": true, ""method"": ""levenshtein""}}, ""dataset"": {""config"": {""drop_columns"": [""datetime"", ""changepoint"", ""source_group"", ""source_file""], ""group_column"": ""source_file"", ""split"": {""test"": 0.2, ""train"": 0.6, ""validation"": 0.2}, ""target_column"": ""anomaly"", ""valve_folders"": [""valve1"", ""valve2""]}, ""name"": ""SKAB""}, ""extra"": {""alphabet_size"": 6, ""window_size"": 4}, ""noise"": {""enabled"": true, ""gaussian_mean"": 0.0, ""gaussian_std"": 0.05}, ""preprocessing"": {""missing_data"": {""enabled"": true, ""strategy"": ""mean""}, ""pca"": {""enabled"": true, ""n_components"": 1}, ""scaler"": ""standard"", ""sequence_length"": 16, ""sequence_stride"": 1}, ""project"": {""device"": ""cuda"", ""random_seeds"": [7]}, ""run"": {""family"": ""AUTOMATA"", ""scenario"": ""parameter_analysis"", ""seed"": 7, ""split"": ""fold_1""}, ""training"": {""batch_size"": 32, ""early_stopping"": {""enabled"": true, ""patience"": 5}, ""epochs"": 50, ""optimizer"": ""adam""}}",SKAB,"[""valve1"", ""valve2""]",anomaly,"[""datetime"", ""changepoint"", ""source_group"", ""source_file""]",source_file,0.6,0.2,0.2,True,mean,standard,True,1,16,1,True,0.0,0.05,cuda,[7],32,50,True,5,adam,0.1,4,3,4,1,True,levenshtein,True,0.0001,average_log_probability,0.05,AUTOMATA,7,fold_1,parameter_analysis,4,6,,,
SKAB,7,fold_2,4,6,0.6263345195729537,0.2857142857142857,0.00966183574879227,0.018691588785046728,134,268,134,0.014925373134328358,3,"{""automata"": {""anomaly_threshold"": 0.1, ""decision"": {""fallback_quantile"": 0.05, ""score_field"": ""average_log_probability""}, ""paa"": {""window_size"": 4}, ""probability"": {""epsilon"": 0.0001, ""smoothing"": true}, ""sax"": {""alphabet_size"": 3}, ""sliding_window"": {""size"": 4, ""stride"": 1}, ""unseen_pattern"": {""enabled"": true, ""method"": ""levenshtein""}}, ""dataset"": {""config"": {""drop_columns"": [""datetime"", ""changepoint"", ""source_group"", ""source_file""], ""group_column"": ""source_file"", ""split"": {""test"": 0.2, ""train"": 0.6, ""validation"": 0.2}, ""target_column"": ""anomaly"", ""valve_folders"": [""valve1"", ""valve2""]}, ""name"": ""SKAB""}, ""extra"": {""alphabet_size"": 6, ""window_size"": 4}, ""noise"": {""enabled"": true, ""gaussian_mean"": 0.0, ""gaussian_std"": 0.05}, ""preprocessing"": {""missing_data"": {""enabled"": true, ""strategy"": ""mean""}, ""pca"": {""enabled"": true, ""n_components"": 1}, ""scaler"": ""standard"", ""sequence_length"": 16, ""sequence_stride"": 1}, ""project"": {""device"": ""cuda"", ""random_seeds"": [7]}, ""run"": {""family"": ""AUTOMATA"", ""scenario"": ""parameter_analysis"", ""seed"": 7, ""split"": ""fold_2""}, ""training"": {""batch_size"": 32, ""early_stopping"": {""enabled"": true, ""patience"": 5}, ""epochs"": 50, ""optimizer"": ""adam""}}",SKAB,"[""valve1"", ""valve2""]",anomaly,"[""datetime"", ""changepoint"", ""source_group"", ""source_file""]",source_file,0.6,0.2,0.2,True,mean,standard,True,1,16,1,True,0.0,0.05,cuda,[7],32,50,True,5,adam,0.1,4,3,4,1,True,levenshtein,True,0.0001,average_log_probability,0.05,AUTOMATA,7,fold_2,parameter_analysis,4,6,,,
SKAB,7,fold_3,4,6,0.5647058823529412,0.2421875,0.0746987951807229,0.1141804788213628,130,249,130,0.014733727810650887,49,"{""automata"": {""anomaly_threshold"": 0.1, ""decision"": {""fallback_quantile"": 0.05, ""score_field"": ""average_log_probability""}, ""paa"": {""window_size"": 4}, ""probability"": {""epsilon"": 0.0001, ""smoothing"": true}, ""sax"": {""alphabet_size"": 3}, ""sliding_window"": {""size"": 4, ""stride"": 1}, ""unseen_pattern"": {""enabled"": true, ""method"": ""levenshtein""}}, ""dataset"": {""config"": {""drop_columns"": [""datetime"", ""changepoint"", ""source_group"", ""source_file""], ""group_column"": ""source_file"", ""split"": {""test"": 0.2, ""train"": 0.6, ""validation"": 0.2}, ""target_column"": ""anomaly"", ""valve_folders"": [""valve1"", ""valve2""]}, ""name"": ""SKAB""}, ""extra"": {""alphabet_size"": 6, ""window_size"": 4}, ""noise"": {""enabled"": true, ""gaussian_mean"": 0.0, ""gaussian_std"": 0.05}, ""preprocessing"": {""missing_data"": {""enabled"": true, ""strategy"": ""mean""}, ""pca"": {""enabled"": true, ""n_components"": 1}, ""scaler"": ""standard"", ""sequence_length"": 16, ""sequence_stride"": 1}, ""project"": {""device"": ""cuda"", ""random_seeds"": [7]}, ""run"": {""family"": ""AUTOMATA"", ""scenario"": ""parameter_analysis"", ""seed"": 7, ""split"": ""fold_3""}, ""training"": {""batch_size"": 32, ""early_stopping"": {""enabled"": true, ""patience"": 5}, ""epochs"": 50, ""optimizer"": ""adam""}}",SKAB,"[""valve1"", ""valve2""]",anomaly,"[""datetime"", ""changepoint"", ""source_group"", ""source_file""]",source_file,0.6,0.2,0.2,True,mean,standard,True,1,16,1,True,0.0,0.05,cuda,[7],32,50,True,5,adam,0.1,4,3,4,1,True,levenshtein,True,0.0001,average_log_probability,0.05,AUTOMATA,7,fold_3,parameter_analysis,4,6,,,
SKAB,7,fold_4,4,6,0.5923961096374889,0.4006849315068493,0.2903225806451613,0.3366906474820144,125,232,125,0.014848,168,"{""automata"": {""anomaly_threshold"": 0.1, ""decision"": {""fallback_quantile"": 0.05, ""score_field"": ""average_log_probability""}, ""paa"": {""window_size"": 4}, ""probability"": {""epsilon"": 0.0001, ""smoothing"": true}, ""sax"": {""alphabet_size"": 3}, ""sliding_window"": {""size"": 4, ""stride"": 1}, ""unseen_pattern"": {""enabled"": true, ""method"": ""levenshtein""}}, ""dataset"": {""config"": {""drop_columns"": [""datetime"", ""changepoint"", ""source_group"", ""source_file""], ""group_column"": ""source_file"", ""split"": {""test"": 0.2, ""train"": 0.6, ""validation"": 0.2}, ""target_column"": ""anomaly"", ""valve_folders"": [""valve1"", ""valve2""]}, ""name"": ""SKAB""}, ""extra"": {""alphabet_size"": 6, ""window_size"": 4}, ""noise"": {""enabled"": true, ""gaussian_mean"": 0.0, ""gaussian_std"": 0.05}, ""preprocessing"": {""missing_data"": {""enabled"": true, ""strategy"": ""mean""}, ""pca"": {""enabled"": true, ""n_components"": 1}, ""scaler"": ""standard"", ""sequence_length"": 16, ""sequence_stride"": 1}, ""project"": {""device"": ""cuda"", ""random_seeds"": [7]}, ""run"": {""family"": ""AUTOMATA"", ""scenario"": ""parameter_analysis"", ""seed"": 7, ""split"": ""fold_4""}, ""training"": {""batch_size"": 32, ""early_stopping"": {""enabled"": true, ""patience"": 5}, ""epochs"": 50, ""optimizer"": ""adam""}}",SKAB,"[""valve1"", ""valve2""]",anomaly,"[""datetime"", ""changepoint"", ""source_group"", ""source_file""]",source_file,0.6,0.2,0.2,True,mean,standard,True,1,16,1,True,0.0,0.05,cuda,[7],32,50,True,5,adam,0.1,4,3,4,1,True,levenshtein,True,0.0001,average_log_probability,0.05,AUTOMATA,7,fold_4,parameter_analysis,4,6,,,
SKAB,7,fold_0,5,3,0.6194196428571429,0.16,0.012345679012345678,0.022922636103151862,71,129,71,0.025590160682404287,4,"{""automata"": {""anomaly_threshold"": 0.1, ""decision"": {""fallback_quantile"": 0.05, ""score_field"": ""average_log_probability""}, ""paa"": {""window_size"": 4}, ""probability"": {""epsilon"": 0.0001, ""smoothing"": true}, ""sax"": {""alphabet_size"": 3}, ""sliding_window"": {""size"": 4, ""stride"": 1}, ""unseen_pattern"": {""enabled"": true, ""method"": ""levenshtein""}}, ""dataset"": {""config"": {""drop_columns"": [""datetime"", ""changepoint"", ""source_group"", ""source_file""], ""group_column"": ""source_file"", ""split"": {""test"": 0.2, ""train"": 0.6, ""validation"": 0.2}, ""target_column"": ""anomaly"", ""valve_folders"": [""valve1"", ""valve2""]}, ""name"": ""SKAB""}, ""extra"": {""alphabet_size"": 3, ""window_size"": 5}, ""noise"": {""enabled"": true, ""gaussian_mean"": 0.0, ""gaussian_std"": 0.05}, ""preprocessing"": {""missing_data"": {""enabled"": true, ""strategy"": ""mean""}, ""pca"": {""enabled"": true, ""n_components"": 1}, ""scaler"": ""standard"", ""sequence_length"": 16, ""sequence_stride"": 1}, ""project"": {""device"": ""cuda"", ""random_seeds"": [7]}, ""run"": {""family"": ""AUTOMATA"", ""scenario"": ""parameter_analysis"", ""seed"": 7, ""split"": ""fold_0""}, ""training"": {""batch_size"": 32, ""early_stopping"": {""enabled"": true, ""patience"": 5}, ""epochs"": 50, ""optimizer"": ""adam""}}",SKAB,"[""valve1"", ""valve2""]",anomaly,"[""datetime"", ""changepoint"", ""source_group"", ""source_file""]",source_file,0.6,0.2,0.2,True,mean,standard,True,1,16,1,True,0.0,0.05,cuda,[7],32,50,True,5,adam,0.1,4,3,4,1,True,levenshtein,True,0.0001,average_log_probability,0.05,AUTOMATA,7,fold_0,parameter_analysis,5,3,,,
SKAB,7,fold_1,5,3,0.6265328874024526,0.2857142857142857,0.018404907975460124,0.0345821325648415,66,114,66,0.026170798898071626,4,"{""automata"": {""anomaly_threshold"": 0.1, ""decision"": {""fallback_quantile"": 0.05, ""score_field"": ""average_log_probability""}, ""paa"": {""window_size"": 4}, ""probability"": {""epsilon"": 0.0001, ""smoothing"": true}, ""sax"": {""alphabet_size"": 3}, ""sliding_window"": {""size"": 4, ""stride"": 1}, ""unseen_pattern"": {""enabled"": true, ""method"": ""levenshtein""}}, ""dataset"": {""config"": {""drop_columns"": [""datetime"", ""changepoint"", ""source_group"", ""source_file""], ""group_column"": ""source_file"", ""split"": {""test"": 0.2, ""train"": 0.6, ""validation"": 0.2}, ""target_column"": ""anomaly"", ""valve_folders"": [""valve1"", ""valve2""]}, ""name"": ""SKAB""}, ""extra"": {""alphabet_size"": 3, ""window_size"": 5}, ""noise"": {""enabled"": true, ""gaussian_mean"": 0.0, ""gaussian_std"": 0.05}, ""preprocessing"": {""missing_data"": {""enabled"": true, ""strategy"": ""mean""}, ""pca"": {""enabled"": true, ""n_components"": 1}, ""scaler"": ""standard"", ""sequence_length"": 16, ""sequence_stride"": 1}, ""project"": {""device"": ""cuda"", ""random_seeds"": [7]}, ""run"": {""family"": ""AUTOMATA"", ""scenario"": ""parameter_analysis"", ""seed"": 7, ""split"": ""fold_1""}, ""training"": {""batch_size"": 32, ""early_stopping"": {""enabled"": true, ""patience"": 5}, ""epochs"": 50, ""optimizer"": ""adam""}}",SKAB,"[""valve1"", ""valve2""]",anomaly,"[""datetime"", ""changepoint"", ""source_group"", ""source_file""]",source_file,0.6,0.2,0.2,True,mean,standard,True,1,16,1,True,0.0,0.05,cuda,[7],32,50,True,5,adam,0.1,4,3,4,1,True,levenshtein,True,0.0001,average_log_probability,0.05,AUTOMATA,7,fold_1,parameter_analysis,5,3,,,
SKAB,7,fold_2,5,3,0.6169265033407573,0.42857142857142855,0.03529411764705882,0.06521739130434782,63,106,63,0.02670697908793147,3,"{""automata"": {""anomaly_threshold"": 0.1, ""decision"": {""fallback_quantile"": 0.05, ""score_field"": ""average_log_probability""}, ""paa"": {""window_size"": 4}, ""probability"": {""epsilon"": 0.0001, ""smoothing"": true}, ""sax"": {""alphabet_size"": 3}, ""sliding_window"": {""size"": 4, ""stride"": 1}, ""unseen_pattern"": {""enabled"": true, ""method"": ""levenshtein""}}, ""dataset"": {""config"": {""drop_columns"": [""datetime"", ""changepoint"", ""source_group"", ""source_file""], ""group_column"": ""source_file"", ""split"": {""test"": 0.2, ""train"": 0.6, ""validation"": 0.2}, ""target_column"": ""anomaly"", ""valve_folders"": [""valve1"", ""valve2""]}, ""name"": ""SKAB""}, ""extra"": {""alphabet_size"": 3, ""window_size"": 5}, ""noise"": {""enabled"": true, ""gaussian_mean"": 0.0, ""gaussian_std"": 0.05}, ""preprocessing"": {""missing_data"": {""enabled"": true, ""strategy"": ""mean""}, ""pca"": {""enabled"": true, ""n_components"": 1}, ""scaler"": ""standard"", ""sequence_length"": 16, ""sequence_stride"": 1}, ""project"": {""device"": ""cuda"", ""random_seeds"": [7]}, ""run"": {""family"": ""AUTOMATA"", ""scenario"": ""parameter_analysis"", ""seed"": 7, ""split"": ""fold_2""}, ""training"": {""batch_size"": 32, ""early_stopping"": {""enabled"": true, ""patience"": 5}, ""epochs"": 50, ""optimizer"": ""adam""}}",SKAB,"[""valve1"", ""valve2""]",anomaly,"[""datetime"", ""changepoint"", ""source_group"", ""source_file""]",source_file,0.6,0.2,0.2,True,mean,standard,True,1,16,1,True,0.0,0.05,cuda,[7],32,50,True,5,adam,0.1,4,3,4,1,True,levenshtein,True,0.0001,average_log_probability,0.05,AUTOMATA,7,fold_2,parameter_analysis,5,3,,,
SKAB,7,fold_3,5,3,0.5827664399092971,0.16279069767441862,0.02064896755162242,0.03664921465968586,74,133,74,0.02428780131482834,8,"{""automata"": {""anomaly_threshold"": 0.1, ""decision"": {""fallback_quantile"": 0.05, ""score_field"": ""average_log_probability""}, ""paa"": {""window_size"": 4}, ""probability"": {""epsilon"": 0.0001, ""smoothing"": true}, ""sax"": {""alphabet_size"": 3}, ""sliding_window"": {""size"": 4, ""stride"": 1}, ""unseen_pattern"": {""enabled"": true, ""method"": ""levenshtein""}}, ""dataset"": {""config"": {""drop_columns"": [""datetime"", ""changepoint"", ""source_group"", ""source_file""], ""group_column"": ""source_file"", ""split"": {""test"": 0.2, ""train"": 0.6, ""validation"": 0.2}, ""target_column"": ""anomaly"", ""valve_folders"": [""valve1"", ""valve2""]}, ""name"": ""SKAB""}, ""extra"": {""alphabet_size"": 3, ""window_size"": 5}, ""noise"": {""enabled"": true, ""gaussian_mean"": 0.0, ""gaussian_std"": 0.05}, ""preprocessing"": {""missing_data"": {""enabled"": true, ""strategy"": ""mean""}, ""pca"": {""enabled"": true, ""n_components"": 1}, ""scaler"": ""standard"", ""sequence_length"": 16, ""sequence_stride"": 1}, ""project"": {""device"": ""cuda"", ""random_seeds"": [7]}, ""run"": {""family"": ""AUTOMATA"", ""scenario"": ""parameter_analysis"", ""seed"": 7, ""split"": ""fold_3""}, ""training"": {""batch_size"": 32, ""early_stopping"": {""enabled"": true, ""patience"": 5}, ""epochs"": 50, ""optimizer"": ""adam""}}",SKAB,"[""valve1"", ""valve2""]",anomaly,"[""datetime"", ""changepoint"", ""source_group"", ""source_file""]",source_file,0.6,0.2,0.2,True,mean,standard,True,1,16,1,True,0.0,0.05,cuda,[7],32,50,True,5,adam,0.1,4,3,4,1,True,levenshtein,True,0.0001,average_log_probability,0.05,AUTOMATA,7,fold_3,parameter_analysis,5,3,,,
SKAB,7,fold_4,5,3,0.6194690265486725,0.43,0.1303030303030303,0.2,62,104,62,0.027055150884495317,55,"{""automata"": {""anomaly_threshold"": 0.1, ""decision"": {""fallback_quantile"": 0.05, ""score_field"": ""average_log_probability""}, ""paa"": {""window_size"": 4}, ""probability"": {""epsilon"": 0.0001, ""smoothing"": true}, ""sax"": {""alphabet_size"": 3}, ""sliding_window"": {""size"": 4, ""stride"": 1}, ""unseen_pattern"": {""enabled"": true, ""method"": ""levenshtein""}}, ""dataset"": {""config"": {""drop_columns"": [""datetime"", ""changepoint"", ""source_group"", ""source_file""], ""group_column"": ""source_file"", ""split"": {""test"": 0.2, ""train"": 0.6, ""validation"": 0.2}, ""target_column"": ""anomaly"", ""valve_folders"": [""valve1"", ""valve2""]}, ""name"": ""SKAB""}, ""extra"": {""alphabet_size"": 3, ""window_size"": 5}, ""noise"": {""enabled"": true, ""gaussian_mean"": 0.0, ""gaussian_std"": 0.05}, ""preprocessing"": {""missing_data"": {""enabled"": true, ""strategy"": ""mean""}, ""pca"": {""enabled"": true, ""n_components"": 1}, ""scaler"": ""standard"", ""sequence_length"": 16, ""sequence_stride"": 1}, ""project"": {""device"": ""cuda"", ""random_seeds"": [7]}, ""run"": {""family"": ""AUTOMATA"", ""scenario"": ""parameter_analysis"", ""seed"": 7, ""split"": ""fold_4""}, ""training"": {""batch_size"": 32, ""early_stopping"": {""enabled"": true, ""patience"": 5}, ""epochs"": 50, ""optimizer"": ""adam""}}",SKAB,"[""valve1"", ""valve2""]",anomaly,"[""datetime"", ""changepoint"", ""source_group"", ""source_file""]",source_file,0.6,0.2,0.2,True,mean,standard,True,1,16,1,True,0.0,0.05,cuda,[7],32,50,True,5,adam,0.1,4,3,4,1,True,levenshtein,True,0.0001,average_log_probability,0.05,AUTOMATA,7,fold_4,parameter_analysis,5,3,,,
SKAB,7,fold_0,5,4,0.5904017857142857,0.14754098360655737,0.027777777777777776,0.046753246753246755,123,216,123,0.014277215942891136,13,"{""automata"": {""anomaly_threshold"": 0.1, ""decision"": {""fallback_quantile"": 0.05, ""score_field"": ""average_log_probability""}, ""paa"": {""window_size"": 4}, ""probability"": {""epsilon"": 0.0001, ""smoothing"": true}, ""sax"": {""alphabet_size"": 3}, ""sliding_window"": {""size"": 4, ""stride"": 1}, ""unseen_pattern"": {""enabled"": true, ""method"": ""levenshtein""}}, ""dataset"": {""config"": {""drop_columns"": [""datetime"", ""changepoint"", ""source_group"", ""source_file""], ""group_column"": ""source_file"", ""split"": {""test"": 0.2, ""train"": 0.6, ""validation"": 0.2}, ""target_column"": ""anomaly"", ""valve_folders"": [""valve1"", ""valve2""]}, ""name"": ""SKAB""}, ""extra"": {""alphabet_size"": 4, ""window_size"": 5}, ""noise"": {""enabled"": true, ""gaussian_mean"": 0.0, ""gaussian_std"": 0.05}, ""preprocessing"": {""missing_data"": {""enabled"": true, ""strategy"": ""mean""}, ""pca"": {""enabled"": true, ""n_components"": 1}, ""scaler"": ""standard"", ""sequence_length"": 16, ""sequence_stride"": 1}, ""project"": {""device"": ""cuda"", ""random_seeds"": [7]}, ""run"": {""family"": ""AUTOMATA"", ""scenario"": ""parameter_analysis"", ""seed"": 7, ""split"": ""fold_0""}, ""training"": {""batch_size"": 32, ""early_stopping"": {""enabled"": true, ""patience"": 5}, ""epochs"": 50, ""optimizer"": ""adam""}}",SKAB,"[""valve1"", ""valve2""]",anomaly,"[""datetime"", ""changepoint"", ""source_group"", ""source_file""]",source_file,0.6,0.2,0.2,True,mean,standard,True,1,16,1,True,0.0,0.05,cuda,[7],32,50,True,5,adam,0.1,4,3,4,1,True,levenshtein,True,0.0001,average_log_probability,0.05,AUTOMATA,7,fold_0,parameter_analysis,5,4,,,
SKAB,7,fold_1,5,4,0.6064659977703456,0.11428571428571428,0.012269938650306749,0.0221606648199446,117,202,117,0.014756373730732705,5,"{""automata"": {""anomaly_threshold"": 0.1, ""decision"": {""fallback_quantile"": 0.05, ""score_field"": ""average_log_probability""}, ""paa"": {""window_size"": 4}, ""probability"": {""epsilon"": 0.0001, ""smoothing"": true}, ""sax"": {""alphabet_size"": 3}, ""sliding_window"": {""size"": 4, ""stride"": 1}, ""unseen_pattern"": {""enabled"": true, ""method"": ""levenshtein""}}, ""dataset"": {""config"": {""drop_columns"": [""datetime"", ""changepoint"", ""source_group"", ""source_file""], ""group_column"": ""source_file"", ""split"": {""test"": 0.2, ""train"": 0.6, ""validation"": 0.2}, ""target_column"": ""anomaly"", ""valve_folders"": [""valve1"", ""valve2""]}, ""name"": ""SKAB""}, ""extra"": {""alphabet_size"": 4, ""window_size"": 5}, ""noise"": {""enabled"": true, ""gaussian_mean"": 0.0, ""gaussian_std"": 0.05}, ""preprocessing"": {""missing_data"": {""enabled"": true, ""strategy"": ""mean""}, ""pca"": {""enabled"": true, ""n_components"": 1}, ""scaler"": ""standard"", ""sequence_length"": 16, ""sequence_stride"": 1}, ""project"": {""device"": ""cuda"", ""random_seeds"": [7]}, ""run"": {""family"": ""AUTOMATA"", ""scenario"": ""parameter_analysis"", ""seed"": 7, ""split"": ""fold_1""}, ""training"": {""batch_size"": 32, ""early_stopping"": {""enabled"": true, ""patience"": 5}, ""epochs"": 50, ""optimizer"": ""adam""}}",SKAB,"[""valve1"", ""valve2""]",anomaly,"[""datetime"", ""changepoint"", ""source_group"", ""source_file""]",source_file,0.6,0.2,0.2,True,mean,standard,True,1,16,1,True,0.0,0.05,cuda,[7],32,50,True,5,adam,0.1,4,3,4,1,True,levenshtein,True,0.0001,average_log_probability,0.05,AUTOMATA,7,fold_1,parameter_analysis,5,4,,,
SKAB,7,fold_2,5,4,0.60913140311804,0.23809523809523808,0.014705882352941176,0.027700831024930747,121,206,121,0.014070077180520457,4,"{""automata"": {""anomaly_threshold"": 0.1, ""decision"": {""fallback_quantile"": 0.05, ""score_field"": ""average_log_probability""}, ""paa"": {""window_size"": 4}, ""probability"": {""epsilon"": 0.0001, ""smoothing"": true}, ""sax"": {""alphabet_size"": 3}, ""sliding_window"": {""size"": 4, ""stride"": 1}, ""unseen_pattern"": {""enabled"": true, ""method"": ""levenshtein""}}, ""dataset"": {""config"": {""drop_columns"": [""datetime"", ""changepoint"", ""source_group"", ""source_file""], ""group_column"": ""source_file"", ""split"": {""test"": 0.2, ""train"": 0.6, ""validation"": 0.2}, ""target_column"": ""anomaly"", ""valve_folders"": [""valve1"", ""valve2""]}, ""name"": ""SKAB""}, ""extra"": {""alphabet_size"": 4, ""window_size"": 5}, ""noise"": {""enabled"": true, ""gaussian_mean"": 0.0, ""gaussian_std"": 0.05}, ""preprocessing"": {""missing_data"": {""enabled"": true, ""strategy"": ""mean""}, ""pca"": {""enabled"": true, ""n_components"": 1}, ""scaler"": ""standard"", ""sequence_length"": 16, ""sequence_stride"": 1}, ""project"": {""device"": ""cuda"", ""random_seeds"": [7]}, ""run"": {""family"": ""AUTOMATA"", ""scenario"": ""parameter_analysis"", ""seed"": 7, ""split"": ""fold_2""}, ""training"": {""batch_size"": 32, ""early_stopping"": {""enabled"": true, ""patience"": 5}, ""epochs"": 50, ""optimizer"": ""adam""}}",SKAB,"[""valve1"", ""valve2""]",anomaly,"[""datetime"", ""changepoint"", ""source_group"", ""source_file""]",source_file,0.6,0.2,0.2,True,mean,standard,True,1,16,1,True,0.0,0.05,cuda,[7],32,50,True,5,adam,0.1,4,3,4,1,True,levenshtein,True,0.0001,average_log_probability,0.05,AUTOMATA,7,fold_2,parameter_analysis,5,4,,,
SKAB,7,fold_3,5,4,0.572562358276644,0.22058823529411764,0.04424778761061947,0.07371007371007371,114,198,114,0.015235457063711912,21,"{""automata"": {""anomaly_threshold"": 0.1, ""decision"": {""fallback_quantile"": 0.05, ""score_field"": ""average_log_probability""}, ""paa"": {""window_size"": 4}, ""probability"": {""epsilon"": 0.0001, ""smoothing"": true}, ""sax"": {""alphabet_size"": 3}, ""sliding_window"": {""size"": 4, ""stride"": 1}, ""unseen_pattern"": {""enabled"": true, ""method"": ""levenshtein""}}, ""dataset"": {""config"": {""drop_columns"": [""datetime"", ""changepoint"", ""source_group"", ""source_file""], ""group_column"": ""source_file"", ""split"": {""test"": 0.2, ""train"": 0.6, ""validation"": 0.2}, ""target_column"": ""anomaly"", ""valve_folders"": [""valve1"", ""valve2""]}, ""name"": ""SKAB""}, ""extra"": {""alphabet_size"": 4, ""window_size"": 5}, ""noise"": {""enabled"": true, ""gaussian_mean"": 0.0, ""gaussian_std"": 0.05}, ""preprocessing"": {""missing_data"": {""enabled"": true, ""strategy"": ""mean""}, ""pca"": {""enabled"": true, ""n_components"": 1}, ""scaler"": ""standard"", ""sequence_length"": 16, ""sequence_stride"": 1}, ""project"": {""device"": ""cuda"", ""random_seeds"": [7]}, ""run"": {""family"": ""AUTOMATA"", ""scenario"": ""parameter_analysis"", ""seed"": 7, ""split"": ""fold_3""}, ""training"": {""batch_size"": 32, ""early_stopping"": {""enabled"": true, ""patience"": 5}, ""epochs"": 50, ""optimizer"": ""adam""}}",SKAB,"[""valve1"", ""valve2""]",anomaly,"[""datetime"", ""changepoint"", ""source_group"", ""source_file""]",source_file,0.6,0.2,0.2,True,mean,standard,True,1,16,1,True,0.0,0.05,cuda,[7],32,50,True,5,adam,0.1,4,3,4,1,True,levenshtein,True,0.0001,average_log_probability,0.05,AUTOMATA,7,fold_3,parameter_analysis,5,4,,,
SKAB,7,fold_4,5,4,0.5741150442477876,0.3755656108597285,0.2515151515151515,0.30127041742286753,104,174,104,0.016087278106508875,125,"{""automata"": {""anomaly_threshold"": 0.1, ""decision"": {""fallback_quantile"": 0.05, ""score_field"": ""average_log_probability""}, ""paa"": {""window_size"": 4}, ""probability"": {""epsilon"": 0.0001, ""smoothing"": true}, ""sax"": {""alphabet_size"": 3}, ""sliding_window"": {""size"": 4, ""stride"": 1}, ""unseen_pattern"": {""enabled"": true, ""method"": ""levenshtein""}}, ""dataset"": {""config"": {""drop_columns"": [""datetime"", ""changepoint"", ""source_group"", ""source_file""], ""group_column"": ""source_file"", ""split"": {""test"": 0.2, ""train"": 0.6, ""validation"": 0.2}, ""target_column"": ""anomaly"", ""valve_folders"": [""valve1"", ""valve2""]}, ""name"": ""SKAB""}, ""extra"": {""alphabet_size"": 4, ""window_size"": 5}, ""noise"": {""enabled"": true, ""gaussian_mean"": 0.0, ""gaussian_std"": 0.05}, ""preprocessing"": {""missing_data"": {""enabled"": true, ""strategy"": ""mean""}, ""pca"": {""enabled"": true, ""n_components"": 1}, ""scaler"": ""standard"", ""sequence_length"": 16, ""sequence_stride"": 1}, ""project"": {""device"": ""cuda"", ""random_seeds"": [7]}, ""run"": {""family"": ""AUTOMATA"", ""scenario"": ""parameter_analysis"", ""seed"": 7, ""split"": ""fold_4""}, ""training"": {""batch_size"": 32, ""early_stopping"": {""enabled"": true, ""patience"": 5}, ""epochs"": 50, ""optimizer"": ""adam""}}",SKAB,"[""valve1"", ""valve2""]",anomaly,"[""datetime"", ""changepoint"", ""source_group"", ""source_file""]",source_file,0.6,0.2,0.2,True,mean,standard,True,1,16,1,True,0.0,0.05,cuda,[7],32,50,True,5,adam,0.1,4,3,4,1,True,levenshtein,True,0.0001,average_log_probability,0.05,AUTOMATA,7,fold_4,parameter_analysis,5,4,,,
SKAB,7,fold_0,5,5,0.5491071428571429,0.12264150943396226,0.040123456790123455,0.06046511627906977,176,293,176,0.009458935950413224,55,"{""automata"": {""anomaly_threshold"": 0.1, ""decision"": {""fallback_quantile"": 0.05, ""score_field"": ""average_log_probability""}, ""paa"": {""window_size"": 4}, ""probability"": {""epsilon"": 0.0001, ""smoothing"": true}, ""sax"": {""alphabet_size"": 3}, ""sliding_window"": {""size"": 4, ""stride"": 1}, ""unseen_pattern"": {""enabled"": true, ""method"": ""levenshtein""}}, ""dataset"": {""config"": {""drop_columns"": [""datetime"", ""changepoint"", ""source_group"", ""source_file""], ""group_column"": ""source_file"", ""split"": {""test"": 0.2, ""train"": 0.6, ""validation"": 0.2}, ""target_column"": ""anomaly"", ""valve_folders"": [""valve1"", ""valve2""]}, ""name"": ""SKAB""}, ""extra"": {""alphabet_size"": 5, ""window_size"": 5}, ""noise"": {""enabled"": true, ""gaussian_mean"": 0.0, ""gaussian_std"": 0.05}, ""preprocessing"": {""missing_data"": {""enabled"": true, ""strategy"": ""mean""}, ""pca"": {""enabled"": true, ""n_components"": 1}, ""scaler"": ""standard"", ""sequence_length"": 16, ""sequence_stride"": 1}, ""project"": {""device"": ""cuda"", ""random_seeds"": [7]}, ""run"": {""family"": ""AUTOMATA"", ""scenario"": ""parameter_analysis"", ""seed"": 7, ""split"": ""fold_0""}, ""training"": {""batch_size"": 32, ""early_stopping"": {""enabled"": true, ""patience"": 5}, ""epochs"": 50, ""optimizer"": ""adam""}}",SKAB,"[""valve1"", ""valve2""]",anomaly,"[""datetime"", ""changepoint"", ""source_group"", ""source_file""]",source_file,0.6,0.2,0.2,True,mean,standard,True,1,16,1,True,0.0,0.05,cuda,[7],32,50,True,5,adam,0.1,4,3,4,1,True,levenshtein,True,0.0001,average_log_probability,0.05,AUTOMATA,7,fold_0,parameter_analysis,5,5,,,
SKAB,7,fold_1,5,5,0.6231884057971014,0.16666666666666666,0.009202453987730062,0.01744186046511628,180,313,180,0.009660493827160494,6,"{""automata"": {""anomaly_threshold"": 0.1, ""decision"": {""fallback_quantile"": 0.05, ""score_field"": ""average_log_probability""}, ""paa"": {""window_size"": 4}, ""probability"": {""epsilon"": 0.0001, ""smoothing"": true}, ""sax"": {""alphabet_size"": 3}, ""sliding_window"": {""size"": 4, ""stride"": 1}, ""unseen_pattern"": {""enabled"": true, ""method"": ""levenshtein""}}, ""dataset"": {""config"": {""drop_columns"": [""datetime"", ""changepoint"", ""source_group"", ""source_file""], ""group_column"": ""source_file"", ""split"": {""test"": 0.2, ""train"": 0.6, ""validation"": 0.2}, ""target_column"": ""anomaly"", ""valve_folders"": [""valve1"", ""valve2""]}, ""name"": ""SKAB""}, ""extra"": {""alphabet_size"": 5, ""window_size"": 5}, ""noise"": {""enabled"": true, ""gaussian_mean"": 0.0, ""gaussian_std"": 0.05}, ""preprocessing"": {""missing_data"": {""enabled"": true, ""strategy"": ""mean""}, ""pca"": {""enabled"": true, ""n_components"": 1}, ""scaler"": ""standard"", ""sequence_length"": 16, ""sequence_stride"": 1}, ""project"": {""device"": ""cuda"", ""random_seeds"": [7]}, ""run"": {""family"": ""AUTOMATA"", ""scenario"": ""parameter_analysis"", ""seed"": 7, ""split"": ""fold_1""}, ""training"": {""batch_size"": 32, ""early_stopping"": {""enabled"": true, ""patience"": 5}, ""epochs"": 50, ""optimizer"": ""adam""}}",SKAB,"[""valve1"", ""valve2""]",anomaly,"[""datetime"", ""changepoint"", ""source_group"", ""source_file""]",source_file,0.6,0.2,0.2,True,mean,standard,True,1,16,1,True,0.0,0.05,cuda,[7],32,50,True,5,adam,0.1,4,3,4,1,True,levenshtein,True,0.0001,average_log_probability,0.05,AUTOMATA,7,fold_1,parameter_analysis,5,5,,,
SKAB,7,fold_2,5,5,0.6146993318485523,0.3333333333333333,0.01764705882352941,0.0335195530726257,168,298,168,0.010558390022675737,3,"{""automata"": {""anomaly_threshold"": 0.1, ""decision"": {""fallback_quantile"": 0.05, ""score_field"": ""average_log_probability""}, ""paa"": {""window_size"": 4}, ""probability"": {""epsilon"": 0.0001, ""smoothing"": true}, ""sax"": {""alphabet_size"": 3}, ""sliding_window"": {""size"": 4, ""stride"": 1}, ""unseen_pattern"": {""enabled"": true, ""method"": ""levenshtein""}}, ""dataset"": {""config"": {""drop_columns"": [""datetime"", ""changepoint"", ""source_group"", ""source_file""], ""group_column"": ""source_file"", ""split"": {""test"": 0.2, ""train"": 0.6, ""validation"": 0.2}, ""target_column"": ""anomaly"", ""valve_folders"": [""valve1"", ""valve2""]}, ""name"": ""SKAB""}, ""extra"": {""alphabet_size"": 5, ""window_size"": 5}, ""noise"": {""enabled"": true, ""gaussian_mean"": 0.0, ""gaussian_std"": 0.05}, ""preprocessing"": {""missing_data"": {""enabled"": true, ""strategy"": ""mean""}, ""pca"": {""enabled"": true, ""n_components"": 1}, ""scaler"": ""standard"", ""sequence_length"": 16, ""sequence_stride"": 1}, ""project"": {""device"": ""cuda"", ""random_seeds"": [7]}, ""run"": {""family"": ""AUTOMATA"", ""scenario"": ""parameter_analysis"", ""seed"": 7, ""split"": ""fold_2""}, ""training"": {""batch_size"": 32, ""early_stopping"": {""enabled"": true, ""patience"": 5}, ""epochs"": 50, ""optimizer"": ""adam""}}",SKAB,"[""valve1"", ""valve2""]",anomaly,"[""datetime"", ""changepoint"", ""source_group"", ""source_file""]",source_file,0.6,0.2,0.2,True,mean,standard,True,1,16,1,True,0.0,0.05,cuda,[7],32,50,True,5,adam,0.1,4,3,4,1,True,levenshtein,True,0.0001,average_log_probability,0.05,AUTOMATA,7,fold_2,parameter_analysis,5,5,,,
SKAB,7,fold_3,5,5,0.546485260770975,0.22018348623853212,0.07079646017699115,0.10714285714285714,150,258,150,0.011466666666666667,52,"{""automata"": {""anomaly_threshold"": 0.1, ""decision"": {""fallback_quantile"": 0.05, ""score_field"": ""average_log_probability""}, ""paa"": {""window_size"": 4}, ""probability"": {""epsilon"": 0.0001, ""smoothing"": true}, ""sax"": {""alphabet_size"": 3}, ""sliding_window"": {""size"": 4, ""stride"": 1}, ""unseen_pattern"": {""enabled"": true, ""method"": ""levenshtein""}}, ""dataset"": {""config"": {""drop_columns"": [""datetime"", ""changepoint"", ""source_group"", ""source_file""], ""group_column"": ""source_file"", ""split"": {""test"": 0.2, ""train"": 0.6, ""validation"": 0.2}, ""target_column"": ""anomaly"", ""valve_folders"": [""valve1"", ""valve2""]}, ""name"": ""SKAB""}, ""extra"": {""alphabet_size"": 5, ""window_size"": 5}, ""noise"": {""enabled"": true, ""gaussian_mean"": 0.0, ""gaussian_std"": 0.05}, ""preprocessing"": {""missing_data"": {""enabled"": true, ""strategy"": ""mean""}, ""pca"": {""enabled"": true, ""n_components"": 1}, ""scaler"": ""standard"", ""sequence_length"": 16, ""sequence_stride"": 1}, ""project"": {""device"": ""cuda"", ""random_seeds"": [7]}, ""run"": {""family"": ""AUTOMATA"", ""scenario"": ""parameter_analysis"", ""seed"": 7, ""split"": ""fold_3""}, ""training"": {""batch_size"": 32, ""early_stopping"": {""enabled"": true, ""patience"": 5}, ""epochs"": 50, ""optimizer"": ""adam""}}",SKAB,"[""valve1"", ""valve2""]",anomaly,"[""datetime"", ""changepoint"", ""source_group"", ""source_file""]",source_file,0.6,0.2,0.2,True,mean,standard,True,1,16,1,True,0.0,0.05,cuda,[7],32,50,True,5,adam,0.1,4,3,4,1,True,levenshtein,True,0.0001,average_log_probability,0.05,AUTOMATA,7,fold_3,parameter_analysis,5,5,,,
SKAB,7,fold_4,5,5,0.5663716814159292,0.3037974683544304,0.14545454545454545,0.19672131147540983,153,260,153,0.011106839249861165,101,"{""automata"": {""anomaly_threshold"": 0.1, ""decision"": {""fallback_quantile"": 0.05, ""score_field"": ""average_log_probability""}, ""paa"": {""window_size"": 4}, ""probability"": {""epsilon"": 0.0001, ""smoothing"": true}, ""sax"": {""alphabet_size"": 3}, ""sliding_window"": {""size"": 4, ""stride"": 1}, ""unseen_pattern"": {""enabled"": true, ""method"": ""levenshtein""}}, ""dataset"": {""config"": {""drop_columns"": [""datetime"", ""changepoint"", ""source_group"", ""source_file""], ""group_column"": ""source_file"", ""split"": {""test"": 0.2, ""train"": 0.6, ""validation"": 0.2}, ""target_column"": ""anomaly"", ""valve_folders"": [""valve1"", ""valve2""]}, ""name"": ""SKAB""}, ""extra"": {""alphabet_size"": 5, ""window_size"": 5}, ""noise"": {""enabled"": true, ""gaussian_mean"": 0.0, ""gaussian_std"": 0.05}, ""preprocessing"": {""missing_data"": {""enabled"": true, ""strategy"": ""mean""}, ""pca"": {""enabled"": true, ""n_components"": 1}, ""scaler"": ""standard"", ""sequence_length"": 16, ""sequence_stride"": 1}, ""project"": {""device"": ""cuda"", ""random_seeds"": [7]}, ""run"": {""family"": ""AUTOMATA"", ""scenario"": ""parameter_analysis"", ""seed"": 7, ""split"": ""fold_4""}, ""training"": {""batch_size"": 32, ""early_stopping"": {""enabled"": true, ""patience"": 5}, ""epochs"": 50, ""optimizer"": ""adam""}}",SKAB,"[""valve1"", ""valve2""]",anomaly,"[""datetime"", ""changepoint"", ""source_group"", ""source_file""]",source_file,0.6,0.2,0.2,True,mean,standard,True,1,16,1,True,0.0,0.05,cuda,[7],32,50,True,5,adam,0.1,4,3,4,1,True,levenshtein,True,0.0001,average_log_probability,0.05,AUTOMATA,7,fold_4,parameter_analysis,5,5,,,
SKAB,7,fold_0,5,6,0.5658482142857143,0.10843373493975904,0.027777777777777776,0.044226044226044224,253,434,253,0.006780296520801762,42,"{""automata"": {""anomaly_threshold"": 0.1, ""decision"": {""fallback_quantile"": 0.05, ""score_field"": ""average_log_probability""}, ""paa"": {""window_size"": 4}, ""probability"": {""epsilon"": 0.0001, ""smoothing"": true}, ""sax"": {""alphabet_size"": 3}, ""sliding_window"": {""size"": 4, ""stride"": 1}, ""unseen_pattern"": {""enabled"": true, ""method"": ""levenshtein""}}, ""dataset"": {""config"": {""drop_columns"": [""datetime"", ""changepoint"", ""source_group"", ""source_file""], ""group_column"": ""source_file"", ""split"": {""test"": 0.2, ""train"": 0.6, ""validation"": 0.2}, ""target_column"": ""anomaly"", ""valve_folders"": [""valve1"", ""valve2""]}, ""name"": ""SKAB""}, ""extra"": {""alphabet_size"": 6, ""window_size"": 5}, ""noise"": {""enabled"": true, ""gaussian_mean"": 0.0, ""gaussian_std"": 0.05}, ""preprocessing"": {""missing_data"": {""enabled"": true, ""strategy"": ""mean""}, ""pca"": {""enabled"": true, ""n_components"": 1}, ""scaler"": ""standard"", ""sequence_length"": 16, ""sequence_stride"": 1}, ""project"": {""device"": ""cuda"", ""random_seeds"": [7]}, ""run"": {""family"": ""AUTOMATA"", ""scenario"": ""parameter_analysis"", ""seed"": 7, ""split"": ""fold_0""}, ""training"": {""batch_size"": 32, ""early_stopping"": {""enabled"": true, ""patience"": 5}, ""epochs"": 50, ""optimizer"": ""adam""}}",SKAB,"[""valve1"", ""valve2""]",anomaly,"[""datetime"", ""changepoint"", ""source_group"", ""source_file""]",source_file,0.6,0.2,0.2,True,mean,standard,True,1,16,1,True,0.0,0.05,cuda,[7],32,50,True,5,adam,0.1,4,3,4,1,True,levenshtein,True,0.0001,average_log_probability,0.05,AUTOMATA,7,fold_0,parameter_analysis,5,6,,,
SKAB,7,fold_1,5,6,0.6198439241917503,0.17391304347826086,0.012269938650306749,0.022922636103151862,268,443,268,0.006167854756070394,12,"{""automata"": {""anomaly_threshold"": 0.1, ""decision"": {""fallback_quantile"": 0.05, ""score_field"": ""average_log_probability""}, ""paa"": {""window_size"": 4}, ""probability"": {""epsilon"": 0.0001, ""smoothing"": true}, ""sax"": {""alphabet_size"": 3}, ""sliding_window"": {""size"": 4, ""stride"": 1}, ""unseen_pattern"": {""enabled"": true, ""method"": ""levenshtein""}}, ""dataset"": {""config"": {""drop_columns"": [""datetime"", ""changepoint"", ""source_group"", ""source_file""], ""group_column"": ""source_file"", ""split"": {""test"": 0.2, ""train"": 0.6, ""validation"": 0.2}, ""target_column"": ""anomaly"", ""valve_folders"": [""valve1"", ""valve2""]}, ""name"": ""SKAB""}, ""extra"": {""alphabet_size"": 6, ""window_size"": 5}, ""noise"": {""enabled"": true, ""gaussian_mean"": 0.0, ""gaussian_std"": 0.05}, ""preprocessing"": {""missing_data"": {""enabled"": true, ""strategy"": ""mean""}, ""pca"": {""enabled"": true, ""n_components"": 1}, ""scaler"": ""standard"", ""sequence_length"": 16, ""sequence_stride"": 1}, ""project"": {""device"": ""cuda"", ""random_seeds"": [7]}, ""run"": {""family"": ""AUTOMATA"", ""scenario"": ""parameter_analysis"", ""seed"": 7, ""split"": ""fold_1""}, ""training"": {""batch_size"": 32, ""early_stopping"": {""enabled"": true, ""patience"": 5}, ""epochs"": 50, ""optimizer"": ""adam""}}",SKAB,"[""valve1"", ""valve2""]",anomaly,"[""datetime"", ""changepoint"", ""source_group"", ""source_file""]",source_file,0.6,0.2,0.2,True,mean,standard,True,1,16,1,True,0.0,0.05,cuda,[7],32,50,True,5,adam,0.1,4,3,4,1,True,levenshtein,True,0.0001,average_log_probability,0.05,AUTOMATA,7,fold_1,parameter_analysis,5,6,,,
SKAB,7,fold_2,5,6,0.6124721603563474,0.21428571428571427,0.008823529411764706,0.01694915254237288,251,431,251,0.006841161251408708,3,"{""automata"": {""anomaly_threshold"": 0.1, ""decision"": {""fallback_quantile"": 0.05, ""score_field"": ""average_log_probability""}, ""paa"": {""window_size"": 4}, ""probability"": {""epsilon"": 0.0001, ""smoothing"": true}, ""sax"": {""alphabet_size"": 3}, ""sliding_window"": {""size"": 4, ""stride"": 1}, ""unseen_pattern"": {""enabled"": true, ""method"": ""levenshtein""}}, ""dataset"": {""config"": {""drop_columns"": [""datetime"", ""changepoint"", ""source_group"", ""source_file""], ""group_column"": ""source_file"", ""split"": {""test"": 0.2, ""train"": 0.6, ""validation"": 0.2}, ""target_column"": ""anomaly"", ""valve_folders"": [""valve1"", ""valve2""]}, ""name"": ""SKAB""}, ""extra"": {""alphabet_size"": 6, ""window_size"": 5}, ""noise"": {""enabled"": true, ""gaussian_mean"": 0.0, ""gaussian_std"": 0.05}, ""preprocessing"": {""missing_data"": {""enabled"": true, ""strategy"": ""mean""}, ""pca"": {""enabled"": true, ""n_components"": 1}, ""scaler"": ""standard"", ""sequence_length"": 16, ""sequence_stride"": 1}, ""project"": {""device"": ""cuda"", ""random_seeds"": [7]}, ""run"": {""family"": ""AUTOMATA"", ""scenario"": ""parameter_analysis"", ""seed"": 7, ""split"": ""fold_2""}, ""training"": {""batch_size"": 32, ""early_stopping"": {""enabled"": true, ""patience"": 5}, ""epochs"": 50, ""optimizer"": ""adam""}}",SKAB,"[""valve1"", ""valve2""]",anomaly,"[""datetime"", ""changepoint"", ""source_group"", ""source_file""]",source_file,0.6,0.2,0.2,True,mean,standard,True,1,16,1,True,0.0,0.05,cuda,[7],32,50,True,5,adam,0.1,4,3,4,1,True,levenshtein,True,0.0001,average_log_probability,0.05,AUTOMATA,7,fold_2,parameter_analysis,5,6,,,
SKAB,7,fold_3,5,6,0.5419501133786848,0.2072072072072072,0.06784660766961652,0.10222222222222223,231,396,231,0.0074211502782931356,58,"{""automata"": {""anomaly_threshold"": 0.1, ""decision"": {""fallback_quantile"": 0.05, ""score_field"": ""average_log_probability""}, ""paa"": {""window_size"": 4}, ""probability"": {""epsilon"": 0.0001, ""smoothing"": true}, ""sax"": {""alphabet_size"": 3}, ""sliding_window"": {""size"": 4, ""stride"": 1}, ""unseen_pattern"": {""enabled"": true, ""method"": ""levenshtein""}}, ""dataset"": {""config"": {""drop_columns"": [""datetime"", ""changepoint"", ""source_group"", ""source_file""], ""group_column"": ""source_file"", ""split"": {""test"": 0.2, ""train"": 0.6, ""validation"": 0.2}, ""target_column"": ""anomaly"", ""valve_folders"": [""valve1"", ""valve2""]}, ""name"": ""SKAB""}, ""extra"": {""alphabet_size"": 6, ""window_size"": 5}, ""noise"": {""enabled"": true, ""gaussian_mean"": 0.0, ""gaussian_std"": 0.05}, ""preprocessing"": {""missing_data"": {""enabled"": true, ""strategy"": ""mean""}, ""pca"": {""enabled"": true, ""n_components"": 1}, ""scaler"": ""standard"", ""sequence_length"": 16, ""sequence_stride"": 1}, ""project"": {""device"": ""cuda"", ""random_seeds"": [7]}, ""run"": {""family"": ""AUTOMATA"", ""scenario"": ""parameter_analysis"", ""seed"": 7, ""split"": ""fold_3""}, ""training"": {""batch_size"": 32, ""early_stopping"": {""enabled"": true, ""patience"": 5}, ""epochs"": 50, ""optimizer"": ""adam""}}",SKAB,"[""valve1"", ""valve2""]",anomaly,"[""datetime"", ""changepoint"", ""source_group"", ""source_file""]",source_file,0.6,0.2,0.2,True,mean,standard,True,1,16,1,True,0.0,0.05,cuda,[7],32,50,True,5,adam,0.1,4,3,4,1,True,levenshtein,True,0.0001,average_log_probability,0.05,AUTOMATA,7,fold_3,parameter_analysis,5,6,,,
SKAB,7,fold_4,5,6,0.581858407079646,0.4166666666666667,0.36363636363636365,0.3883495145631068,215,370,215,0.008004326663061114,209,"{""automata"": {""anomaly_threshold"": 0.1, ""decision"": {""fallback_quantile"": 0.05, ""score_field"": ""average_log_probability""}, ""paa"": {""window_size"": 4}, ""probability"": {""epsilon"": 0.0001, ""smoothing"": true}, ""sax"": {""alphabet_size"": 3}, ""sliding_window"": {""size"": 4, ""stride"": 1}, ""unseen_pattern"": {""enabled"": true, ""method"": ""levenshtein""}}, ""dataset"": {""config"": {""drop_columns"": [""datetime"", ""changepoint"", ""source_group"", ""source_file""], ""group_column"": ""source_file"", ""split"": {""test"": 0.2, ""train"": 0.6, ""validation"": 0.2}, ""target_column"": ""anomaly"", ""valve_folders"": [""valve1"", ""valve2""]}, ""name"": ""SKAB""}, ""extra"": {""alphabet_size"": 6, ""window_size"": 5}, ""noise"": {""enabled"": true, ""gaussian_mean"": 0.0, ""gaussian_std"": 0.05}, ""preprocessing"": {""missing_data"": {""enabled"": true, ""strategy"": ""mean""}, ""pca"": {""enabled"": true, ""n_components"": 1}, ""scaler"": ""standard"", ""sequence_length"": 16, ""sequence_stride"": 1}, ""project"": {""device"": ""cuda"", ""random_seeds"": [7]}, ""run"": {""family"": ""AUTOMATA"", ""scenario"": ""parameter_analysis"", ""seed"": 7, ""split"": ""fold_4""}, ""training"": {""batch_size"": 32, ""early_stopping"": {""enabled"": true, ""patience"": 5}, ""epochs"": 50, ""optimizer"": ""adam""}}",SKAB,"[""valve1"", ""valve2""]",anomaly,"[""datetime"", ""changepoint"", ""source_group"", ""source_file""]",source_file,0.6,0.2,0.2,True,mean,standard,True,1,16,1,True,0.0,0.05,cuda,[7],32,50,True,5,adam,0.1,4,3,4,1,True,levenshtein,True,0.0001,average_log_probability,0.05,AUTOMATA,7,fold_4,parameter_analysis,5,6,,,
SKAB,7,fold_0,6,3,0.5852348993288591,0.10526315789473684,0.014336917562724014,0.025236593059936908,116,188,116,0.013971462544589775,27,"{""automata"": {""anomaly_threshold"": 0.1, ""decision"": {""fallback_quantile"": 0.05, ""score_field"": ""average_log_probability""}, ""paa"": {""window_size"": 4}, ""probability"": {""epsilon"": 0.0001, ""smoothing"": true}, ""sax"": {""alphabet_size"": 3}, ""sliding_window"": {""size"": 4, ""stride"": 1}, ""unseen_pattern"": {""enabled"": true, ""method"": ""levenshtein""}}, ""dataset"": {""config"": {""drop_columns"": [""datetime"", ""changepoint"", ""source_group"", ""source_file""], ""group_column"": ""source_file"", ""split"": {""test"": 0.2, ""train"": 0.6, ""validation"": 0.2}, ""target_column"": ""anomaly"", ""valve_folders"": [""valve1"", ""valve2""]}, ""name"": ""SKAB""}, ""extra"": {""alphabet_size"": 3, ""window_size"": 6}, ""noise"": {""enabled"": true, ""gaussian_mean"": 0.0, ""gaussian_std"": 0.05}, ""preprocessing"": {""missing_data"": {""enabled"": true, ""strategy"": ""mean""}, ""pca"": {""enabled"": true, ""n_components"": 1}, ""scaler"": ""standard"", ""sequence_length"": 16, ""sequence_stride"": 1}, ""project"": {""device"": ""cuda"", ""random_seeds"": [7]}, ""run"": {""family"": ""AUTOMATA"", ""scenario"": ""parameter_analysis"", ""seed"": 7, ""split"": ""fold_0""}, ""training"": {""batch_size"": 32, ""early_stopping"": {""enabled"": true, ""patience"": 5}, ""epochs"": 50, ""optimizer"": ""adam""}}",SKAB,"[""valve1"", ""valve2""]",anomaly,"[""datetime"", ""changepoint"", ""source_group"", ""source_file""]",source_file,0.6,0.2,0.2,True,mean,standard,True,1,16,1,True,0.0,0.05,cuda,[7],32,50,True,5,adam,0.1,4,3,4,1,True,levenshtein,True,0.0001,average_log_probability,0.05,AUTOMATA,7,fold_0,parameter_analysis,6,3,,,
SKAB,7,fold_1,6,3,0.613941018766756,0.2631578947368421,0.017921146953405017,0.03355704697986577,126,202,126,0.0127236079617032,5,"{""automata"": {""anomaly_threshold"": 0.1, ""decision"": {""fallback_quantile"": 0.05, ""score_field"": ""average_log_probability""}, ""paa"": {""window_size"": 4}, ""probability"": {""epsilon"": 0.0001, ""smoothing"": true}, ""sax"": {""alphabet_size"": 3}, ""sliding_window"": {""size"": 4, ""stride"": 1}, ""unseen_pattern"": {""enabled"": true, ""method"": ""levenshtein""}}, ""dataset"": {""config"": {""drop_columns"": [""datetime"", ""changepoint"", ""source_group"", ""source_file""], ""group_column"": ""source_file"", ""split"": {""test"": 0.2, ""train"": 0.6, ""validation"": 0.2}, ""target_column"": ""anomaly"", ""valve_folders"": [""valve1"", ""valve2""]}, ""name"": ""SKAB""}, ""extra"": {""alphabet_size"": 3, ""window_size"": 6}, ""noise"": {""enabled"": true, ""gaussian_mean"": 0.0, ""gaussian_std"": 0.05}, ""preprocessing"": {""missing_data"": {""enabled"": true, ""strategy"": ""mean""}, ""pca"": {""enabled"": true, ""n_components"": 1}, ""scaler"": ""standard"", ""sequence_length"": 16, ""sequence_stride"": 1}, ""project"": {""device"": ""cuda"", ""random_seeds"": [7]}, ""run"": {""family"": ""AUTOMATA"", ""scenario"": ""parameter_analysis"", ""seed"": 7, ""split"": ""fold_1""}, ""training"": {""batch_size"": 32, ""early_stopping"": {""enabled"": true, ""patience"": 5}, ""epochs"": 50, ""optimizer"": ""adam""}}",SKAB,"[""valve1"", ""valve2""]",anomaly,"[""datetime"", ""changepoint"", ""source_group"", ""source_file""]",source_file,0.6,0.2,0.2,True,mean,standard,True,1,16,1,True,0.0,0.05,cuda,[7],32,50,True,5,adam,0.1,4,3,4,1,True,levenshtein,True,0.0001,average_log_probability,0.05,AUTOMATA,7,fold_1,parameter_analysis,6,3,,,
SKAB,7,fold_2,6,3,0.5997322623828648,0.2857142857142857,0.020689655172413793,0.03858520900321544,96,156,96,0.016927083333333332,4,"{""automata"": {""anomaly_threshold"": 0.1, ""decision"": {""fallback_quantile"": 0.05, ""score_field"": ""average_log_probability""}, ""paa"": {""window_size"": 4}, ""probability"": {""epsilon"": 0.0001, ""smoothing"": true}, ""sax"": {""alphabet_size"": 3}, ""sliding_window"": {""size"": 4, ""stride"": 1}, ""unseen_pattern"": {""enabled"": true, ""method"": ""levenshtein""}}, ""dataset"": {""config"": {""drop_columns"": [""datetime"", ""changepoint"", ""source_group"", ""source_file""], ""group_column"": ""source_file"", ""split"": {""test"": 0.2, ""train"": 0.6, ""validation"": 0.2}, ""target_column"": ""anomaly"", ""valve_folders"": [""valve1"", ""valve2""]}, ""name"": ""SKAB""}, ""extra"": {""alphabet_size"": 3, ""window_size"": 6}, ""noise"": {""enabled"": true, ""gaussian_mean"": 0.0, ""gaussian_std"": 0.05}, ""preprocessing"": {""missing_data"": {""enabled"": true, ""strategy"": ""mean""}, ""pca"": {""enabled"": true, ""n_components"": 1}, ""scaler"": ""standard"", ""sequence_length"": 16, ""sequence_stride"": 1}, ""project"": {""device"": ""cuda"", ""random_seeds"": [7]}, ""run"": {""family"": ""AUTOMATA"", ""scenario"": ""parameter_analysis"", ""seed"": 7, ""split"": ""fold_2""}, ""training"": {""batch_size"": 32, ""early_stopping"": {""enabled"": true, ""patience"": 5}, ""epochs"": 50, ""optimizer"": ""adam""}}",SKAB,"[""valve1"", ""valve2""]",anomaly,"[""datetime"", ""changepoint"", ""source_group"", ""source_file""]",source_file,0.6,0.2,0.2,True,mean,standard,True,1,16,1,True,0.0,0.05,cuda,[7],32,50,True,5,adam,0.1,4,3,4,1,True,levenshtein,True,0.0001,average_log_probability,0.05,AUTOMATA,7,fold_2,parameter_analysis,6,3,,,
SKAB,7,fold_3,6,3,0.5722070844686649,0.22727272727272727,0.034482758620689655,0.059880239520958084,131,217,131,0.012644950760445195,12,"{""automata"": {""anomaly_threshold"": 0.1, ""decision"": {""fallback_quantile"": 0.05, ""score_field"": ""average_log_probability""}, ""paa"": {""window_size"": 4}, ""probability"": {""epsilon"": 0.0001, ""smoothing"": true}, ""sax"": {""alphabet_size"": 3}, ""sliding_window"": {""size"": 4, ""stride"": 1}, ""unseen_pattern"": {""enabled"": true, ""method"": ""levenshtein""}}, ""dataset"": {""config"": {""drop_columns"": [""datetime"", ""changepoint"", ""source_group"", ""source_file""], ""group_column"": ""source_file"", ""split"": {""test"": 0.2, ""train"": 0.6, ""validation"": 0.2}, ""target_column"": ""anomaly"", ""valve_folders"": [""valve1"", ""valve2""]}, ""name"": ""SKAB""}, ""extra"": {""alphabet_size"": 3, ""window_size"": 6}, ""noise"": {""enabled"": true, ""gaussian_mean"": 0.0, ""gaussian_std"": 0.05}, ""preprocessing"": {""missing_data"": {""enabled"": true, ""strategy"": ""mean""}, ""pca"": {""enabled"": true, ""n_components"": 1}, ""scaler"": ""standard"", ""sequence_length"": 16, ""sequence_stride"": 1}, ""project"": {""device"": ""cuda"", ""random_seeds"": [7]}, ""run"": {""family"": ""AUTOMATA"", ""scenario"": ""parameter_analysis"", ""seed"": 7, ""split"": ""fold_3""}, ""training"": {""batch_size"": 32, ""early_stopping"": {""enabled"": true, ""patience"": 5}, ""epochs"": 50, ""optimizer"": ""adam""}}",SKAB,"[""valve1"", ""valve2""]",anomaly,"[""datetime"", ""changepoint"", ""source_group"", ""source_file""]",source_file,0.6,0.2,0.2,True,mean,standard,True,1,16,1,True,0.0,0.05,cuda,[7],32,50,True,5,adam,0.1,4,3,4,1,True,levenshtein,True,0.0001,average_log_probability,0.05,AUTOMATA,7,fold_3,parameter_analysis,6,3,,,
SKAB,7,fold_4,6,3,0.59254327563249,0.3963963963963964,0.15547703180212014,0.2233502538071066,111,174,111,0.014122230338446555,57,"{""automata"": {""anomaly_threshold"": 0.1, ""decision"": {""fallback_quantile"": 0.05, ""score_field"": ""average_log_probability""}, ""paa"": {""window_size"": 4}, ""probability"": {""epsilon"": 0.0001, ""smoothing"": true}, ""sax"": {""alphabet_size"": 3}, ""sliding_window"": {""size"": 4, ""stride"": 1}, ""unseen_pattern"": {""enabled"": true, ""method"": ""levenshtein""}}, ""dataset"": {""config"": {""drop_columns"": [""datetime"", ""changepoint"", ""source_group"", ""source_file""], ""group_column"": ""source_file"", ""split"": {""test"": 0.2, ""train"": 0.6, ""validation"": 0.2}, ""target_column"": ""anomaly"", ""valve_folders"": [""valve1"", ""valve2""]}, ""name"": ""SKAB""}, ""extra"": {""alphabet_size"": 3, ""window_size"": 6}, ""noise"": {""enabled"": true, ""gaussian_mean"": 0.0, ""gaussian_std"": 0.05}, ""preprocessing"": {""missing_data"": {""enabled"": true, ""strategy"": ""mean""}, ""pca"": {""enabled"": true, ""n_components"": 1}, ""scaler"": ""standard"", ""sequence_length"": 16, ""sequence_stride"": 1}, ""project"": {""device"": ""cuda"", ""random_seeds"": [7]}, ""run"": {""family"": ""AUTOMATA"", ""scenario"": ""parameter_analysis"", ""seed"": 7, ""split"": ""fold_4""}, ""training"": {""batch_size"": 32, ""early_stopping"": {""enabled"": true, ""patience"": 5}, ""epochs"": 50, ""optimizer"": ""adam""}}",SKAB,"[""valve1"", ""valve2""]",anomaly,"[""datetime"", ""changepoint"", ""source_group"", ""source_file""]",source_file,0.6,0.2,0.2,True,mean,standard,True,1,16,1,True,0.0,0.05,cuda,[7],32,50,True,5,adam,0.1,4,3,4,1,True,levenshtein,True,0.0001,average_log_probability,0.05,AUTOMATA,7,fold_4,parameter_analysis,6,3,,,
SKAB,7,fold_0,6,4,0.5624161073825503,0.18666666666666668,0.05017921146953405,0.07909604519774012,193,308,193,0.00826867835378131,38,"{""automata"": {""anomaly_threshold"": 0.1, ""decision"": {""fallback_quantile"": 0.05, ""score_field"": ""average_log_probability""}, ""paa"": {""window_size"": 4}, ""probability"": {""epsilon"": 0.0001, ""smoothing"": true}, ""sax"": {""alphabet_size"": 3}, ""sliding_window"": {""size"": 4, ""stride"": 1}, ""unseen_pattern"": {""enabled"": true, ""method"": ""levenshtein""}}, ""dataset"": {""config"": {""drop_columns"": [""datetime"", ""changepoint"", ""source_group"", ""source_file""], ""group_column"": ""source_file"", ""split"": {""test"": 0.2, ""train"": 0.6, ""validation"": 0.2}, ""target_column"": ""anomaly"", ""valve_folders"": [""valve1"", ""valve2""]}, ""name"": ""SKAB""}, ""extra"": {""alphabet_size"": 4, ""window_size"": 6}, ""noise"": {""enabled"": true, ""gaussian_mean"": 0.0, ""gaussian_std"": 0.05}, ""preprocessing"": {""missing_data"": {""enabled"": true, ""strategy"": ""mean""}, ""pca"": {""enabled"": true, ""n_components"": 1}, ""scaler"": ""standard"", ""sequence_length"": 16, ""sequence_stride"": 1}, ""project"": {""device"": ""cuda"", ""random_seeds"": [7]}, ""run"": {""family"": ""AUTOMATA"", ""scenario"": ""parameter_analysis"", ""seed"": 7, ""split"": ""fold_0""}, ""training"": {""batch_size"": 32, ""early_stopping"": {""enabled"": true, ""patience"": 5}, ""epochs"": 50, ""optimizer"": ""adam""}}",SKAB,"[""valve1"", ""valve2""]",anomaly,"[""datetime"", ""changepoint"", ""source_group"", ""source_file""]",source_file,0.6,0.2,0.2,True,mean,standard,True,1,16,1,True,0.0,0.05,cuda,[7],32,50,True,5,adam,0.1,4,3,4,1,True,levenshtein,True,0.0001,average_log_probability,0.05,AUTOMATA,7,fold_0,parameter_analysis,6,4,,,
SKAB,7,fold_1,6,4,0.5924932975871313,0.0967741935483871,0.010752688172043012,0.01935483870967742,199,308,199,0.007777581374207722,8,"{""automata"": {""anomaly_threshold"": 0.1, ""decision"": {""fallback_quantile"": 0.05, ""score_field"": ""average_log_probability""}, ""paa"": {""window_size"": 4}, ""probability"": {""epsilon"": 0.0001, ""smoothing"": true}, ""sax"": {""alphabet_size"": 3}, ""sliding_window"": {""size"": 4, ""stride"": 1}, ""unseen_pattern"": {""enabled"": true, ""method"": ""levenshtein""}}, ""dataset"": {""config"": {""drop_columns"": [""datetime"", ""changepoint"", ""source_group"", ""source_file""], ""group_column"": ""source_file"", ""split"": {""test"": 0.2, ""train"": 0.6, ""validation"": 0.2}, ""target_column"": ""anomaly"", ""valve_folders"": [""valve1"", ""valve2""]}, ""name"": ""SKAB""}, ""extra"": {""alphabet_size"": 4, ""window_size"": 6}, ""noise"": {""enabled"": true, ""gaussian_mean"": 0.0, ""gaussian_std"": 0.05}, ""preprocessing"": {""missing_data"": {""enabled"": true, ""strategy"": ""mean""}, ""pca"": {""enabled"": true, ""n_components"": 1}, ""scaler"": ""standard"", ""sequence_length"": 16, ""sequence_stride"": 1}, ""project"": {""device"": ""cuda"", ""random_seeds"": [7]}, ""run"": {""family"": ""AUTOMATA"", ""scenario"": ""parameter_analysis"", ""seed"": 7, ""split"": ""fold_1""}, ""training"": {""batch_size"": 32, ""early_stopping"": {""enabled"": true, ""patience"": 5}, ""epochs"": 50, ""optimizer"": ""adam""}}",SKAB,"[""valve1"", ""valve2""]",anomaly,"[""datetime"", ""changepoint"", ""source_group"", ""source_file""]",source_file,0.6,0.2,0.2,True,mean,standard,True,1,16,1,True,0.0,0.05,cuda,[7],32,50,True,5,adam,0.1,4,3,4,1,True,levenshtein,True,0.0001,average_log_probability,0.05,AUTOMATA,7,fold_1,parameter_analysis,6,4,,,
SKAB,7,fold_2,6,4,0.607764390896921,0.38461538461538464,0.017241379310344827,0.033003300330033,176,276,176,0.008910123966942149,0,"{""automata"": {""anomaly_threshold"": 0.1, ""decision"": {""fallback_quantile"": 0.05, ""score_field"": ""average_log_probability""}, ""paa"": {""window_size"": 4}, ""probability"": {""epsilon"": 0.0001, ""smoothing"": true}, ""sax"": {""alphabet_size"": 3}, ""sliding_window"": {""size"": 4, ""stride"": 1}, ""unseen_pattern"": {""enabled"": true, ""method"": ""levenshtein""}}, ""dataset"": {""config"": {""drop_columns"": [""datetime"", ""changepoint"", ""source_group"", ""source_file""], ""group_column"": ""source_file"", ""split"": {""test"": 0.2, ""train"": 0.6, ""validation"": 0.2}, ""target_column"": ""anomaly"", ""valve_folders"": [""valve1"", ""valve2""]}, ""name"": ""SKAB""}, ""extra"": {""alphabet_size"": 4, ""window_size"": 6}, ""noise"": {""enabled"": true, ""gaussian_mean"": 0.0, ""gaussian_std"": 0.05}, ""preprocessing"": {""missing_data"": {""enabled"": true, ""strategy"": ""mean""}, ""pca"": {""enabled"": true, ""n_components"": 1}, ""scaler"": ""standard"", ""sequence_length"": 16, ""sequence_stride"": 1}, ""project"": {""device"": ""cuda"", ""random_seeds"": [7]}, ""run"": {""family"": ""AUTOMATA"", ""scenario"": ""parameter_analysis"", ""seed"": 7, ""split"": ""fold_2""}, ""training"": {""batch_size"": 32, ""early_stopping"": {""enabled"": true, ""patience"": 5}, ""epochs"": 50, ""optimizer"": ""adam""}}",SKAB,"[""valve1"", ""valve2""]",anomaly,"[""datetime"", ""changepoint"", ""source_group"", ""source_file""]",source_file,0.6,0.2,0.2,True,mean,standard,True,1,16,1,True,0.0,0.05,cuda,[7],32,50,True,5,adam,0.1,4,3,4,1,True,levenshtein,True,0.0001,average_log_probability,0.05,AUTOMATA,7,fold_2,parameter_analysis,6,4,,,
SKAB,7,fold_3,6,4,0.5326975476839237,0.15584415584415584,0.041379310344827586,0.0653950953678474,194,290,194,0.0077053884578594965,29,"{""automata"": {""anomaly_threshold"": 0.1, ""decision"": {""fallback_quantile"": 0.05, ""score_field"": ""average_log_probability""}, ""paa"": {""window_size"": 4}, ""probability"": {""epsilon"": 0.0001, ""smoothing"": true}, ""sax"": {""alphabet_size"": 3}, ""sliding_window"": {""size"": 4, ""stride"": 1}, ""unseen_pattern"": {""enabled"": true, ""method"": ""levenshtein""}}, ""dataset"": {""config"": {""drop_columns"": [""datetime"", ""changepoint"", ""source_group"", ""source_file""], ""group_column"": ""source_file"", ""split"": {""test"": 0.2, ""train"": 0.6, ""validation"": 0.2}, ""target_column"": ""anomaly"", ""valve_folders"": [""valve1"", ""valve2""]}, ""name"": ""SKAB""}, ""extra"": {""alphabet_size"": 4, ""window_size"": 6}, ""noise"": {""enabled"": true, ""gaussian_mean"": 0.0, ""gaussian_std"": 0.05}, ""preprocessing"": {""missing_data"": {""enabled"": true, ""strategy"": ""mean""}, ""pca"": {""enabled"": true, ""n_components"": 1}, ""scaler"": ""standard"", ""sequence_length"": 16, ""sequence_stride"": 1}, ""project"": {""device"": ""cuda"", ""random_seeds"": [7]}, ""run"": {""family"": ""AUTOMATA"", ""scenario"": ""parameter_analysis"", ""seed"": 7, ""split"": ""fold_3""}, ""training"": {""batch_size"": 32, ""early_stopping"": {""enabled"": true, ""patience"": 5}, ""epochs"": 50, ""optimizer"": ""adam""}}",SKAB,"[""valve1"", ""valve2""]",anomaly,"[""datetime"", ""changepoint"", ""source_group"", ""source_file""]",source_file,0.6,0.2,0.2,True,mean,standard,True,1,16,1,True,0.0,0.05,cuda,[7],32,50,True,5,adam,0.1,4,3,4,1,True,levenshtein,True,0.0001,average_log_probability,0.05,AUTOMATA,7,fold_3,parameter_analysis,6,4,,,
SKAB,7,fold_4,6,4,0.5739014647137151,0.41148325358851673,0.303886925795053,0.34959349593495936,159,239,159,0.009453739962817927,140,"{""automata"": {""anomaly_threshold"": 0.1, ""decision"": {""fallback_quantile"": 0.05, ""score_field"": ""average_log_probability""}, ""paa"": {""window_size"": 4}, ""probability"": {""epsilon"": 0.0001, ""smoothing"": true}, ""sax"": {""alphabet_size"": 3}, ""sliding_window"": {""size"": 4, ""stride"": 1}, ""unseen_pattern"": {""enabled"": true, ""method"": ""levenshtein""}}, ""dataset"": {""config"": {""drop_columns"": [""datetime"", ""changepoint"", ""source_group"", ""source_file""], ""group_column"": ""source_file"", ""split"": {""test"": 0.2, ""train"": 0.6, ""validation"": 0.2}, ""target_column"": ""anomaly"", ""valve_folders"": [""valve1"", ""valve2""]}, ""name"": ""SKAB""}, ""extra"": {""alphabet_size"": 4, ""window_size"": 6}, ""noise"": {""enabled"": true, ""gaussian_mean"": 0.0, ""gaussian_std"": 0.05}, ""preprocessing"": {""missing_data"": {""enabled"": true, ""strategy"": ""mean""}, ""pca"": {""enabled"": true, ""n_components"": 1}, ""scaler"": ""standard"", ""sequence_length"": 16, ""sequence_stride"": 1}, ""project"": {""device"": ""cuda"", ""random_seeds"": [7]}, ""run"": {""family"": ""AUTOMATA"", ""scenario"": ""parameter_analysis"", ""seed"": 7, ""split"": ""fold_4""}, ""training"": {""batch_size"": 32, ""early_stopping"": {""enabled"": true, ""patience"": 5}, ""epochs"": 50, ""optimizer"": ""adam""}}",SKAB,"[""valve1"", ""valve2""]",anomaly,"[""datetime"", ""changepoint"", ""source_group"", ""source_file""]",source_file,0.6,0.2,0.2,True,mean,standard,True,1,16,1,True,0.0,0.05,cuda,[7],32,50,True,5,adam,0.1,4,3,4,1,True,levenshtein,True,0.0001,average_log_probability,0.05,AUTOMATA,7,fold_4,parameter_analysis,6,4,,,
SKAB,7,fold_0,6,5,0.5503355704697986,0.15853658536585366,0.04659498207885305,0.07202216066481995,272,427,272,0.005771518166089965,50,"{""automata"": {""anomaly_threshold"": 0.1, ""decision"": {""fallback_quantile"": 0.05, ""score_field"": ""average_log_probability""}, ""paa"": {""window_size"": 4}, ""probability"": {""epsilon"": 0.0001, ""smoothing"": true}, ""sax"": {""alphabet_size"": 3}, ""sliding_window"": {""size"": 4, ""stride"": 1}, ""unseen_pattern"": {""enabled"": true, ""method"": ""levenshtein""}}, ""dataset"": {""config"": {""drop_columns"": [""datetime"", ""changepoint"", ""source_group"", ""source_file""], ""group_column"": ""source_file"", ""split"": {""test"": 0.2, ""train"": 0.6, ""validation"": 0.2}, ""target_column"": ""anomaly"", ""valve_folders"": [""valve1"", ""valve2""]}, ""name"": ""SKAB""}, ""extra"": {""alphabet_size"": 5, ""window_size"": 6}, ""noise"": {""enabled"": true, ""gaussian_mean"": 0.0, ""gaussian_std"": 0.05}, ""preprocessing"": {""missing_data"": {""enabled"": true, ""strategy"": ""mean""}, ""pca"": {""enabled"": true, ""n_components"": 1}, ""scaler"": ""standard"", ""sequence_length"": 16, ""sequence_stride"": 1}, ""project"": {""device"": ""cuda"", ""random_seeds"": [7]}, ""run"": {""family"": ""AUTOMATA"", ""scenario"": ""parameter_analysis"", ""seed"": 7, ""split"": ""fold_0""}, ""training"": {""batch_size"": 32, ""early_stopping"": {""enabled"": true, ""patience"": 5}, ""epochs"": 50, ""optimizer"": ""adam""}}",SKAB,"[""valve1"", ""valve2""]",anomaly,"[""datetime"", ""changepoint"", ""source_group"", ""source_file""]",source_file,0.6,0.2,0.2,True,mean,standard,True,1,16,1,True,0.0,0.05,cuda,[7],32,50,True,5,adam,0.1,4,3,4,1,True,levenshtein,True,0.0001,average_log_probability,0.05,AUTOMATA,7,fold_0,parameter_analysis,6,5,,,
SKAB,7,fold_1,6,5,0.6179624664879356,0.4166666666666667,0.053763440860215055,0.09523809523809523,268,420,268,0.005847627533971931,7,"{""automata"": {""anomaly_threshold"": 0.1, ""decision"": {""fallback_quantile"": 0.05, ""score_field"": ""average_log_probability""}, ""paa"": {""window_size"": 4}, ""probability"": {""epsilon"": 0.0001, ""smoothing"": true}, ""sax"": {""alphabet_size"": 3}, ""sliding_window"": {""size"": 4, ""stride"": 1}, ""unseen_pattern"": {""enabled"": true, ""method"": ""levenshtein""}}, ""dataset"": {""config"": {""drop_columns"": [""datetime"", ""changepoint"", ""source_group"", ""source_file""], ""group_column"": ""source_file"", ""split"": {""test"": 0.2, ""train"": 0.6, ""validation"": 0.2}, ""target_column"": ""anomaly"", ""valve_folders"": [""valve1"", ""valve2""]}, ""name"": ""SKAB""}, ""extra"": {""alphabet_size"": 5, ""window_size"": 6}, ""noise"": {""enabled"": true, ""gaussian_mean"": 0.0, ""gaussian_std"": 0.05}, ""preprocessing"": {""missing_data"": {""enabled"": true, ""strategy"": ""mean""}, ""pca"": {""enabled"": true, ""n_components"": 1}, ""scaler"": ""standard"", ""sequence_length"": 16, ""sequence_stride"": 1}, ""project"": {""device"": ""cuda"", ""random_seeds"": [7]}, ""run"": {""family"": ""AUTOMATA"", ""scenario"": ""parameter_analysis"", ""seed"": 7, ""split"": ""fold_1""}, ""training"": {""batch_size"": 32, ""early_stopping"": {""enabled"": true, ""patience"": 5}, ""epochs"": 50, ""optimizer"": ""adam""}}",SKAB,"[""valve1"", ""valve2""]",anomaly,"[""datetime"", ""changepoint"", ""source_group"", ""source_file""]",source_file,0.6,0.2,0.2,True,mean,standard,True,1,16,1,True,0.0,0.05,cuda,[7],32,50,True,5,adam,0.1,4,3,4,1,True,levenshtein,True,0.0001,average_log_probability,0.05,AUTOMATA,7,fold_1,parameter_analysis,6,5,,,
SKAB,7,fold_2,6,5,0.6184738955823293,0.6,0.05172413793103448,0.09523809523809523,266,427,266,0.006034823901859913,2,"{""automata"": {""anomaly_threshold"": 0.1, ""decision"": {""fallback_quantile"": 0.05, ""score_field"": ""average_log_probability""}, ""paa"": {""window_size"": 4}, ""probability"": {""epsilon"": 0.0001, ""smoothing"": true}, ""sax"": {""alphabet_size"": 3}, ""sliding_window"": {""size"": 4, ""stride"": 1}, ""unseen_pattern"": {""enabled"": true, ""method"": ""levenshtein""}}, ""dataset"": {""config"": {""drop_columns"": [""datetime"", ""changepoint"", ""source_group"", ""source_file""], ""group_column"": ""source_file"", ""split"": {""test"": 0.2, ""train"": 0.6, ""validation"": 0.2}, ""target_column"": ""anomaly"", ""valve_folders"": [""valve1"", ""valve2""]}, ""name"": ""SKAB""}, ""extra"": {""alphabet_size"": 5, ""window_size"": 6}, ""noise"": {""enabled"": true, ""gaussian_mean"": 0.0, ""gaussian_std"": 0.05}, ""preprocessing"": {""missing_data"": {""enabled"": true, ""strategy"": ""mean""}, ""pca"": {""enabled"": true, ""n_components"": 1}, ""scaler"": ""standard"", ""sequence_length"": 16, ""sequence_stride"": 1}, ""project"": {""device"": ""cuda"", ""random_seeds"": [7]}, ""run"": {""family"": ""AUTOMATA"", ""scenario"": ""parameter_analysis"", ""seed"": 7, ""split"": ""fold_2""}, ""training"": {""batch_size"": 32, ""early_stopping"": {""enabled"": true, ""patience"": 5}, ""epochs"": 50, ""optimizer"": ""adam""}}",SKAB,"[""valve1"", ""valve2""]",anomaly,"[""datetime"", ""changepoint"", ""source_group"", ""source_file""]",source_file,0.6,0.2,0.2,True,mean,standard,True,1,16,1,True,0.0,0.05,cuda,[7],32,50,True,5,adam,0.1,4,3,4,1,True,levenshtein,True,0.0001,average_log_probability,0.05,AUTOMATA,7,fold_2,parameter_analysis,6,5,,,
SKAB,7,fold_3,6,5,0.5136239782016349,0.24031007751937986,0.10689655172413794,0.14797136038186157,240,375,240,0.006510416666666667,85,"{""automata"": {""anomaly_threshold"": 0.1, ""decision"": {""fallback_quantile"": 0.05, ""score_field"": ""average_log_probability""}, ""paa"": {""window_size"": 4}, ""probability"": {""epsilon"": 0.0001, ""smoothing"": true}, ""sax"": {""alphabet_size"": 3}, ""sliding_window"": {""size"": 4, ""stride"": 1}, ""unseen_pattern"": {""enabled"": true, ""method"": ""levenshtein""}}, ""dataset"": {""config"": {""drop_columns"": [""datetime"", ""changepoint"", ""source_group"", ""source_file""], ""group_column"": ""source_file"", ""split"": {""test"": 0.2, ""train"": 0.6, ""validation"": 0.2}, ""target_column"": ""anomaly"", ""valve_folders"": [""valve1"", ""valve2""]}, ""name"": ""SKAB""}, ""extra"": {""alphabet_size"": 5, ""window_size"": 6}, ""noise"": {""enabled"": true, ""gaussian_mean"": 0.0, ""gaussian_std"": 0.05}, ""preprocessing"": {""missing_data"": {""enabled"": true, ""strategy"": ""mean""}, ""pca"": {""enabled"": true, ""n_components"": 1}, ""scaler"": ""standard"", ""sequence_length"": 16, ""sequence_stride"": 1}, ""project"": {""device"": ""cuda"", ""random_seeds"": [7]}, ""run"": {""family"": ""AUTOMATA"", ""scenario"": ""parameter_analysis"", ""seed"": 7, ""split"": ""fold_3""}, ""training"": {""batch_size"": 32, ""early_stopping"": {""enabled"": true, ""patience"": 5}, ""epochs"": 50, ""optimizer"": ""adam""}}",SKAB,"[""valve1"", ""valve2""]",anomaly,"[""datetime"", ""changepoint"", ""source_group"", ""source_file""]",source_file,0.6,0.2,0.2,True,mean,standard,True,1,16,1,True,0.0,0.05,cuda,[7],32,50,True,5,adam,0.1,4,3,4,1,True,levenshtein,True,0.0001,average_log_probability,0.05,AUTOMATA,7,fold_3,parameter_analysis,6,5,,,
SKAB,7,fold_4,6,5,0.5552596537949401,0.37185929648241206,0.26148409893992935,0.3070539419087137,240,378,240,0.0065625,128,"{""automata"": {""anomaly_threshold"": 0.1, ""decision"": {""fallback_quantile"": 0.05, ""score_field"": ""average_log_probability""}, ""paa"": {""window_size"": 4}, ""probability"": {""epsilon"": 0.0001, ""smoothing"": true}, ""sax"": {""alphabet_size"": 3}, ""sliding_window"": {""size"": 4, ""stride"": 1}, ""unseen_pattern"": {""enabled"": true, ""method"": ""levenshtein""}}, ""dataset"": {""config"": {""drop_columns"": [""datetime"", ""changepoint"", ""source_group"", ""source_file""], ""group_column"": ""source_file"", ""split"": {""test"": 0.2, ""train"": 0.6, ""validation"": 0.2}, ""target_column"": ""anomaly"", ""valve_folders"": [""valve1"", ""valve2""]}, ""name"": ""SKAB""}, ""extra"": {""alphabet_size"": 5, ""window_size"": 6}, ""noise"": {""enabled"": true, ""gaussian_mean"": 0.0, ""gaussian_std"": 0.05}, ""preprocessing"": {""missing_data"": {""enabled"": true, ""strategy"": ""mean""}, ""pca"": {""enabled"": true, ""n_components"": 1}, ""scaler"": ""standard"", ""sequence_length"": 16, ""sequence_stride"": 1}, ""project"": {""device"": ""cuda"", ""random_seeds"": [7]}, ""run"": {""family"": ""AUTOMATA"", ""scenario"": ""parameter_analysis"", ""seed"": 7, ""split"": ""fold_4""}, ""training"": {""batch_size"": 32, ""early_stopping"": {""enabled"": true, ""patience"": 5}, ""epochs"": 50, ""optimizer"": ""adam""}}",SKAB,"[""valve1"", ""valve2""]",anomaly,"[""datetime"", ""changepoint"", ""source_group"", ""source_file""]",source_file,0.6,0.2,0.2,True,mean,standard,True,1,16,1,True,0.0,0.05,cuda,[7],32,50,True,5,adam,0.1,4,3,4,1,True,levenshtein,True,0.0001,average_log_probability,0.05,AUTOMATA,7,fold_4,parameter_analysis,6,5,,,
SKAB,7,fold_0,6,6,0.5100671140939598,0.15873015873015872,0.07168458781362007,0.09876543209876543,392,589,392,0.0038330383173677636,74,"{""automata"": {""anomaly_threshold"": 0.1, ""decision"": {""fallback_quantile"": 0.05, ""score_field"": ""average_log_probability""}, ""paa"": {""window_size"": 4}, ""probability"": {""epsilon"": 0.0001, ""smoothing"": true}, ""sax"": {""alphabet_size"": 3}, ""sliding_window"": {""size"": 4, ""stride"": 1}, ""unseen_pattern"": {""enabled"": true, ""method"": ""levenshtein""}}, ""dataset"": {""config"": {""drop_columns"": [""datetime"", ""changepoint"", ""source_group"", ""source_file""], ""group_column"": ""source_file"", ""split"": {""test"": 0.2, ""train"": 0.6, ""validation"": 0.2}, ""target_column"": ""anomaly"", ""valve_folders"": [""valve1"", ""valve2""]}, ""name"": ""SKAB""}, ""extra"": {""alphabet_size"": 6, ""window_size"": 6}, ""noise"": {""enabled"": true, ""gaussian_mean"": 0.0, ""gaussian_std"": 0.05}, ""preprocessing"": {""missing_data"": {""enabled"": true, ""strategy"": ""mean""}, ""pca"": {""enabled"": true, ""n_components"": 1}, ""scaler"": ""standard"", ""sequence_length"": 16, ""sequence_stride"": 1}, ""project"": {""device"": ""cuda"", ""random_seeds"": [7]}, ""run"": {""family"": ""AUTOMATA"", ""scenario"": ""parameter_analysis"", ""seed"": 7, ""split"": ""fold_0""}, ""training"": {""batch_size"": 32, ""early_stopping"": {""enabled"": true, ""patience"": 5}, ""epochs"": 50, ""optimizer"": ""adam""}}",SKAB,"[""valve1"", ""valve2""]",anomaly,"[""datetime"", ""changepoint"", ""source_group"", ""source_file""]",source_file,0.6,0.2,0.2,True,mean,standard,True,1,16,1,True,0.0,0.05,cuda,[7],32,50,True,5,adam,0.1,4,3,4,1,True,levenshtein,True,0.0001,average_log_probability,0.05,AUTOMATA,7,fold_0,parameter_analysis,6,6,,,
SKAB,7,fold_1,6,6,0.6005361930294906,0.27906976744186046,0.043010752688172046,0.07453416149068323,397,601,397,0.0038132340158239693,11,"{""automata"": {""anomaly_threshold"": 0.1, ""decision"": {""fallback_quantile"": 0.05, ""score_field"": ""average_log_probability""}, ""paa"": {""window_size"": 4}, ""probability"": {""epsilon"": 0.0001, ""smoothing"": true}, ""sax"": {""alphabet_size"": 3}, ""sliding_window"": {""size"": 4, ""stride"": 1}, ""unseen_pattern"": {""enabled"": true, ""method"": ""levenshtein""}}, ""dataset"": {""config"": {""drop_columns"": [""datetime"", ""changepoint"", ""source_group"", ""source_file""], ""group_column"": ""source_file"", ""split"": {""test"": 0.2, ""train"": 0.6, ""validation"": 0.2}, ""target_column"": ""anomaly"", ""valve_folders"": [""valve1"", ""valve2""]}, ""name"": ""SKAB""}, ""extra"": {""alphabet_size"": 6, ""window_size"": 6}, ""noise"": {""enabled"": true, ""gaussian_mean"": 0.0, ""gaussian_std"": 0.05}, ""preprocessing"": {""missing_data"": {""enabled"": true, ""strategy"": ""mean""}, ""pca"": {""enabled"": true, ""n_components"": 1}, ""scaler"": ""standard"", ""sequence_length"": 16, ""sequence_stride"": 1}, ""project"": {""device"": ""cuda"", ""random_seeds"": [7]}, ""run"": {""family"": ""AUTOMATA"", ""scenario"": ""parameter_analysis"", ""seed"": 7, ""split"": ""fold_1""}, ""training"": {""batch_size"": 32, ""early_stopping"": {""enabled"": true, ""patience"": 5}, ""epochs"": 50, ""optimizer"": ""adam""}}",SKAB,"[""valve1"", ""valve2""]",anomaly,"[""datetime"", ""changepoint"", ""source_group"", ""source_file""]",source_file,0.6,0.2,0.2,True,mean,standard,True,1,16,1,True,0.0,0.05,cuda,[7],32,50,True,5,adam,0.1,4,3,4,1,True,levenshtein,True,0.0001,average_log_probability,0.05,AUTOMATA,7,fold_1,parameter_analysis,6,6,,,
SKAB,7,fold_2,6,6,0.6117804551539491,0.5,0.06206896551724138,0.11042944785276074,365,556,365,0.004173390880090073,18,"{""automata"": {""anomaly_threshold"": 0.1, ""decision"": {""fallback_quantile"": 0.05, ""score_field"": ""average_log_probability""}, ""paa"": {""window_size"": 4}, ""probability"": {""epsilon"": 0.0001, ""smoothing"": true}, ""sax"": {""alphabet_size"": 3}, ""sliding_window"": {""size"": 4, ""stride"": 1}, ""unseen_pattern"": {""enabled"": true, ""method"": ""levenshtein""}}, ""dataset"": {""config"": {""drop_columns"": [""datetime"", ""changepoint"", ""source_group"", ""source_file""], ""group_column"": ""source_file"", ""split"": {""test"": 0.2, ""train"": 0.6, ""validation"": 0.2}, ""target_column"": ""anomaly"", ""valve_folders"": [""valve1"", ""valve2""]}, ""name"": ""SKAB""}, ""extra"": {""alphabet_size"": 6, ""window_size"": 6}, ""noise"": {""enabled"": true, ""gaussian_mean"": 0.0, ""gaussian_std"": 0.05}, ""preprocessing"": {""missing_data"": {""enabled"": true, ""strategy"": ""mean""}, ""pca"": {""enabled"": true, ""n_components"": 1}, ""scaler"": ""standard"", ""sequence_length"": 16, ""sequence_stride"": 1}, ""project"": {""device"": ""cuda"", ""random_seeds"": [7]}, ""run"": {""family"": ""AUTOMATA"", ""scenario"": ""parameter_analysis"", ""seed"": 7, ""split"": ""fold_2""}, ""training"": {""batch_size"": 32, ""early_stopping"": {""enabled"": true, ""patience"": 5}, ""epochs"": 50, ""optimizer"": ""adam""}}",SKAB,"[""valve1"", ""valve2""]",anomaly,"[""datetime"", ""changepoint"", ""source_group"", ""source_file""]",source_file,0.6,0.2,0.2,True,mean,standard,True,1,16,1,True,0.0,0.05,cuda,[7],32,50,True,5,adam,0.1,4,3,4,1,True,levenshtein,True,0.0001,average_log_probability,0.05,AUTOMATA,7,fold_2,parameter_analysis,6,6,,,
SKAB,7,fold_3,6,6,0.4986376021798365,0.24342105263157895,0.12758620689655173,0.167420814479638,352,528,352,0.004261363636363636,99,"{""automata"": {""anomaly_threshold"": 0.1, ""decision"": {""fallback_quantile"": 0.05, ""score_field"": ""average_log_probability""}, ""paa"": {""window_size"": 4}, ""probability"": {""epsilon"": 0.0001, ""smoothing"": true}, ""sax"": {""alphabet_size"": 3}, ""sliding_window"": {""size"": 4, ""stride"": 1}, ""unseen_pattern"": {""enabled"": true, ""method"": ""levenshtein""}}, ""dataset"": {""config"": {""drop_columns"": [""datetime"", ""changepoint"", ""source_group"", ""source_file""], ""group_column"": ""source_file"", ""split"": {""test"": 0.2, ""train"": 0.6, ""validation"": 0.2}, ""target_column"": ""anomaly"", ""valve_folders"": [""valve1"", ""valve2""]}, ""name"": ""SKAB""}, ""extra"": {""alphabet_size"": 6, ""window_size"": 6}, ""noise"": {""enabled"": true, ""gaussian_mean"": 0.0, ""gaussian_std"": 0.05}, ""preprocessing"": {""missing_data"": {""enabled"": true, ""strategy"": ""mean""}, ""pca"": {""enabled"": true, ""n_components"": 1}, ""scaler"": ""standard"", ""sequence_length"": 16, ""sequence_stride"": 1}, ""project"": {""device"": ""cuda"", ""random_seeds"": [7]}, ""run"": {""family"": ""AUTOMATA"", ""scenario"": ""parameter_analysis"", ""seed"": 7, ""split"": ""fold_3""}, ""training"": {""batch_size"": 32, ""early_stopping"": {""enabled"": true, ""patience"": 5}, ""epochs"": 50, ""optimizer"": ""adam""}}",SKAB,"[""valve1"", ""valve2""]",anomaly,"[""datetime"", ""changepoint"", ""source_group"", ""source_file""]",source_file,0.6,0.2,0.2,True,mean,standard,True,1,16,1,True,0.0,0.05,cuda,[7],32,50,True,5,adam,0.1,4,3,4,1,True,levenshtein,True,0.0001,average_log_probability,0.05,AUTOMATA,7,fold_3,parameter_analysis,6,6,,,
SKAB,7,fold_4,6,6,0.5193075898801598,0.36551724137931035,0.3745583038869258,0.3699825479930192,336,499,336,0.00441999716553288,211,"{""automata"": {""anomaly_threshold"": 0.1, ""decision"": {""fallback_quantile"": 0.05, ""score_field"": ""average_log_probability""}, ""paa"": {""window_size"": 4}, ""probability"": {""epsilon"": 0.0001, ""smoothing"": true}, ""sax"": {""alphabet_size"": 3}, ""sliding_window"": {""size"": 4, ""stride"": 1}, ""unseen_pattern"": {""enabled"": true, ""method"": ""levenshtein""}}, ""dataset"": {""config"": {""drop_columns"": [""datetime"", ""changepoint"", ""source_group"", ""source_file""], ""group_column"": ""source_file"", ""split"": {""test"": 0.2, ""train"": 0.6, ""validation"": 0.2}, ""target_column"": ""anomaly"", ""valve_folders"": [""valve1"", ""valve2""]}, ""name"": ""SKAB""}, ""extra"": {""alphabet_size"": 6, ""window_size"": 6}, ""noise"": {""enabled"": true, ""gaussian_mean"": 0.0, ""gaussian_std"": 0.05}, ""preprocessing"": {""missing_data"": {""enabled"": true, ""strategy"": ""mean""}, ""pca"": {""enabled"": true, ""n_components"": 1}, ""scaler"": ""standard"", ""sequence_length"": 16, ""sequence_stride"": 1}, ""project"": {""device"": ""cuda"", ""random_seeds"": [7]}, ""run"": {""family"": ""AUTOMATA"", ""scenario"": ""parameter_analysis"", ""seed"": 7, ""split"": ""fold_4""}, ""training"": {""batch_size"": 32, ""early_stopping"": {""enabled"": true, ""patience"": 5}, ""epochs"": 50, ""optimizer"": ""adam""}}",SKAB,"[""valve1"", ""valve2""]",anomaly,"[""datetime"", ""changepoint"", ""source_group"", ""source_file""]",source_file,0.6,0.2,0.2,True,mean,standard,True,1,16,1,True,0.0,0.05,cuda,[7],32,50,True,5,adam,0.1,4,3,4,1,True,levenshtein,True,0.0001,average_log_probability,0.05,AUTOMATA,7,fold_4,parameter_analysis,6,6,,,
BATADAL,7,test,3,3,0.8483754512635379,0.2916666666666667,0.21875,0.25,26,71,26,0.10502958579881656,1,"{""automata"": {""anomaly_threshold"": 0.1, ""decision"": {""fallback_quantile"": 0.05, ""score_field"": ""average_log_probability""}, ""paa"": {""window_size"": 4}, ""probability"": {""epsilon"": 0.0001, ""smoothing"": true}, ""sax"": {""alphabet_size"": 3}, ""sliding_window"": {""size"": 4, ""stride"": 1}, ""unseen_pattern"": {""enabled"": true, ""method"": ""levenshtein""}}, ""dataset"": {""config"": {""anomaly_label_value"": 1, ""drop_columns"": [""DATETIME""], ""normal_label_value"": -999, ""split"": {""test"": 0.2, ""train"": 0.6, ""validation"": 0.2}, ""target_column"": ""ATT_FLAG"", ""train_file"": ""BATADAL_dataset04.csv""}, ""name"": ""BATADAL""}, ""extra"": {""alphabet_size"": 3, ""window_size"": 3}, ""noise"": {""enabled"": true, ""gaussian_mean"": 0.0, ""gaussian_std"": 0.05}, ""preprocessing"": {""missing_data"": {""enabled"": true, ""strategy"": ""mean""}, ""pca"": {""enabled"": true, ""n_components"": 1}, ""scaler"": ""standard"", ""sequence_length"": 16, ""sequence_stride"": 1}, ""project"": {""device"": ""cuda"", ""random_seeds"": [7]}, ""run"": {""family"": ""AUTOMATA"", ""scenario"": ""parameter_analysis"", ""seed"": 7, ""split"": ""test""}, ""training"": {""batch_size"": 32, ""early_stopping"": {""enabled"": true, ""patience"": 5}, ""epochs"": 50, ""optimizer"": ""adam""}}",BATADAL,,ATT_FLAG,"[""DATETIME""]",,0.6,0.2,0.2,True,mean,standard,True,1,16,1,True,0.0,0.05,cuda,[7],32,50,True,5,adam,0.1,4,3,4,1,True,levenshtein,True,0.0001,average_log_probability,0.05,AUTOMATA,7,test,parameter_analysis,3,3,BATADAL_dataset04.csv,-999.0,1.0
BATADAL,7,test,3,4,0.7328519855595668,0.125,0.21875,0.1590909090909091,59,174,59,0.04998563631140477,3,"{""automata"": {""anomaly_threshold"": 0.1, ""decision"": {""fallback_quantile"": 0.05, ""score_field"": ""average_log_probability""}, ""paa"": {""window_size"": 4}, ""probability"": {""epsilon"": 0.0001, ""smoothing"": true}, ""sax"": {""alphabet_size"": 3}, ""sliding_window"": {""size"": 4, ""stride"": 1}, ""unseen_pattern"": {""enabled"": true, ""method"": ""levenshtein""}}, ""dataset"": {""config"": {""anomaly_label_value"": 1, ""drop_columns"": [""DATETIME""], ""normal_label_value"": -999, ""split"": {""test"": 0.2, ""train"": 0.6, ""validation"": 0.2}, ""target_column"": ""ATT_FLAG"", ""train_file"": ""BATADAL_dataset04.csv""}, ""name"": ""BATADAL""}, ""extra"": {""alphabet_size"": 4, ""window_size"": 3}, ""noise"": {""enabled"": true, ""gaussian_mean"": 0.0, ""gaussian_std"": 0.05}, ""preprocessing"": {""missing_data"": {""enabled"": true, ""strategy"": ""mean""}, ""pca"": {""enabled"": true, ""n_components"": 1}, ""scaler"": ""standard"", ""sequence_length"": 16, ""sequence_stride"": 1}, ""project"": {""device"": ""cuda"", ""random_seeds"": [7]}, ""run"": {""family"": ""AUTOMATA"", ""scenario"": ""parameter_analysis"", ""seed"": 7, ""split"": ""test""}, ""training"": {""batch_size"": 32, ""early_stopping"": {""enabled"": true, ""patience"": 5}, ""epochs"": 50, ""optimizer"": ""adam""}}",BATADAL,,ATT_FLAG,"[""DATETIME""]",,0.6,0.2,0.2,True,mean,standard,True,1,16,1,True,0.0,0.05,cuda,[7],32,50,True,5,adam,0.1,4,3,4,1,True,levenshtein,True,0.0001,average_log_probability,0.05,AUTOMATA,7,test,parameter_analysis,3,4,BATADAL_dataset04.csv,-999.0,1.0
BATADAL,7,test,3,5,0.5992779783393501,0.11650485436893204,0.375,0.17777777777777778,112,306,112,0.024394132653061226,4,"{""automata"": {""anomaly_threshold"": 0.1, ""decision"": {""fallback_quantile"": 0.05, ""score_field"": ""average_log_probability""}, ""paa"": {""window_size"": 4}, ""probability"": {""epsilon"": 0.0001, ""smoothing"": true}, ""sax"": {""alphabet_size"": 3}, ""sliding_window"": {""size"": 4, ""stride"": 1}, ""unseen_pattern"": {""enabled"": true, ""method"": ""levenshtein""}}, ""dataset"": {""config"": {""anomaly_label_value"": 1, ""drop_columns"": [""DATETIME""], ""normal_label_value"": -999, ""split"": {""test"": 0.2, ""train"": 0.6, ""validation"": 0.2}, ""target_column"": ""ATT_FLAG"", ""train_file"": ""BATADAL_dataset04.csv""}, ""name"": ""BATADAL""}, ""extra"": {""alphabet_size"": 5, ""window_size"": 3}, ""noise"": {""enabled"": true, ""gaussian_mean"": 0.0, ""gaussian_std"": 0.05}, ""preprocessing"": {""missing_data"": {""enabled"": true, ""strategy"": ""mean""}, ""pca"": {""enabled"": true, ""n_components"": 1}, ""scaler"": ""standard"", ""sequence_length"": 16, ""sequence_stride"": 1}, ""project"": {""device"": ""cuda"", ""random_seeds"": [7]}, ""run"": {""family"": ""AUTOMATA"", ""scenario"": ""parameter_analysis"", ""seed"": 7, ""split"": ""test""}, ""training"": {""batch_size"": 32, ""early_stopping"": {""enabled"": true, ""patience"": 5}, ""epochs"": 50, ""optimizer"": ""adam""}}",BATADAL,,ATT_FLAG,"[""DATETIME""]",,0.6,0.2,0.2,True,mean,standard,True,1,16,1,True,0.0,0.05,cuda,[7],32,50,True,5,adam,0.1,4,3,4,1,True,levenshtein,True,0.0001,average_log_probability,0.05,AUTOMATA,7,test,parameter_analysis,3,5,BATADAL_dataset04.csv,-999.0,1.0
BATADAL,7,test,3,6,0.5595667870036101,0.11206896551724138,0.40625,0.17567567567567569,178,465,178,0.014676177250347179,8,"{""automata"": {""anomaly_threshold"": 0.1, ""decision"": {""fallback_quantile"": 0.05, ""score_field"": ""average_log_probability""}, ""paa"": {""window_size"": 4}, ""probability"": {""epsilon"": 0.0001, ""smoothing"": true}, ""sax"": {""alphabet_size"": 3}, ""sliding_window"": {""size"": 4, ""stride"": 1}, ""unseen_pattern"": {""enabled"": true, ""method"": ""levenshtein""}}, ""dataset"": {""config"": {""anomaly_label_value"": 1, ""drop_columns"": [""DATETIME""], ""normal_label_value"": -999, ""split"": {""test"": 0.2, ""train"": 0.6, ""validation"": 0.2}, ""target_column"": ""ATT_FLAG"", ""train_file"": ""BATADAL_dataset04.csv""}, ""name"": ""BATADAL""}, ""extra"": {""alphabet_size"": 6, ""window_size"": 3}, ""noise"": {""enabled"": true, ""gaussian_mean"": 0.0, ""gaussian_std"": 0.05}, ""preprocessing"": {""missing_data"": {""enabled"": true, ""strategy"": ""mean""}, ""pca"": {""enabled"": true, ""n_components"": 1}, ""scaler"": ""standard"", ""sequence_length"": 16, ""sequence_stride"": 1}, ""project"": {""device"": ""cuda"", ""random_seeds"": [7]}, ""run"": {""family"": ""AUTOMATA"", ""scenario"": ""parameter_analysis"", ""seed"": 7, ""split"": ""test""}, ""training"": {""batch_size"": 32, ""early_stopping"": {""enabled"": true, ""patience"": 5}, ""epochs"": 50, ""optimizer"": ""adam""}}",BATADAL,,ATT_FLAG,"[""DATETIME""]",,0.6,0.2,0.2,True,mean,standard,True,1,16,1,True,0.0,0.05,cuda,[7],32,50,True,5,adam,0.1,4,3,4,1,True,levenshtein,True,0.0001,average_log_probability,0.05,AUTOMATA,7,test,parameter_analysis,3,6,BATADAL_dataset04.csv,-999.0,1.0
BATADAL,7,test,4,3,0.7281553398058253,0.22,0.39285714285714285,0.28205128205128205,76,151,76,0.026142659279778394,9,"{""automata"": {""anomaly_threshold"": 0.1, ""decision"": {""fallback_quantile"": 0.05, ""score_field"": ""average_log_probability""}, ""paa"": {""window_size"": 4}, ""probability"": {""epsilon"": 0.0001, ""smoothing"": true}, ""sax"": {""alphabet_size"": 3}, ""sliding_window"": {""size"": 4, ""stride"": 1}, ""unseen_pattern"": {""enabled"": true, ""method"": ""levenshtein""}}, ""dataset"": {""config"": {""anomaly_label_value"": 1, ""drop_columns"": [""DATETIME""], ""normal_label_value"": -999, ""split"": {""test"": 0.2, ""train"": 0.6, ""validation"": 0.2}, ""target_column"": ""ATT_FLAG"", ""train_file"": ""BATADAL_dataset04.csv""}, ""name"": ""BATADAL""}, ""extra"": {""alphabet_size"": 3, ""window_size"": 4}, ""noise"": {""enabled"": true, ""gaussian_mean"": 0.0, ""gaussian_std"": 0.05}, ""preprocessing"": {""missing_data"": {""enabled"": true, ""strategy"": ""mean""}, ""pca"": {""enabled"": true, ""n_components"": 1}, ""scaler"": ""standard"", ""sequence_length"": 16, ""sequence_stride"": 1}, ""project"": {""device"": ""cuda"", ""random_seeds"": [7]}, ""run"": {""family"": ""AUTOMATA"", ""scenario"": ""parameter_analysis"", ""seed"": 7, ""split"": ""test""}, ""training"": {""batch_size"": 32, ""early_stopping"": {""enabled"": true, ""patience"": 5}, ""epochs"": 50, ""optimizer"": ""adam""}}",BATADAL,,ATT_FLAG,"[""DATETIME""]",,0.6,0.2,0.2,True,mean,standard,True,1,16,1,True,0.0,0.05,cuda,[7],32,50,True,5,adam,0.1,4,3,4,1,True,levenshtein,True,0.0001,average_log_probability,0.05,AUTOMATA,7,test,parameter_analysis,4,3,BATADAL_dataset04.csv,-999.0,1.0
BATADAL,7,test,4,4,0.5825242718446602,0.19791666666666666,0.6785714285714286,0.3064516129032258,175,292,175,0.00953469387755102,46,"{""automata"": {""anomaly_threshold"": 0.1, ""decision"": {""fallback_quantile"": 0.05, ""score_field"": ""average_log_probability""}, ""paa"": {""window_size"": 4}, ""probability"": {""epsilon"": 0.0001, ""smoothing"": true}, ""sax"": {""alphabet_size"": 3}, ""sliding_window"": {""size"": 4, ""stride"": 1}, ""unseen_pattern"": {""enabled"": true, ""method"": ""levenshtein""}}, ""dataset"": {""config"": {""anomaly_label_value"": 1, ""drop_columns"": [""DATETIME""], ""normal_label_value"": -999, ""split"": {""test"": 0.2, ""train"": 0.6, ""validation"": 0.2}, ""target_column"": ""ATT_FLAG"", ""train_file"": ""BATADAL_dataset04.csv""}, ""name"": ""BATADAL""}, ""extra"": {""alphabet_size"": 4, ""window_size"": 4}, ""noise"": {""enabled"": true, ""gaussian_mean"": 0.0, ""gaussian_std"": 0.05}, ""preprocessing"": {""missing_data"": {""enabled"": true, ""strategy"": ""mean""}, ""pca"": {""enabled"": true, ""n_components"": 1}, ""scaler"": ""standard"", ""sequence_length"": 16, ""sequence_stride"": 1}, ""project"": {""device"": ""cuda"", ""random_seeds"": [7]}, ""run"": {""family"": ""AUTOMATA"", ""scenario"": ""parameter_analysis"", ""seed"": 7, ""split"": ""test""}, ""training"": {""batch_size"": 32, ""early_stopping"": {""enabled"": true, ""patience"": 5}, ""epochs"": 50, ""optimizer"": ""adam""}}",BATADAL,,ATT_FLAG,"[""DATETIME""]",,0.6,0.2,0.2,True,mean,standard,True,1,16,1,True,0.0,0.05,cuda,[7],32,50,True,5,adam,0.1,4,3,4,1,True,levenshtein,True,0.0001,average_log_probability,0.05,AUTOMATA,7,test,parameter_analysis,4,4,BATADAL_dataset04.csv,-999.0,1.0
BATADAL,7,test,4,5,0.4320388349514563,0.144,0.6428571428571429,0.23529411764705882,258,390,258,0.005859022895258698,87,"{""automata"": {""anomaly_threshold"": 0.1, ""decision"": {""fallback_quantile"": 0.05, ""score_field"": ""average_log_probability""}, ""paa"": {""window_size"": 4}, ""probability"": {""epsilon"": 0.0001, ""smoothing"": true}, ""sax"": {""alphabet_size"": 3}, ""sliding_window"": {""size"": 4, ""stride"": 1}, ""unseen_pattern"": {""enabled"": true, ""method"": ""levenshtein""}}, ""dataset"": {""config"": {""anomaly_label_value"": 1, ""drop_columns"": [""DATETIME""], ""normal_label_value"": -999, ""split"": {""test"": 0.2, ""train"": 0.6, ""validation"": 0.2}, ""target_column"": ""ATT_FLAG"", ""train_file"": ""BATADAL_dataset04.csv""}, ""name"": ""BATADAL""}, ""extra"": {""alphabet_size"": 5, ""window_size"": 4}, ""noise"": {""enabled"": true, ""gaussian_mean"": 0.0, ""gaussian_std"": 0.05}, ""preprocessing"": {""missing_data"": {""enabled"": true, ""strategy"": ""mean""}, ""pca"": {""enabled"": true, ""n_components"": 1}, ""scaler"": ""standard"", ""sequence_length"": 16, ""sequence_stride"": 1}, ""project"": {""device"": ""cuda"", ""random_seeds"": [7]}, ""run"": {""family"": ""AUTOMATA"", ""scenario"": ""parameter_analysis"", ""seed"": 7, ""split"": ""test""}, ""training"": {""batch_size"": 32, ""early_stopping"": {""enabled"": true, ""patience"": 5}, ""epochs"": 50, ""optimizer"": ""adam""}}",BATADAL,,ATT_FLAG,"[""DATETIME""]",,0.6,0.2,0.2,True,mean,standard,True,1,16,1,True,0.0,0.05,cuda,[7],32,50,True,5,adam,0.1,4,3,4,1,True,levenshtein,True,0.0001,average_log_probability,0.05,AUTOMATA,7,test,parameter_analysis,4,5,BATADAL_dataset04.csv,-999.0,1.0
BATADAL,7,test,4,6,0.3592233009708738,0.15333333333333332,0.8214285714285714,0.25842696629213485,340,458,340,0.003961937716262976,110,"{""automata"": {""anomaly_threshold"": 0.1, ""decision"": {""fallback_quantile"": 0.05, ""score_field"": ""average_log_probability""}, ""paa"": {""window_size"": 4}, ""probability"": {""epsilon"": 0.0001, ""smoothing"": true}, ""sax"": {""alphabet_size"": 3}, ""sliding_window"": {""size"": 4, ""stride"": 1}, ""unseen_pattern"": {""enabled"": true, ""method"": ""levenshtein""}}, ""dataset"": {""config"": {""anomaly_label_value"": 1, ""drop_columns"": [""DATETIME""], ""normal_label_value"": -999, ""split"": {""test"": 0.2, ""train"": 0.6, ""validation"": 0.2}, ""target_column"": ""ATT_FLAG"", ""train_file"": ""BATADAL_dataset04.csv""}, ""name"": ""BATADAL""}, ""extra"": {""alphabet_size"": 6, ""window_size"": 4}, ""noise"": {""enabled"": true, ""gaussian_mean"": 0.0, ""gaussian_std"": 0.05}, ""preprocessing"": {""missing_data"": {""enabled"": true, ""strategy"": ""mean""}, ""pca"": {""enabled"": true, ""n_components"": 1}, ""scaler"": ""standard"", ""sequence_length"": 16, ""sequence_stride"": 1}, ""project"": {""device"": ""cuda"", ""random_seeds"": [7]}, ""run"": {""family"": ""AUTOMATA"", ""scenario"": ""parameter_analysis"", ""seed"": 7, ""split"": ""test""}, ""training"": {""batch_size"": 32, ""early_stopping"": {""enabled"": true, ""patience"": 5}, ""epochs"": 50, ""optimizer"": ""adam""}}",BATADAL,,ATT_FLAG,"[""DATETIME""]",,0.6,0.2,0.2,True,mean,standard,True,1,16,1,True,0.0,0.05,cuda,[7],32,50,True,5,adam,0.1,4,3,4,1,True,levenshtein,True,0.0001,average_log_probability,0.05,AUTOMATA,7,test,parameter_analysis,4,6,BATADAL_dataset04.csv,-999.0,1.0
BATADAL,7,test,5,3,0.5792682926829268,0.041666666666666664,0.08,0.0547945205479452,166,254,166,0.009217593264624764,22,"{""automata"": {""anomaly_threshold"": 0.1, ""decision"": {""fallback_quantile"": 0.05, ""score_field"": ""average_log_probability""}, ""paa"": {""window_size"": 4}, ""probability"": {""epsilon"": 0.0001, ""smoothing"": true}, ""sax"": {""alphabet_size"": 3}, ""sliding_window"": {""size"": 4, ""stride"": 1}, ""unseen_pattern"": {""enabled"": true, ""method"": ""levenshtein""}}, ""dataset"": {""config"": {""anomaly_label_value"": 1, ""drop_columns"": [""DATETIME""], ""normal_label_value"": -999, ""split"": {""test"": 0.2, ""train"": 0.6, ""validation"": 0.2}, ""target_column"": ""ATT_FLAG"", ""train_file"": ""BATADAL_dataset04.csv""}, ""name"": ""BATADAL""}, ""extra"": {""alphabet_size"": 3, ""window_size"": 5}, ""noise"": {""enabled"": true, ""gaussian_mean"": 0.0, ""gaussian_std"": 0.05}, ""preprocessing"": {""missing_data"": {""enabled"": true, ""strategy"": ""mean""}, ""pca"": {""enabled"": true, ""n_components"": 1}, ""scaler"": ""standard"", ""sequence_length"": 16, ""sequence_stride"": 1}, ""project"": {""device"": ""cuda"", ""random_seeds"": [7]}, ""run"": {""family"": ""AUTOMATA"", ""scenario"": ""parameter_analysis"", ""seed"": 7, ""split"": ""test""}, ""training"": {""batch_size"": 32, ""early_stopping"": {""enabled"": true, ""patience"": 5}, ""epochs"": 50, ""optimizer"": ""adam""}}",BATADAL,,ATT_FLAG,"[""DATETIME""]",,0.6,0.2,0.2,True,mean,standard,True,1,16,1,True,0.0,0.05,cuda,[7],32,50,True,5,adam,0.1,4,3,4,1,True,levenshtein,True,0.0001,average_log_probability,0.05,AUTOMATA,7,test,parameter_analysis,5,3,BATADAL_dataset04.csv,-999.0,1.0
BATADAL,7,test,5,4,0.5060975609756098,0.18888888888888888,0.68,0.2956521739130435,298,375,298,0.004222782757533444,56,"{""automata"": {""anomaly_threshold"": 0.1, ""decision"": {""fallback_quantile"": 0.05, ""score_field"": ""average_log_probability""}, ""paa"": {""window_size"": 4}, ""probability"": {""epsilon"": 0.0001, ""smoothing"": true}, ""sax"": {""alphabet_size"": 3}, ""sliding_window"": {""size"": 4, ""stride"": 1}, ""unseen_pattern"": {""enabled"": true, ""method"": ""levenshtein""}}, ""dataset"": {""config"": {""anomaly_label_value"": 1, ""drop_columns"": [""DATETIME""], ""normal_label_value"": -999, ""split"": {""test"": 0.2, ""train"": 0.6, ""validation"": 0.2}, ""target_column"": ""ATT_FLAG"", ""train_file"": ""BATADAL_dataset04.csv""}, ""name"": ""BATADAL""}, ""extra"": {""alphabet_size"": 4, ""window_size"": 5}, ""noise"": {""enabled"": true, ""gaussian_mean"": 0.0, ""gaussian_std"": 0.05}, ""preprocessing"": {""missing_data"": {""enabled"": true, ""strategy"": ""mean""}, ""pca"": {""enabled"": true, ""n_components"": 1}, ""scaler"": ""standard"", ""sequence_length"": 16, ""sequence_stride"": 1}, ""project"": {""device"": ""cuda"", ""random_seeds"": [7]}, ""run"": {""family"": ""AUTOMATA"", ""scenario"": ""parameter_analysis"", ""seed"": 7, ""split"": ""test""}, ""training"": {""batch_size"": 32, ""early_stopping"": {""enabled"": true, ""patience"": 5}, ""epochs"": 50, ""optimizer"": ""adam""}}",BATADAL,,ATT_FLAG,"[""DATETIME""]",,0.6,0.2,0.2,True,mean,standard,True,1,16,1,True,0.0,0.05,cuda,[7],32,50,True,5,adam,0.1,4,3,4,1,True,levenshtein,True,0.0001,average_log_probability,0.05,AUTOMATA,7,test,parameter_analysis,5,4,BATADAL_dataset04.csv,-999.0,1.0
BATADAL,7,test,5,5,0.25,0.15,0.84,0.2545454545454545,368,426,367,0.0031456758034026466,131,"{""automata"": {""anomaly_threshold"": 0.1, ""decision"": {""fallback_quantile"": 0.05, ""score_field"": ""average_log_probability""}, ""paa"": {""window_size"": 4}, ""probability"": {""epsilon"": 0.0001, ""smoothing"": true}, ""sax"": {""alphabet_size"": 3}, ""sliding_window"": {""size"": 4, ""stride"": 1}, ""unseen_pattern"": {""enabled"": true, ""method"": ""levenshtein""}}, ""dataset"": {""config"": {""anomaly_label_value"": 1, ""drop_columns"": [""DATETIME""], ""normal_label_value"": -999, ""split"": {""test"": 0.2, ""train"": 0.6, ""validation"": 0.2}, ""target_column"": ""ATT_FLAG"", ""train_file"": ""BATADAL_dataset04.csv""}, ""name"": ""BATADAL""}, ""extra"": {""alphabet_size"": 5, ""window_size"": 5}, ""noise"": {""enabled"": true, ""gaussian_mean"": 0.0, ""gaussian_std"": 0.05}, ""preprocessing"": {""missing_data"": {""enabled"": true, ""strategy"": ""mean""}, ""pca"": {""enabled"": true, ""n_components"": 1}, ""scaler"": ""standard"", ""sequence_length"": 16, ""sequence_stride"": 1}, ""project"": {""device"": ""cuda"", ""random_seeds"": [7]}, ""run"": {""family"": ""AUTOMATA"", ""scenario"": ""parameter_analysis"", ""seed"": 7, ""split"": ""test""}, ""training"": {""batch_size"": 32, ""early_stopping"": {""enabled"": true, ""patience"": 5}, ""epochs"": 50, ""optimizer"": ""adam""}}",BATADAL,,ATT_FLAG,"[""DATETIME""]",,0.6,0.2,0.2,True,mean,standard,True,1,16,1,True,0.0,0.05,cuda,[7],32,50,True,5,adam,0.1,4,3,4,1,True,levenshtein,True,0.0001,average_log_probability,0.05,AUTOMATA,7,test,parameter_analysis,5,5,BATADAL_dataset04.csv,-999.0,1.0
BATADAL,7,test,5,6,0.21951219512195122,0.15894039735099338,0.96,0.2727272727272727,421,459,421,0.0025896942581005522,143,"{""automata"": {""anomaly_threshold"": 0.1, ""decision"": {""fallback_quantile"": 0.05, ""score_field"": ""average_log_probability""}, ""paa"": {""window_size"": 4}, ""probability"": {""epsilon"": 0.0001, ""smoothing"": true}, ""sax"": {""alphabet_size"": 3}, ""sliding_window"": {""size"": 4, ""stride"": 1}, ""unseen_pattern"": {""enabled"": true, ""method"": ""levenshtein""}}, ""dataset"": {""config"": {""anomaly_label_value"": 1, ""drop_columns"": [""DATETIME""], ""normal_label_value"": -999, ""split"": {""test"": 0.2, ""train"": 0.6, ""validation"": 0.2}, ""target_column"": ""ATT_FLAG"", ""train_file"": ""BATADAL_dataset04.csv""}, ""name"": ""BATADAL""}, ""extra"": {""alphabet_size"": 6, ""window_size"": 5}, ""noise"": {""enabled"": true, ""gaussian_mean"": 0.0, ""gaussian_std"": 0.05}, ""preprocessing"": {""missing_data"": {""enabled"": true, ""strategy"": ""mean""}, ""pca"": {""enabled"": true, ""n_components"": 1}, ""scaler"": ""standard"", ""sequence_length"": 16, ""sequence_stride"": 1}, ""project"": {""device"": ""cuda"", ""random_seeds"": [7]}, ""run"": {""family"": ""AUTOMATA"", ""scenario"": ""parameter_analysis"", ""seed"": 7, ""split"": ""test""}, ""training"": {""batch_size"": 32, ""early_stopping"": {""enabled"": true, ""patience"": 5}, ""epochs"": 50, ""optimizer"": ""adam""}}",BATADAL,,ATT_FLAG,"[""DATETIME""]",,0.6,0.2,0.2,True,mean,standard,True,1,16,1,True,0.0,0.05,cuda,[7],32,50,True,5,adam,0.1,4,3,4,1,True,levenshtein,True,0.0001,average_log_probability,0.05,AUTOMATA,7,test,parameter_analysis,5,6,BATADAL_dataset04.csv,-999.0,1.0
BATADAL,7,test,6,3,0.5111111111111111,0.25301204819277107,0.84,0.3888888888888889,206,267,206,0.00629182769346781,66,"{""automata"": {""anomaly_threshold"": 0.1, ""decision"": {""fallback_quantile"": 0.05, ""score_field"": ""average_log_probability""}, ""paa"": {""window_size"": 4}, ""probability"": {""epsilon"": 0.0001, ""smoothing"": true}, ""sax"": {""alphabet_size"": 3}, ""sliding_window"": {""size"": 4, ""stride"": 1}, ""unseen_pattern"": {""enabled"": true, ""method"": ""levenshtein""}}, ""dataset"": {""config"": {""anomaly_label_value"": 1, ""drop_columns"": [""DATETIME""], ""normal_label_value"": -999, ""split"": {""test"": 0.2, ""train"": 0.6, ""validation"": 0.2}, ""target_column"": ""ATT_FLAG"", ""train_file"": ""BATADAL_dataset04.csv""}, ""name"": ""BATADAL""}, ""extra"": {""alphabet_size"": 3, ""window_size"": 6}, ""noise"": {""enabled"": true, ""gaussian_mean"": 0.0, ""gaussian_std"": 0.05}, ""preprocessing"": {""missing_data"": {""enabled"": true, ""strategy"": ""mean""}, ""pca"": {""enabled"": true, ""n_components"": 1}, ""scaler"": ""standard"", ""sequence_length"": 16, ""sequence_stride"": 1}, ""project"": {""device"": ""cuda"", ""random_seeds"": [7]}, ""run"": {""family"": ""AUTOMATA"", ""scenario"": ""parameter_analysis"", ""seed"": 7, ""split"": ""test""}, ""training"": {""batch_size"": 32, ""early_stopping"": {""enabled"": true, ""patience"": 5}, ""epochs"": 50, ""optimizer"": ""adam""}}",BATADAL,,ATT_FLAG,"[""DATETIME""]",,0.6,0.2,0.2,True,mean,standard,True,1,16,1,True,0.0,0.05,cuda,[7],32,50,True,5,adam,0.1,4,3,4,1,True,levenshtein,True,0.0001,average_log_probability,0.05,AUTOMATA,7,test,parameter_analysis,6,3,BATADAL_dataset04.csv,-999.0,1.0
BATADAL,7,test,6,4,0.26666666666666666,0.19672131147540983,0.96,0.32653061224489793,304,353,304,0.0038196849030470914,109,"{""automata"": {""anomaly_threshold"": 0.1, ""decision"": {""fallback_quantile"": 0.05, ""score_field"": ""average_log_probability""}, ""paa"": {""window_size"": 4}, ""probability"": {""epsilon"": 0.0001, ""smoothing"": true}, ""sax"": {""alphabet_size"": 3}, ""sliding_window"": {""size"": 4, ""stride"": 1}, ""unseen_pattern"": {""enabled"": true, ""method"": ""levenshtein""}}, ""dataset"": {""config"": {""anomaly_label_value"": 1, ""drop_columns"": [""DATETIME""], ""normal_label_value"": -999, ""split"": {""test"": 0.2, ""train"": 0.6, ""validation"": 0.2}, ""target_column"": ""ATT_FLAG"", ""train_file"": ""BATADAL_dataset04.csv""}, ""name"": ""BATADAL""}, ""extra"": {""alphabet_size"": 4, ""window_size"": 6}, ""noise"": {""enabled"": true, ""gaussian_mean"": 0.0, ""gaussian_std"": 0.05}, ""preprocessing"": {""missing_data"": {""enabled"": true, ""strategy"": ""mean""}, ""pca"": {""enabled"": true, ""n_components"": 1}, ""scaler"": ""standard"", ""sequence_length"": 16, ""sequence_stride"": 1}, ""project"": {""device"": ""cuda"", ""random_seeds"": [7]}, ""run"": {""family"": ""AUTOMATA"", ""scenario"": ""parameter_analysis"", ""seed"": 7, ""split"": ""test""}, ""training"": {""batch_size"": 32, ""early_stopping"": {""enabled"": true, ""patience"": 5}, ""epochs"": 50, ""optimizer"": ""adam""}}",BATADAL,,ATT_FLAG,"[""DATETIME""]",,0.6,0.2,0.2,True,mean,standard,True,1,16,1,True,0.0,0.05,cuda,[7],32,50,True,5,adam,0.1,4,3,4,1,True,levenshtein,True,0.0001,average_log_probability,0.05,AUTOMATA,7,test,parameter_analysis,6,4,BATADAL_dataset04.csv,-999.0,1.0
BATADAL,7,test,6,5,0.2222222222222222,0.19230769230769232,1.0,0.3225806451612903,342,374,341,0.003197565062754352,129,"{""automata"": {""anomaly_threshold"": 0.1, ""decision"": {""fallback_quantile"": 0.05, ""score_field"": ""average_log_probability""}, ""paa"": {""window_size"": 4}, ""probability"": {""epsilon"": 0.0001, ""smoothing"": true}, ""sax"": {""alphabet_size"": 3}, ""sliding_window"": {""size"": 4, ""stride"": 1}, ""unseen_pattern"": {""enabled"": true, ""method"": ""levenshtein""}}, ""dataset"": {""config"": {""anomaly_label_value"": 1, ""drop_columns"": [""DATETIME""], ""normal_label_value"": -999, ""split"": {""test"": 0.2, ""train"": 0.6, ""validation"": 0.2}, ""target_column"": ""ATT_FLAG"", ""train_file"": ""BATADAL_dataset04.csv""}, ""name"": ""BATADAL""}, ""extra"": {""alphabet_size"": 5, ""window_size"": 6}, ""noise"": {""enabled"": true, ""gaussian_mean"": 0.0, ""gaussian_std"": 0.05}, ""preprocessing"": {""missing_data"": {""enabled"": true, ""strategy"": ""mean""}, ""pca"": {""enabled"": true, ""n_components"": 1}, ""scaler"": ""standard"", ""sequence_length"": 16, ""sequence_stride"": 1}, ""project"": {""device"": ""cuda"", ""random_seeds"": [7]}, ""run"": {""family"": ""AUTOMATA"", ""scenario"": ""parameter_analysis"", ""seed"": 7, ""split"": ""test""}, ""training"": {""batch_size"": 32, ""early_stopping"": {""enabled"": true, ""patience"": 5}, ""epochs"": 50, ""optimizer"": ""adam""}}",BATADAL,,ATT_FLAG,"[""DATETIME""]",,0.6,0.2,0.2,True,mean,standard,True,1,16,1,True,0.0,0.05,cuda,[7],32,50,True,5,adam,0.1,4,3,4,1,True,levenshtein,True,0.0001,average_log_probability,0.05,AUTOMATA,7,test,parameter_analysis,6,5,BATADAL_dataset04.csv,-999.0,1.0
BATADAL,7,test,6,6,0.21481481481481482,0.19083969465648856,1.0,0.32051282051282054,378,395,377,0.002764480277707791,131,"{""automata"": {""anomaly_threshold"": 0.1, ""decision"": {""fallback_quantile"": 0.05, ""score_field"": ""average_log_probability""}, ""paa"": {""window_size"": 4}, ""probability"": {""epsilon"": 0.0001, ""smoothing"": true}, ""sax"": {""alphabet_size"": 3}, ""sliding_window"": {""size"": 4, ""stride"": 1}, ""unseen_pattern"": {""enabled"": true, ""method"": ""levenshtein""}}, ""dataset"": {""config"": {""anomaly_label_value"": 1, ""drop_columns"": [""DATETIME""], ""normal_label_value"": -999, ""split"": {""test"": 0.2, ""train"": 0.6, ""validation"": 0.2}, ""target_column"": ""ATT_FLAG"", ""train_file"": ""BATADAL_dataset04.csv""}, ""name"": ""BATADAL""}, ""extra"": {""alphabet_size"": 6, ""window_size"": 6}, ""noise"": {""enabled"": true, ""gaussian_mean"": 0.0, ""gaussian_std"": 0.05}, ""preprocessing"": {""missing_data"": {""enabled"": true, ""strategy"": ""mean""}, ""pca"": {""enabled"": true, ""n_components"": 1}, ""scaler"": ""standard"", ""sequence_length"": 16, ""sequence_stride"": 1}, ""project"": {""device"": ""cuda"", ""random_seeds"": [7]}, ""run"": {""family"": ""AUTOMATA"", ""scenario"": ""parameter_analysis"", ""seed"": 7, ""split"": ""test""}, ""training"": {""batch_size"": 32, ""early_stopping"": {""enabled"": true, ""patience"": 5}, ""epochs"": 50, ""optimizer"": ""adam""}}",BATADAL,,ATT_FLAG,"[""DATETIME""]",,0.6,0.2,0.2,True,mean,standard,True,1,16,1,True,0.0,0.05,cuda,[7],32,50,True,5,adam,0.1,4,3,4,1,True,levenshtein,True,0.0001,average_log_probability,0.05,AUTOMATA,7,test,parameter_analysis,6,6,BATADAL_dataset04.csv,-999.0,1.0
SKAB,999,fold_0,3,3,0.6244162775183456,0.2826086956521739,0.0497131931166348,0.08455284552845528,21,42,21,0.09523809523809523,4,"{""automata"": {""anomaly_threshold"": 0.1, ""decision"": {""fallback_quantile"": 0.05, ""score_field"": ""average_log_probability""}, ""paa"": {""window_size"": 4}, ""probability"": {""epsilon"": 0.0001, ""smoothing"": true}, ""sax"": {""alphabet_size"": 3}, ""sliding_window"": {""size"": 4, ""stride"": 1}, ""unseen_pattern"": {""enabled"": true, ""method"": ""levenshtein""}}, ""dataset"": {""config"": {""drop_columns"": [""datetime"", ""changepoint"", ""source_group"", ""source_file""], ""group_column"": ""source_file"", ""split"": {""test"": 0.2, ""train"": 0.6, ""validation"": 0.2}, ""target_column"": ""anomaly"", ""valve_folders"": [""valve1"", ""valve2""]}, ""name"": ""SKAB""}, ""extra"": {""alphabet_size"": 3, ""window_size"": 3}, ""noise"": {""enabled"": true, ""gaussian_mean"": 0.0, ""gaussian_std"": 0.05}, ""preprocessing"": {""missing_data"": {""enabled"": true, ""strategy"": ""mean""}, ""pca"": {""enabled"": true, ""n_components"": 1}, ""scaler"": ""standard"", ""sequence_length"": 16, ""sequence_stride"": 1}, ""project"": {""device"": ""cuda"", ""random_seeds"": [999]}, ""run"": {""family"": ""AUTOMATA"", ""scenario"": ""parameter_analysis"", ""seed"": 999, ""split"": ""fold_0""}, ""training"": {""batch_size"": 32, ""early_stopping"": {""enabled"": true, ""patience"": 5}, ""epochs"": 50, ""optimizer"": ""adam""}}",SKAB,"[""valve1"", ""valve2""]",anomaly,"[""datetime"", ""changepoint"", ""source_group"", ""source_file""]",source_file,0.6,0.2,0.2,True,mean,standard,True,1,16,1,True,0.0,0.05,cuda,[999],32,50,True,5,adam,0.1,4,3,4,1,True,levenshtein,True,0.0001,average_log_probability,0.05,AUTOMATA,999,fold_0,parameter_analysis,3,3,,,
SKAB,999,fold_1,3,3,0.6383689839572193,0.3582089552238806,0.04597701149425287,0.08149405772495756,19,40,19,0.11080332409972299,2,"{""automata"": {""anomaly_threshold"": 0.1, ""decision"": {""fallback_quantile"": 0.05, ""score_field"": ""average_log_probability""}, ""paa"": {""window_size"": 4}, ""probability"": {""epsilon"": 0.0001, ""smoothing"": true}, ""sax"": {""alphabet_size"": 3}, ""sliding_window"": {""size"": 4, ""stride"": 1}, ""unseen_pattern"": {""enabled"": true, ""method"": ""levenshtein""}}, ""dataset"": {""config"": {""drop_columns"": [""datetime"", ""changepoint"", ""source_group"", ""source_file""], ""group_column"": ""source_file"", ""split"": {""test"": 0.2, ""train"": 0.6, ""validation"": 0.2}, ""target_column"": ""anomaly"", ""valve_folders"": [""valve1"", ""valve2""]}, ""name"": ""SKAB""}, ""extra"": {""alphabet_size"": 3, ""window_size"": 3}, ""noise"": {""enabled"": true, ""gaussian_mean"": 0.0, ""gaussian_std"": 0.05}, ""preprocessing"": {""missing_data"": {""enabled"": true, ""strategy"": ""mean""}, ""pca"": {""enabled"": true, ""n_components"": 1}, ""scaler"": ""standard"", ""sequence_length"": 16, ""sequence_stride"": 1}, ""project"": {""device"": ""cuda"", ""random_seeds"": [999]}, ""run"": {""family"": ""AUTOMATA"", ""scenario"": ""parameter_analysis"", ""seed"": 999, ""split"": ""fold_1""}, ""training"": {""batch_size"": 32, ""early_stopping"": {""enabled"": true, ""patience"": 5}, ""epochs"": 50, ""optimizer"": ""adam""}}",SKAB,"[""valve1"", ""valve2""]",anomaly,"[""datetime"", ""changepoint"", ""source_group"", ""source_file""]",source_file,0.6,0.2,0.2,True,mean,standard,True,1,16,1,True,0.0,0.05,cuda,[999],32,50,True,5,adam,0.1,4,3,4,1,True,levenshtein,True,0.0001,average_log_probability,0.05,AUTOMATA,999,fold_1,parameter_analysis,3,3,,,
SKAB,999,fold_2,3,3,0.6249167221852099,0.2916666666666667,0.02578268876611418,0.047377326565143825,22,45,22,0.09297520661157024,0,"{""automata"": {""anomaly_threshold"": 0.1, ""decision"": {""fallback_quantile"": 0.05, ""score_field"": ""average_log_probability""}, ""paa"": {""window_size"": 4}, ""probability"": {""epsilon"": 0.0001, ""smoothing"": true}, ""sax"": {""alphabet_size"": 3}, ""sliding_window"": {""size"": 4, ""stride"": 1}, ""unseen_pattern"": {""enabled"": true, ""method"": ""levenshtein""}}, ""dataset"": {""config"": {""drop_columns"": [""datetime"", ""changepoint"", ""source_group"", ""source_file""], ""group_column"": ""source_file"", ""split"": {""test"": 0.2, ""train"": 0.6, ""validation"": 0.2}, ""target_column"": ""anomaly"", ""valve_folders"": [""valve1"", ""valve2""]}, ""name"": ""SKAB""}, ""extra"": {""alphabet_size"": 3, ""window_size"": 3}, ""noise"": {""enabled"": true, ""gaussian_mean"": 0.0, ""gaussian_std"": 0.05}, ""preprocessing"": {""missing_data"": {""enabled"": true, ""strategy"": ""mean""}, ""pca"": {""enabled"": true, ""n_components"": 1}, ""scaler"": ""standard"", ""sequence_length"": 16, ""sequence_stride"": 1}, ""project"": {""device"": ""cuda"", ""random_seeds"": [999]}, ""run"": {""family"": ""AUTOMATA"", ""scenario"": ""parameter_analysis"", ""seed"": 999, ""split"": ""fold_2""}, ""training"": {""batch_size"": 32, ""early_stopping"": {""enabled"": true, ""patience"": 5}, ""epochs"": 50, ""optimizer"": ""adam""}}",SKAB,"[""valve1"", ""valve2""]",anomaly,"[""datetime"", ""changepoint"", ""source_group"", ""source_file""]",source_file,0.6,0.2,0.2,True,mean,standard,True,1,16,1,True,0.0,0.05,cuda,[999],32,50,True,5,adam,0.1,4,3,4,1,True,levenshtein,True,0.0001,average_log_probability,0.05,AUTOMATA,999,fold_2,parameter_analysis,3,3,,,
SKAB,999,fold_3,3,3,0.6067796610169491,0.30927835051546393,0.055248618784530384,0.09375,20,40,20,0.1,2,"{""automata"": {""anomaly_threshold"": 0.1, ""decision"": {""fallback_quantile"": 0.05, ""score_field"": ""average_log_probability""}, ""paa"": {""window_size"": 4}, ""probability"": {""epsilon"": 0.0001, ""smoothing"": true}, ""sax"": {""alphabet_size"": 3}, ""sliding_window"": {""size"": 4, ""stride"": 1}, ""unseen_pattern"": {""enabled"": true, ""method"": ""levenshtein""}}, ""dataset"": {""config"": {""drop_columns"": [""datetime"", ""changepoint"", ""source_group"", ""source_file""], ""group_column"": ""source_file"", ""split"": {""test"": 0.2, ""train"": 0.6, ""validation"": 0.2}, ""target_column"": ""anomaly"", ""valve_folders"": [""valve1"", ""valve2""]}, ""name"": ""SKAB""}, ""extra"": {""alphabet_size"": 3, ""window_size"": 3}, ""noise"": {""enabled"": true, ""gaussian_mean"": 0.0, ""gaussian_std"": 0.05}, ""preprocessing"": {""missing_data"": {""enabled"": true, ""strategy"": ""mean""}, ""pca"": {""enabled"": true, ""n_components"": 1}, ""scaler"": ""standard"", ""sequence_length"": 16, ""sequence_stride"": 1}, ""project"": {""device"": ""cuda"", ""random_seeds"": [999]}, ""run"": {""family"": ""AUTOMATA"", ""scenario"": ""parameter_analysis"", ""seed"": 999, ""split"": ""fold_3""}, ""training"": {""batch_size"": 32, ""early_stopping"": {""enabled"": true, ""patience"": 5}, ""epochs"": 50, ""optimizer"": ""adam""}}",SKAB,"[""valve1"", ""valve2""]",anomaly,"[""datetime"", ""changepoint"", ""source_group"", ""source_file""]",source_file,0.6,0.2,0.2,True,mean,standard,True,1,16,1,True,0.0,0.05,cuda,[999],32,50,True,5,adam,0.1,4,3,4,1,True,levenshtein,True,0.0001,average_log_probability,0.05,AUTOMATA,999,fold_3,parameter_analysis,3,3,,,
SKAB,999,fold_4,3,3,0.6216931216931217,0.4,0.15849056603773584,0.22702702702702704,19,35,19,0.09695290858725762,45,"{""automata"": {""anomaly_threshold"": 0.1, ""decision"": {""fallback_quantile"": 0.05, ""score_field"": ""average_log_probability""}, ""paa"": {""window_size"": 4}, ""probability"": {""epsilon"": 0.0001, ""smoothing"": true}, ""sax"": {""alphabet_size"": 3}, ""sliding_window"": {""size"": 4, ""stride"": 1}, ""unseen_pattern"": {""enabled"": true, ""method"": ""levenshtein""}}, ""dataset"": {""config"": {""drop_columns"": [""datetime"", ""changepoint"", ""source_group"", ""source_file""], ""group_column"": ""source_file"", ""split"": {""test"": 0.2, ""train"": 0.6, ""validation"": 0.2}, ""target_column"": ""anomaly"", ""valve_folders"": [""valve1"", ""valve2""]}, ""name"": ""SKAB""}, ""extra"": {""alphabet_size"": 3, ""window_size"": 3}, ""noise"": {""enabled"": true, ""gaussian_mean"": 0.0, ""gaussian_std"": 0.05}, ""preprocessing"": {""missing_data"": {""enabled"": true, ""strategy"": ""mean""}, ""pca"": {""enabled"": true, ""n_components"": 1}, ""scaler"": ""standard"", ""sequence_length"": 16, ""sequence_stride"": 1}, ""project"": {""device"": ""cuda"", ""random_seeds"": [999]}, ""run"": {""family"": ""AUTOMATA"", ""scenario"": ""parameter_analysis"", ""seed"": 999, ""split"": ""fold_4""}, ""training"": {""batch_size"": 32, ""early_stopping"": {""enabled"": true, ""patience"": 5}, ""epochs"": 50, ""optimizer"": ""adam""}}",SKAB,"[""valve1"", ""valve2""]",anomaly,"[""datetime"", ""changepoint"", ""source_group"", ""source_file""]",source_file,0.6,0.2,0.2,True,mean,standard,True,1,16,1,True,0.0,0.05,cuda,[999],32,50,True,5,adam,0.1,4,3,4,1,True,levenshtein,True,0.0001,average_log_probability,0.05,AUTOMATA,999,fold_4,parameter_analysis,3,3,,,
SKAB,999,fold_0,3,4,0.6250833889259506,0.24,0.03441682600382409,0.06020066889632107,33,68,33,0.06244260789715335,7,"{""automata"": {""anomaly_threshold"": 0.1, ""decision"": {""fallback_quantile"": 0.05, ""score_field"": ""average_log_probability""}, ""paa"": {""window_size"": 4}, ""probability"": {""epsilon"": 0.0001, ""smoothing"": true}, ""sax"": {""alphabet_size"": 3}, ""sliding_window"": {""size"": 4, ""stride"": 1}, ""unseen_pattern"": {""enabled"": true, ""method"": ""levenshtein""}}, ""dataset"": {""config"": {""drop_columns"": [""datetime"", ""changepoint"", ""source_group"", ""source_file""], ""group_column"": ""source_file"", ""split"": {""test"": 0.2, ""train"": 0.6, ""validation"": 0.2}, ""target_column"": ""anomaly"", ""valve_folders"": [""valve1"", ""valve2""]}, ""name"": ""SKAB""}, ""extra"": {""alphabet_size"": 4, ""window_size"": 3}, ""noise"": {""enabled"": true, ""gaussian_mean"": 0.0, ""gaussian_std"": 0.05}, ""preprocessing"": {""missing_data"": {""enabled"": true, ""strategy"": ""mean""}, ""pca"": {""enabled"": true, ""n_components"": 1}, ""scaler"": ""standard"", ""sequence_length"": 16, ""sequence_stride"": 1}, ""project"": {""device"": ""cuda"", ""random_seeds"": [999]}, ""run"": {""family"": ""AUTOMATA"", ""scenario"": ""parameter_analysis"", ""seed"": 999, ""split"": ""fold_0""}, ""training"": {""batch_size"": 32, ""early_stopping"": {""enabled"": true, ""patience"": 5}, ""epochs"": 50, ""optimizer"": ""adam""}}",SKAB,"[""valve1"", ""valve2""]",anomaly,"[""datetime"", ""changepoint"", ""source_group"", ""source_file""]",source_file,0.6,0.2,0.2,True,mean,standard,True,1,16,1,True,0.0,0.05,cuda,[999],32,50,True,5,adam,0.1,4,3,4,1,True,levenshtein,True,0.0001,average_log_probability,0.05,AUTOMATA,999,fold_0,parameter_analysis,3,4,,,
SKAB,999,fold_1,3,4,0.6129679144385026,0.20618556701030927,0.038314176245210725,0.06462035541195477,30,64,30,0.07111111111111111,2,"{""automata"": {""anomaly_threshold"": 0.1, ""decision"": {""fallback_quantile"": 0.05, ""score_field"": ""average_log_probability""}, ""paa"": {""window_size"": 4}, ""probability"": {""epsilon"": 0.0001, ""smoothing"": true}, ""sax"": {""alphabet_size"": 3}, ""sliding_window"": {""size"": 4, ""stride"": 1}, ""unseen_pattern"": {""enabled"": true, ""method"": ""levenshtein""}}, ""dataset"": {""config"": {""drop_columns"": [""datetime"", ""changepoint"", ""source_group"", ""source_file""], ""group_column"": ""source_file"", ""split"": {""test"": 0.2, ""train"": 0.6, ""validation"": 0.2}, ""target_column"": ""anomaly"", ""valve_folders"": [""valve1"", ""valve2""]}, ""name"": ""SKAB""}, ""extra"": {""alphabet_size"": 4, ""window_size"": 3}, ""noise"": {""enabled"": true, ""gaussian_mean"": 0.0, ""gaussian_std"": 0.05}, ""preprocessing"": {""missing_data"": {""enabled"": true, ""strategy"": ""mean""}, ""pca"": {""enabled"": true, ""n_components"": 1}, ""scaler"": ""standard"", ""sequence_length"": 16, ""sequence_stride"": 1}, ""project"": {""device"": ""cuda"", ""random_seeds"": [999]}, ""run"": {""family"": ""AUTOMATA"", ""scenario"": ""parameter_analysis"", ""seed"": 999, ""split"": ""fold_1""}, ""training"": {""batch_size"": 32, ""early_stopping"": {""enabled"": true, ""patience"": 5}, ""epochs"": 50, ""optimizer"": ""adam""}}",SKAB,"[""valve1"", ""valve2""]",anomaly,"[""datetime"", ""changepoint"", ""source_group"", ""source_file""]",source_file,0.6,0.2,0.2,True,mean,standard,True,1,16,1,True,0.0,0.05,cuda,[999],32,50,True,5,adam,0.1,4,3,4,1,True,levenshtein,True,0.0001,average_log_probability,0.05,AUTOMATA,999,fold_1,parameter_analysis,3,4,,,
SKAB,999,fold_2,3,4,0.631578947368421,0.2222222222222222,0.007366482504604052,0.0142602495543672,37,77,37,0.056245434623813005,1,"{""automata"": {""anomaly_threshold"": 0.1, ""decision"": {""fallback_quantile"": 0.05, ""score_field"": ""average_log_probability""}, ""paa"": {""window_size"": 4}, ""probability"": {""epsilon"": 0.0001, ""smoothing"": true}, ""sax"": {""alphabet_size"": 3}, ""sliding_window"": {""size"": 4, ""stride"": 1}, ""unseen_pattern"": {""enabled"": true, ""method"": ""levenshtein""}}, ""dataset"": {""config"": {""drop_columns"": [""datetime"", ""changepoint"", ""source_group"", ""source_file""], ""group_column"": ""source_file"", ""split"": {""test"": 0.2, ""train"": 0.6, ""validation"": 0.2}, ""target_column"": ""anomaly"", ""valve_folders"": [""valve1"", ""valve2""]}, ""name"": ""SKAB""}, ""extra"": {""alphabet_size"": 4, ""window_size"": 3}, ""noise"": {""enabled"": true, ""gaussian_mean"": 0.0, ""gaussian_std"": 0.05}, ""preprocessing"": {""missing_data"": {""enabled"": true, ""strategy"": ""mean""}, ""pca"": {""enabled"": true, ""n_components"": 1}, ""scaler"": ""standard"", ""sequence_length"": 16, ""sequence_stride"": 1}, ""project"": {""device"": ""cuda"", ""random_seeds"": [999]}, ""run"": {""family"": ""AUTOMATA"", ""scenario"": ""parameter_analysis"", ""seed"": 999, ""split"": ""fold_2""}, ""training"": {""batch_size"": 32, ""early_stopping"": {""enabled"": true, ""patience"": 5}, ""epochs"": 50, ""optimizer"": ""adam""}}",SKAB,"[""valve1"", ""valve2""]",anomaly,"[""datetime"", ""changepoint"", ""source_group"", ""source_file""]",source_file,0.6,0.2,0.2,True,mean,standard,True,1,16,1,True,0.0,0.05,cuda,[999],32,50,True,5,adam,0.1,4,3,4,1,True,levenshtein,True,0.0001,average_log_probability,0.05,AUTOMATA,999,fold_2,parameter_analysis,3,4,,,
SKAB,999,fold_3,3,4,0.6033898305084746,0.3090909090909091,0.06261510128913444,0.10413476263399694,35,72,35,0.05877551020408163,23,"{""automata"": {""anomaly_threshold"": 0.1, ""decision"": {""fallback_quantile"": 0.05, ""score_field"": ""average_log_probability""}, ""paa"": {""window_size"": 4}, ""probability"": {""epsilon"": 0.0001, ""smoothing"": true}, ""sax"": {""alphabet_size"": 3}, ""sliding_window"": {""size"": 4, ""stride"": 1}, ""unseen_pattern"": {""enabled"": true, ""method"": ""levenshtein""}}, ""dataset"": {""config"": {""drop_columns"": [""datetime"", ""changepoint"", ""source_group"", ""source_file""], ""group_column"": ""source_file"", ""split"": {""test"": 0.2, ""train"": 0.6, ""validation"": 0.2}, ""target_column"": ""anomaly"", ""valve_folders"": [""valve1"", ""valve2""]}, ""name"": ""SKAB""}, ""extra"": {""alphabet_size"": 4, ""window_size"": 3}, ""noise"": {""enabled"": true, ""gaussian_mean"": 0.0, ""gaussian_std"": 0.05}, ""preprocessing"": {""missing_data"": {""enabled"": true, ""strategy"": ""mean""}, ""pca"": {""enabled"": true, ""n_components"": 1}, ""scaler"": ""standard"", ""sequence_length"": 16, ""sequence_stride"": 1}, ""project"": {""device"": ""cuda"", ""random_seeds"": [999]}, ""run"": {""family"": ""AUTOMATA"", ""scenario"": ""parameter_analysis"", ""seed"": 999, ""split"": ""fold_3""}, ""training"": {""batch_size"": 32, ""early_stopping"": {""enabled"": true, ""patience"": 5}, ""epochs"": 50, ""optimizer"": ""adam""}}",SKAB,"[""valve1"", ""valve2""]",anomaly,"[""datetime"", ""changepoint"", ""source_group"", ""source_file""]",source_file,0.6,0.2,0.2,True,mean,standard,True,1,16,1,True,0.0,0.05,cuda,[999],32,50,True,5,adam,0.1,4,3,4,1,True,levenshtein,True,0.0001,average_log_probability,0.05,AUTOMATA,999,fold_3,parameter_analysis,3,4,,,
SKAB,999,fold_4,3,4,0.623015873015873,0.3717948717948718,0.10943396226415095,0.16909620991253643,34,68,34,0.058823529411764705,9,"{""automata"": {""anomaly_threshold"": 0.1, ""decision"": {""fallback_quantile"": 0.05, ""score_field"": ""average_log_probability""}, ""paa"": {""window_size"": 4}, ""probability"": {""epsilon"": 0.0001, ""smoothing"": true}, ""sax"": {""alphabet_size"": 3}, ""sliding_window"": {""size"": 4, ""stride"": 1}, ""unseen_pattern"": {""enabled"": true, ""method"": ""levenshtein""}}, ""dataset"": {""config"": {""drop_columns"": [""datetime"", ""changepoint"", ""source_group"", ""source_file""], ""group_column"": ""source_file"", ""split"": {""test"": 0.2, ""train"": 0.6, ""validation"": 0.2}, ""target_column"": ""anomaly"", ""valve_folders"": [""valve1"", ""valve2""]}, ""name"": ""SKAB""}, ""extra"": {""alphabet_size"": 4, ""window_size"": 3}, ""noise"": {""enabled"": true, ""gaussian_mean"": 0.0, ""gaussian_std"": 0.05}, ""preprocessing"": {""missing_data"": {""enabled"": true, ""strategy"": ""mean""}, ""pca"": {""enabled"": true, ""n_components"": 1}, ""scaler"": ""standard"", ""sequence_length"": 16, ""sequence_stride"": 1}, ""project"": {""device"": ""cuda"", ""random_seeds"": [999]}, ""run"": {""family"": ""AUTOMATA"", ""scenario"": ""parameter_analysis"", ""seed"": 999, ""split"": ""fold_4""}, ""training"": {""batch_size"": 32, ""early_stopping"": {""enabled"": true, ""patience"": 5}, ""epochs"": 50, ""optimizer"": ""adam""}}",SKAB,"[""valve1"", ""valve2""]",anomaly,"[""datetime"", ""changepoint"", ""source_group"", ""source_file""]",source_file,0.6,0.2,0.2,True,mean,standard,True,1,16,1,True,0.0,0.05,cuda,[999],32,50,True,5,adam,0.1,4,3,4,1,True,levenshtein,True,0.0001,average_log_probability,0.05,AUTOMATA,999,fold_4,parameter_analysis,3,4,,,
SKAB,999,fold_0,3,5,0.6250833889259506,0.3069306930693069,0.05927342256214149,0.09935897435897435,51,106,51,0.040753556324490584,4,"{""automata"": {""anomaly_threshold"": 0.1, ""decision"": {""fallback_quantile"": 0.05, ""score_field"": ""average_log_probability""}, ""paa"": {""window_size"": 4}, ""probability"": {""epsilon"": 0.0001, ""smoothing"": true}, ""sax"": {""alphabet_size"": 3}, ""sliding_window"": {""size"": 4, ""stride"": 1}, ""unseen_pattern"": {""enabled"": true, ""method"": ""levenshtein""}}, ""dataset"": {""config"": {""drop_columns"": [""datetime"", ""changepoint"", ""source_group"", ""source_file""], ""group_column"": ""source_file"", ""split"": {""test"": 0.2, ""train"": 0.6, ""validation"": 0.2}, ""target_column"": ""anomaly"", ""valve_folders"": [""valve1"", ""valve2""]}, ""name"": ""SKAB""}, ""extra"": {""alphabet_size"": 5, ""window_size"": 3}, ""noise"": {""enabled"": true, ""gaussian_mean"": 0.0, ""gaussian_std"": 0.05}, ""preprocessing"": {""missing_data"": {""enabled"": true, ""strategy"": ""mean""}, ""pca"": {""enabled"": true, ""n_components"": 1}, ""scaler"": ""standard"", ""sequence_length"": 16, ""sequence_stride"": 1}, ""project"": {""device"": ""cuda"", ""random_seeds"": [999]}, ""run"": {""family"": ""AUTOMATA"", ""scenario"": ""parameter_analysis"", ""seed"": 999, ""split"": ""fold_0""}, ""training"": {""batch_size"": 32, ""early_stopping"": {""enabled"": true, ""patience"": 5}, ""epochs"": 50, ""optimizer"": ""adam""}}",SKAB,"[""valve1"", ""valve2""]",anomaly,"[""datetime"", ""changepoint"", ""source_group"", ""source_file""]",source_file,0.6,0.2,0.2,True,mean,standard,True,1,16,1,True,0.0,0.05,cuda,[999],32,50,True,5,adam,0.1,4,3,4,1,True,levenshtein,True,0.0001,average_log_probability,0.05,AUTOMATA,999,fold_0,parameter_analysis,3,5,,,
SKAB,999,fold_1,3,5,0.6276737967914439,0.1568627450980392,0.01532567049808429,0.027923211169284468,50,112,50,0.0448,2,"{""automata"": {""anomaly_threshold"": 0.1, ""decision"": {""fallback_quantile"": 0.05, ""score_field"": ""average_log_probability""}, ""paa"": {""window_size"": 4}, ""probability"": {""epsilon"": 0.0001, ""smoothing"": true}, ""sax"": {""alphabet_size"": 3}, ""sliding_window"": {""size"": 4, ""stride"": 1}, ""unseen_pattern"": {""enabled"": true, ""method"": ""levenshtein""}}, ""dataset"": {""config"": {""drop_columns"": [""datetime"", ""changepoint"", ""source_group"", ""source_file""], ""group_column"": ""source_file"", ""split"": {""test"": 0.2, ""train"": 0.6, ""validation"": 0.2}, ""target_column"": ""anomaly"", ""valve_folders"": [""valve1"", ""valve2""]}, ""name"": ""SKAB""}, ""extra"": {""alphabet_size"": 5, ""window_size"": 3}, ""noise"": {""enabled"": true, ""gaussian_mean"": 0.0, ""gaussian_std"": 0.05}, ""preprocessing"": {""missing_data"": {""enabled"": true, ""strategy"": ""mean""}, ""pca"": {""enabled"": true, ""n_components"": 1}, ""scaler"": ""standard"", ""sequence_length"": 16, ""sequence_stride"": 1}, ""project"": {""device"": ""cuda"", ""random_seeds"": [999]}, ""run"": {""family"": ""AUTOMATA"", ""scenario"": ""parameter_analysis"", ""seed"": 999, ""split"": ""fold_1""}, ""training"": {""batch_size"": 32, ""early_stopping"": {""enabled"": true, ""patience"": 5}, ""epochs"": 50, ""optimizer"": ""adam""}}",SKAB,"[""valve1"", ""valve2""]",anomaly,"[""datetime"", ""changepoint"", ""source_group"", ""source_file""]",source_file,0.6,0.2,0.2,True,mean,standard,True,1,16,1,True,0.0,0.05,cuda,[999],32,50,True,5,adam,0.1,4,3,4,1,True,levenshtein,True,0.0001,average_log_probability,0.05,AUTOMATA,999,fold_1,parameter_analysis,3,5,,,
SKAB,999,fold_2,3,5,0.6369087275149901,0.0,0.0,0.0,57,125,57,0.03847337642351493,2,"{""automata"": {""anomaly_threshold"": 0.1, ""decision"": {""fallback_quantile"": 0.05, ""score_field"": ""average_log_probability""}, ""paa"": {""window_size"": 4}, ""probability"": {""epsilon"": 0.0001, ""smoothing"": true}, ""sax"": {""alphabet_size"": 3}, ""sliding_window"": {""size"": 4, ""stride"": 1}, ""unseen_pattern"": {""enabled"": true, ""method"": ""levenshtein""}}, ""dataset"": {""config"": {""drop_columns"": [""datetime"", ""changepoint"", ""source_group"", ""source_file""], ""group_column"": ""source_file"", ""split"": {""test"": 0.2, ""train"": 0.6, ""validation"": 0.2}, ""target_column"": ""anomaly"", ""valve_folders"": [""valve1"", ""valve2""]}, ""name"": ""SKAB""}, ""extra"": {""alphabet_size"": 5, ""window_size"": 3}, ""noise"": {""enabled"": true, ""gaussian_mean"": 0.0, ""gaussian_std"": 0.05}, ""preprocessing"": {""missing_data"": {""enabled"": true, ""strategy"": ""mean""}, ""pca"": {""enabled"": true, ""n_components"": 1}, ""scaler"": ""standard"", ""sequence_length"": 16, ""sequence_stride"": 1}, ""project"": {""device"": ""cuda"", ""random_seeds"": [999]}, ""run"": {""family"": ""AUTOMATA"", ""scenario"": ""parameter_analysis"", ""seed"": 999, ""split"": ""fold_2""}, ""training"": {""batch_size"": 32, ""early_stopping"": {""enabled"": true, ""patience"": 5}, ""epochs"": 50, ""optimizer"": ""adam""}}",SKAB,"[""valve1"", ""valve2""]",anomaly,"[""datetime"", ""changepoint"", ""source_group"", ""source_file""]",source_file,0.6,0.2,0.2,True,mean,standard,True,1,16,1,True,0.0,0.05,cuda,[999],32,50,True,5,adam,0.1,4,3,4,1,True,levenshtein,True,0.0001,average_log_probability,0.05,AUTOMATA,999,fold_2,parameter_analysis,3,5,,,
SKAB,999,fold_3,3,5,0.576271186440678,0.18461538461538463,0.04419889502762431,0.0713224368499257,53,112,53,0.03987184051263795,14,"{""automata"": {""anomaly_threshold"": 0.1, ""decision"": {""fallback_quantile"": 0.05, ""score_field"": ""average_log_probability""}, ""paa"": {""window_size"": 4}, ""probability"": {""epsilon"": 0.0001, ""smoothing"": true}, ""sax"": {""alphabet_size"": 3}, ""sliding_window"": {""size"": 4, ""stride"": 1}, ""unseen_pattern"": {""enabled"": true, ""method"": ""levenshtein""}}, ""dataset"": {""config"": {""drop_columns"": [""datetime"", ""changepoint"", ""source_group"", ""source_file""], ""group_column"": ""source_file"", ""split"": {""test"": 0.2, ""train"": 0.6, ""validation"": 0.2}, ""target_column"": ""anomaly"", ""valve_folders"": [""valve1"", ""valve2""]}, ""name"": ""SKAB""}, ""extra"": {""alphabet_size"": 5, ""window_size"": 3}, ""noise"": {""enabled"": true, ""gaussian_mean"": 0.0, ""gaussian_std"": 0.05}, ""preprocessing"": {""missing_data"": {""enabled"": true, ""strategy"": ""mean""}, ""pca"": {""enabled"": true, ""n_components"": 1}, ""scaler"": ""standard"", ""sequence_length"": 16, ""sequence_stride"": 1}, ""project"": {""device"": ""cuda"", ""random_seeds"": [999]}, ""run"": {""family"": ""AUTOMATA"", ""scenario"": ""parameter_analysis"", ""seed"": 999, ""split"": ""fold_3""}, ""training"": {""batch_size"": 32, ""early_stopping"": {""enabled"": true, ""patience"": 5}, ""epochs"": 50, ""optimizer"": ""adam""}}",SKAB,"[""valve1"", ""valve2""]",anomaly,"[""datetime"", ""changepoint"", ""source_group"", ""source_file""]",source_file,0.6,0.2,0.2,True,mean,standard,True,1,16,1,True,0.0,0.05,cuda,[999],32,50,True,5,adam,0.1,4,3,4,1,True,levenshtein,True,0.0001,average_log_probability,0.05,AUTOMATA,999,fold_3,parameter_analysis,3,5,,,
SKAB,999,fold_4,3,5,0.5873015873015873,0.3246268656716418,0.1641509433962264,0.21804511278195488,50,103,50,0.0412,42,"{""automata"": {""anomaly_threshold"": 0.1, ""decision"": {""fallback_quantile"": 0.05, ""score_field"": ""average_log_probability""}, ""paa"": {""window_size"": 4}, ""probability"": {""epsilon"": 0.0001, ""smoothing"": true}, ""sax"": {""alphabet_size"": 3}, ""sliding_window"": {""size"": 4, ""stride"": 1}, ""unseen_pattern"": {""enabled"": true, ""method"": ""levenshtein""}}, ""dataset"": {""config"": {""drop_columns"": [""datetime"", ""changepoint"", ""source_group"", ""source_file""], ""group_column"": ""source_file"", ""split"": {""test"": 0.2, ""train"": 0.6, ""validation"": 0.2}, ""target_column"": ""anomaly"", ""valve_folders"": [""valve1"", ""valve2""]}, ""name"": ""SKAB""}, ""extra"": {""alphabet_size"": 5, ""window_size"": 3}, ""noise"": {""enabled"": true, ""gaussian_mean"": 0.0, ""gaussian_std"": 0.05}, ""preprocessing"": {""missing_data"": {""enabled"": true, ""strategy"": ""mean""}, ""pca"": {""enabled"": true, ""n_components"": 1}, ""scaler"": ""standard"", ""sequence_length"": 16, ""sequence_stride"": 1}, ""project"": {""device"": ""cuda"", ""random_seeds"": [999]}, ""run"": {""family"": ""AUTOMATA"", ""scenario"": ""parameter_analysis"", ""seed"": 999, ""split"": ""fold_4""}, ""training"": {""batch_size"": 32, ""early_stopping"": {""enabled"": true, ""patience"": 5}, ""epochs"": 50, ""optimizer"": ""adam""}}",SKAB,"[""valve1"", ""valve2""]",anomaly,"[""datetime"", ""changepoint"", ""source_group"", ""source_file""]",source_file,0.6,0.2,0.2,True,mean,standard,True,1,16,1,True,0.0,0.05,cuda,[999],32,50,True,5,adam,0.1,4,3,4,1,True,levenshtein,True,0.0001,average_log_probability,0.05,AUTOMATA,999,fold_4,parameter_analysis,3,5,,,
SKAB,999,fold_0,3,6,0.6324216144096064,0.32926829268292684,0.05162523900573614,0.08925619834710743,65,140,65,0.033136094674556214,20,"{""automata"": {""anomaly_threshold"": 0.1, ""decision"": {""fallback_quantile"": 0.05, ""score_field"": ""average_log_probability""}, ""paa"": {""window_size"": 4}, ""probability"": {""epsilon"": 0.0001, ""smoothing"": true}, ""sax"": {""alphabet_size"": 3}, ""sliding_window"": {""size"": 4, ""stride"": 1}, ""unseen_pattern"": {""enabled"": true, ""method"": ""levenshtein""}}, ""dataset"": {""config"": {""drop_columns"": [""datetime"", ""changepoint"", ""source_group"", ""source_file""], ""group_column"": ""source_file"", ""split"": {""test"": 0.2, ""train"": 0.6, ""validation"": 0.2}, ""target_column"": ""anomaly"", ""valve_folders"": [""valve1"", ""valve2""]}, ""name"": ""SKAB""}, ""extra"": {""alphabet_size"": 6, ""window_size"": 3}, ""noise"": {""enabled"": true, ""gaussian_mean"": 0.0, ""gaussian_std"": 0.05}, ""preprocessing"": {""missing_data"": {""enabled"": true, ""strategy"": ""mean""}, ""pca"": {""enabled"": true, ""n_components"": 1}, ""scaler"": ""standard"", ""sequence_length"": 16, ""sequence_stride"": 1}, ""project"": {""device"": ""cuda"", ""random_seeds"": [999]}, ""run"": {""family"": ""AUTOMATA"", ""scenario"": ""parameter_analysis"", ""seed"": 999, ""split"": ""fold_0""}, ""training"": {""batch_size"": 32, ""early_stopping"": {""enabled"": true, ""patience"": 5}, ""epochs"": 50, ""optimizer"": ""adam""}}",SKAB,"[""valve1"", ""valve2""]",anomaly,"[""datetime"", ""changepoint"", ""source_group"", ""source_file""]",source_file,0.6,0.2,0.2,True,mean,standard,True,1,16,1,True,0.0,0.05,cuda,[999],32,50,True,5,adam,0.1,4,3,4,1,True,levenshtein,True,0.0001,average_log_probability,0.05,AUTOMATA,999,fold_0,parameter_analysis,3,6,,,
SKAB,999,fold_1,3,6,0.6290106951871658,0.21052631578947367,0.022988505747126436,0.04145077720207254,65,148,65,0.03502958579881657,5,"{""automata"": {""anomaly_threshold"": 0.1, ""decision"": {""fallback_quantile"": 0.05, ""score_field"": ""average_log_probability""}, ""paa"": {""window_size"": 4}, ""probability"": {""epsilon"": 0.0001, ""smoothing"": true}, ""sax"": {""alphabet_size"": 3}, ""sliding_window"": {""size"": 4, ""stride"": 1}, ""unseen_pattern"": {""enabled"": true, ""method"": ""levenshtein""}}, ""dataset"": {""config"": {""drop_columns"": [""datetime"", ""changepoint"", ""source_group"", ""source_file""], ""group_column"": ""source_file"", ""split"": {""test"": 0.2, ""train"": 0.6, ""validation"": 0.2}, ""target_column"": ""anomaly"", ""valve_folders"": [""valve1"", ""valve2""]}, ""name"": ""SKAB""}, ""extra"": {""alphabet_size"": 6, ""window_size"": 3}, ""noise"": {""enabled"": true, ""gaussian_mean"": 0.0, ""gaussian_std"": 0.05}, ""preprocessing"": {""missing_data"": {""enabled"": true, ""strategy"": ""mean""}, ""pca"": {""enabled"": true, ""n_components"": 1}, ""scaler"": ""standard"", ""sequence_length"": 16, ""sequence_stride"": 1}, ""project"": {""device"": ""cuda"", ""random_seeds"": [999]}, ""run"": {""family"": ""AUTOMATA"", ""scenario"": ""parameter_analysis"", ""seed"": 999, ""split"": ""fold_1""}, ""training"": {""batch_size"": 32, ""early_stopping"": {""enabled"": true, ""patience"": 5}, ""epochs"": 50, ""optimizer"": ""adam""}}",SKAB,"[""valve1"", ""valve2""]",anomaly,"[""datetime"", ""changepoint"", ""source_group"", ""source_file""]",source_file,0.6,0.2,0.2,True,mean,standard,True,1,16,1,True,0.0,0.05,cuda,[999],32,50,True,5,adam,0.1,4,3,4,1,True,levenshtein,True,0.0001,average_log_probability,0.05,AUTOMATA,999,fold_1,parameter_analysis,3,6,,,
SKAB,999,fold_2,3,6,0.6375749500333111,0.47368421052631576,0.016574585635359115,0.03202846975088968,81,195,81,0.029721079103795154,2,"{""automata"": {""anomaly_threshold"": 0.1, ""decision"": {""fallback_quantile"": 0.05, ""score_field"": ""average_log_probability""}, ""paa"": {""window_size"": 4}, ""probability"": {""epsilon"": 0.0001, ""smoothing"": true}, ""sax"": {""alphabet_size"": 3}, ""sliding_window"": {""size"": 4, ""stride"": 1}, ""unseen_pattern"": {""enabled"": true, ""method"": ""levenshtein""}}, ""dataset"": {""config"": {""drop_columns"": [""datetime"", ""changepoint"", ""source_group"", ""source_file""], ""group_column"": ""source_file"", ""split"": {""test"": 0.2, ""train"": 0.6, ""validation"": 0.2}, ""target_column"": ""anomaly"", ""valve_folders"": [""valve1"", ""valve2""]}, ""name"": ""SKAB""}, ""extra"": {""alphabet_size"": 6, ""window_size"": 3}, ""noise"": {""enabled"": true, ""gaussian_mean"": 0.0, ""gaussian_std"": 0.05}, ""preprocessing"": {""missing_data"": {""enabled"": true, ""strategy"": ""mean""}, ""pca"": {""enabled"": true, ""n_components"": 1}, ""scaler"": ""standard"", ""sequence_length"": 16, ""sequence_stride"": 1}, ""project"": {""device"": ""cuda"", ""random_seeds"": [999]}, ""run"": {""family"": ""AUTOMATA"", ""scenario"": ""parameter_analysis"", ""seed"": 999, ""split"": ""fold_2""}, ""training"": {""batch_size"": 32, ""early_stopping"": {""enabled"": true, ""patience"": 5}, ""epochs"": 50, ""optimizer"": ""adam""}}",SKAB,"[""valve1"", ""valve2""]",anomaly,"[""datetime"", ""changepoint"", ""source_group"", ""source_file""]",source_file,0.6,0.2,0.2,True,mean,standard,True,1,16,1,True,0.0,0.05,cuda,[999],32,50,True,5,adam,0.1,4,3,4,1,True,levenshtein,True,0.0001,average_log_probability,0.05,AUTOMATA,999,fold_2,parameter_analysis,3,6,,,
SKAB,999,fold_3,3,6,0.576271186440678,0.19402985074626866,0.04788213627992634,0.07680945347119646,77,182,77,0.030696576151121605,17,"{""automata"": {""anomaly_threshold"": 0.1, ""decision"": {""fallback_quantile"": 0.05, ""score_field"": ""average_log_probability""}, ""paa"": {""window_size"": 4}, ""probability"": {""epsilon"": 0.0001, ""smoothing"": true}, ""sax"": {""alphabet_size"": 3}, ""sliding_window"": {""size"": 4, ""stride"": 1}, ""unseen_pattern"": {""enabled"": true, ""method"": ""levenshtein""}}, ""dataset"": {""config"": {""drop_columns"": [""datetime"", ""changepoint"", ""source_group"", ""source_file""], ""group_column"": ""source_file"", ""split"": {""test"": 0.2, ""train"": 0.6, ""validation"": 0.2}, ""target_column"": ""anomaly"", ""valve_folders"": [""valve1"", ""valve2""]}, ""name"": ""SKAB""}, ""extra"": {""alphabet_size"": 6, ""window_size"": 3}, ""noise"": {""enabled"": true, ""gaussian_mean"": 0.0, ""gaussian_std"": 0.05}, ""preprocessing"": {""missing_data"": {""enabled"": true, ""strategy"": ""mean""}, ""pca"": {""enabled"": true, ""n_components"": 1}, ""scaler"": ""standard"", ""sequence_length"": 16, ""sequence_stride"": 1}, ""project"": {""device"": ""cuda"", ""random_seeds"": [999]}, ""run"": {""family"": ""AUTOMATA"", ""scenario"": ""parameter_analysis"", ""seed"": 999, ""split"": ""fold_3""}, ""training"": {""batch_size"": 32, ""early_stopping"": {""enabled"": true, ""patience"": 5}, ""epochs"": 50, ""optimizer"": ""adam""}}",SKAB,"[""valve1"", ""valve2""]",anomaly,"[""datetime"", ""changepoint"", ""source_group"", ""source_file""]",source_file,0.6,0.2,0.2,True,mean,standard,True,1,16,1,True,0.0,0.05,cuda,[999],32,50,True,5,adam,0.1,4,3,4,1,True,levenshtein,True,0.0001,average_log_probability,0.05,AUTOMATA,999,fold_3,parameter_analysis,3,6,,,
SKAB,999,fold_4,3,6,0.5859788359788359,0.3709677419354839,0.26037735849056604,0.30598669623059865,62,131,62,0.034079084287200835,121,"{""automata"": {""anomaly_threshold"": 0.1, ""decision"": {""fallback_quantile"": 0.05, ""score_field"": ""average_log_probability""}, ""paa"": {""window_size"": 4}, ""probability"": {""epsilon"": 0.0001, ""smoothing"": true}, ""sax"": {""alphabet_size"": 3}, ""sliding_window"": {""size"": 4, ""stride"": 1}, ""unseen_pattern"": {""enabled"": true, ""method"": ""levenshtein""}}, ""dataset"": {""config"": {""drop_columns"": [""datetime"", ""changepoint"", ""source_group"", ""source_file""], ""group_column"": ""source_file"", ""split"": {""test"": 0.2, ""train"": 0.6, ""validation"": 0.2}, ""target_column"": ""anomaly"", ""valve_folders"": [""valve1"", ""valve2""]}, ""name"": ""SKAB""}, ""extra"": {""alphabet_size"": 6, ""window_size"": 3}, ""noise"": {""enabled"": true, ""gaussian_mean"": 0.0, ""gaussian_std"": 0.05}, ""preprocessing"": {""missing_data"": {""enabled"": true, ""strategy"": ""mean""}, ""pca"": {""enabled"": true, ""n_components"": 1}, ""scaler"": ""standard"", ""sequence_length"": 16, ""sequence_stride"": 1}, ""project"": {""device"": ""cuda"", ""random_seeds"": [999]}, ""run"": {""family"": ""AUTOMATA"", ""scenario"": ""parameter_analysis"", ""seed"": 999, ""split"": ""fold_4""}, ""training"": {""batch_size"": 32, ""early_stopping"": {""enabled"": true, ""patience"": 5}, ""epochs"": 50, ""optimizer"": ""adam""}}",SKAB,"[""valve1"", ""valve2""]",anomaly,"[""datetime"", ""changepoint"", ""source_group"", ""source_file""]",source_file,0.6,0.2,0.2,True,mean,standard,True,1,16,1,True,0.0,0.05,cuda,[999],32,50,True,5,adam,0.1,4,3,4,1,True,levenshtein,True,0.0001,average_log_probability,0.05,AUTOMATA,999,fold_4,parameter_analysis,3,6,,,
SKAB,999,fold_0,4,3,0.6144256455921638,0.22033898305084745,0.0325,0.05664488017429194,41,77,41,0.04580606781677573,8,"{""automata"": {""anomaly_threshold"": 0.1, ""decision"": {""fallback_quantile"": 0.05, ""score_field"": ""average_log_probability""}, ""paa"": {""window_size"": 4}, ""probability"": {""epsilon"": 0.0001, ""smoothing"": true}, ""sax"": {""alphabet_size"": 3}, ""sliding_window"": {""size"": 4, ""stride"": 1}, ""unseen_pattern"": {""enabled"": true, ""method"": ""levenshtein""}}, ""dataset"": {""config"": {""drop_columns"": [""datetime"", ""changepoint"", ""source_group"", ""source_file""], ""group_column"": ""source_file"", ""split"": {""test"": 0.2, ""train"": 0.6, ""validation"": 0.2}, ""target_column"": ""anomaly"", ""valve_folders"": [""valve1"", ""valve2""]}, ""name"": ""SKAB""}, ""extra"": {""alphabet_size"": 3, ""window_size"": 4}, ""noise"": {""enabled"": true, ""gaussian_mean"": 0.0, ""gaussian_std"": 0.05}, ""preprocessing"": {""missing_data"": {""enabled"": true, ""strategy"": ""mean""}, ""pca"": {""enabled"": true, ""n_components"": 1}, ""scaler"": ""standard"", ""sequence_length"": 16, ""sequence_stride"": 1}, ""project"": {""device"": ""cuda"", ""random_seeds"": [999]}, ""run"": {""family"": ""AUTOMATA"", ""scenario"": ""parameter_analysis"", ""seed"": 999, ""split"": ""fold_0""}, ""training"": {""batch_size"": 32, ""early_stopping"": {""enabled"": true, ""patience"": 5}, ""epochs"": 50, ""optimizer"": ""adam""}}",SKAB,"[""valve1"", ""valve2""]",anomaly,"[""datetime"", ""changepoint"", ""source_group"", ""source_file""]",source_file,0.6,0.2,0.2,True,mean,standard,True,1,16,1,True,0.0,0.05,cuda,[999],32,50,True,5,adam,0.1,4,3,4,1,True,levenshtein,True,0.0001,average_log_probability,0.05,AUTOMATA,999,fold_0,parameter_analysis,4,3,,,
SKAB,999,fold_1,4,3,0.6285714285714286,0.275,0.02763819095477387,0.0502283105022831,38,71,38,0.04916897506925208,2,"{""automata"": {""anomaly_threshold"": 0.1, ""decision"": {""fallback_quantile"": 0.05, ""score_field"": ""average_log_probability""}, ""paa"": {""window_size"": 4}, ""probability"": {""epsilon"": 0.0001, ""smoothing"": true}, ""sax"": {""alphabet_size"": 3}, ""sliding_window"": {""size"": 4, ""stride"": 1}, ""unseen_pattern"": {""enabled"": true, ""method"": ""levenshtein""}}, ""dataset"": {""config"": {""drop_columns"": [""datetime"", ""changepoint"", ""source_group"", ""source_file""], ""group_column"": ""source_file"", ""split"": {""test"": 0.2, ""train"": 0.6, ""validation"": 0.2}, ""target_column"": ""anomaly"", ""valve_folders"": [""valve1"", ""valve2""]}, ""name"": ""SKAB""}, ""extra"": {""alphabet_size"": 3, ""window_size"": 4}, ""noise"": {""enabled"": true, ""gaussian_mean"": 0.0, ""gaussian_std"": 0.05}, ""preprocessing"": {""missing_data"": {""enabled"": true, ""strategy"": ""mean""}, ""pca"": {""enabled"": true, ""n_components"": 1}, ""scaler"": ""standard"", ""sequence_length"": 16, ""sequence_stride"": 1}, ""project"": {""device"": ""cuda"", ""random_seeds"": [999]}, ""run"": {""family"": ""AUTOMATA"", ""scenario"": ""parameter_analysis"", ""seed"": 999, ""split"": ""fold_1""}, ""training"": {""batch_size"": 32, ""early_stopping"": {""enabled"": true, ""patience"": 5}, ""epochs"": 50, ""optimizer"": ""adam""}}",SKAB,"[""valve1"", ""valve2""]",anomaly,"[""datetime"", ""changepoint"", ""source_group"", ""source_file""]",source_file,0.6,0.2,0.2,True,mean,standard,True,1,16,1,True,0.0,0.05,cuda,[999],32,50,True,5,adam,0.1,4,3,4,1,True,levenshtein,True,0.0001,average_log_probability,0.05,AUTOMATA,999,fold_1,parameter_analysis,4,3,,,
SKAB,999,fold_2,4,3,0.6236654804270463,0.30434782608695654,0.016908212560386472,0.032036613272311214,38,71,38,0.04916897506925208,0,"{""automata"": {""anomaly_threshold"": 0.1, ""decision"": {""fallback_quantile"": 0.05, ""score_field"": ""average_log_probability""}, ""paa"": {""window_size"": 4}, ""probability"": {""epsilon"": 0.0001, ""smoothing"": true}, ""sax"": {""alphabet_size"": 3}, ""sliding_window"": {""size"": 4, ""stride"": 1}, ""unseen_pattern"": {""enabled"": true, ""method"": ""levenshtein""}}, ""dataset"": {""config"": {""drop_columns"": [""datetime"", ""changepoint"", ""source_group"", ""source_file""], ""group_column"": ""source_file"", ""split"": {""test"": 0.2, ""train"": 0.6, ""validation"": 0.2}, ""target_column"": ""anomaly"", ""valve_folders"": [""valve1"", ""valve2""]}, ""name"": ""SKAB""}, ""extra"": {""alphabet_size"": 3, ""window_size"": 4}, ""noise"": {""enabled"": true, ""gaussian_mean"": 0.0, ""gaussian_std"": 0.05}, ""preprocessing"": {""missing_data"": {""enabled"": true, ""strategy"": ""mean""}, ""pca"": {""enabled"": true, ""n_components"": 1}, ""scaler"": ""standard"", ""sequence_length"": 16, ""sequence_stride"": 1}, ""project"": {""device"": ""cuda"", ""random_seeds"": [999]}, ""run"": {""family"": ""AUTOMATA"", ""scenario"": ""parameter_analysis"", ""seed"": 999, ""split"": ""fold_2""}, ""training"": {""batch_size"": 32, ""early_stopping"": {""enabled"": true, ""patience"": 5}, ""epochs"": 50, ""optimizer"": ""adam""}}",SKAB,"[""valve1"", ""valve2""]",anomaly,"[""datetime"", ""changepoint"", ""source_group"", ""source_file""]",source_file,0.6,0.2,0.2,True,mean,standard,True,1,16,1,True,0.0,0.05,cuda,[999],32,50,True,5,adam,0.1,4,3,4,1,True,levenshtein,True,0.0001,average_log_probability,0.05,AUTOMATA,999,fold_2,parameter_analysis,4,3,,,
SKAB,999,fold_3,4,3,0.5990950226244344,0.26666666666666666,0.03855421686746988,0.06736842105263158,36,67,36,0.05169753086419753,1,"{""automata"": {""anomaly_threshold"": 0.1, ""decision"": {""fallback_quantile"": 0.05, ""score_field"": ""average_log_probability""}, ""paa"": {""window_size"": 4}, ""probability"": {""epsilon"": 0.0001, ""smoothing"": true}, ""sax"": {""alphabet_size"": 3}, ""sliding_window"": {""size"": 4, ""stride"": 1}, ""unseen_pattern"": {""enabled"": true, ""method"": ""levenshtein""}}, ""dataset"": {""config"": {""drop_columns"": [""datetime"", ""changepoint"", ""source_group"", ""source_file""], ""group_column"": ""source_file"", ""split"": {""test"": 0.2, ""train"": 0.6, ""validation"": 0.2}, ""target_column"": ""anomaly"", ""valve_folders"": [""valve1"", ""valve2""]}, ""name"": ""SKAB""}, ""extra"": {""alphabet_size"": 3, ""window_size"": 4}, ""noise"": {""enabled"": true, ""gaussian_mean"": 0.0, ""gaussian_std"": 0.05}, ""preprocessing"": {""missing_data"": {""enabled"": true, ""strategy"": ""mean""}, ""pca"": {""enabled"": true, ""n_components"": 1}, ""scaler"": ""standard"", ""sequence_length"": 16, ""sequence_stride"": 1}, ""project"": {""device"": ""cuda"", ""random_seeds"": [999]}, ""run"": {""family"": ""AUTOMATA"", ""scenario"": ""parameter_analysis"", ""seed"": 999, ""split"": ""fold_3""}, ""training"": {""batch_size"": 32, ""early_stopping"": {""enabled"": true, ""patience"": 5}, ""epochs"": 50, ""optimizer"": ""adam""}}",SKAB,"[""valve1"", ""valve2""]",anomaly,"[""datetime"", ""changepoint"", ""source_group"", ""source_file""]",source_file,0.6,0.2,0.2,True,mean,standard,True,1,16,1,True,0.0,0.05,cuda,[999],32,50,True,5,adam,0.1,4,3,4,1,True,levenshtein,True,0.0001,average_log_probability,0.05,AUTOMATA,999,fold_3,parameter_analysis,4,3,,,
SKAB,999,fold_4,4,3,0.589585172109444,0.3849056603773585,0.2524752475247525,0.30493273542600896,30,51,30,0.056666666666666664,199,"{""automata"": {""anomaly_threshold"": 0.1, ""decision"": {""fallback_quantile"": 0.05, ""score_field"": ""average_log_probability""}, ""paa"": {""window_size"": 4}, ""probability"": {""epsilon"": 0.0001, ""smoothing"": true}, ""sax"": {""alphabet_size"": 3}, ""sliding_window"": {""size"": 4, ""stride"": 1}, ""unseen_pattern"": {""enabled"": true, ""method"": ""levenshtein""}}, ""dataset"": {""config"": {""drop_columns"": [""datetime"", ""changepoint"", ""source_group"", ""source_file""], ""group_column"": ""source_file"", ""split"": {""test"": 0.2, ""train"": 0.6, ""validation"": 0.2}, ""target_column"": ""anomaly"", ""valve_folders"": [""valve1"", ""valve2""]}, ""name"": ""SKAB""}, ""extra"": {""alphabet_size"": 3, ""window_size"": 4}, ""noise"": {""enabled"": true, ""gaussian_mean"": 0.0, ""gaussian_std"": 0.05}, ""preprocessing"": {""missing_data"": {""enabled"": true, ""strategy"": ""mean""}, ""pca"": {""enabled"": true, ""n_components"": 1}, ""scaler"": ""standard"", ""sequence_length"": 16, ""sequence_stride"": 1}, ""project"": {""device"": ""cuda"", ""random_seeds"": [999]}, ""run"": {""family"": ""AUTOMATA"", ""scenario"": ""parameter_analysis"", ""seed"": 999, ""split"": ""fold_4""}, ""training"": {""batch_size"": 32, ""early_stopping"": {""enabled"": true, ""patience"": 5}, ""epochs"": 50, ""optimizer"": ""adam""}}",SKAB,"[""valve1"", ""valve2""]",anomaly,"[""datetime"", ""changepoint"", ""source_group"", ""source_file""]",source_file,0.6,0.2,0.2,True,mean,standard,True,1,16,1,True,0.0,0.05,cuda,[999],32,50,True,5,adam,0.1,4,3,4,1,True,levenshtein,True,0.0001,average_log_probability,0.05,AUTOMATA,999,fold_4,parameter_analysis,4,3,,,
SKAB,999,fold_0,4,4,0.6153161175422974,0.2714285714285714,0.0475,0.08085106382978724,68,122,68,0.026384083044982697,3,"{""automata"": {""anomaly_threshold"": 0.1, ""decision"": {""fallback_quantile"": 0.05, ""score_field"": ""average_log_probability""}, ""paa"": {""window_size"": 4}, ""probability"": {""epsilon"": 0.0001, ""smoothing"": true}, ""sax"": {""alphabet_size"": 3}, ""sliding_window"": {""size"": 4, ""stride"": 1}, ""unseen_pattern"": {""enabled"": true, ""method"": ""levenshtein""}}, ""dataset"": {""config"": {""drop_columns"": [""datetime"", ""changepoint"", ""source_group"", ""source_file""], ""group_column"": ""source_file"", ""split"": {""test"": 0.2, ""train"": 0.6, ""validation"": 0.2}, ""target_column"": ""anomaly"", ""valve_folders"": [""valve1"", ""valve2""]}, ""name"": ""SKAB""}, ""extra"": {""alphabet_size"": 4, ""window_size"": 4}, ""noise"": {""enabled"": true, ""gaussian_mean"": 0.0, ""gaussian_std"": 0.05}, ""preprocessing"": {""missing_data"": {""enabled"": true, ""strategy"": ""mean""}, ""pca"": {""enabled"": true, ""n_components"": 1}, ""scaler"": ""standard"", ""sequence_length"": 16, ""sequence_stride"": 1}, ""project"": {""device"": ""cuda"", ""random_seeds"": [999]}, ""run"": {""family"": ""AUTOMATA"", ""scenario"": ""parameter_analysis"", ""seed"": 999, ""split"": ""fold_0""}, ""training"": {""batch_size"": 32, ""early_stopping"": {""enabled"": true, ""patience"": 5}, ""epochs"": 50, ""optimizer"": ""adam""}}",SKAB,"[""valve1"", ""valve2""]",anomaly,"[""datetime"", ""changepoint"", ""source_group"", ""source_file""]",source_file,0.6,0.2,0.2,True,mean,standard,True,1,16,1,True,0.0,0.05,cuda,[999],32,50,True,5,adam,0.1,4,3,4,1,True,levenshtein,True,0.0001,average_log_probability,0.05,AUTOMATA,999,fold_0,parameter_analysis,4,4,,,
SKAB,999,fold_1,4,4,0.6125,0.17857142857142858,0.02512562814070352,0.04405286343612335,62,119,62,0.030957336108220605,3,"{""automata"": {""anomaly_threshold"": 0.1, ""decision"": {""fallback_quantile"": 0.05, ""score_field"": ""average_log_probability""}, ""paa"": {""window_size"": 4}, ""probability"": {""epsilon"": 0.0001, ""smoothing"": true}, ""sax"": {""alphabet_size"": 3}, ""sliding_window"": {""size"": 4, ""stride"": 1}, ""unseen_pattern"": {""enabled"": true, ""method"": ""levenshtein""}}, ""dataset"": {""config"": {""drop_columns"": [""datetime"", ""changepoint"", ""source_group"", ""source_file""], ""group_column"": ""source_file"", ""split"": {""test"": 0.2, ""train"": 0.6, ""validation"": 0.2}, ""target_column"": ""anomaly"", ""valve_folders"": [""valve1"", ""valve2""]}, ""name"": ""SKAB""}, ""extra"": {""alphabet_size"": 4, ""window_size"": 4}, ""noise"": {""enabled"": true, ""gaussian_mean"": 0.0, ""gaussian_std"": 0.05}, ""preprocessing"": {""missing_data"": {""enabled"": true, ""strategy"": ""mean""}, ""pca"": {""enabled"": true, ""n_components"": 1}, ""scaler"": ""standard"", ""sequence_length"": 16, ""sequence_stride"": 1}, ""project"": {""device"": ""cuda"", ""random_seeds"": [999]}, ""run"": {""family"": ""AUTOMATA"", ""scenario"": ""parameter_analysis"", ""seed"": 999, ""split"": ""fold_1""}, ""training"": {""batch_size"": 32, ""early_stopping"": {""enabled"": true, ""patience"": 5}, ""epochs"": 50, ""optimizer"": ""adam""}}",SKAB,"[""valve1"", ""valve2""]",anomaly,"[""datetime"", ""changepoint"", ""source_group"", ""source_file""]",source_file,0.6,0.2,0.2,True,mean,standard,True,1,16,1,True,0.0,0.05,cuda,[999],32,50,True,5,adam,0.1,4,3,4,1,True,levenshtein,True,0.0001,average_log_probability,0.05,AUTOMATA,999,fold_1,parameter_analysis,4,4,,,
SKAB,999,fold_2,4,4,0.6245551601423488,0.16666666666666666,0.004830917874396135,0.009389671361502348,63,128,63,0.03224993701184178,2,"{""automata"": {""anomaly_threshold"": 0.1, ""decision"": {""fallback_quantile"": 0.05, ""score_field"": ""average_log_probability""}, ""paa"": {""window_size"": 4}, ""probability"": {""epsilon"": 0.0001, ""smoothing"": true}, ""sax"": {""alphabet_size"": 3}, ""sliding_window"": {""size"": 4, ""stride"": 1}, ""unseen_pattern"": {""enabled"": true, ""method"": ""levenshtein""}}, ""dataset"": {""config"": {""drop_columns"": [""datetime"", ""changepoint"", ""source_group"", ""source_file""], ""group_column"": ""source_file"", ""split"": {""test"": 0.2, ""train"": 0.6, ""validation"": 0.2}, ""target_column"": ""anomaly"", ""valve_folders"": [""valve1"", ""valve2""]}, ""name"": ""SKAB""}, ""extra"": {""alphabet_size"": 4, ""window_size"": 4}, ""noise"": {""enabled"": true, ""gaussian_mean"": 0.0, ""gaussian_std"": 0.05}, ""preprocessing"": {""missing_data"": {""enabled"": true, ""strategy"": ""mean""}, ""pca"": {""enabled"": true, ""n_components"": 1}, ""scaler"": ""standard"", ""sequence_length"": 16, ""sequence_stride"": 1}, ""project"": {""device"": ""cuda"", ""random_seeds"": [999]}, ""run"": {""family"": ""AUTOMATA"", ""scenario"": ""parameter_analysis"", ""seed"": 999, ""split"": ""fold_2""}, ""training"": {""batch_size"": 32, ""early_stopping"": {""enabled"": true, ""patience"": 5}, ""epochs"": 50, ""optimizer"": ""adam""}}",SKAB,"[""valve1"", ""valve2""]",anomaly,"[""datetime"", ""changepoint"", ""source_group"", ""source_file""]",source_file,0.6,0.2,0.2,True,mean,standard,True,1,16,1,True,0.0,0.05,cuda,[999],32,50,True,5,adam,0.1,4,3,4,1,True,levenshtein,True,0.0001,average_log_probability,0.05,AUTOMATA,999,fold_2,parameter_analysis,4,4,,,
SKAB,999,fold_3,4,4,0.5746606334841629,0.16049382716049382,0.03132530120481928,0.05241935483870968,63,120,63,0.030234315948601664,30,"{""automata"": {""anomaly_threshold"": 0.1, ""decision"": {""fallback_quantile"": 0.05, ""score_field"": ""average_log_probability""}, ""paa"": {""window_size"": 4}, ""probability"": {""epsilon"": 0.0001, ""smoothing"": true}, ""sax"": {""alphabet_size"": 3}, ""sliding_window"": {""size"": 4, ""stride"": 1}, ""unseen_pattern"": {""enabled"": true, ""method"": ""levenshtein""}}, ""dataset"": {""config"": {""drop_columns"": [""datetime"", ""changepoint"", ""source_group"", ""source_file""], ""group_column"": ""source_file"", ""split"": {""test"": 0.2, ""train"": 0.6, ""validation"": 0.2}, ""target_column"": ""anomaly"", ""valve_folders"": [""valve1"", ""valve2""]}, ""name"": ""SKAB""}, ""extra"": {""alphabet_size"": 4, ""window_size"": 4}, ""noise"": {""enabled"": true, ""gaussian_mean"": 0.0, ""gaussian_std"": 0.05}, ""preprocessing"": {""missing_data"": {""enabled"": true, ""strategy"": ""mean""}, ""pca"": {""enabled"": true, ""n_components"": 1}, ""scaler"": ""standard"", ""sequence_length"": 16, ""sequence_stride"": 1}, ""project"": {""device"": ""cuda"", ""random_seeds"": [999]}, ""run"": {""family"": ""AUTOMATA"", ""scenario"": ""parameter_analysis"", ""seed"": 999, ""split"": ""fold_3""}, ""training"": {""batch_size"": 32, ""early_stopping"": {""enabled"": true, ""patience"": 5}, ""epochs"": 50, ""optimizer"": ""adam""}}",SKAB,"[""valve1"", ""valve2""]",anomaly,"[""datetime"", ""changepoint"", ""source_group"", ""source_file""]",source_file,0.6,0.2,0.2,True,mean,standard,True,1,16,1,True,0.0,0.05,cuda,[999],32,50,True,5,adam,0.1,4,3,4,1,True,levenshtein,True,0.0001,average_log_probability,0.05,AUTOMATA,999,fold_3,parameter_analysis,4,4,,,
SKAB,999,fold_4,4,4,0.588702559576346,0.3843283582089552,0.25495049504950495,0.30654761904761907,62,113,62,0.029396462018730488,101,"{""automata"": {""anomaly_threshold"": 0.1, ""decision"": {""fallback_quantile"": 0.05, ""score_field"": ""average_log_probability""}, ""paa"": {""window_size"": 4}, ""probability"": {""epsilon"": 0.0001, ""smoothing"": true}, ""sax"": {""alphabet_size"": 3}, ""sliding_window"": {""size"": 4, ""stride"": 1}, ""unseen_pattern"": {""enabled"": true, ""method"": ""levenshtein""}}, ""dataset"": {""config"": {""drop_columns"": [""datetime"", ""changepoint"", ""source_group"", ""source_file""], ""group_column"": ""source_file"", ""split"": {""test"": 0.2, ""train"": 0.6, ""validation"": 0.2}, ""target_column"": ""anomaly"", ""valve_folders"": [""valve1"", ""valve2""]}, ""name"": ""SKAB""}, ""extra"": {""alphabet_size"": 4, ""window_size"": 4}, ""noise"": {""enabled"": true, ""gaussian_mean"": 0.0, ""gaussian_std"": 0.05}, ""preprocessing"": {""missing_data"": {""enabled"": true, ""strategy"": ""mean""}, ""pca"": {""enabled"": true, ""n_components"": 1}, ""scaler"": ""standard"", ""sequence_length"": 16, ""sequence_stride"": 1}, ""project"": {""device"": ""cuda"", ""random_seeds"": [999]}, ""run"": {""family"": ""AUTOMATA"", ""scenario"": ""parameter_analysis"", ""seed"": 999, ""split"": ""fold_4""}, ""training"": {""batch_size"": 32, ""early_stopping"": {""enabled"": true, ""patience"": 5}, ""epochs"": 50, ""optimizer"": ""adam""}}",SKAB,"[""valve1"", ""valve2""]",anomaly,"[""datetime"", ""changepoint"", ""source_group"", ""source_file""]",source_file,0.6,0.2,0.2,True,mean,standard,True,1,16,1,True,0.0,0.05,cuda,[999],32,50,True,5,adam,0.1,4,3,4,1,True,levenshtein,True,0.0001,average_log_probability,0.05,AUTOMATA,999,fold_4,parameter_analysis,4,4,,,
SKAB,999,fold_0,4,5,0.6233303650934996,0.31746031746031744,0.05,0.08639308855291576,90,173,90,0.021358024691358026,18,"{""automata"": {""anomaly_threshold"": 0.1, ""decision"": {""fallback_quantile"": 0.05, ""score_field"": ""average_log_probability""}, ""paa"": {""window_size"": 4}, ""probability"": {""epsilon"": 0.0001, ""smoothing"": true}, ""sax"": {""alphabet_size"": 3}, ""sliding_window"": {""size"": 4, ""stride"": 1}, ""unseen_pattern"": {""enabled"": true, ""method"": ""levenshtein""}}, ""dataset"": {""config"": {""drop_columns"": [""datetime"", ""changepoint"", ""source_group"", ""source_file""], ""group_column"": ""source_file"", ""split"": {""test"": 0.2, ""train"": 0.6, ""validation"": 0.2}, ""target_column"": ""anomaly"", ""valve_folders"": [""valve1"", ""valve2""]}, ""name"": ""SKAB""}, ""extra"": {""alphabet_size"": 5, ""window_size"": 4}, ""noise"": {""enabled"": true, ""gaussian_mean"": 0.0, ""gaussian_std"": 0.05}, ""preprocessing"": {""missing_data"": {""enabled"": true, ""strategy"": ""mean""}, ""pca"": {""enabled"": true, ""n_components"": 1}, ""scaler"": ""standard"", ""sequence_length"": 16, ""sequence_stride"": 1}, ""project"": {""device"": ""cuda"", ""random_seeds"": [999]}, ""run"": {""family"": ""AUTOMATA"", ""scenario"": ""parameter_analysis"", ""seed"": 999, ""split"": ""fold_0""}, ""training"": {""batch_size"": 32, ""early_stopping"": {""enabled"": true, ""patience"": 5}, ""epochs"": 50, ""optimizer"": ""adam""}}",SKAB,"[""valve1"", ""valve2""]",anomaly,"[""datetime"", ""changepoint"", ""source_group"", ""source_file""]",source_file,0.6,0.2,0.2,True,mean,standard,True,1,16,1,True,0.0,0.05,cuda,[999],32,50,True,5,adam,0.1,4,3,4,1,True,levenshtein,True,0.0001,average_log_probability,0.05,AUTOMATA,999,fold_0,parameter_analysis,4,5,,,
SKAB,999,fold_1,4,5,0.6232142857142857,0.3181818181818182,0.052763819095477386,0.09051724137931035,94,183,94,0.020710728836577638,5,"{""automata"": {""anomaly_threshold"": 0.1, ""decision"": {""fallback_quantile"": 0.05, ""score_field"": ""average_log_probability""}, ""paa"": {""window_size"": 4}, ""probability"": {""epsilon"": 0.0001, ""smoothing"": true}, ""sax"": {""alphabet_size"": 3}, ""sliding_window"": {""size"": 4, ""stride"": 1}, ""unseen_pattern"": {""enabled"": true, ""method"": ""levenshtein""}}, ""dataset"": {""config"": {""drop_columns"": [""datetime"", ""changepoint"", ""source_group"", ""source_file""], ""group_column"": ""source_file"", ""split"": {""test"": 0.2, ""train"": 0.6, ""validation"": 0.2}, ""target_column"": ""anomaly"", ""valve_folders"": [""valve1"", ""valve2""]}, ""name"": ""SKAB""}, ""extra"": {""alphabet_size"": 5, ""window_size"": 4}, ""noise"": {""enabled"": true, ""gaussian_mean"": 0.0, ""gaussian_std"": 0.05}, ""preprocessing"": {""missing_data"": {""enabled"": true, ""strategy"": ""mean""}, ""pca"": {""enabled"": true, ""n_components"": 1}, ""scaler"": ""standard"", ""sequence_length"": 16, ""sequence_stride"": 1}, ""project"": {""device"": ""cuda"", ""random_seeds"": [999]}, ""run"": {""family"": ""AUTOMATA"", ""scenario"": ""parameter_analysis"", ""seed"": 999, ""split"": ""fold_1""}, ""training"": {""batch_size"": 32, ""early_stopping"": {""enabled"": true, ""patience"": 5}, ""epochs"": 50, ""optimizer"": ""adam""}}",SKAB,"[""valve1"", ""valve2""]",anomaly,"[""datetime"", ""changepoint"", ""source_group"", ""source_file""]",source_file,0.6,0.2,0.2,True,mean,standard,True,1,16,1,True,0.0,0.05,cuda,[999],32,50,True,5,adam,0.1,4,3,4,1,True,levenshtein,True,0.0001,average_log_probability,0.05,AUTOMATA,999,fold_1,parameter_analysis,4,5,,,
SKAB,999,fold_2,4,5,0.6218861209964412,0.35135135135135137,0.03140096618357488,0.057649667405764965,109,214,109,0.018011951855904384,3,"{""automata"": {""anomaly_threshold"": 0.1, ""decision"": {""fallback_quantile"": 0.05, ""score_field"": ""average_log_probability""}, ""paa"": {""window_size"": 4}, ""probability"": {""epsilon"": 0.0001, ""smoothing"": true}, ""sax"": {""alphabet_size"": 3}, ""sliding_window"": {""size"": 4, ""stride"": 1}, ""unseen_pattern"": {""enabled"": true, ""method"": ""levenshtein""}}, ""dataset"": {""config"": {""drop_columns"": [""datetime"", ""changepoint"", ""source_group"", ""source_file""], ""group_column"": ""source_file"", ""split"": {""test"": 0.2, ""train"": 0.6, ""validation"": 0.2}, ""target_column"": ""anomaly"", ""valve_folders"": [""valve1"", ""valve2""]}, ""name"": ""SKAB""}, ""extra"": {""alphabet_size"": 5, ""window_size"": 4}, ""noise"": {""enabled"": true, ""gaussian_mean"": 0.0, ""gaussian_std"": 0.05}, ""preprocessing"": {""missing_data"": {""enabled"": true, ""strategy"": ""mean""}, ""pca"": {""enabled"": true, ""n_components"": 1}, ""scaler"": ""standard"", ""sequence_length"": 16, ""sequence_stride"": 1}, ""project"": {""device"": ""cuda"", ""random_seeds"": [999]}, ""run"": {""family"": ""AUTOMATA"", ""scenario"": ""parameter_analysis"", ""seed"": 999, ""split"": ""fold_2""}, ""training"": {""batch_size"": 32, ""early_stopping"": {""enabled"": true, ""patience"": 5}, ""epochs"": 50, ""optimizer"": ""adam""}}",SKAB,"[""valve1"", ""valve2""]",anomaly,"[""datetime"", ""changepoint"", ""source_group"", ""source_file""]",source_file,0.6,0.2,0.2,True,mean,standard,True,1,16,1,True,0.0,0.05,cuda,[999],32,50,True,5,adam,0.1,4,3,4,1,True,levenshtein,True,0.0001,average_log_probability,0.05,AUTOMATA,999,fold_2,parameter_analysis,4,5,,,
SKAB,999,fold_3,4,5,0.5592760180995475,0.20967741935483872,0.06265060240963856,0.09647495361781076,98,190,98,0.01978342357351104,48,"{""automata"": {""anomaly_threshold"": 0.1, ""decision"": {""fallback_quantile"": 0.05, ""score_field"": ""average_log_probability""}, ""paa"": {""window_size"": 4}, ""probability"": {""epsilon"": 0.0001, ""smoothing"": true}, ""sax"": {""alphabet_size"": 3}, ""sliding_window"": {""size"": 4, ""stride"": 1}, ""unseen_pattern"": {""enabled"": true, ""method"": ""levenshtein""}}, ""dataset"": {""config"": {""drop_columns"": [""datetime"", ""changepoint"", ""source_group"", ""source_file""], ""group_column"": ""source_file"", ""split"": {""test"": 0.2, ""train"": 0.6, ""validation"": 0.2}, ""target_column"": ""anomaly"", ""valve_folders"": [""valve1"", ""valve2""]}, ""name"": ""SKAB""}, ""extra"": {""alphabet_size"": 5, ""window_size"": 4}, ""noise"": {""enabled"": true, ""gaussian_mean"": 0.0, ""gaussian_std"": 0.05}, ""preprocessing"": {""missing_data"": {""enabled"": true, ""strategy"": ""mean""}, ""pca"": {""enabled"": true, ""n_components"": 1}, ""scaler"": ""standard"", ""sequence_length"": 16, ""sequence_stride"": 1}, ""project"": {""device"": ""cuda"", ""random_seeds"": [999]}, ""run"": {""family"": ""AUTOMATA"", ""scenario"": ""parameter_analysis"", ""seed"": 999, ""split"": ""fold_3""}, ""training"": {""batch_size"": 32, ""early_stopping"": {""enabled"": true, ""patience"": 5}, ""epochs"": 50, ""optimizer"": ""adam""}}",SKAB,"[""valve1"", ""valve2""]",anomaly,"[""datetime"", ""changepoint"", ""source_group"", ""source_file""]",source_file,0.6,0.2,0.2,True,mean,standard,True,1,16,1,True,0.0,0.05,cuda,[999],32,50,True,5,adam,0.1,4,3,4,1,True,levenshtein,True,0.0001,average_log_probability,0.05,AUTOMATA,999,fold_3,parameter_analysis,4,5,,,
SKAB,999,fold_4,4,5,0.5675198587819947,0.36217948717948717,0.27970297029702973,0.31564245810055863,82,151,82,0.022456870910172518,201,"{""automata"": {""anomaly_threshold"": 0.1, ""decision"": {""fallback_quantile"": 0.05, ""score_field"": ""average_log_probability""}, ""paa"": {""window_size"": 4}, ""probability"": {""epsilon"": 0.0001, ""smoothing"": true}, ""sax"": {""alphabet_size"": 3}, ""sliding_window"": {""size"": 4, ""stride"": 1}, ""unseen_pattern"": {""enabled"": true, ""method"": ""levenshtein""}}, ""dataset"": {""config"": {""drop_columns"": [""datetime"", ""changepoint"", ""source_group"", ""source_file""], ""group_column"": ""source_file"", ""split"": {""test"": 0.2, ""train"": 0.6, ""validation"": 0.2}, ""target_column"": ""anomaly"", ""valve_folders"": [""valve1"", ""valve2""]}, ""name"": ""SKAB""}, ""extra"": {""alphabet_size"": 5, ""window_size"": 4}, ""noise"": {""enabled"": true, ""gaussian_mean"": 0.0, ""gaussian_std"": 0.05}, ""preprocessing"": {""missing_data"": {""enabled"": true, ""strategy"": ""mean""}, ""pca"": {""enabled"": true, ""n_components"": 1}, ""scaler"": ""standard"", ""sequence_length"": 16, ""sequence_stride"": 1}, ""project"": {""device"": ""cuda"", ""random_seeds"": [999]}, ""run"": {""family"": ""AUTOMATA"", ""scenario"": ""parameter_analysis"", ""seed"": 999, ""split"": ""fold_4""}, ""training"": {""batch_size"": 32, ""early_stopping"": {""enabled"": true, ""patience"": 5}, ""epochs"": 50, ""optimizer"": ""adam""}}",SKAB,"[""valve1"", ""valve2""]",anomaly,"[""datetime"", ""changepoint"", ""source_group"", ""source_file""]",source_file,0.6,0.2,0.2,True,mean,standard,True,1,16,1,True,0.0,0.05,cuda,[999],32,50,True,5,adam,0.1,4,3,4,1,True,levenshtein,True,0.0001,average_log_probability,0.05,AUTOMATA,999,fold_4,parameter_analysis,4,5,,,
SKAB,999,fold_0,4,6,0.6073018699910953,0.19402985074626866,0.0325,0.055674518201284794,146,274,146,0.01285419403265153,19,"{""automata"": {""anomaly_threshold"": 0.1, ""decision"": {""fallback_quantile"": 0.05, ""score_field"": ""average_log_probability""}, ""paa"": {""window_size"": 4}, ""probability"": {""epsilon"": 0.0001, ""smoothing"": true}, ""sax"": {""alphabet_size"": 3}, ""sliding_window"": {""size"": 4, ""stride"": 1}, ""unseen_pattern"": {""enabled"": true, ""method"": ""levenshtein""}}, ""dataset"": {""config"": {""drop_columns"": [""datetime"", ""changepoint"", ""source_group"", ""source_file""], ""group_column"": ""source_file"", ""split"": {""test"": 0.2, ""train"": 0.6, ""validation"": 0.2}, ""target_column"": ""anomaly"", ""valve_folders"": [""valve1"", ""valve2""]}, ""name"": ""SKAB""}, ""extra"": {""alphabet_size"": 6, ""window_size"": 4}, ""noise"": {""enabled"": true, ""gaussian_mean"": 0.0, ""gaussian_std"": 0.05}, ""preprocessing"": {""missing_data"": {""enabled"": true, ""strategy"": ""mean""}, ""pca"": {""enabled"": true, ""n_components"": 1}, ""scaler"": ""standard"", ""sequence_length"": 16, ""sequence_stride"": 1}, ""project"": {""device"": ""cuda"", ""random_seeds"": [999]}, ""run"": {""family"": ""AUTOMATA"", ""scenario"": ""parameter_analysis"", ""seed"": 999, ""split"": ""fold_0""}, ""training"": {""batch_size"": 32, ""early_stopping"": {""enabled"": true, ""patience"": 5}, ""epochs"": 50, ""optimizer"": ""adam""}}",SKAB,"[""valve1"", ""valve2""]",anomaly,"[""datetime"", ""changepoint"", ""source_group"", ""source_file""]",source_file,0.6,0.2,0.2,True,mean,standard,True,1,16,1,True,0.0,0.05,cuda,[999],32,50,True,5,adam,0.1,4,3,4,1,True,levenshtein,True,0.0001,average_log_probability,0.05,AUTOMATA,999,fold_0,parameter_analysis,4,6,,,
SKAB,999,fold_1,4,6,0.6178571428571429,0.2222222222222222,0.03015075376884422,0.05309734513274336,116,226,116,0.016795481569560046,16,"{""automata"": {""anomaly_threshold"": 0.1, ""decision"": {""fallback_quantile"": 0.05, ""score_field"": ""average_log_probability""}, ""paa"": {""window_size"": 4}, ""probability"": {""epsilon"": 0.0001, ""smoothing"": true}, ""sax"": {""alphabet_size"": 3}, ""sliding_window"": {""size"": 4, ""stride"": 1}, ""unseen_pattern"": {""enabled"": true, ""method"": ""levenshtein""}}, ""dataset"": {""config"": {""drop_columns"": [""datetime"", ""changepoint"", ""source_group"", ""source_file""], ""group_column"": ""source_file"", ""split"": {""test"": 0.2, ""train"": 0.6, ""validation"": 0.2}, ""target_column"": ""anomaly"", ""valve_folders"": [""valve1"", ""valve2""]}, ""name"": ""SKAB""}, ""extra"": {""alphabet_size"": 6, ""window_size"": 4}, ""noise"": {""enabled"": true, ""gaussian_mean"": 0.0, ""gaussian_std"": 0.05}, ""preprocessing"": {""missing_data"": {""enabled"": true, ""strategy"": ""mean""}, ""pca"": {""enabled"": true, ""n_components"": 1}, ""scaler"": ""standard"", ""sequence_length"": 16, ""sequence_stride"": 1}, ""project"": {""device"": ""cuda"", ""random_seeds"": [999]}, ""run"": {""family"": ""AUTOMATA"", ""scenario"": ""parameter_analysis"", ""seed"": 999, ""split"": ""fold_1""}, ""training"": {""batch_size"": 32, ""early_stopping"": {""enabled"": true, ""patience"": 5}, ""epochs"": 50, ""optimizer"": ""adam""}}",SKAB,"[""valve1"", ""valve2""]",anomaly,"[""datetime"", ""changepoint"", ""source_group"", ""source_file""]",source_file,0.6,0.2,0.2,True,mean,standard,True,1,16,1,True,0.0,0.05,cuda,[999],32,50,True,5,adam,0.1,4,3,4,1,True,levenshtein,True,0.0001,average_log_probability,0.05,AUTOMATA,999,fold_1,parameter_analysis,4,6,,,
SKAB,999,fold_2,4,6,0.6227758007117438,0.2727272727272727,0.014492753623188406,0.027522935779816515,163,314,163,0.011818284466859874,3,"{""automata"": {""anomaly_threshold"": 0.1, ""decision"": {""fallback_quantile"": 0.05, ""score_field"": ""average_log_probability""}, ""paa"": {""window_size"": 4}, ""probability"": {""epsilon"": 0.0001, ""smoothing"": true}, ""sax"": {""alphabet_size"": 3}, ""sliding_window"": {""size"": 4, ""stride"": 1}, ""unseen_pattern"": {""enabled"": true, ""method"": ""levenshtein""}}, ""dataset"": {""config"": {""drop_columns"": [""datetime"", ""changepoint"", ""source_group"", ""source_file""], ""group_column"": ""source_file"", ""split"": {""test"": 0.2, ""train"": 0.6, ""validation"": 0.2}, ""target_column"": ""anomaly"", ""valve_folders"": [""valve1"", ""valve2""]}, ""name"": ""SKAB""}, ""extra"": {""alphabet_size"": 6, ""window_size"": 4}, ""noise"": {""enabled"": true, ""gaussian_mean"": 0.0, ""gaussian_std"": 0.05}, ""preprocessing"": {""missing_data"": {""enabled"": true, ""strategy"": ""mean""}, ""pca"": {""enabled"": true, ""n_components"": 1}, ""scaler"": ""standard"", ""sequence_length"": 16, ""sequence_stride"": 1}, ""project"": {""device"": ""cuda"", ""random_seeds"": [999]}, ""run"": {""family"": ""AUTOMATA"", ""scenario"": ""parameter_analysis"", ""seed"": 999, ""split"": ""fold_2""}, ""training"": {""batch_size"": 32, ""early_stopping"": {""enabled"": true, ""patience"": 5}, ""epochs"": 50, ""optimizer"": ""adam""}}",SKAB,"[""valve1"", ""valve2""]",anomaly,"[""datetime"", ""changepoint"", ""source_group"", ""source_file""]",source_file,0.6,0.2,0.2,True,mean,standard,True,1,16,1,True,0.0,0.05,cuda,[999],32,50,True,5,adam,0.1,4,3,4,1,True,levenshtein,True,0.0001,average_log_probability,0.05,AUTOMATA,999,fold_2,parameter_analysis,4,6,,,
SKAB,999,fold_3,4,6,0.5384615384615384,0.14285714285714285,0.04578313253012048,0.06934306569343066,140,273,140,0.013928571428571429,47,"{""automata"": {""anomaly_threshold"": 0.1, ""decision"": {""fallback_quantile"": 0.05, ""score_field"": ""average_log_probability""}, ""paa"": {""window_size"": 4}, ""probability"": {""epsilon"": 0.0001, ""smoothing"": true}, ""sax"": {""alphabet_size"": 3}, ""sliding_window"": {""size"": 4, ""stride"": 1}, ""unseen_pattern"": {""enabled"": true, ""method"": ""levenshtein""}}, ""dataset"": {""config"": {""drop_columns"": [""datetime"", ""changepoint"", ""source_group"", ""source_file""], ""group_column"": ""source_file"", ""split"": {""test"": 0.2, ""train"": 0.6, ""validation"": 0.2}, ""target_column"": ""anomaly"", ""valve_folders"": [""valve1"", ""valve2""]}, ""name"": ""SKAB""}, ""extra"": {""alphabet_size"": 6, ""window_size"": 4}, ""noise"": {""enabled"": true, ""gaussian_mean"": 0.0, ""gaussian_std"": 0.05}, ""preprocessing"": {""missing_data"": {""enabled"": true, ""strategy"": ""mean""}, ""pca"": {""enabled"": true, ""n_components"": 1}, ""scaler"": ""standard"", ""sequence_length"": 16, ""sequence_stride"": 1}, ""project"": {""device"": ""cuda"", ""random_seeds"": [999]}, ""run"": {""family"": ""AUTOMATA"", ""scenario"": ""parameter_analysis"", ""seed"": 999, ""split"": ""fold_3""}, ""training"": {""batch_size"": 32, ""early_stopping"": {""enabled"": true, ""patience"": 5}, ""epochs"": 50, ""optimizer"": ""adam""}}",SKAB,"[""valve1"", ""valve2""]",anomaly,"[""datetime"", ""changepoint"", ""source_group"", ""source_file""]",source_file,0.6,0.2,0.2,True,mean,standard,True,1,16,1,True,0.0,0.05,cuda,[999],32,50,True,5,adam,0.1,4,3,4,1,True,levenshtein,True,0.0001,average_log_probability,0.05,AUTOMATA,999,fold_3,parameter_analysis,4,6,,,
SKAB,999,fold_4,4,6,0.5525154457193292,0.36895674300254455,0.3589108910891089,0.36386449184441655,117,220,117,0.016071298122580173,309,"{""automata"": {""anomaly_threshold"": 0.1, ""decision"": {""fallback_quantile"": 0.05, ""score_field"": ""average_log_probability""}, ""paa"": {""window_size"": 4}, ""probability"": {""epsilon"": 0.0001, ""smoothing"": true}, ""sax"": {""alphabet_size"": 3}, ""sliding_window"": {""size"": 4, ""stride"": 1}, ""unseen_pattern"": {""enabled"": true, ""method"": ""levenshtein""}}, ""dataset"": {""config"": {""drop_columns"": [""datetime"", ""changepoint"", ""source_group"", ""source_file""], ""group_column"": ""source_file"", ""split"": {""test"": 0.2, ""train"": 0.6, ""validation"": 0.2}, ""target_column"": ""anomaly"", ""valve_folders"": [""valve1"", ""valve2""]}, ""name"": ""SKAB""}, ""extra"": {""alphabet_size"": 6, ""window_size"": 4}, ""noise"": {""enabled"": true, ""gaussian_mean"": 0.0, ""gaussian_std"": 0.05}, ""preprocessing"": {""missing_data"": {""enabled"": true, ""strategy"": ""mean""}, ""pca"": {""enabled"": true, ""n_components"": 1}, ""scaler"": ""standard"", ""sequence_length"": 16, ""sequence_stride"": 1}, ""project"": {""device"": ""cuda"", ""random_seeds"": [999]}, ""run"": {""family"": ""AUTOMATA"", ""scenario"": ""parameter_analysis"", ""seed"": 999, ""split"": ""fold_4""}, ""training"": {""batch_size"": 32, ""early_stopping"": {""enabled"": true, ""patience"": 5}, ""epochs"": 50, ""optimizer"": ""adam""}}",SKAB,"[""valve1"", ""valve2""]",anomaly,"[""datetime"", ""changepoint"", ""source_group"", ""source_file""]",source_file,0.6,0.2,0.2,True,mean,standard,True,1,16,1,True,0.0,0.05,cuda,[999],32,50,True,5,adam,0.1,4,3,4,1,True,levenshtein,True,0.0001,average_log_probability,0.05,AUTOMATA,999,fold_4,parameter_analysis,4,6,,,
SKAB,999,fold_0,5,3,0.6120401337792643,0.17647058823529413,0.018404907975460124,0.03333333333333333,69,121,69,0.02541482881747532,7,"{""automata"": {""anomaly_threshold"": 0.1, ""decision"": {""fallback_quantile"": 0.05, ""score_field"": ""average_log_probability""}, ""paa"": {""window_size"": 4}, ""probability"": {""epsilon"": 0.0001, ""smoothing"": true}, ""sax"": {""alphabet_size"": 3}, ""sliding_window"": {""size"": 4, ""stride"": 1}, ""unseen_pattern"": {""enabled"": true, ""method"": ""levenshtein""}}, ""dataset"": {""config"": {""drop_columns"": [""datetime"", ""changepoint"", ""source_group"", ""source_file""], ""group_column"": ""source_file"", ""split"": {""test"": 0.2, ""train"": 0.6, ""validation"": 0.2}, ""target_column"": ""anomaly"", ""valve_folders"": [""valve1"", ""valve2""]}, ""name"": ""SKAB""}, ""extra"": {""alphabet_size"": 3, ""window_size"": 5}, ""noise"": {""enabled"": true, ""gaussian_mean"": 0.0, ""gaussian_std"": 0.05}, ""preprocessing"": {""missing_data"": {""enabled"": true, ""strategy"": ""mean""}, ""pca"": {""enabled"": true, ""n_components"": 1}, ""scaler"": ""standard"", ""sequence_length"": 16, ""sequence_stride"": 1}, ""project"": {""device"": ""cuda"", ""random_seeds"": [999]}, ""run"": {""family"": ""AUTOMATA"", ""scenario"": ""parameter_analysis"", ""seed"": 999, ""split"": ""fold_0""}, ""training"": {""batch_size"": 32, ""early_stopping"": {""enabled"": true, ""patience"": 5}, ""epochs"": 50, ""optimizer"": ""adam""}}",SKAB,"[""valve1"", ""valve2""]",anomaly,"[""datetime"", ""changepoint"", ""source_group"", ""source_file""]",source_file,0.6,0.2,0.2,True,mean,standard,True,1,16,1,True,0.0,0.05,cuda,[999],32,50,True,5,adam,0.1,4,3,4,1,True,levenshtein,True,0.0001,average_log_probability,0.05,AUTOMATA,999,fold_0,parameter_analysis,5,3,,,
SKAB,999,fold_1,5,3,0.6279329608938548,0.3181818181818182,0.021538461538461538,0.040345821325648415,70,120,70,0.024489795918367346,0,"{""automata"": {""anomaly_threshold"": 0.1, ""decision"": {""fallback_quantile"": 0.05, ""score_field"": ""average_log_probability""}, ""paa"": {""window_size"": 4}, ""probability"": {""epsilon"": 0.0001, ""smoothing"": true}, ""sax"": {""alphabet_size"": 3}, ""sliding_window"": {""size"": 4, ""stride"": 1}, ""unseen_pattern"": {""enabled"": true, ""method"": ""levenshtein""}}, ""dataset"": {""config"": {""drop_columns"": [""datetime"", ""changepoint"", ""source_group"", ""source_file""], ""group_column"": ""source_file"", ""split"": {""test"": 0.2, ""train"": 0.6, ""validation"": 0.2}, ""target_column"": ""anomaly"", ""valve_folders"": [""valve1"", ""valve2""]}, ""name"": ""SKAB""}, ""extra"": {""alphabet_size"": 3, ""window_size"": 5}, ""noise"": {""enabled"": true, ""gaussian_mean"": 0.0, ""gaussian_std"": 0.05}, ""preprocessing"": {""missing_data"": {""enabled"": true, ""strategy"": ""mean""}, ""pca"": {""enabled"": true, ""n_components"": 1}, ""scaler"": ""standard"", ""sequence_length"": 16, ""sequence_stride"": 1}, ""project"": {""device"": ""cuda"", ""random_seeds"": [999]}, ""run"": {""family"": ""AUTOMATA"", ""scenario"": ""parameter_analysis"", ""seed"": 999, ""split"": ""fold_1""}, ""training"": {""batch_size"": 32, ""early_stopping"": {""enabled"": true, ""patience"": 5}, ""epochs"": 50, ""optimizer"": ""adam""}}",SKAB,"[""valve1"", ""valve2""]",anomaly,"[""datetime"", ""changepoint"", ""source_group"", ""source_file""]",source_file,0.6,0.2,0.2,True,mean,standard,True,1,16,1,True,0.0,0.05,cuda,[999],32,50,True,5,adam,0.1,4,3,4,1,True,levenshtein,True,0.0001,average_log_probability,0.05,AUTOMATA,999,fold_1,parameter_analysis,5,3,,,
SKAB,999,fold_2,5,3,0.6146993318485523,0.39285714285714285,0.03235294117647059,0.059782608695652176,68,119,68,0.025735294117647058,3,"{""automata"": {""anomaly_threshold"": 0.1, ""decision"": {""fallback_quantile"": 0.05, ""score_field"": ""average_log_probability""}, ""paa"": {""window_size"": 4}, ""probability"": {""epsilon"": 0.0001, ""smoothing"": true}, ""sax"": {""alphabet_size"": 3}, ""sliding_window"": {""size"": 4, ""stride"": 1}, ""unseen_pattern"": {""enabled"": true, ""method"": ""levenshtein""}}, ""dataset"": {""config"": {""drop_columns"": [""datetime"", ""changepoint"", ""source_group"", ""source_file""], ""group_column"": ""source_file"", ""split"": {""test"": 0.2, ""train"": 0.6, ""validation"": 0.2}, ""target_column"": ""anomaly"", ""valve_folders"": [""valve1"", ""valve2""]}, ""name"": ""SKAB""}, ""extra"": {""alphabet_size"": 3, ""window_size"": 5}, ""noise"": {""enabled"": true, ""gaussian_mean"": 0.0, ""gaussian_std"": 0.05}, ""preprocessing"": {""missing_data"": {""enabled"": true, ""strategy"": ""mean""}, ""pca"": {""enabled"": true, ""n_components"": 1}, ""scaler"": ""standard"", ""sequence_length"": 16, ""sequence_stride"": 1}, ""project"": {""device"": ""cuda"", ""random_seeds"": [999]}, ""run"": {""family"": ""AUTOMATA"", ""scenario"": ""parameter_analysis"", ""seed"": 999, ""split"": ""fold_2""}, ""training"": {""batch_size"": 32, ""early_stopping"": {""enabled"": true, ""patience"": 5}, ""epochs"": 50, ""optimizer"": ""adam""}}",SKAB,"[""valve1"", ""valve2""]",anomaly,"[""datetime"", ""changepoint"", ""source_group"", ""source_file""]",source_file,0.6,0.2,0.2,True,mean,standard,True,1,16,1,True,0.0,0.05,cuda,[999],32,50,True,5,adam,0.1,4,3,4,1,True,levenshtein,True,0.0001,average_log_probability,0.05,AUTOMATA,999,fold_2,parameter_analysis,5,3,,,
SKAB,999,fold_3,5,3,0.5873015873015873,0.288135593220339,0.05014749262536873,0.08542713567839195,66,109,66,0.025022956841138658,8,"{""automata"": {""anomaly_threshold"": 0.1, ""decision"": {""fallback_quantile"": 0.05, ""score_field"": ""average_log_probability""}, ""paa"": {""window_size"": 4}, ""probability"": {""epsilon"": 0.0001, ""smoothing"": true}, ""sax"": {""alphabet_size"": 3}, ""sliding_window"": {""size"": 4, ""stride"": 1}, ""unseen_pattern"": {""enabled"": true, ""method"": ""levenshtein""}}, ""dataset"": {""config"": {""drop_columns"": [""datetime"", ""changepoint"", ""source_group"", ""source_file""], ""group_column"": ""source_file"", ""split"": {""test"": 0.2, ""train"": 0.6, ""validation"": 0.2}, ""target_column"": ""anomaly"", ""valve_folders"": [""valve1"", ""valve2""]}, ""name"": ""SKAB""}, ""extra"": {""alphabet_size"": 3, ""window_size"": 5}, ""noise"": {""enabled"": true, ""gaussian_mean"": 0.0, ""gaussian_std"": 0.05}, ""preprocessing"": {""missing_data"": {""enabled"": true, ""strategy"": ""mean""}, ""pca"": {""enabled"": true, ""n_components"": 1}, ""scaler"": ""standard"", ""sequence_length"": 16, ""sequence_stride"": 1}, ""project"": {""device"": ""cuda"", ""random_seeds"": [999]}, ""run"": {""family"": ""AUTOMATA"", ""scenario"": ""parameter_analysis"", ""seed"": 999, ""split"": ""fold_3""}, ""training"": {""batch_size"": 32, ""early_stopping"": {""enabled"": true, ""patience"": 5}, ""epochs"": 50, ""optimizer"": ""adam""}}",SKAB,"[""valve1"", ""valve2""]",anomaly,"[""datetime"", ""changepoint"", ""source_group"", ""source_file""]",source_file,0.6,0.2,0.2,True,mean,standard,True,1,16,1,True,0.0,0.05,cuda,[999],32,50,True,5,adam,0.1,4,3,4,1,True,levenshtein,True,0.0001,average_log_probability,0.05,AUTOMATA,999,fold_3,parameter_analysis,5,3,,,
SKAB,999,fold_4,5,3,0.5657458563535912,0.3851851851851852,0.31419939577039274,0.34608985024958405,47,83,47,0.03757356269805342,235,"{""automata"": {""anomaly_threshold"": 0.1, ""decision"": {""fallback_quantile"": 0.05, ""score_field"": ""average_log_probability""}, ""paa"": {""window_size"": 4}, ""probability"": {""epsilon"": 0.0001, ""smoothing"": true}, ""sax"": {""alphabet_size"": 3}, ""sliding_window"": {""size"": 4, ""stride"": 1}, ""unseen_pattern"": {""enabled"": true, ""method"": ""levenshtein""}}, ""dataset"": {""config"": {""drop_columns"": [""datetime"", ""changepoint"", ""source_group"", ""source_file""], ""group_column"": ""source_file"", ""split"": {""test"": 0.2, ""train"": 0.6, ""validation"": 0.2}, ""target_column"": ""anomaly"", ""valve_folders"": [""valve1"", ""valve2""]}, ""name"": ""SKAB""}, ""extra"": {""alphabet_size"": 3, ""window_size"": 5}, ""noise"": {""enabled"": true, ""gaussian_mean"": 0.0, ""gaussian_std"": 0.05}, ""preprocessing"": {""missing_data"": {""enabled"": true, ""strategy"": ""mean""}, ""pca"": {""enabled"": true, ""n_components"": 1}, ""scaler"": ""standard"", ""sequence_length"": 16, ""sequence_stride"": 1}, ""project"": {""device"": ""cuda"", ""random_seeds"": [999]}, ""run"": {""family"": ""AUTOMATA"", ""scenario"": ""parameter_analysis"", ""seed"": 999, ""split"": ""fold_4""}, ""training"": {""batch_size"": 32, ""early_stopping"": {""enabled"": true, ""patience"": 5}, ""epochs"": 50, ""optimizer"": ""adam""}}",SKAB,"[""valve1"", ""valve2""]",anomaly,"[""datetime"", ""changepoint"", ""source_group"", ""source_file""]",source_file,0.6,0.2,0.2,True,mean,standard,True,1,16,1,True,0.0,0.05,cuda,[999],32,50,True,5,adam,0.1,4,3,4,1,True,levenshtein,True,0.0001,average_log_probability,0.05,AUTOMATA,999,fold_4,parameter_analysis,5,3,,,
SKAB,999,fold_0,5,4,0.620958751393534,0.3333333333333333,0.04294478527607362,0.07608695652173914,118,201,118,0.014435507038207411,1,"{""automata"": {""anomaly_threshold"": 0.1, ""decision"": {""fallback_quantile"": 0.05, ""score_field"": ""average_log_probability""}, ""paa"": {""window_size"": 4}, ""probability"": {""epsilon"": 0.0001, ""smoothing"": true}, ""sax"": {""alphabet_size"": 3}, ""sliding_window"": {""size"": 4, ""stride"": 1}, ""unseen_pattern"": {""enabled"": true, ""method"": ""levenshtein""}}, ""dataset"": {""config"": {""drop_columns"": [""datetime"", ""changepoint"", ""source_group"", ""source_file""], ""group_column"": ""source_file"", ""split"": {""test"": 0.2, ""train"": 0.6, ""validation"": 0.2}, ""target_column"": ""anomaly"", ""valve_folders"": [""valve1"", ""valve2""]}, ""name"": ""SKAB""}, ""extra"": {""alphabet_size"": 4, ""window_size"": 5}, ""noise"": {""enabled"": true, ""gaussian_mean"": 0.0, ""gaussian_std"": 0.05}, ""preprocessing"": {""missing_data"": {""enabled"": true, ""strategy"": ""mean""}, ""pca"": {""enabled"": true, ""n_components"": 1}, ""scaler"": ""standard"", ""sequence_length"": 16, ""sequence_stride"": 1}, ""project"": {""device"": ""cuda"", ""random_seeds"": [999]}, ""run"": {""family"": ""AUTOMATA"", ""scenario"": ""parameter_analysis"", ""seed"": 999, ""split"": ""fold_0""}, ""training"": {""batch_size"": 32, ""early_stopping"": {""enabled"": true, ""patience"": 5}, ""epochs"": 50, ""optimizer"": ""adam""}}",SKAB,"[""valve1"", ""valve2""]",anomaly,"[""datetime"", ""changepoint"", ""source_group"", ""source_file""]",source_file,0.6,0.2,0.2,True,mean,standard,True,1,16,1,True,0.0,0.05,cuda,[999],32,50,True,5,adam,0.1,4,3,4,1,True,levenshtein,True,0.0001,average_log_probability,0.05,AUTOMATA,999,fold_0,parameter_analysis,5,4,,,
SKAB,999,fold_1,5,4,0.5798882681564246,0.1076923076923077,0.021538461538461538,0.035897435897435895,117,199,117,0.014537219665424794,9,"{""automata"": {""anomaly_threshold"": 0.1, ""decision"": {""fallback_quantile"": 0.05, ""score_field"": ""average_log_probability""}, ""paa"": {""window_size"": 4}, ""probability"": {""epsilon"": 0.0001, ""smoothing"": true}, ""sax"": {""alphabet_size"": 3}, ""sliding_window"": {""size"": 4, ""stride"": 1}, ""unseen_pattern"": {""enabled"": true, ""method"": ""levenshtein""}}, ""dataset"": {""config"": {""drop_columns"": [""datetime"", ""changepoint"", ""source_group"", ""source_file""], ""group_column"": ""source_file"", ""split"": {""test"": 0.2, ""train"": 0.6, ""validation"": 0.2}, ""target_column"": ""anomaly"", ""valve_folders"": [""valve1"", ""valve2""]}, ""name"": ""SKAB""}, ""extra"": {""alphabet_size"": 4, ""window_size"": 5}, ""noise"": {""enabled"": true, ""gaussian_mean"": 0.0, ""gaussian_std"": 0.05}, ""preprocessing"": {""missing_data"": {""enabled"": true, ""strategy"": ""mean""}, ""pca"": {""enabled"": true, ""n_components"": 1}, ""scaler"": ""standard"", ""sequence_length"": 16, ""sequence_stride"": 1}, ""project"": {""device"": ""cuda"", ""random_seeds"": [999]}, ""run"": {""family"": ""AUTOMATA"", ""scenario"": ""parameter_analysis"", ""seed"": 999, ""split"": ""fold_1""}, ""training"": {""batch_size"": 32, ""early_stopping"": {""enabled"": true, ""patience"": 5}, ""epochs"": 50, ""optimizer"": ""adam""}}",SKAB,"[""valve1"", ""valve2""]",anomaly,"[""datetime"", ""changepoint"", ""source_group"", ""source_file""]",source_file,0.6,0.2,0.2,True,mean,standard,True,1,16,1,True,0.0,0.05,cuda,[999],32,50,True,5,adam,0.1,4,3,4,1,True,levenshtein,True,0.0001,average_log_probability,0.05,AUTOMATA,999,fold_1,parameter_analysis,5,4,,,
SKAB,999,fold_2,5,4,0.6102449888641426,0.08333333333333333,0.0029411764705882353,0.005681818181818182,124,225,124,0.014633194588969823,3,"{""automata"": {""anomaly_threshold"": 0.1, ""decision"": {""fallback_quantile"": 0.05, ""score_field"": ""average_log_probability""}, ""paa"": {""window_size"": 4}, ""probability"": {""epsilon"": 0.0001, ""smoothing"": true}, ""sax"": {""alphabet_size"": 3}, ""sliding_window"": {""size"": 4, ""stride"": 1}, ""unseen_pattern"": {""enabled"": true, ""method"": ""levenshtein""}}, ""dataset"": {""config"": {""drop_columns"": [""datetime"", ""changepoint"", ""source_group"", ""source_file""], ""group_column"": ""source_file"", ""split"": {""test"": 0.2, ""train"": 0.6, ""validation"": 0.2}, ""target_column"": ""anomaly"", ""valve_folders"": [""valve1"", ""valve2""]}, ""name"": ""SKAB""}, ""extra"": {""alphabet_size"": 4, ""window_size"": 5}, ""noise"": {""enabled"": true, ""gaussian_mean"": 0.0, ""gaussian_std"": 0.05}, ""preprocessing"": {""missing_data"": {""enabled"": true, ""strategy"": ""mean""}, ""pca"": {""enabled"": true, ""n_components"": 1}, ""scaler"": ""standard"", ""sequence_length"": 16, ""sequence_stride"": 1}, ""project"": {""device"": ""cuda"", ""random_seeds"": [999]}, ""run"": {""family"": ""AUTOMATA"", ""scenario"": ""parameter_analysis"", ""seed"": 999, ""split"": ""fold_2""}, ""training"": {""batch_size"": 32, ""early_stopping"": {""enabled"": true, ""patience"": 5}, ""epochs"": 50, ""optimizer"": ""adam""}}",SKAB,"[""valve1"", ""valve2""]",anomaly,"[""datetime"", ""changepoint"", ""source_group"", ""source_file""]",source_file,0.6,0.2,0.2,True,mean,standard,True,1,16,1,True,0.0,0.05,cuda,[999],32,50,True,5,adam,0.1,4,3,4,1,True,levenshtein,True,0.0001,average_log_probability,0.05,AUTOMATA,999,fold_2,parameter_analysis,5,4,,,
SKAB,999,fold_3,5,4,0.5555555555555556,0.18823529411764706,0.0471976401179941,0.07547169811320754,120,210,120,0.014583333333333334,38,"{""automata"": {""anomaly_threshold"": 0.1, ""decision"": {""fallback_quantile"": 0.05, ""score_field"": ""average_log_probability""}, ""paa"": {""window_size"": 4}, ""probability"": {""epsilon"": 0.0001, ""smoothing"": true}, ""sax"": {""alphabet_size"": 3}, ""sliding_window"": {""size"": 4, ""stride"": 1}, ""unseen_pattern"": {""enabled"": true, ""method"": ""levenshtein""}}, ""dataset"": {""config"": {""drop_columns"": [""datetime"", ""changepoint"", ""source_group"", ""source_file""], ""group_column"": ""source_file"", ""split"": {""test"": 0.2, ""train"": 0.6, ""validation"": 0.2}, ""target_column"": ""anomaly"", ""valve_folders"": [""valve1"", ""valve2""]}, ""name"": ""SKAB""}, ""extra"": {""alphabet_size"": 4, ""window_size"": 5}, ""noise"": {""enabled"": true, ""gaussian_mean"": 0.0, ""gaussian_std"": 0.05}, ""preprocessing"": {""missing_data"": {""enabled"": true, ""strategy"": ""mean""}, ""pca"": {""enabled"": true, ""n_components"": 1}, ""scaler"": ""standard"", ""sequence_length"": 16, ""sequence_stride"": 1}, ""project"": {""device"": ""cuda"", ""random_seeds"": [999]}, ""run"": {""family"": ""AUTOMATA"", ""scenario"": ""parameter_analysis"", ""seed"": 999, ""split"": ""fold_3""}, ""training"": {""batch_size"": 32, ""early_stopping"": {""enabled"": true, ""patience"": 5}, ""epochs"": 50, ""optimizer"": ""adam""}}",SKAB,"[""valve1"", ""valve2""]",anomaly,"[""datetime"", ""changepoint"", ""source_group"", ""source_file""]",source_file,0.6,0.2,0.2,True,mean,standard,True,1,16,1,True,0.0,0.05,cuda,[999],32,50,True,5,adam,0.1,4,3,4,1,True,levenshtein,True,0.0001,average_log_probability,0.05,AUTOMATA,999,fold_3,parameter_analysis,5,4,,,
SKAB,999,fold_4,5,4,0.5480662983425414,0.36551724137931035,0.3202416918429003,0.3413848631239936,109,180,109,0.01515023987879808,179,"{""automata"": {""anomaly_threshold"": 0.1, ""decision"": {""fallback_quantile"": 0.05, ""score_field"": ""average_log_probability""}, ""paa"": {""window_size"": 4}, ""probability"": {""epsilon"": 0.0001, ""smoothing"": true}, ""sax"": {""alphabet_size"": 3}, ""sliding_window"": {""size"": 4, ""stride"": 1}, ""unseen_pattern"": {""enabled"": true, ""method"": ""levenshtein""}}, ""dataset"": {""config"": {""drop_columns"": [""datetime"", ""changepoint"", ""source_group"", ""source_file""], ""group_column"": ""source_file"", ""split"": {""test"": 0.2, ""train"": 0.6, ""validation"": 0.2}, ""target_column"": ""anomaly"", ""valve_folders"": [""valve1"", ""valve2""]}, ""name"": ""SKAB""}, ""extra"": {""alphabet_size"": 4, ""window_size"": 5}, ""noise"": {""enabled"": true, ""gaussian_mean"": 0.0, ""gaussian_std"": 0.05}, ""preprocessing"": {""missing_data"": {""enabled"": true, ""strategy"": ""mean""}, ""pca"": {""enabled"": true, ""n_components"": 1}, ""scaler"": ""standard"", ""sequence_length"": 16, ""sequence_stride"": 1}, ""project"": {""device"": ""cuda"", ""random_seeds"": [999]}, ""run"": {""family"": ""AUTOMATA"", ""scenario"": ""parameter_analysis"", ""seed"": 999, ""split"": ""fold_4""}, ""training"": {""batch_size"": 32, ""early_stopping"": {""enabled"": true, ""patience"": 5}, ""epochs"": 50, ""optimizer"": ""adam""}}",SKAB,"[""valve1"", ""valve2""]",anomaly,"[""datetime"", ""changepoint"", ""source_group"", ""source_file""]",source_file,0.6,0.2,0.2,True,mean,standard,True,1,16,1,True,0.0,0.05,cuda,[999],32,50,True,5,adam,0.1,4,3,4,1,True,levenshtein,True,0.0001,average_log_probability,0.05,AUTOMATA,999,fold_4,parameter_analysis,5,4,,,
SKAB,999,fold_0,5,5,0.6086956521739131,0.23404255319148937,0.03374233128834356,0.058981233243967826,180,308,180,0.009506172839506173,20,"{""automata"": {""anomaly_threshold"": 0.1, ""decision"": {""fallback_quantile"": 0.05, ""score_field"": ""average_log_probability""}, ""paa"": {""window_size"": 4}, ""probability"": {""epsilon"": 0.0001, ""smoothing"": true}, ""sax"": {""alphabet_size"": 3}, ""sliding_window"": {""size"": 4, ""stride"": 1}, ""unseen_pattern"": {""enabled"": true, ""method"": ""levenshtein""}}, ""dataset"": {""config"": {""drop_columns"": [""datetime"", ""changepoint"", ""source_group"", ""source_file""], ""group_column"": ""source_file"", ""split"": {""test"": 0.2, ""train"": 0.6, ""validation"": 0.2}, ""target_column"": ""anomaly"", ""valve_folders"": [""valve1"", ""valve2""]}, ""name"": ""SKAB""}, ""extra"": {""alphabet_size"": 5, ""window_size"": 5}, ""noise"": {""enabled"": true, ""gaussian_mean"": 0.0, ""gaussian_std"": 0.05}, ""preprocessing"": {""missing_data"": {""enabled"": true, ""strategy"": ""mean""}, ""pca"": {""enabled"": true, ""n_components"": 1}, ""scaler"": ""standard"", ""sequence_length"": 16, ""sequence_stride"": 1}, ""project"": {""device"": ""cuda"", ""random_seeds"": [999]}, ""run"": {""family"": ""AUTOMATA"", ""scenario"": ""parameter_analysis"", ""seed"": 999, ""split"": ""fold_0""}, ""training"": {""batch_size"": 32, ""early_stopping"": {""enabled"": true, ""patience"": 5}, ""epochs"": 50, ""optimizer"": ""adam""}}",SKAB,"[""valve1"", ""valve2""]",anomaly,"[""datetime"", ""changepoint"", ""source_group"", ""source_file""]",source_file,0.6,0.2,0.2,True,mean,standard,True,1,16,1,True,0.0,0.05,cuda,[999],32,50,True,5,adam,0.1,4,3,4,1,True,levenshtein,True,0.0001,average_log_probability,0.05,AUTOMATA,999,fold_0,parameter_analysis,5,5,,,
SKAB,999,fold_1,5,5,0.6033519553072626,0.265625,0.052307692307692305,0.08740359897172237,162,278,162,0.010592897424173145,17,"{""automata"": {""anomaly_threshold"": 0.1, ""decision"": {""fallback_quantile"": 0.05, ""score_field"": ""average_log_probability""}, ""paa"": {""window_size"": 4}, ""probability"": {""epsilon"": 0.0001, ""smoothing"": true}, ""sax"": {""alphabet_size"": 3}, ""sliding_window"": {""size"": 4, ""stride"": 1}, ""unseen_pattern"": {""enabled"": true, ""method"": ""levenshtein""}}, ""dataset"": {""config"": {""drop_columns"": [""datetime"", ""changepoint"", ""source_group"", ""source_file""], ""group_column"": ""source_file"", ""split"": {""test"": 0.2, ""train"": 0.6, ""validation"": 0.2}, ""target_column"": ""anomaly"", ""valve_folders"": [""valve1"", ""valve2""]}, ""name"": ""SKAB""}, ""extra"": {""alphabet_size"": 5, ""window_size"": 5}, ""noise"": {""enabled"": true, ""gaussian_mean"": 0.0, ""gaussian_std"": 0.05}, ""preprocessing"": {""missing_data"": {""enabled"": true, ""strategy"": ""mean""}, ""pca"": {""enabled"": true, ""n_components"": 1}, ""scaler"": ""standard"", ""sequence_length"": 16, ""sequence_stride"": 1}, ""project"": {""device"": ""cuda"", ""random_seeds"": [999]}, ""run"": {""family"": ""AUTOMATA"", ""scenario"": ""parameter_analysis"", ""seed"": 999, ""split"": ""fold_1""}, ""training"": {""batch_size"": 32, ""early_stopping"": {""enabled"": true, ""patience"": 5}, ""epochs"": 50, ""optimizer"": ""adam""}}",SKAB,"[""valve1"", ""valve2""]",anomaly,"[""datetime"", ""changepoint"", ""source_group"", ""source_file""]",source_file,0.6,0.2,0.2,True,mean,standard,True,1,16,1,True,0.0,0.05,cuda,[999],32,50,True,5,adam,0.1,4,3,4,1,True,levenshtein,True,0.0001,average_log_probability,0.05,AUTOMATA,999,fold_1,parameter_analysis,5,5,,,
SKAB,999,fold_2,5,5,0.6035634743875279,0.21428571428571427,0.01764705882352941,0.03260869565217391,193,339,193,0.00910091546081774,4,"{""automata"": {""anomaly_threshold"": 0.1, ""decision"": {""fallback_quantile"": 0.05, ""score_field"": ""average_log_probability""}, ""paa"": {""window_size"": 4}, ""probability"": {""epsilon"": 0.0001, ""smoothing"": true}, ""sax"": {""alphabet_size"": 3}, ""sliding_window"": {""size"": 4, ""stride"": 1}, ""unseen_pattern"": {""enabled"": true, ""method"": ""levenshtein""}}, ""dataset"": {""config"": {""drop_columns"": [""datetime"", ""changepoint"", ""source_group"", ""source_file""], ""group_column"": ""source_file"", ""split"": {""test"": 0.2, ""train"": 0.6, ""validation"": 0.2}, ""target_column"": ""anomaly"", ""valve_folders"": [""valve1"", ""valve2""]}, ""name"": ""SKAB""}, ""extra"": {""alphabet_size"": 5, ""window_size"": 5}, ""noise"": {""enabled"": true, ""gaussian_mean"": 0.0, ""gaussian_std"": 0.05}, ""preprocessing"": {""missing_data"": {""enabled"": true, ""strategy"": ""mean""}, ""pca"": {""enabled"": true, ""n_components"": 1}, ""scaler"": ""standard"", ""sequence_length"": 16, ""sequence_stride"": 1}, ""project"": {""device"": ""cuda"", ""random_seeds"": [999]}, ""run"": {""family"": ""AUTOMATA"", ""scenario"": ""parameter_analysis"", ""seed"": 999, ""split"": ""fold_2""}, ""training"": {""batch_size"": 32, ""early_stopping"": {""enabled"": true, ""patience"": 5}, ""epochs"": 50, ""optimizer"": ""adam""}}",SKAB,"[""valve1"", ""valve2""]",anomaly,"[""datetime"", ""changepoint"", ""source_group"", ""source_file""]",source_file,0.6,0.2,0.2,True,mean,standard,True,1,16,1,True,0.0,0.05,cuda,[999],32,50,True,5,adam,0.1,4,3,4,1,True,levenshtein,True,0.0001,average_log_probability,0.05,AUTOMATA,999,fold_2,parameter_analysis,5,5,,,
SKAB,999,fold_3,5,5,0.5419501133786848,0.21238938053097345,0.07079646017699115,0.10619469026548672,182,322,182,0.009721048182586645,49,"{""automata"": {""anomaly_threshold"": 0.1, ""decision"": {""fallback_quantile"": 0.05, ""score_field"": ""average_log_probability""}, ""paa"": {""window_size"": 4}, ""probability"": {""epsilon"": 0.0001, ""smoothing"": true}, ""sax"": {""alphabet_size"": 3}, ""sliding_window"": {""size"": 4, ""stride"": 1}, ""unseen_pattern"": {""enabled"": true, ""method"": ""levenshtein""}}, ""dataset"": {""config"": {""drop_columns"": [""datetime"", ""changepoint"", ""source_group"", ""source_file""], ""group_column"": ""source_file"", ""split"": {""test"": 0.2, ""train"": 0.6, ""validation"": 0.2}, ""target_column"": ""anomaly"", ""valve_folders"": [""valve1"", ""valve2""]}, ""name"": ""SKAB""}, ""extra"": {""alphabet_size"": 5, ""window_size"": 5}, ""noise"": {""enabled"": true, ""gaussian_mean"": 0.0, ""gaussian_std"": 0.05}, ""preprocessing"": {""missing_data"": {""enabled"": true, ""strategy"": ""mean""}, ""pca"": {""enabled"": true, ""n_components"": 1}, ""scaler"": ""standard"", ""sequence_length"": 16, ""sequence_stride"": 1}, ""project"": {""device"": ""cuda"", ""random_seeds"": [999]}, ""run"": {""family"": ""AUTOMATA"", ""scenario"": ""parameter_analysis"", ""seed"": 999, ""split"": ""fold_3""}, ""training"": {""batch_size"": 32, ""early_stopping"": {""enabled"": true, ""patience"": 5}, ""epochs"": 50, ""optimizer"": ""adam""}}",SKAB,"[""valve1"", ""valve2""]",anomaly,"[""datetime"", ""changepoint"", ""source_group"", ""source_file""]",source_file,0.6,0.2,0.2,True,mean,standard,True,1,16,1,True,0.0,0.05,cuda,[999],32,50,True,5,adam,0.1,4,3,4,1,True,levenshtein,True,0.0001,average_log_probability,0.05,AUTOMATA,999,fold_3,parameter_analysis,5,5,,,
SKAB,999,fold_4,5,5,0.5469613259668509,0.3848396501457726,0.3987915407854985,0.3916913946587537,138,235,138,0.012339844570468389,277,"{""automata"": {""anomaly_threshold"": 0.1, ""decision"": {""fallback_quantile"": 0.05, ""score_field"": ""average_log_probability""}, ""paa"": {""window_size"": 4}, ""probability"": {""epsilon"": 0.0001, ""smoothing"": true}, ""sax"": {""alphabet_size"": 3}, ""sliding_window"": {""size"": 4, ""stride"": 1}, ""unseen_pattern"": {""enabled"": true, ""method"": ""levenshtein""}}, ""dataset"": {""config"": {""drop_columns"": [""datetime"", ""changepoint"", ""source_group"", ""source_file""], ""group_column"": ""source_file"", ""split"": {""test"": 0.2, ""train"": 0.6, ""validation"": 0.2}, ""target_column"": ""anomaly"", ""valve_folders"": [""valve1"", ""valve2""]}, ""name"": ""SKAB""}, ""extra"": {""alphabet_size"": 5, ""window_size"": 5}, ""noise"": {""enabled"": true, ""gaussian_mean"": 0.0, ""gaussian_std"": 0.05}, ""preprocessing"": {""missing_data"": {""enabled"": true, ""strategy"": ""mean""}, ""pca"": {""enabled"": true, ""n_components"": 1}, ""scaler"": ""standard"", ""sequence_length"": 16, ""sequence_stride"": 1}, ""project"": {""device"": ""cuda"", ""random_seeds"": [999]}, ""run"": {""family"": ""AUTOMATA"", ""scenario"": ""parameter_analysis"", ""seed"": 999, ""split"": ""fold_4""}, ""training"": {""batch_size"": 32, ""early_stopping"": {""enabled"": true, ""patience"": 5}, ""epochs"": 50, ""optimizer"": ""adam""}}",SKAB,"[""valve1"", ""valve2""]",anomaly,"[""datetime"", ""changepoint"", ""source_group"", ""source_file""]",source_file,0.6,0.2,0.2,True,mean,standard,True,1,16,1,True,0.0,0.05,cuda,[999],32,50,True,5,adam,0.1,4,3,4,1,True,levenshtein,True,0.0001,average_log_probability,0.05,AUTOMATA,999,fold_4,parameter_analysis,5,5,,,
SKAB,999,fold_0,5,6,0.6031215161649944,0.25,0.046012269938650305,0.07772020725388601,232,386,232,0.0071715219976218785,20,"{""automata"": {""anomaly_threshold"": 0.1, ""decision"": {""fallback_quantile"": 0.05, ""score_field"": ""average_log_probability""}, ""paa"": {""window_size"": 4}, ""probability"": {""epsilon"": 0.0001, ""smoothing"": true}, ""sax"": {""alphabet_size"": 3}, ""sliding_window"": {""size"": 4, ""stride"": 1}, ""unseen_pattern"": {""enabled"": true, ""method"": ""levenshtein""}}, ""dataset"": {""config"": {""drop_columns"": [""datetime"", ""changepoint"", ""source_group"", ""source_file""], ""group_column"": ""source_file"", ""split"": {""test"": 0.2, ""train"": 0.6, ""validation"": 0.2}, ""target_column"": ""anomaly"", ""valve_folders"": [""valve1"", ""valve2""]}, ""name"": ""SKAB""}, ""extra"": {""alphabet_size"": 6, ""window_size"": 5}, ""noise"": {""enabled"": true, ""gaussian_mean"": 0.0, ""gaussian_std"": 0.05}, ""preprocessing"": {""missing_data"": {""enabled"": true, ""strategy"": ""mean""}, ""pca"": {""enabled"": true, ""n_components"": 1}, ""scaler"": ""standard"", ""sequence_length"": 16, ""sequence_stride"": 1}, ""project"": {""device"": ""cuda"", ""random_seeds"": [999]}, ""run"": {""family"": ""AUTOMATA"", ""scenario"": ""parameter_analysis"", ""seed"": 999, ""split"": ""fold_0""}, ""training"": {""batch_size"": 32, ""early_stopping"": {""enabled"": true, ""patience"": 5}, ""epochs"": 50, ""optimizer"": ""adam""}}",SKAB,"[""valve1"", ""valve2""]",anomaly,"[""datetime"", ""changepoint"", ""source_group"", ""source_file""]",source_file,0.6,0.2,0.2,True,mean,standard,True,1,16,1,True,0.0,0.05,cuda,[999],32,50,True,5,adam,0.1,4,3,4,1,True,levenshtein,True,0.0001,average_log_probability,0.05,AUTOMATA,999,fold_0,parameter_analysis,5,6,,,
SKAB,999,fold_1,5,6,0.587709497206704,0.16666666666666666,0.033846153846153845,0.056265984654731455,220,380,220,0.007851239669421488,31,"{""automata"": {""anomaly_threshold"": 0.1, ""decision"": {""fallback_quantile"": 0.05, ""score_field"": ""average_log_probability""}, ""paa"": {""window_size"": 4}, ""probability"": {""epsilon"": 0.0001, ""smoothing"": true}, ""sax"": {""alphabet_size"": 3}, ""sliding_window"": {""size"": 4, ""stride"": 1}, ""unseen_pattern"": {""enabled"": true, ""method"": ""levenshtein""}}, ""dataset"": {""config"": {""drop_columns"": [""datetime"", ""changepoint"", ""source_group"", ""source_file""], ""group_column"": ""source_file"", ""split"": {""test"": 0.2, ""train"": 0.6, ""validation"": 0.2}, ""target_column"": ""anomaly"", ""valve_folders"": [""valve1"", ""valve2""]}, ""name"": ""SKAB""}, ""extra"": {""alphabet_size"": 6, ""window_size"": 5}, ""noise"": {""enabled"": true, ""gaussian_mean"": 0.0, ""gaussian_std"": 0.05}, ""preprocessing"": {""missing_data"": {""enabled"": true, ""strategy"": ""mean""}, ""pca"": {""enabled"": true, ""n_components"": 1}, ""scaler"": ""standard"", ""sequence_length"": 16, ""sequence_stride"": 1}, ""project"": {""device"": ""cuda"", ""random_seeds"": [999]}, ""run"": {""family"": ""AUTOMATA"", ""scenario"": ""parameter_analysis"", ""seed"": 999, ""split"": ""fold_1""}, ""training"": {""batch_size"": 32, ""early_stopping"": {""enabled"": true, ""patience"": 5}, ""epochs"": 50, ""optimizer"": ""adam""}}",SKAB,"[""valve1"", ""valve2""]",anomaly,"[""datetime"", ""changepoint"", ""source_group"", ""source_file""]",source_file,0.6,0.2,0.2,True,mean,standard,True,1,16,1,True,0.0,0.05,cuda,[999],32,50,True,5,adam,0.1,4,3,4,1,True,levenshtein,True,0.0001,average_log_probability,0.05,AUTOMATA,999,fold_1,parameter_analysis,5,6,,,
SKAB,999,fold_2,5,6,0.611358574610245,0.2631578947368421,0.014705882352941176,0.027855153203342618,277,442,277,0.0057605338268451305,4,"{""automata"": {""anomaly_threshold"": 0.1, ""decision"": {""fallback_quantile"": 0.05, ""score_field"": ""average_log_probability""}, ""paa"": {""window_size"": 4}, ""probability"": {""epsilon"": 0.0001, ""smoothing"": true}, ""sax"": {""alphabet_size"": 3}, ""sliding_window"": {""size"": 4, ""stride"": 1}, ""unseen_pattern"": {""enabled"": true, ""method"": ""levenshtein""}}, ""dataset"": {""config"": {""drop_columns"": [""datetime"", ""changepoint"", ""source_group"", ""source_file""], ""group_column"": ""source_file"", ""split"": {""test"": 0.2, ""train"": 0.6, ""validation"": 0.2}, ""target_column"": ""anomaly"", ""valve_folders"": [""valve1"", ""valve2""]}, ""name"": ""SKAB""}, ""extra"": {""alphabet_size"": 6, ""window_size"": 5}, ""noise"": {""enabled"": true, ""gaussian_mean"": 0.0, ""gaussian_std"": 0.05}, ""preprocessing"": {""missing_data"": {""enabled"": true, ""strategy"": ""mean""}, ""pca"": {""enabled"": true, ""n_components"": 1}, ""scaler"": ""standard"", ""sequence_length"": 16, ""sequence_stride"": 1}, ""project"": {""device"": ""cuda"", ""random_seeds"": [999]}, ""run"": {""family"": ""AUTOMATA"", ""scenario"": ""parameter_analysis"", ""seed"": 999, ""split"": ""fold_2""}, ""training"": {""batch_size"": 32, ""early_stopping"": {""enabled"": true, ""patience"": 5}, ""epochs"": 50, ""optimizer"": ""adam""}}",SKAB,"[""valve1"", ""valve2""]",anomaly,"[""datetime"", ""changepoint"", ""source_group"", ""source_file""]",source_file,0.6,0.2,0.2,True,mean,standard,True,1,16,1,True,0.0,0.05,cuda,[999],32,50,True,5,adam,0.1,4,3,4,1,True,levenshtein,True,0.0001,average_log_probability,0.05,AUTOMATA,999,fold_2,parameter_analysis,5,6,,,
SKAB,999,fold_3,5,6,0.5249433106575964,0.23333333333333334,0.10324483775811209,0.14314928425357873,247,426,247,0.006982576341195561,78,"{""automata"": {""anomaly_threshold"": 0.1, ""decision"": {""fallback_quantile"": 0.05, ""score_field"": ""average_log_probability""}, ""paa"": {""window_size"": 4}, ""probability"": {""epsilon"": 0.0001, ""smoothing"": true}, ""sax"": {""alphabet_size"": 3}, ""sliding_window"": {""size"": 4, ""stride"": 1}, ""unseen_pattern"": {""enabled"": true, ""method"": ""levenshtein""}}, ""dataset"": {""config"": {""drop_columns"": [""datetime"", ""changepoint"", ""source_group"", ""source_file""], ""group_column"": ""source_file"", ""split"": {""test"": 0.2, ""train"": 0.6, ""validation"": 0.2}, ""target_column"": ""anomaly"", ""valve_folders"": [""valve1"", ""valve2""]}, ""name"": ""SKAB""}, ""extra"": {""alphabet_size"": 6, ""window_size"": 5}, ""noise"": {""enabled"": true, ""gaussian_mean"": 0.0, ""gaussian_std"": 0.05}, ""preprocessing"": {""missing_data"": {""enabled"": true, ""strategy"": ""mean""}, ""pca"": {""enabled"": true, ""n_components"": 1}, ""scaler"": ""standard"", ""sequence_length"": 16, ""sequence_stride"": 1}, ""project"": {""device"": ""cuda"", ""random_seeds"": [999]}, ""run"": {""family"": ""AUTOMATA"", ""scenario"": ""parameter_analysis"", ""seed"": 999, ""split"": ""fold_3""}, ""training"": {""batch_size"": 32, ""early_stopping"": {""enabled"": true, ""patience"": 5}, ""epochs"": 50, ""optimizer"": ""adam""}}",SKAB,"[""valve1"", ""valve2""]",anomaly,"[""datetime"", ""changepoint"", ""source_group"", ""source_file""]",source_file,0.6,0.2,0.2,True,mean,standard,True,1,16,1,True,0.0,0.05,cuda,[999],32,50,True,5,adam,0.1,4,3,4,1,True,levenshtein,True,0.0001,average_log_probability,0.05,AUTOMATA,999,fold_3,parameter_analysis,5,6,,,
SKAB,999,fold_4,5,6,0.5259668508287293,0.3775,0.4561933534743202,0.4131326949384405,206,365,206,0.008601187670845509,343,"{""automata"": {""anomaly_threshold"": 0.1, ""decision"": {""fallback_quantile"": 0.05, ""score_field"": ""average_log_probability""}, ""paa"": {""window_size"": 4}, ""probability"": {""epsilon"": 0.0001, ""smoothing"": true}, ""sax"": {""alphabet_size"": 3}, ""sliding_window"": {""size"": 4, ""stride"": 1}, ""unseen_pattern"": {""enabled"": true, ""method"": ""levenshtein""}}, ""dataset"": {""config"": {""drop_columns"": [""datetime"", ""changepoint"", ""source_group"", ""source_file""], ""group_column"": ""source_file"", ""split"": {""test"": 0.2, ""train"": 0.6, ""validation"": 0.2}, ""target_column"": ""anomaly"", ""valve_folders"": [""valve1"", ""valve2""]}, ""name"": ""SKAB""}, ""extra"": {""alphabet_size"": 6, ""window_size"": 5}, ""noise"": {""enabled"": true, ""gaussian_mean"": 0.0, ""gaussian_std"": 0.05}, ""preprocessing"": {""missing_data"": {""enabled"": true, ""strategy"": ""mean""}, ""pca"": {""enabled"": true, ""n_components"": 1}, ""scaler"": ""standard"", ""sequence_length"": 16, ""sequence_stride"": 1}, ""project"": {""device"": ""cuda"", ""random_seeds"": [999]}, ""run"": {""family"": ""AUTOMATA"", ""scenario"": ""parameter_analysis"", ""seed"": 999, ""split"": ""fold_4""}, ""training"": {""batch_size"": 32, ""early_stopping"": {""enabled"": true, ""patience"": 5}, ""epochs"": 50, ""optimizer"": ""adam""}}",SKAB,"[""valve1"", ""valve2""]",anomaly,"[""datetime"", ""changepoint"", ""source_group"", ""source_file""]",source_file,0.6,0.2,0.2,True,mean,standard,True,1,16,1,True,0.0,0.05,cuda,[999],32,50,True,5,adam,0.1,4,3,4,1,True,levenshtein,True,0.0001,average_log_probability,0.05,AUTOMATA,999,fold_4,parameter_analysis,5,6,,,
SKAB,999,fold_0,6,3,0.5978552278820375,0.23076923076923078,0.03225806451612903,0.05660377358490566,127,210,127,0.01302002604005208,7,"{""automata"": {""anomaly_threshold"": 0.1, ""decision"": {""fallback_quantile"": 0.05, ""score_field"": ""average_log_probability""}, ""paa"": {""window_size"": 4}, ""probability"": {""epsilon"": 0.0001, ""smoothing"": true}, ""sax"": {""alphabet_size"": 3}, ""sliding_window"": {""size"": 4, ""stride"": 1}, ""unseen_pattern"": {""enabled"": true, ""method"": ""levenshtein""}}, ""dataset"": {""config"": {""drop_columns"": [""datetime"", ""changepoint"", ""source_group"", ""source_file""], ""group_column"": ""source_file"", ""split"": {""test"": 0.2, ""train"": 0.6, ""validation"": 0.2}, ""target_column"": ""anomaly"", ""valve_folders"": [""valve1"", ""valve2""]}, ""name"": ""SKAB""}, ""extra"": {""alphabet_size"": 3, ""window_size"": 6}, ""noise"": {""enabled"": true, ""gaussian_mean"": 0.0, ""gaussian_std"": 0.05}, ""preprocessing"": {""missing_data"": {""enabled"": true, ""strategy"": ""mean""}, ""pca"": {""enabled"": true, ""n_components"": 1}, ""scaler"": ""standard"", ""sequence_length"": 16, ""sequence_stride"": 1}, ""project"": {""device"": ""cuda"", ""random_seeds"": [999]}, ""run"": {""family"": ""AUTOMATA"", ""scenario"": ""parameter_analysis"", ""seed"": 999, ""split"": ""fold_0""}, ""training"": {""batch_size"": 32, ""early_stopping"": {""enabled"": true, ""patience"": 5}, ""epochs"": 50, ""optimizer"": ""adam""}}",SKAB,"[""valve1"", ""valve2""]",anomaly,"[""datetime"", ""changepoint"", ""source_group"", ""source_file""]",source_file,0.6,0.2,0.2,True,mean,standard,True,1,16,1,True,0.0,0.05,cuda,[999],32,50,True,5,adam,0.1,4,3,4,1,True,levenshtein,True,0.0001,average_log_probability,0.05,AUTOMATA,999,fold_0,parameter_analysis,6,3,,,
SKAB,999,fold_1,6,3,0.614247311827957,0.2857142857142857,0.02158273381294964,0.04013377926421405,110,183,110,0.015123966942148761,0,"{""automata"": {""anomaly_threshold"": 0.1, ""decision"": {""fallback_quantile"": 0.05, ""score_field"": ""average_log_probability""}, ""paa"": {""window_size"": 4}, ""probability"": {""epsilon"": 0.0001, ""smoothing"": true}, ""sax"": {""alphabet_size"": 3}, ""sliding_window"": {""size"": 4, ""stride"": 1}, ""unseen_pattern"": {""enabled"": true, ""method"": ""levenshtein""}}, ""dataset"": {""config"": {""drop_columns"": [""datetime"", ""changepoint"", ""source_group"", ""source_file""], ""group_column"": ""source_file"", ""split"": {""test"": 0.2, ""train"": 0.6, ""validation"": 0.2}, ""target_column"": ""anomaly"", ""valve_folders"": [""valve1"", ""valve2""]}, ""name"": ""SKAB""}, ""extra"": {""alphabet_size"": 3, ""window_size"": 6}, ""noise"": {""enabled"": true, ""gaussian_mean"": 0.0, ""gaussian_std"": 0.05}, ""preprocessing"": {""missing_data"": {""enabled"": true, ""strategy"": ""mean""}, ""pca"": {""enabled"": true, ""n_components"": 1}, ""scaler"": ""standard"", ""sequence_length"": 16, ""sequence_stride"": 1}, ""project"": {""device"": ""cuda"", ""random_seeds"": [999]}, ""run"": {""family"": ""AUTOMATA"", ""scenario"": ""parameter_analysis"", ""seed"": 999, ""split"": ""fold_1""}, ""training"": {""batch_size"": 32, ""early_stopping"": {""enabled"": true, ""patience"": 5}, ""epochs"": 50, ""optimizer"": ""adam""}}",SKAB,"[""valve1"", ""valve2""]",anomaly,"[""datetime"", ""changepoint"", ""source_group"", ""source_file""]",source_file,0.6,0.2,0.2,True,mean,standard,True,1,16,1,True,0.0,0.05,cuda,[999],32,50,True,5,adam,0.1,4,3,4,1,True,levenshtein,True,0.0001,average_log_probability,0.05,AUTOMATA,999,fold_1,parameter_analysis,6,3,,,
SKAB,999,fold_2,6,3,0.5983935742971888,0.3076923076923077,0.027586206896551724,0.05063291139240506,124,205,124,0.013332466181061394,4,"{""automata"": {""anomaly_threshold"": 0.1, ""decision"": {""fallback_quantile"": 0.05, ""score_field"": ""average_log_probability""}, ""paa"": {""window_size"": 4}, ""probability"": {""epsilon"": 0.0001, ""smoothing"": true}, ""sax"": {""alphabet_size"": 3}, ""sliding_window"": {""size"": 4, ""stride"": 1}, ""unseen_pattern"": {""enabled"": true, ""method"": ""levenshtein""}}, ""dataset"": {""config"": {""drop_columns"": [""datetime"", ""changepoint"", ""source_group"", ""source_file""], ""group_column"": ""source_file"", ""split"": {""test"": 0.2, ""train"": 0.6, ""validation"": 0.2}, ""target_column"": ""anomaly"", ""valve_folders"": [""valve1"", ""valve2""]}, ""name"": ""SKAB""}, ""extra"": {""alphabet_size"": 3, ""window_size"": 6}, ""noise"": {""enabled"": true, ""gaussian_mean"": 0.0, ""gaussian_std"": 0.05}, ""preprocessing"": {""missing_data"": {""enabled"": true, ""strategy"": ""mean""}, ""pca"": {""enabled"": true, ""n_components"": 1}, ""scaler"": ""standard"", ""sequence_length"": 16, ""sequence_stride"": 1}, ""project"": {""device"": ""cuda"", ""random_seeds"": [999]}, ""run"": {""family"": ""AUTOMATA"", ""scenario"": ""parameter_analysis"", ""seed"": 999, ""split"": ""fold_2""}, ""training"": {""batch_size"": 32, ""early_stopping"": {""enabled"": true, ""patience"": 5}, ""epochs"": 50, ""optimizer"": ""adam""}}",SKAB,"[""valve1"", ""valve2""]",anomaly,"[""datetime"", ""changepoint"", ""source_group"", ""source_file""]",source_file,0.6,0.2,0.2,True,mean,standard,True,1,16,1,True,0.0,0.05,cuda,[999],32,50,True,5,adam,0.1,4,3,4,1,True,levenshtein,True,0.0001,average_log_probability,0.05,AUTOMATA,999,fold_2,parameter_analysis,6,3,,,
SKAB,999,fold_3,6,3,0.5776566757493188,0.2727272727272727,0.041379310344827586,0.0718562874251497,113,182,113,0.014253269637403086,9,"{""automata"": {""anomaly_threshold"": 0.1, ""decision"": {""fallback_quantile"": 0.05, ""score_field"": ""average_log_probability""}, ""paa"": {""window_size"": 4}, ""probability"": {""epsilon"": 0.0001, ""smoothing"": true}, ""sax"": {""alphabet_size"": 3}, ""sliding_window"": {""size"": 4, ""stride"": 1}, ""unseen_pattern"": {""enabled"": true, ""method"": ""levenshtein""}}, ""dataset"": {""config"": {""drop_columns"": [""datetime"", ""changepoint"", ""source_group"", ""source_file""], ""group_column"": ""source_file"", ""split"": {""test"": 0.2, ""train"": 0.6, ""validation"": 0.2}, ""target_column"": ""anomaly"", ""valve_folders"": [""valve1"", ""valve2""]}, ""name"": ""SKAB""}, ""extra"": {""alphabet_size"": 3, ""window_size"": 6}, ""noise"": {""enabled"": true, ""gaussian_mean"": 0.0, ""gaussian_std"": 0.05}, ""preprocessing"": {""missing_data"": {""enabled"": true, ""strategy"": ""mean""}, ""pca"": {""enabled"": true, ""n_components"": 1}, ""scaler"": ""standard"", ""sequence_length"": 16, ""sequence_stride"": 1}, ""project"": {""device"": ""cuda"", ""random_seeds"": [999]}, ""run"": {""family"": ""AUTOMATA"", ""scenario"": ""parameter_analysis"", ""seed"": 999, ""split"": ""fold_3""}, ""training"": {""batch_size"": 32, ""early_stopping"": {""enabled"": true, ""patience"": 5}, ""epochs"": 50, ""optimizer"": ""adam""}}",SKAB,"[""valve1"", ""valve2""]",anomaly,"[""datetime"", ""changepoint"", ""source_group"", ""source_file""]",source_file,0.6,0.2,0.2,True,mean,standard,True,1,16,1,True,0.0,0.05,cuda,[999],32,50,True,5,adam,0.1,4,3,4,1,True,levenshtein,True,0.0001,average_log_probability,0.05,AUTOMATA,999,fold_3,parameter_analysis,6,3,,,
SKAB,999,fold_4,6,3,0.5425531914893617,0.36486486486486486,0.2852112676056338,0.3201581027667984,87,148,87,0.019553441669969612,193,"{""automata"": {""anomaly_threshold"": 0.1, ""decision"": {""fallback_quantile"": 0.05, ""score_field"": ""average_log_probability""}, ""paa"": {""window_size"": 4}, ""probability"": {""epsilon"": 0.0001, ""smoothing"": true}, ""sax"": {""alphabet_size"": 3}, ""sliding_window"": {""size"": 4, ""stride"": 1}, ""unseen_pattern"": {""enabled"": true, ""method"": ""levenshtein""}}, ""dataset"": {""config"": {""drop_columns"": [""datetime"", ""changepoint"", ""source_group"", ""source_file""], ""group_column"": ""source_file"", ""split"": {""test"": 0.2, ""train"": 0.6, ""validation"": 0.2}, ""target_column"": ""anomaly"", ""valve_folders"": [""valve1"", ""valve2""]}, ""name"": ""SKAB""}, ""extra"": {""alphabet_size"": 3, ""window_size"": 6}, ""noise"": {""enabled"": true, ""gaussian_mean"": 0.0, ""gaussian_std"": 0.05}, ""preprocessing"": {""missing_data"": {""enabled"": true, ""strategy"": ""mean""}, ""pca"": {""enabled"": true, ""n_components"": 1}, ""scaler"": ""standard"", ""sequence_length"": 16, ""sequence_stride"": 1}, ""project"": {""device"": ""cuda"", ""random_seeds"": [999]}, ""run"": {""family"": ""AUTOMATA"", ""scenario"": ""parameter_analysis"", ""seed"": 999, ""split"": ""fold_4""}, ""training"": {""batch_size"": 32, ""early_stopping"": {""enabled"": true, ""patience"": 5}, ""epochs"": 50, ""optimizer"": ""adam""}}",SKAB,"[""valve1"", ""valve2""]",anomaly,"[""datetime"", ""changepoint"", ""source_group"", ""source_file""]",source_file,0.6,0.2,0.2,True,mean,standard,True,1,16,1,True,0.0,0.05,cuda,[999],32,50,True,5,adam,0.1,4,3,4,1,True,levenshtein,True,0.0001,average_log_probability,0.05,AUTOMATA,999,fold_4,parameter_analysis,6,3,,,
SKAB,999,fold_0,6,4,0.5737265415549598,0.2,0.04659498207885305,0.0755813953488372,197,309,197,0.007962070653714345,17,"{""automata"": {""anomaly_threshold"": 0.1, ""decision"": {""fallback_quantile"": 0.05, ""score_field"": ""average_log_probability""}, ""paa"": {""window_size"": 4}, ""probability"": {""epsilon"": 0.0001, ""smoothing"": true}, ""sax"": {""alphabet_size"": 3}, ""sliding_window"": {""size"": 4, ""stride"": 1}, ""unseen_pattern"": {""enabled"": true, ""method"": ""levenshtein""}}, ""dataset"": {""config"": {""drop_columns"": [""datetime"", ""changepoint"", ""source_group"", ""source_file""], ""group_column"": ""source_file"", ""split"": {""test"": 0.2, ""train"": 0.6, ""validation"": 0.2}, ""target_column"": ""anomaly"", ""valve_folders"": [""valve1"", ""valve2""]}, ""name"": ""SKAB""}, ""extra"": {""alphabet_size"": 4, ""window_size"": 6}, ""noise"": {""enabled"": true, ""gaussian_mean"": 0.0, ""gaussian_std"": 0.05}, ""preprocessing"": {""missing_data"": {""enabled"": true, ""strategy"": ""mean""}, ""pca"": {""enabled"": true, ""n_components"": 1}, ""scaler"": ""standard"", ""sequence_length"": 16, ""sequence_stride"": 1}, ""project"": {""device"": ""cuda"", ""random_seeds"": [999]}, ""run"": {""family"": ""AUTOMATA"", ""scenario"": ""parameter_analysis"", ""seed"": 999, ""split"": ""fold_0""}, ""training"": {""batch_size"": 32, ""early_stopping"": {""enabled"": true, ""patience"": 5}, ""epochs"": 50, ""optimizer"": ""adam""}}",SKAB,"[""valve1"", ""valve2""]",anomaly,"[""datetime"", ""changepoint"", ""source_group"", ""source_file""]",source_file,0.6,0.2,0.2,True,mean,standard,True,1,16,1,True,0.0,0.05,cuda,[999],32,50,True,5,adam,0.1,4,3,4,1,True,levenshtein,True,0.0001,average_log_probability,0.05,AUTOMATA,999,fold_0,parameter_analysis,6,4,,,
SKAB,999,fold_1,6,4,0.5483870967741935,0.08571428571428572,0.02158273381294964,0.034482758620689655,185,289,185,0.008444119795471147,20,"{""automata"": {""anomaly_threshold"": 0.1, ""decision"": {""fallback_quantile"": 0.05, ""score_field"": ""average_log_probability""}, ""paa"": {""window_size"": 4}, ""probability"": {""epsilon"": 0.0001, ""smoothing"": true}, ""sax"": {""alphabet_size"": 3}, ""sliding_window"": {""size"": 4, ""stride"": 1}, ""unseen_pattern"": {""enabled"": true, ""method"": ""levenshtein""}}, ""dataset"": {""config"": {""drop_columns"": [""datetime"", ""changepoint"", ""source_group"", ""source_file""], ""group_column"": ""source_file"", ""split"": {""test"": 0.2, ""train"": 0.6, ""validation"": 0.2}, ""target_column"": ""anomaly"", ""valve_folders"": [""valve1"", ""valve2""]}, ""name"": ""SKAB""}, ""extra"": {""alphabet_size"": 4, ""window_size"": 6}, ""noise"": {""enabled"": true, ""gaussian_mean"": 0.0, ""gaussian_std"": 0.05}, ""preprocessing"": {""missing_data"": {""enabled"": true, ""strategy"": ""mean""}, ""pca"": {""enabled"": true, ""n_components"": 1}, ""scaler"": ""standard"", ""sequence_length"": 16, ""sequence_stride"": 1}, ""project"": {""device"": ""cuda"", ""random_seeds"": [999]}, ""run"": {""family"": ""AUTOMATA"", ""scenario"": ""parameter_analysis"", ""seed"": 999, ""split"": ""fold_1""}, ""training"": {""batch_size"": 32, ""early_stopping"": {""enabled"": true, ""patience"": 5}, ""epochs"": 50, ""optimizer"": ""adam""}}",SKAB,"[""valve1"", ""valve2""]",anomaly,"[""datetime"", ""changepoint"", ""source_group"", ""source_file""]",source_file,0.6,0.2,0.2,True,mean,standard,True,1,16,1,True,0.0,0.05,cuda,[999],32,50,True,5,adam,0.1,4,3,4,1,True,levenshtein,True,0.0001,average_log_probability,0.05,AUTOMATA,999,fold_1,parameter_analysis,6,4,,,
SKAB,999,fold_2,6,4,0.6050870147255689,0.3333333333333333,0.017241379310344827,0.03278688524590164,225,359,225,0.007091358024691358,5,"{""automata"": {""anomaly_threshold"": 0.1, ""decision"": {""fallback_quantile"": 0.05, ""score_field"": ""average_log_probability""}, ""paa"": {""window_size"": 4}, ""probability"": {""epsilon"": 0.0001, ""smoothing"": true}, ""sax"": {""alphabet_size"": 3}, ""sliding_window"": {""size"": 4, ""stride"": 1}, ""unseen_pattern"": {""enabled"": true, ""method"": ""levenshtein""}}, ""dataset"": {""config"": {""drop_columns"": [""datetime"", ""changepoint"", ""source_group"", ""source_file""], ""group_column"": ""source_file"", ""split"": {""test"": 0.2, ""train"": 0.6, ""validation"": 0.2}, ""target_column"": ""anomaly"", ""valve_folders"": [""valve1"", ""valve2""]}, ""name"": ""SKAB""}, ""extra"": {""alphabet_size"": 4, ""window_size"": 6}, ""noise"": {""enabled"": true, ""gaussian_mean"": 0.0, ""gaussian_std"": 0.05}, ""preprocessing"": {""missing_data"": {""enabled"": true, ""strategy"": ""mean""}, ""pca"": {""enabled"": true, ""n_components"": 1}, ""scaler"": ""standard"", ""sequence_length"": 16, ""sequence_stride"": 1}, ""project"": {""device"": ""cuda"", ""random_seeds"": [999]}, ""run"": {""family"": ""AUTOMATA"", ""scenario"": ""parameter_analysis"", ""seed"": 999, ""split"": ""fold_2""}, ""training"": {""batch_size"": 32, ""early_stopping"": {""enabled"": true, ""patience"": 5}, ""epochs"": 50, ""optimizer"": ""adam""}}",SKAB,"[""valve1"", ""valve2""]",anomaly,"[""datetime"", ""changepoint"", ""source_group"", ""source_file""]",source_file,0.6,0.2,0.2,True,mean,standard,True,1,16,1,True,0.0,0.05,cuda,[999],32,50,True,5,adam,0.1,4,3,4,1,True,levenshtein,True,0.0001,average_log_probability,0.05,AUTOMATA,999,fold_2,parameter_analysis,6,4,,,
SKAB,999,fold_3,6,4,0.5667574931880109,0.27419354838709675,0.05862068965517241,0.09659090909090909,198,311,198,0.007932863993470055,23,"{""automata"": {""anomaly_threshold"": 0.1, ""decision"": {""fallback_quantile"": 0.05, ""score_field"": ""average_log_probability""}, ""paa"": {""window_size"": 4}, ""probability"": {""epsilon"": 0.0001, ""smoothing"": true}, ""sax"": {""alphabet_size"": 3}, ""sliding_window"": {""size"": 4, ""stride"": 1}, ""unseen_pattern"": {""enabled"": true, ""method"": ""levenshtein""}}, ""dataset"": {""config"": {""drop_columns"": [""datetime"", ""changepoint"", ""source_group"", ""source_file""], ""group_column"": ""source_file"", ""split"": {""test"": 0.2, ""train"": 0.6, ""validation"": 0.2}, ""target_column"": ""anomaly"", ""valve_folders"": [""valve1"", ""valve2""]}, ""name"": ""SKAB""}, ""extra"": {""alphabet_size"": 4, ""window_size"": 6}, ""noise"": {""enabled"": true, ""gaussian_mean"": 0.0, ""gaussian_std"": 0.05}, ""preprocessing"": {""missing_data"": {""enabled"": true, ""strategy"": ""mean""}, ""pca"": {""enabled"": true, ""n_components"": 1}, ""scaler"": ""standard"", ""sequence_length"": 16, ""sequence_stride"": 1}, ""project"": {""device"": ""cuda"", ""random_seeds"": [999]}, ""run"": {""family"": ""AUTOMATA"", ""scenario"": ""parameter_analysis"", ""seed"": 999, ""split"": ""fold_3""}, ""training"": {""batch_size"": 32, ""early_stopping"": {""enabled"": true, ""patience"": 5}, ""epochs"": 50, ""optimizer"": ""adam""}}",SKAB,"[""valve1"", ""valve2""]",anomaly,"[""datetime"", ""changepoint"", ""source_group"", ""source_file""]",source_file,0.6,0.2,0.2,True,mean,standard,True,1,16,1,True,0.0,0.05,cuda,[999],32,50,True,5,adam,0.1,4,3,4,1,True,levenshtein,True,0.0001,average_log_probability,0.05,AUTOMATA,999,fold_3,parameter_analysis,6,4,,,
SKAB,999,fold_4,6,4,0.5811170212765957,0.43621399176954734,0.3732394366197183,0.40227703984819735,172,259,172,0.008754732287723093,190,"{""automata"": {""anomaly_threshold"": 0.1, ""decision"": {""fallback_quantile"": 0.05, ""score_field"": ""average_log_probability""}, ""paa"": {""window_size"": 4}, ""probability"": {""epsilon"": 0.0001, ""smoothing"": true}, ""sax"": {""alphabet_size"": 3}, ""sliding_window"": {""size"": 4, ""stride"": 1}, ""unseen_pattern"": {""enabled"": true, ""method"": ""levenshtein""}}, ""dataset"": {""config"": {""drop_columns"": [""datetime"", ""changepoint"", ""source_group"", ""source_file""], ""group_column"": ""source_file"", ""split"": {""test"": 0.2, ""train"": 0.6, ""validation"": 0.2}, ""target_column"": ""anomaly"", ""valve_folders"": [""valve1"", ""valve2""]}, ""name"": ""SKAB""}, ""extra"": {""alphabet_size"": 4, ""window_size"": 6}, ""noise"": {""enabled"": true, ""gaussian_mean"": 0.0, ""gaussian_std"": 0.05}, ""preprocessing"": {""missing_data"": {""enabled"": true, ""strategy"": ""mean""}, ""pca"": {""enabled"": true, ""n_components"": 1}, ""scaler"": ""standard"", ""sequence_length"": 16, ""sequence_stride"": 1}, ""project"": {""device"": ""cuda"", ""random_seeds"": [999]}, ""run"": {""family"": ""AUTOMATA"", ""scenario"": ""parameter_analysis"", ""seed"": 999, ""split"": ""fold_4""}, ""training"": {""batch_size"": 32, ""early_stopping"": {""enabled"": true, ""patience"": 5}, ""epochs"": 50, ""optimizer"": ""adam""}}",SKAB,"[""valve1"", ""valve2""]",anomaly,"[""datetime"", ""changepoint"", ""source_group"", ""source_file""]",source_file,0.6,0.2,0.2,True,mean,standard,True,1,16,1,True,0.0,0.05,cuda,[999],32,50,True,5,adam,0.1,4,3,4,1,True,levenshtein,True,0.0001,average_log_probability,0.05,AUTOMATA,999,fold_4,parameter_analysis,6,4,,,
SKAB,999,fold_0,6,5,0.5871313672922251,0.27692307692307694,0.06451612903225806,0.10465116279069768,257,402,257,0.006086390407121985,29,"{""automata"": {""anomaly_threshold"": 0.1, ""decision"": {""fallback_quantile"": 0.05, ""score_field"": ""average_log_probability""}, ""paa"": {""window_size"": 4}, ""probability"": {""epsilon"": 0.0001, ""smoothing"": true}, ""sax"": {""alphabet_size"": 3}, ""sliding_window"": {""size"": 4, ""stride"": 1}, ""unseen_pattern"": {""enabled"": true, ""method"": ""levenshtein""}}, ""dataset"": {""config"": {""drop_columns"": [""datetime"", ""changepoint"", ""source_group"", ""source_file""], ""group_column"": ""source_file"", ""split"": {""test"": 0.2, ""train"": 0.6, ""validation"": 0.2}, ""target_column"": ""anomaly"", ""valve_folders"": [""valve1"", ""valve2""]}, ""name"": ""SKAB""}, ""extra"": {""alphabet_size"": 5, ""window_size"": 6}, ""noise"": {""enabled"": true, ""gaussian_mean"": 0.0, ""gaussian_std"": 0.05}, ""preprocessing"": {""missing_data"": {""enabled"": true, ""strategy"": ""mean""}, ""pca"": {""enabled"": true, ""n_components"": 1}, ""scaler"": ""standard"", ""sequence_length"": 16, ""sequence_stride"": 1}, ""project"": {""device"": ""cuda"", ""random_seeds"": [999]}, ""run"": {""family"": ""AUTOMATA"", ""scenario"": ""parameter_analysis"", ""seed"": 999, ""split"": ""fold_0""}, ""training"": {""batch_size"": 32, ""early_stopping"": {""enabled"": true, ""patience"": 5}, ""epochs"": 50, ""optimizer"": ""adam""}}",SKAB,"[""valve1"", ""valve2""]",anomaly,"[""datetime"", ""changepoint"", ""source_group"", ""source_file""]",source_file,0.6,0.2,0.2,True,mean,standard,True,1,16,1,True,0.0,0.05,cuda,[999],32,50,True,5,adam,0.1,4,3,4,1,True,levenshtein,True,0.0001,average_log_probability,0.05,AUTOMATA,999,fold_0,parameter_analysis,6,5,,,
SKAB,999,fold_1,6,5,0.5806451612903226,0.2875,0.08273381294964029,0.12849162011173185,254,392,254,0.006076012152024304,35,"{""automata"": {""anomaly_threshold"": 0.1, ""decision"": {""fallback_quantile"": 0.05, ""score_field"": ""average_log_probability""}, ""paa"": {""window_size"": 4}, ""probability"": {""epsilon"": 0.0001, ""smoothing"": true}, ""sax"": {""alphabet_size"": 3}, ""sliding_window"": {""size"": 4, ""stride"": 1}, ""unseen_pattern"": {""enabled"": true, ""method"": ""levenshtein""}}, ""dataset"": {""config"": {""drop_columns"": [""datetime"", ""changepoint"", ""source_group"", ""source_file""], ""group_column"": ""source_file"", ""split"": {""test"": 0.2, ""train"": 0.6, ""validation"": 0.2}, ""target_column"": ""anomaly"", ""valve_folders"": [""valve1"", ""valve2""]}, ""name"": ""SKAB""}, ""extra"": {""alphabet_size"": 5, ""window_size"": 6}, ""noise"": {""enabled"": true, ""gaussian_mean"": 0.0, ""gaussian_std"": 0.05}, ""preprocessing"": {""missing_data"": {""enabled"": true, ""strategy"": ""mean""}, ""pca"": {""enabled"": true, ""n_components"": 1}, ""scaler"": ""standard"", ""sequence_length"": 16, ""sequence_stride"": 1}, ""project"": {""device"": ""cuda"", ""random_seeds"": [999]}, ""run"": {""family"": ""AUTOMATA"", ""scenario"": ""parameter_analysis"", ""seed"": 999, ""split"": ""fold_1""}, ""training"": {""batch_size"": 32, ""early_stopping"": {""enabled"": true, ""patience"": 5}, ""epochs"": 50, ""optimizer"": ""adam""}}",SKAB,"[""valve1"", ""valve2""]",anomaly,"[""datetime"", ""changepoint"", ""source_group"", ""source_file""]",source_file,0.6,0.2,0.2,True,mean,standard,True,1,16,1,True,0.0,0.05,cuda,[999],32,50,True,5,adam,0.1,4,3,4,1,True,levenshtein,True,0.0001,average_log_probability,0.05,AUTOMATA,999,fold_1,parameter_analysis,6,5,,,
SKAB,999,fold_2,6,5,0.5943775100401606,0.30303030303030304,0.034482758620689655,0.06191950464396285,298,447,297,0.0050335570469798654,4,"{""automata"": {""anomaly_threshold"": 0.1, ""decision"": {""fallback_quantile"": 0.05, ""score_field"": ""average_log_probability""}, ""paa"": {""window_size"": 4}, ""probability"": {""epsilon"": 0.0001, ""smoothing"": true}, ""sax"": {""alphabet_size"": 3}, ""sliding_window"": {""size"": 4, ""stride"": 1}, ""unseen_pattern"": {""enabled"": true, ""method"": ""levenshtein""}}, ""dataset"": {""config"": {""drop_columns"": [""datetime"", ""changepoint"", ""source_group"", ""source_file""], ""group_column"": ""source_file"", ""split"": {""test"": 0.2, ""train"": 0.6, ""validation"": 0.2}, ""target_column"": ""anomaly"", ""valve_folders"": [""valve1"", ""valve2""]}, ""name"": ""SKAB""}, ""extra"": {""alphabet_size"": 5, ""window_size"": 6}, ""noise"": {""enabled"": true, ""gaussian_mean"": 0.0, ""gaussian_std"": 0.05}, ""preprocessing"": {""missing_data"": {""enabled"": true, ""strategy"": ""mean""}, ""pca"": {""enabled"": true, ""n_components"": 1}, ""scaler"": ""standard"", ""sequence_length"": 16, ""sequence_stride"": 1}, ""project"": {""device"": ""cuda"", ""random_seeds"": [999]}, ""run"": {""family"": ""AUTOMATA"", ""scenario"": ""parameter_analysis"", ""seed"": 999, ""split"": ""fold_2""}, ""training"": {""batch_size"": 32, ""early_stopping"": {""enabled"": true, ""patience"": 5}, ""epochs"": 50, ""optimizer"": ""adam""}}",SKAB,"[""valve1"", ""valve2""]",anomaly,"[""datetime"", ""changepoint"", ""source_group"", ""source_file""]",source_file,0.6,0.2,0.2,True,mean,standard,True,1,16,1,True,0.0,0.05,cuda,[999],32,50,True,5,adam,0.1,4,3,4,1,True,levenshtein,True,0.0001,average_log_probability,0.05,AUTOMATA,999,fold_2,parameter_analysis,6,5,,,
SKAB,999,fold_3,6,5,0.5313351498637602,0.2127659574468085,0.06896551724137931,0.10416666666666667,289,463,289,0.005543516001963578,59,"{""automata"": {""anomaly_threshold"": 0.1, ""decision"": {""fallback_quantile"": 0.05, ""score_field"": ""average_log_probability""}, ""paa"": {""window_size"": 4}, ""probability"": {""epsilon"": 0.0001, ""smoothing"": true}, ""sax"": {""alphabet_size"": 3}, ""sliding_window"": {""size"": 4, ""stride"": 1}, ""unseen_pattern"": {""enabled"": true, ""method"": ""levenshtein""}}, ""dataset"": {""config"": {""drop_columns"": [""datetime"", ""changepoint"", ""source_group"", ""source_file""], ""group_column"": ""source_file"", ""split"": {""test"": 0.2, ""train"": 0.6, ""validation"": 0.2}, ""target_column"": ""anomaly"", ""valve_folders"": [""valve1"", ""valve2""]}, ""name"": ""SKAB""}, ""extra"": {""alphabet_size"": 5, ""window_size"": 6}, ""noise"": {""enabled"": true, ""gaussian_mean"": 0.0, ""gaussian_std"": 0.05}, ""preprocessing"": {""missing_data"": {""enabled"": true, ""strategy"": ""mean""}, ""pca"": {""enabled"": true, ""n_components"": 1}, ""scaler"": ""standard"", ""sequence_length"": 16, ""sequence_stride"": 1}, ""project"": {""device"": ""cuda"", ""random_seeds"": [999]}, ""run"": {""family"": ""AUTOMATA"", ""scenario"": ""parameter_analysis"", ""seed"": 999, ""split"": ""fold_3""}, ""training"": {""batch_size"": 32, ""early_stopping"": {""enabled"": true, ""patience"": 5}, ""epochs"": 50, ""optimizer"": ""adam""}}",SKAB,"[""valve1"", ""valve2""]",anomaly,"[""datetime"", ""changepoint"", ""source_group"", ""source_file""]",source_file,0.6,0.2,0.2,True,mean,standard,True,1,16,1,True,0.0,0.05,cuda,[999],32,50,True,5,adam,0.1,4,3,4,1,True,levenshtein,True,0.0001,average_log_probability,0.05,AUTOMATA,999,fold_3,parameter_analysis,6,5,,,
SKAB,999,fold_4,6,5,0.5518617021276596,0.40569395017793597,0.4014084507042254,0.40353982300884955,222,358,222,0.007264020777534291,252,"{""automata"": {""anomaly_threshold"": 0.1, ""decision"": {""fallback_quantile"": 0.05, ""score_field"": ""average_log_probability""}, ""paa"": {""window_size"": 4}, ""probability"": {""epsilon"": 0.0001, ""smoothing"": true}, ""sax"": {""alphabet_size"": 3}, ""sliding_window"": {""size"": 4, ""stride"": 1}, ""unseen_pattern"": {""enabled"": true, ""method"": ""levenshtein""}}, ""dataset"": {""config"": {""drop_columns"": [""datetime"", ""changepoint"", ""source_group"", ""source_file""], ""group_column"": ""source_file"", ""split"": {""test"": 0.2, ""train"": 0.6, ""validation"": 0.2}, ""target_column"": ""anomaly"", ""valve_folders"": [""valve1"", ""valve2""]}, ""name"": ""SKAB""}, ""extra"": {""alphabet_size"": 5, ""window_size"": 6}, ""noise"": {""enabled"": true, ""gaussian_mean"": 0.0, ""gaussian_std"": 0.05}, ""preprocessing"": {""missing_data"": {""enabled"": true, ""strategy"": ""mean""}, ""pca"": {""enabled"": true, ""n_components"": 1}, ""scaler"": ""standard"", ""sequence_length"": 16, ""sequence_stride"": 1}, ""project"": {""device"": ""cuda"", ""random_seeds"": [999]}, ""run"": {""family"": ""AUTOMATA"", ""scenario"": ""parameter_analysis"", ""seed"": 999, ""split"": ""fold_4""}, ""training"": {""batch_size"": 32, ""early_stopping"": {""enabled"": true, ""patience"": 5}, ""epochs"": 50, ""optimizer"": ""adam""}}",SKAB,"[""valve1"", ""valve2""]",anomaly,"[""datetime"", ""changepoint"", ""source_group"", ""source_file""]",source_file,0.6,0.2,0.2,True,mean,standard,True,1,16,1,True,0.0,0.05,cuda,[999],32,50,True,5,adam,0.1,4,3,4,1,True,levenshtein,True,0.0001,average_log_probability,0.05,AUTOMATA,999,fold_4,parameter_analysis,6,5,,,
SKAB,999,fold_0,6,6,0.5428954423592494,0.20754716981132076,0.07885304659498207,0.11428571428571428,347,537,347,0.004459799516647427,50,"{""automata"": {""anomaly_threshold"": 0.1, ""decision"": {""fallback_quantile"": 0.05, ""score_field"": ""average_log_probability""}, ""paa"": {""window_size"": 4}, ""probability"": {""epsilon"": 0.0001, ""smoothing"": true}, ""sax"": {""alphabet_size"": 3}, ""sliding_window"": {""size"": 4, ""stride"": 1}, ""unseen_pattern"": {""enabled"": true, ""method"": ""levenshtein""}}, ""dataset"": {""config"": {""drop_columns"": [""datetime"", ""changepoint"", ""source_group"", ""source_file""], ""group_column"": ""source_file"", ""split"": {""test"": 0.2, ""train"": 0.6, ""validation"": 0.2}, ""target_column"": ""anomaly"", ""valve_folders"": [""valve1"", ""valve2""]}, ""name"": ""SKAB""}, ""extra"": {""alphabet_size"": 6, ""window_size"": 6}, ""noise"": {""enabled"": true, ""gaussian_mean"": 0.0, ""gaussian_std"": 0.05}, ""preprocessing"": {""missing_data"": {""enabled"": true, ""strategy"": ""mean""}, ""pca"": {""enabled"": true, ""n_components"": 1}, ""scaler"": ""standard"", ""sequence_length"": 16, ""sequence_stride"": 1}, ""project"": {""device"": ""cuda"", ""random_seeds"": [999]}, ""run"": {""family"": ""AUTOMATA"", ""scenario"": ""parameter_analysis"", ""seed"": 999, ""split"": ""fold_0""}, ""training"": {""batch_size"": 32, ""early_stopping"": {""enabled"": true, ""patience"": 5}, ""epochs"": 50, ""optimizer"": ""adam""}}",SKAB,"[""valve1"", ""valve2""]",anomaly,"[""datetime"", ""changepoint"", ""source_group"", ""source_file""]",source_file,0.6,0.2,0.2,True,mean,standard,True,1,16,1,True,0.0,0.05,cuda,[999],32,50,True,5,adam,0.1,4,3,4,1,True,levenshtein,True,0.0001,average_log_probability,0.05,AUTOMATA,999,fold_0,parameter_analysis,6,6,,,
SKAB,999,fold_1,6,6,0.6021505376344086,0.375,0.09712230215827339,0.15428571428571428,334,520,334,0.004661336010613503,35,"{""automata"": {""anomaly_threshold"": 0.1, ""decision"": {""fallback_quantile"": 0.05, ""score_field"": ""average_log_probability""}, ""paa"": {""window_size"": 4}, ""probability"": {""epsilon"": 0.0001, ""smoothing"": true}, ""sax"": {""alphabet_size"": 3}, ""sliding_window"": {""size"": 4, ""stride"": 1}, ""unseen_pattern"": {""enabled"": true, ""method"": ""levenshtein""}}, ""dataset"": {""config"": {""drop_columns"": [""datetime"", ""changepoint"", ""source_group"", ""source_file""], ""group_column"": ""source_file"", ""split"": {""test"": 0.2, ""train"": 0.6, ""validation"": 0.2}, ""target_column"": ""anomaly"", ""valve_folders"": [""valve1"", ""valve2""]}, ""name"": ""SKAB""}, ""extra"": {""alphabet_size"": 6, ""window_size"": 6}, ""noise"": {""enabled"": true, ""gaussian_mean"": 0.0, ""gaussian_std"": 0.05}, ""preprocessing"": {""missing_data"": {""enabled"": true, ""strategy"": ""mean""}, ""pca"": {""enabled"": true, ""n_components"": 1}, ""scaler"": ""standard"", ""sequence_length"": 16, ""sequence_stride"": 1}, ""project"": {""device"": ""cuda"", ""random_seeds"": [999]}, ""run"": {""family"": ""AUTOMATA"", ""scenario"": ""parameter_analysis"", ""seed"": 999, ""split"": ""fold_1""}, ""training"": {""batch_size"": 32, ""early_stopping"": {""enabled"": true, ""patience"": 5}, ""epochs"": 50, ""optimizer"": ""adam""}}",SKAB,"[""valve1"", ""valve2""]",anomaly,"[""datetime"", ""changepoint"", ""source_group"", ""source_file""]",source_file,0.6,0.2,0.2,True,mean,standard,True,1,16,1,True,0.0,0.05,cuda,[999],32,50,True,5,adam,0.1,4,3,4,1,True,levenshtein,True,0.0001,average_log_probability,0.05,AUTOMATA,999,fold_1,parameter_analysis,6,6,,,
SKAB,999,fold_2,6,6,0.6091030789825971,0.4772727272727273,0.07241379310344828,0.12574850299401197,423,623,423,0.0034818279876375545,7,"{""automata"": {""anomaly_threshold"": 0.1, ""decision"": {""fallback_quantile"": 0.05, ""score_field"": ""average_log_probability""}, ""paa"": {""window_size"": 4}, ""probability"": {""epsilon"": 0.0001, ""smoothing"": true}, ""sax"": {""alphabet_size"": 3}, ""sliding_window"": {""size"": 4, ""stride"": 1}, ""unseen_pattern"": {""enabled"": true, ""method"": ""levenshtein""}}, ""dataset"": {""config"": {""drop_columns"": [""datetime"", ""changepoint"", ""source_group"", ""source_file""], ""group_column"": ""source_file"", ""split"": {""test"": 0.2, ""train"": 0.6, ""validation"": 0.2}, ""target_column"": ""anomaly"", ""valve_folders"": [""valve1"", ""valve2""]}, ""name"": ""SKAB""}, ""extra"": {""alphabet_size"": 6, ""window_size"": 6}, ""noise"": {""enabled"": true, ""gaussian_mean"": 0.0, ""gaussian_std"": 0.05}, ""preprocessing"": {""missing_data"": {""enabled"": true, ""strategy"": ""mean""}, ""pca"": {""enabled"": true, ""n_components"": 1}, ""scaler"": ""standard"", ""sequence_length"": 16, ""sequence_stride"": 1}, ""project"": {""device"": ""cuda"", ""random_seeds"": [999]}, ""run"": {""family"": ""AUTOMATA"", ""scenario"": ""parameter_analysis"", ""seed"": 999, ""split"": ""fold_2""}, ""training"": {""batch_size"": 32, ""early_stopping"": {""enabled"": true, ""patience"": 5}, ""epochs"": 50, ""optimizer"": ""adam""}}",SKAB,"[""valve1"", ""valve2""]",anomaly,"[""datetime"", ""changepoint"", ""source_group"", ""source_file""]",source_file,0.6,0.2,0.2,True,mean,standard,True,1,16,1,True,0.0,0.05,cuda,[999],32,50,True,5,adam,0.1,4,3,4,1,True,levenshtein,True,0.0001,average_log_probability,0.05,AUTOMATA,999,fold_2,parameter_analysis,6,6,,,
SKAB,999,fold_3,6,6,0.45231607629427795,0.15432098765432098,0.08620689655172414,0.11061946902654868,400,585,400,0.00365625,114,"{""automata"": {""anomaly_threshold"": 0.1, ""decision"": {""fallback_quantile"": 0.05, ""score_field"": ""average_log_probability""}, ""paa"": {""window_size"": 4}, ""probability"": {""epsilon"": 0.0001, ""smoothing"": true}, ""sax"": {""alphabet_size"": 3}, ""sliding_window"": {""size"": 4, ""stride"": 1}, ""unseen_pattern"": {""enabled"": true, ""method"": ""levenshtein""}}, ""dataset"": {""config"": {""drop_columns"": [""datetime"", ""changepoint"", ""source_group"", ""source_file""], ""group_column"": ""source_file"", ""split"": {""test"": 0.2, ""train"": 0.6, ""validation"": 0.2}, ""target_column"": ""anomaly"", ""valve_folders"": [""valve1"", ""valve2""]}, ""name"": ""SKAB""}, ""extra"": {""alphabet_size"": 6, ""window_size"": 6}, ""noise"": {""enabled"": true, ""gaussian_mean"": 0.0, ""gaussian_std"": 0.05}, ""preprocessing"": {""missing_data"": {""enabled"": true, ""strategy"": ""mean""}, ""pca"": {""enabled"": true, ""n_components"": 1}, ""scaler"": ""standard"", ""sequence_length"": 16, ""sequence_stride"": 1}, ""project"": {""device"": ""cuda"", ""random_seeds"": [999]}, ""run"": {""family"": ""AUTOMATA"", ""scenario"": ""parameter_analysis"", ""seed"": 999, ""split"": ""fold_3""}, ""training"": {""batch_size"": 32, ""early_stopping"": {""enabled"": true, ""patience"": 5}, ""epochs"": 50, ""optimizer"": ""adam""}}",SKAB,"[""valve1"", ""valve2""]",anomaly,"[""datetime"", ""changepoint"", ""source_group"", ""source_file""]",source_file,0.6,0.2,0.2,True,mean,standard,True,1,16,1,True,0.0,0.05,cuda,[999],32,50,True,5,adam,0.1,4,3,4,1,True,levenshtein,True,0.0001,average_log_probability,0.05,AUTOMATA,999,fold_3,parameter_analysis,6,6,,,
SKAB,999,fold_4,6,6,0.5412234042553191,0.41952506596306066,0.5598591549295775,0.4796380090497738,313,492,313,0.005021996754075268,350,"{""automata"": {""anomaly_threshold"": 0.1, ""decision"": {""fallback_quantile"": 0.05, ""score_field"": ""average_log_probability""}, ""paa"": {""window_size"": 4}, ""probability"": {""epsilon"": 0.0001, ""smoothing"": true}, ""sax"": {""alphabet_size"": 3}, ""sliding_window"": {""size"": 4, ""stride"": 1}, ""unseen_pattern"": {""enabled"": true, ""method"": ""levenshtein""}}, ""dataset"": {""config"": {""drop_columns"": [""datetime"", ""changepoint"", ""source_group"", ""source_file""], ""group_column"": ""source_file"", ""split"": {""test"": 0.2, ""train"": 0.6, ""validation"": 0.2}, ""target_column"": ""anomaly"", ""valve_folders"": [""valve1"", ""valve2""]}, ""name"": ""SKAB""}, ""extra"": {""alphabet_size"": 6, ""window_size"": 6}, ""noise"": {""enabled"": true, ""gaussian_mean"": 0.0, ""gaussian_std"": 0.05}, ""preprocessing"": {""missing_data"": {""enabled"": true, ""strategy"": ""mean""}, ""pca"": {""enabled"": true, ""n_components"": 1}, ""scaler"": ""standard"", ""sequence_length"": 16, ""sequence_stride"": 1}, ""project"": {""device"": ""cuda"", ""random_seeds"": [999]}, ""run"": {""family"": ""AUTOMATA"", ""scenario"": ""parameter_analysis"", ""seed"": 999, ""split"": ""fold_4""}, ""training"": {""batch_size"": 32, ""early_stopping"": {""enabled"": true, ""patience"": 5}, ""epochs"": 50, ""optimizer"": ""adam""}}",SKAB,"[""valve1"", ""valve2""]",anomaly,"[""datetime"", ""changepoint"", ""source_group"", ""source_file""]",source_file,0.6,0.2,0.2,True,mean,standard,True,1,16,1,True,0.0,0.05,cuda,[999],32,50,True,5,adam,0.1,4,3,4,1,True,levenshtein,True,0.0001,average_log_probability,0.05,AUTOMATA,999,fold_4,parameter_analysis,6,6,,,
BATADAL,999,test,3,3,0.8483754512635379,0.2916666666666667,0.21875,0.25,26,71,26,0.10502958579881656,1,"{""automata"": {""anomaly_threshold"": 0.1, ""decision"": {""fallback_quantile"": 0.05, ""score_field"": ""average_log_probability""}, ""paa"": {""window_size"": 4}, ""probability"": {""epsilon"": 0.0001, ""smoothing"": true}, ""sax"": {""alphabet_size"": 3}, ""sliding_window"": {""size"": 4, ""stride"": 1}, ""unseen_pattern"": {""enabled"": true, ""method"": ""levenshtein""}}, ""dataset"": {""config"": {""anomaly_label_value"": 1, ""drop_columns"": [""DATETIME""], ""normal_label_value"": -999, ""split"": {""test"": 0.2, ""train"": 0.6, ""validation"": 0.2}, ""target_column"": ""ATT_FLAG"", ""train_file"": ""BATADAL_dataset04.csv""}, ""name"": ""BATADAL""}, ""extra"": {""alphabet_size"": 3, ""window_size"": 3}, ""noise"": {""enabled"": true, ""gaussian_mean"": 0.0, ""gaussian_std"": 0.05}, ""preprocessing"": {""missing_data"": {""enabled"": true, ""strategy"": ""mean""}, ""pca"": {""enabled"": true, ""n_components"": 1}, ""scaler"": ""standard"", ""sequence_length"": 16, ""sequence_stride"": 1}, ""project"": {""device"": ""cuda"", ""random_seeds"": [999]}, ""run"": {""family"": ""AUTOMATA"", ""scenario"": ""parameter_analysis"", ""seed"": 999, ""split"": ""test""}, ""training"": {""batch_size"": 32, ""early_stopping"": {""enabled"": true, ""patience"": 5}, ""epochs"": 50, ""optimizer"": ""adam""}}",BATADAL,,ATT_FLAG,"[""DATETIME""]",,0.6,0.2,0.2,True,mean,standard,True,1,16,1,True,0.0,0.05,cuda,[999],32,50,True,5,adam,0.1,4,3,4,1,True,levenshtein,True,0.0001,average_log_probability,0.05,AUTOMATA,999,test,parameter_analysis,3,3,BATADAL_dataset04.csv,-999.0,1.0
BATADAL,999,test,3,4,0.7328519855595668,0.125,0.21875,0.1590909090909091,59,174,59,0.04998563631140477,3,"{""automata"": {""anomaly_threshold"": 0.1, ""decision"": {""fallback_quantile"": 0.05, ""score_field"": ""average_log_probability""}, ""paa"": {""window_size"": 4}, ""probability"": {""epsilon"": 0.0001, ""smoothing"": true}, ""sax"": {""alphabet_size"": 3}, ""sliding_window"": {""size"": 4, ""stride"": 1}, ""unseen_pattern"": {""enabled"": true, ""method"": ""levenshtein""}}, ""dataset"": {""config"": {""anomaly_label_value"": 1, ""drop_columns"": [""DATETIME""], ""normal_label_value"": -999, ""split"": {""test"": 0.2, ""train"": 0.6, ""validation"": 0.2}, ""target_column"": ""ATT_FLAG"", ""train_file"": ""BATADAL_dataset04.csv""}, ""name"": ""BATADAL""}, ""extra"": {""alphabet_size"": 4, ""window_size"": 3}, ""noise"": {""enabled"": true, ""gaussian_mean"": 0.0, ""gaussian_std"": 0.05}, ""preprocessing"": {""missing_data"": {""enabled"": true, ""strategy"": ""mean""}, ""pca"": {""enabled"": true, ""n_components"": 1}, ""scaler"": ""standard"", ""sequence_length"": 16, ""sequence_stride"": 1}, ""project"": {""device"": ""cuda"", ""random_seeds"": [999]}, ""run"": {""family"": ""AUTOMATA"", ""scenario"": ""parameter_analysis"", ""seed"": 999, ""split"": ""test""}, ""training"": {""batch_size"": 32, ""early_stopping"": {""enabled"": true, ""patience"": 5}, ""epochs"": 50, ""optimizer"": ""adam""}}",BATADAL,,ATT_FLAG,"[""DATETIME""]",,0.6,0.2,0.2,True,mean,standard,True,1,16,1,True,0.0,0.05,cuda,[999],32,50,True,5,adam,0.1,4,3,4,1,True,levenshtein,True,0.0001,average_log_probability,0.05,AUTOMATA,999,test,parameter_analysis,3,4,BATADAL_dataset04.csv,-999.0,1.0
BATADAL,999,test,3,5,0.5992779783393501,0.11650485436893204,0.375,0.17777777777777778,112,306,112,0.024394132653061226,4,"{""automata"": {""anomaly_threshold"": 0.1, ""decision"": {""fallback_quantile"": 0.05, ""score_field"": ""average_log_probability""}, ""paa"": {""window_size"": 4}, ""probability"": {""epsilon"": 0.0001, ""smoothing"": true}, ""sax"": {""alphabet_size"": 3}, ""sliding_window"": {""size"": 4, ""stride"": 1}, ""unseen_pattern"": {""enabled"": true, ""method"": ""levenshtein""}}, ""dataset"": {""config"": {""anomaly_label_value"": 1, ""drop_columns"": [""DATETIME""], ""normal_label_value"": -999, ""split"": {""test"": 0.2, ""train"": 0.6, ""validation"": 0.2}, ""target_column"": ""ATT_FLAG"", ""train_file"": ""BATADAL_dataset04.csv""}, ""name"": ""BATADAL""}, ""extra"": {""alphabet_size"": 5, ""window_size"": 3}, ""noise"": {""enabled"": true, ""gaussian_mean"": 0.0, ""gaussian_std"": 0.05}, ""preprocessing"": {""missing_data"": {""enabled"": true, ""strategy"": ""mean""}, ""pca"": {""enabled"": true, ""n_components"": 1}, ""scaler"": ""standard"", ""sequence_length"": 16, ""sequence_stride"": 1}, ""project"": {""device"": ""cuda"", ""random_seeds"": [999]}, ""run"": {""family"": ""AUTOMATA"", ""scenario"": ""parameter_analysis"", ""seed"": 999, ""split"": ""test""}, ""training"": {""batch_size"": 32, ""early_stopping"": {""enabled"": true, ""patience"": 5}, ""epochs"": 50, ""optimizer"": ""adam""}}",BATADAL,,ATT_FLAG,"[""DATETIME""]",,0.6,0.2,0.2,True,mean,standard,True,1,16,1,True,0.0,0.05,cuda,[999],32,50,True,5,adam,0.1,4,3,4,1,True,levenshtein,True,0.0001,average_log_probability,0.05,AUTOMATA,999,test,parameter_analysis,3,5,BATADAL_dataset04.csv,-999.0,1.0
BATADAL,999,test,3,6,0.5595667870036101,0.11206896551724138,0.40625,0.17567567567567569,178,465,178,0.014676177250347179,8,"{""automata"": {""anomaly_threshold"": 0.1, ""decision"": {""fallback_quantile"": 0.05, ""score_field"": ""average_log_probability""}, ""paa"": {""window_size"": 4}, ""probability"": {""epsilon"": 0.0001, ""smoothing"": true}, ""sax"": {""alphabet_size"": 3}, ""sliding_window"": {""size"": 4, ""stride"": 1}, ""unseen_pattern"": {""enabled"": true, ""method"": ""levenshtein""}}, ""dataset"": {""config"": {""anomaly_label_value"": 1, ""drop_columns"": [""DATETIME""], ""normal_label_value"": -999, ""split"": {""test"": 0.2, ""train"": 0.6, ""validation"": 0.2}, ""target_column"": ""ATT_FLAG"", ""train_file"": ""BATADAL_dataset04.csv""}, ""name"": ""BATADAL""}, ""extra"": {""alphabet_size"": 6, ""window_size"": 3}, ""noise"": {""enabled"": true, ""gaussian_mean"": 0.0, ""gaussian_std"": 0.05}, ""preprocessing"": {""missing_data"": {""enabled"": true, ""strategy"": ""mean""}, ""pca"": {""enabled"": true, ""n_components"": 1}, ""scaler"": ""standard"", ""sequence_length"": 16, ""sequence_stride"": 1}, ""project"": {""device"": ""cuda"", ""random_seeds"": [999]}, ""run"": {""family"": ""AUTOMATA"", ""scenario"": ""parameter_analysis"", ""seed"": 999, ""split"": ""test""}, ""training"": {""batch_size"": 32, ""early_stopping"": {""enabled"": true, ""patience"": 5}, ""epochs"": 50, ""optimizer"": ""adam""}}",BATADAL,,ATT_FLAG,"[""DATETIME""]",,0.6,0.2,0.2,True,mean,standard,True,1,16,1,True,0.0,0.05,cuda,[999],32,50,True,5,adam,0.1,4,3,4,1,True,levenshtein,True,0.0001,average_log_probability,0.05,AUTOMATA,999,test,parameter_analysis,3,6,BATADAL_dataset04.csv,-999.0,1.0
BATADAL,999,test,4,3,0.7281553398058253,0.22,0.39285714285714285,0.28205128205128205,76,151,76,0.026142659279778394,9,"{""automata"": {""anomaly_threshold"": 0.1, ""decision"": {""fallback_quantile"": 0.05, ""score_field"": ""average_log_probability""}, ""paa"": {""window_size"": 4}, ""probability"": {""epsilon"": 0.0001, ""smoothing"": true}, ""sax"": {""alphabet_size"": 3}, ""sliding_window"": {""size"": 4, ""stride"": 1}, ""unseen_pattern"": {""enabled"": true, ""method"": ""levenshtein""}}, ""dataset"": {""config"": {""anomaly_label_value"": 1, ""drop_columns"": [""DATETIME""], ""normal_label_value"": -999, ""split"": {""test"": 0.2, ""train"": 0.6, ""validation"": 0.2}, ""target_column"": ""ATT_FLAG"", ""train_file"": ""BATADAL_dataset04.csv""}, ""name"": ""BATADAL""}, ""extra"": {""alphabet_size"": 3, ""window_size"": 4}, ""noise"": {""enabled"": true, ""gaussian_mean"": 0.0, ""gaussian_std"": 0.05}, ""preprocessing"": {""missing_data"": {""enabled"": true, ""strategy"": ""mean""}, ""pca"": {""enabled"": true, ""n_components"": 1}, ""scaler"": ""standard"", ""sequence_length"": 16, ""sequence_stride"": 1}, ""project"": {""device"": ""cuda"", ""random_seeds"": [999]}, ""run"": {""family"": ""AUTOMATA"", ""scenario"": ""parameter_analysis"", ""seed"": 999, ""split"": ""test""}, ""training"": {""batch_size"": 32, ""early_stopping"": {""enabled"": true, ""patience"": 5}, ""epochs"": 50, ""optimizer"": ""adam""}}",BATADAL,,ATT_FLAG,"[""DATETIME""]",,0.6,0.2,0.2,True,mean,standard,True,1,16,1,True,0.0,0.05,cuda,[999],32,50,True,5,adam,0.1,4,3,4,1,True,levenshtein,True,0.0001,average_log_probability,0.05,AUTOMATA,999,test,parameter_analysis,4,3,BATADAL_dataset04.csv,-999.0,1.0
BATADAL,999,test,4,4,0.5825242718446602,0.19791666666666666,0.6785714285714286,0.3064516129032258,175,292,175,0.00953469387755102,46,"{""automata"": {""anomaly_threshold"": 0.1, ""decision"": {""fallback_quantile"": 0.05, ""score_field"": ""average_log_probability""}, ""paa"": {""window_size"": 4}, ""probability"": {""epsilon"": 0.0001, ""smoothing"": true}, ""sax"": {""alphabet_size"": 3}, ""sliding_window"": {""size"": 4, ""stride"": 1}, ""unseen_pattern"": {""enabled"": true, ""method"": ""levenshtein""}}, ""dataset"": {""config"": {""anomaly_label_value"": 1, ""drop_columns"": [""DATETIME""], ""normal_label_value"": -999, ""split"": {""test"": 0.2, ""train"": 0.6, ""validation"": 0.2}, ""target_column"": ""ATT_FLAG"", ""train_file"": ""BATADAL_dataset04.csv""}, ""name"": ""BATADAL""}, ""extra"": {""alphabet_size"": 4, ""window_size"": 4}, ""noise"": {""enabled"": true, ""gaussian_mean"": 0.0, ""gaussian_std"": 0.05}, ""preprocessing"": {""missing_data"": {""enabled"": true, ""strategy"": ""mean""}, ""pca"": {""enabled"": true, ""n_components"": 1}, ""scaler"": ""standard"", ""sequence_length"": 16, ""sequence_stride"": 1}, ""project"": {""device"": ""cuda"", ""random_seeds"": [999]}, ""run"": {""family"": ""AUTOMATA"", ""scenario"": ""parameter_analysis"", ""seed"": 999, ""split"": ""test""}, ""training"": {""batch_size"": 32, ""early_stopping"": {""enabled"": true, ""patience"": 5}, ""epochs"": 50, ""optimizer"": ""adam""}}",BATADAL,,ATT_FLAG,"[""DATETIME""]",,0.6,0.2,0.2,True,mean,standard,True,1,16,1,True,0.0,0.05,cuda,[999],32,50,True,5,adam,0.1,4,3,4,1,True,levenshtein,True,0.0001,average_log_probability,0.05,AUTOMATA,999,test,parameter_analysis,4,4,BATADAL_dataset04.csv,-999.0,1.0
BATADAL,999,test,4,5,0.4320388349514563,0.144,0.6428571428571429,0.23529411764705882,258,390,258,0.005859022895258698,87,"{""automata"": {""anomaly_threshold"": 0.1, ""decision"": {""fallback_quantile"": 0.05, ""score_field"": ""average_log_probability""}, ""paa"": {""window_size"": 4}, ""probability"": {""epsilon"": 0.0001, ""smoothing"": true}, ""sax"": {""alphabet_size"": 3}, ""sliding_window"": {""size"": 4, ""stride"": 1}, ""unseen_pattern"": {""enabled"": true, ""method"": ""levenshtein""}}, ""dataset"": {""config"": {""anomaly_label_value"": 1, ""drop_columns"": [""DATETIME""], ""normal_label_value"": -999, ""split"": {""test"": 0.2, ""train"": 0.6, ""validation"": 0.2}, ""target_column"": ""ATT_FLAG"", ""train_file"": ""BATADAL_dataset04.csv""}, ""name"": ""BATADAL""}, ""extra"": {""alphabet_size"": 5, ""window_size"": 4}, ""noise"": {""enabled"": true, ""gaussian_mean"": 0.0, ""gaussian_std"": 0.05}, ""preprocessing"": {""missing_data"": {""enabled"": true, ""strategy"": ""mean""}, ""pca"": {""enabled"": true, ""n_components"": 1}, ""scaler"": ""standard"", ""sequence_length"": 16, ""sequence_stride"": 1}, ""project"": {""device"": ""cuda"", ""random_seeds"": [999]}, ""run"": {""family"": ""AUTOMATA"", ""scenario"": ""parameter_analysis"", ""seed"": 999, ""split"": ""test""}, ""training"": {""batch_size"": 32, ""early_stopping"": {""enabled"": true, ""patience"": 5}, ""epochs"": 50, ""optimizer"": ""adam""}}",BATADAL,,ATT_FLAG,"[""DATETIME""]",,0.6,0.2,0.2,True,mean,standard,True,1,16,1,True,0.0,0.05,cuda,[999],32,50,True,5,adam,0.1,4,3,4,1,True,levenshtein,True,0.0001,average_log_probability,0.05,AUTOMATA,999,test,parameter_analysis,4,5,BATADAL_dataset04.csv,-999.0,1.0
BATADAL,999,test,4,6,0.3592233009708738,0.15333333333333332,0.8214285714285714,0.25842696629213485,340,458,340,0.003961937716262976,110,"{""automata"": {""anomaly_threshold"": 0.1, ""decision"": {""fallback_quantile"": 0.05, ""score_field"": ""average_log_probability""}, ""paa"": {""window_size"": 4}, ""probability"": {""epsilon"": 0.0001, ""smoothing"": true}, ""sax"": {""alphabet_size"": 3}, ""sliding_window"": {""size"": 4, ""stride"": 1}, ""unseen_pattern"": {""enabled"": true, ""method"": ""levenshtein""}}, ""dataset"": {""config"": {""anomaly_label_value"": 1, ""drop_columns"": [""DATETIME""], ""normal_label_value"": -999, ""split"": {""test"": 0.2, ""train"": 0.6, ""validation"": 0.2}, ""target_column"": ""ATT_FLAG"", ""train_file"": ""BATADAL_dataset04.csv""}, ""name"": ""BATADAL""}, ""extra"": {""alphabet_size"": 6, ""window_size"": 4}, ""noise"": {""enabled"": true, ""gaussian_mean"": 0.0, ""gaussian_std"": 0.05}, ""preprocessing"": {""missing_data"": {""enabled"": true, ""strategy"": ""mean""}, ""pca"": {""enabled"": true, ""n_components"": 1}, ""scaler"": ""standard"", ""sequence_length"": 16, ""sequence_stride"": 1}, ""project"": {""device"": ""cuda"", ""random_seeds"": [999]}, ""run"": {""family"": ""AUTOMATA"", ""scenario"": ""parameter_analysis"", ""seed"": 999, ""split"": ""test""}, ""training"": {""batch_size"": 32, ""early_stopping"": {""enabled"": true, ""patience"": 5}, ""epochs"": 50, ""optimizer"": ""adam""}}",BATADAL,,ATT_FLAG,"[""DATETIME""]",,0.6,0.2,0.2,True,mean,standard,True,1,16,1,True,0.0,0.05,cuda,[999],32,50,True,5,adam,0.1,4,3,4,1,True,levenshtein,True,0.0001,average_log_probability,0.05,AUTOMATA,999,test,parameter_analysis,4,6,BATADAL_dataset04.csv,-999.0,1.0
BATADAL,999,test,5,3,0.5792682926829268,0.041666666666666664,0.08,0.0547945205479452,166,254,166,0.009217593264624764,22,"{""automata"": {""anomaly_threshold"": 0.1, ""decision"": {""fallback_quantile"": 0.05, ""score_field"": ""average_log_probability""}, ""paa"": {""window_size"": 4}, ""probability"": {""epsilon"": 0.0001, ""smoothing"": true}, ""sax"": {""alphabet_size"": 3}, ""sliding_window"": {""size"": 4, ""stride"": 1}, ""unseen_pattern"": {""enabled"": true, ""method"": ""levenshtein""}}, ""dataset"": {""config"": {""anomaly_label_value"": 1, ""drop_columns"": [""DATETIME""], ""normal_label_value"": -999, ""split"": {""test"": 0.2, ""train"": 0.6, ""validation"": 0.2}, ""target_column"": ""ATT_FLAG"", ""train_file"": ""BATADAL_dataset04.csv""}, ""name"": ""BATADAL""}, ""extra"": {""alphabet_size"": 3, ""window_size"": 5}, ""noise"": {""enabled"": true, ""gaussian_mean"": 0.0, ""gaussian_std"": 0.05}, ""preprocessing"": {""missing_data"": {""enabled"": true, ""strategy"": ""mean""}, ""pca"": {""enabled"": true, ""n_components"": 1}, ""scaler"": ""standard"", ""sequence_length"": 16, ""sequence_stride"": 1}, ""project"": {""device"": ""cuda"", ""random_seeds"": [999]}, ""run"": {""family"": ""AUTOMATA"", ""scenario"": ""parameter_analysis"", ""seed"": 999, ""split"": ""test""}, ""training"": {""batch_size"": 32, ""early_stopping"": {""enabled"": true, ""patience"": 5}, ""epochs"": 50, ""optimizer"": ""adam""}}",BATADAL,,ATT_FLAG,"[""DATETIME""]",,0.6,0.2,0.2,True,mean,standard,True,1,16,1,True,0.0,0.05,cuda,[999],32,50,True,5,adam,0.1,4,3,4,1,True,levenshtein,True,0.0001,average_log_probability,0.05,AUTOMATA,999,test,parameter_analysis,5,3,BATADAL_dataset04.csv,-999.0,1.0
BATADAL,999,test,5,4,0.5060975609756098,0.18888888888888888,0.68,0.2956521739130435,298,375,298,0.004222782757533444,56,"{""automata"": {""anomaly_threshold"": 0.1, ""decision"": {""fallback_quantile"": 0.05, ""score_field"": ""average_log_probability""}, ""paa"": {""window_size"": 4}, ""probability"": {""epsilon"": 0.0001, ""smoothing"": true}, ""sax"": {""alphabet_size"": 3}, ""sliding_window"": {""size"": 4, ""stride"": 1}, ""unseen_pattern"": {""enabled"": true, ""method"": ""levenshtein""}}, ""dataset"": {""config"": {""anomaly_label_value"": 1, ""drop_columns"": [""DATETIME""], ""normal_label_value"": -999, ""split"": {""test"": 0.2, ""train"": 0.6, ""validation"": 0.2}, ""target_column"": ""ATT_FLAG"", ""train_file"": ""BATADAL_dataset04.csv""}, ""name"": ""BATADAL""}, ""extra"": {""alphabet_size"": 4, ""window_size"": 5}, ""noise"": {""enabled"": true, ""gaussian_mean"": 0.0, ""gaussian_std"": 0.05}, ""preprocessing"": {""missing_data"": {""enabled"": true, ""strategy"": ""mean""}, ""pca"": {""enabled"": true, ""n_components"": 1}, ""scaler"": ""standard"", ""sequence_length"": 16, ""sequence_stride"": 1}, ""project"": {""device"": ""cuda"", ""random_seeds"": [999]}, ""run"": {""family"": ""AUTOMATA"", ""scenario"": ""parameter_analysis"", ""seed"": 999, ""split"": ""test""}, ""training"": {""batch_size"": 32, ""early_stopping"": {""enabled"": true, ""patience"": 5}, ""epochs"": 50, ""optimizer"": ""adam""}}",BATADAL,,ATT_FLAG,"[""DATETIME""]",,0.6,0.2,0.2,True,mean,standard,True,1,16,1,True,0.0,0.05,cuda,[999],32,50,True,5,adam,0.1,4,3,4,1,True,levenshtein,True,0.0001,average_log_probability,0.05,AUTOMATA,999,test,parameter_analysis,5,4,BATADAL_dataset04.csv,-999.0,1.0
BATADAL,999,test,5,5,0.25,0.15,0.84,0.2545454545454545,368,426,367,0.0031456758034026466,131,"{""automata"": {""anomaly_threshold"": 0.1, ""decision"": {""fallback_quantile"": 0.05, ""score_field"": ""average_log_probability""}, ""paa"": {""window_size"": 4}, ""probability"": {""epsilon"": 0.0001, ""smoothing"": true}, ""sax"": {""alphabet_size"": 3}, ""sliding_window"": {""size"": 4, ""stride"": 1}, ""unseen_pattern"": {""enabled"": true, ""method"": ""levenshtein""}}, ""dataset"": {""config"": {""anomaly_label_value"": 1, ""drop_columns"": [""DATETIME""], ""normal_label_value"": -999, ""split"": {""test"": 0.2, ""train"": 0.6, ""validation"": 0.2}, ""target_column"": ""ATT_FLAG"", ""train_file"": ""BATADAL_dataset04.csv""}, ""name"": ""BATADAL""}, ""extra"": {""alphabet_size"": 5, ""window_size"": 5}, ""noise"": {""enabled"": true, ""gaussian_mean"": 0.0, ""gaussian_std"": 0.05}, ""preprocessing"": {""missing_data"": {""enabled"": true, ""strategy"": ""mean""}, ""pca"": {""enabled"": true, ""n_components"": 1}, ""scaler"": ""standard"", ""sequence_length"": 16, ""sequence_stride"": 1}, ""project"": {""device"": ""cuda"", ""random_seeds"": [999]}, ""run"": {""family"": ""AUTOMATA"", ""scenario"": ""parameter_analysis"", ""seed"": 999, ""split"": ""test""}, ""training"": {""batch_size"": 32, ""early_stopping"": {""enabled"": true, ""patience"": 5}, ""epochs"": 50, ""optimizer"": ""adam""}}",BATADAL,,ATT_FLAG,"[""DATETIME""]",,0.6,0.2,0.2,True,mean,standard,True,1,16,1,True,0.0,0.05,cuda,[999],32,50,True,5,adam,0.1,4,3,4,1,True,levenshtein,True,0.0001,average_log_probability,0.05,AUTOMATA,999,test,parameter_analysis,5,5,BATADAL_dataset04.csv,-999.0,1.0
BATADAL,999,test,5,6,0.21951219512195122,0.15894039735099338,0.96,0.2727272727272727,421,459,421,0.0025896942581005522,143,"{""automata"": {""anomaly_threshold"": 0.1, ""decision"": {""fallback_quantile"": 0.05, ""score_field"": ""average_log_probability""}, ""paa"": {""window_size"": 4}, ""probability"": {""epsilon"": 0.0001, ""smoothing"": true}, ""sax"": {""alphabet_size"": 3}, ""sliding_window"": {""size"": 4, ""stride"": 1}, ""unseen_pattern"": {""enabled"": true, ""method"": ""levenshtein""}}, ""dataset"": {""config"": {""anomaly_label_value"": 1, ""drop_columns"": [""DATETIME""], ""normal_label_value"": -999, ""split"": {""test"": 0.2, ""train"": 0.6, ""validation"": 0.2}, ""target_column"": ""ATT_FLAG"", ""train_file"": ""BATADAL_dataset04.csv""}, ""name"": ""BATADAL""}, ""extra"": {""alphabet_size"": 6, ""window_size"": 5}, ""noise"": {""enabled"": true, ""gaussian_mean"": 0.0, ""gaussian_std"": 0.05}, ""preprocessing"": {""missing_data"": {""enabled"": true, ""strategy"": ""mean""}, ""pca"": {""enabled"": true, ""n_components"": 1}, ""scaler"": ""standard"", ""sequence_length"": 16, ""sequence_stride"": 1}, ""project"": {""device"": ""cuda"", ""random_seeds"": [999]}, ""run"": {""family"": ""AUTOMATA"", ""scenario"": ""parameter_analysis"", ""seed"": 999, ""split"": ""test""}, ""training"": {""batch_size"": 32, ""early_stopping"": {""enabled"": true, ""patience"": 5}, ""epochs"": 50, ""optimizer"": ""adam""}}",BATADAL,,ATT_FLAG,"[""DATETIME""]",,0.6,0.2,0.2,True,mean,standard,True,1,16,1,True,0.0,0.05,cuda,[999],32,50,True,5,adam,0.1,4,3,4,1,True,levenshtein,True,0.0001,average_log_probability,0.05,AUTOMATA,999,test,parameter_analysis,5,6,BATADAL_dataset04.csv,-999.0,1.0
BATADAL,999,test,6,3,0.5111111111111111,0.25301204819277107,0.84,0.3888888888888889,206,267,206,0.00629182769346781,66,"{""automata"": {""anomaly_threshold"": 0.1, ""decision"": {""fallback_quantile"": 0.05, ""score_field"": ""average_log_probability""}, ""paa"": {""window_size"": 4}, ""probability"": {""epsilon"": 0.0001, ""smoothing"": true}, ""sax"": {""alphabet_size"": 3}, ""sliding_window"": {""size"": 4, ""stride"": 1}, ""unseen_pattern"": {""enabled"": true, ""method"": ""levenshtein""}}, ""dataset"": {""config"": {""anomaly_label_value"": 1, ""drop_columns"": [""DATETIME""], ""normal_label_value"": -999, ""split"": {""test"": 0.2, ""train"": 0.6, ""validation"": 0.2}, ""target_column"": ""ATT_FLAG"", ""train_file"": ""BATADAL_dataset04.csv""}, ""name"": ""BATADAL""}, ""extra"": {""alphabet_size"": 3, ""window_size"": 6}, ""noise"": {""enabled"": true, ""gaussian_mean"": 0.0, ""gaussian_std"": 0.05}, ""preprocessing"": {""missing_data"": {""enabled"": true, ""strategy"": ""mean""}, ""pca"": {""enabled"": true, ""n_components"": 1}, ""scaler"": ""standard"", ""sequence_length"": 16, ""sequence_stride"": 1}, ""project"": {""device"": ""cuda"", ""random_seeds"": [999]}, ""run"": {""family"": ""AUTOMATA"", ""scenario"": ""parameter_analysis"", ""seed"": 999, ""split"": ""test""}, ""training"": {""batch_size"": 32, ""early_stopping"": {""enabled"": true, ""patience"": 5}, ""epochs"": 50, ""optimizer"": ""adam""}}",BATADAL,,ATT_FLAG,"[""DATETIME""]",,0.6,0.2,0.2,True,mean,standard,True,1,16,1,True,0.0,0.05,cuda,[999],32,50,True,5,adam,0.1,4,3,4,1,True,levenshtein,True,0.0001,average_log_probability,0.05,AUTOMATA,999,test,parameter_analysis,6,3,BATADAL_dataset04.csv,-999.0,1.0
BATADAL,999,test,6,4,0.26666666666666666,0.19672131147540983,0.96,0.32653061224489793,304,353,304,0.0038196849030470914,109,"{""automata"": {""anomaly_threshold"": 0.1, ""decision"": {""fallback_quantile"": 0.05, ""score_field"": ""average_log_probability""}, ""paa"": {""window_size"": 4}, ""probability"": {""epsilon"": 0.0001, ""smoothing"": true}, ""sax"": {""alphabet_size"": 3}, ""sliding_window"": {""size"": 4, ""stride"": 1}, ""unseen_pattern"": {""enabled"": true, ""method"": ""levenshtein""}}, ""dataset"": {""config"": {""anomaly_label_value"": 1, ""drop_columns"": [""DATETIME""], ""normal_label_value"": -999, ""split"": {""test"": 0.2, ""train"": 0.6, ""validation"": 0.2}, ""target_column"": ""ATT_FLAG"", ""train_file"": ""BATADAL_dataset04.csv""}, ""name"": ""BATADAL""}, ""extra"": {""alphabet_size"": 4, ""window_size"": 6}, ""noise"": {""enabled"": true, ""gaussian_mean"": 0.0, ""gaussian_std"": 0.05}, ""preprocessing"": {""missing_data"": {""enabled"": true, ""strategy"": ""mean""}, ""pca"": {""enabled"": true, ""n_components"": 1}, ""scaler"": ""standard"", ""sequence_length"": 16, ""sequence_stride"": 1}, ""project"": {""device"": ""cuda"", ""random_seeds"": [999]}, ""run"": {""family"": ""AUTOMATA"", ""scenario"": ""parameter_analysis"", ""seed"": 999, ""split"": ""test""}, ""training"": {""batch_size"": 32, ""early_stopping"": {""enabled"": true, ""patience"": 5}, ""epochs"": 50, ""optimizer"": ""adam""}}",BATADAL,,ATT_FLAG,"[""DATETIME""]",,0.6,0.2,0.2,True,mean,standard,True,1,16,1,True,0.0,0.05,cuda,[999],32,50,True,5,adam,0.1,4,3,4,1,True,levenshtein,True,0.0001,average_log_probability,0.05,AUTOMATA,999,test,parameter_analysis,6,4,BATADAL_dataset04.csv,-999.0,1.0
BATADAL,999,test,6,5,0.2222222222222222,0.19230769230769232,1.0,0.3225806451612903,342,374,341,0.003197565062754352,129,"{""automata"": {""anomaly_threshold"": 0.1, ""decision"": {""fallback_quantile"": 0.05, ""score_field"": ""average_log_probability""}, ""paa"": {""window_size"": 4}, ""probability"": {""epsilon"": 0.0001, ""smoothing"": true}, ""sax"": {""alphabet_size"": 3}, ""sliding_window"": {""size"": 4, ""stride"": 1}, ""unseen_pattern"": {""enabled"": true, ""method"": ""levenshtein""}}, ""dataset"": {""config"": {""anomaly_label_value"": 1, ""drop_columns"": [""DATETIME""], ""normal_label_value"": -999, ""split"": {""test"": 0.2, ""train"": 0.6, ""validation"": 0.2}, ""target_column"": ""ATT_FLAG"", ""train_file"": ""BATADAL_dataset04.csv""}, ""name"": ""BATADAL""}, ""extra"": {""alphabet_size"": 5, ""window_size"": 6}, ""noise"": {""enabled"": true, ""gaussian_mean"": 0.0, ""gaussian_std"": 0.05}, ""preprocessing"": {""missing_data"": {""enabled"": true, ""strategy"": ""mean""}, ""pca"": {""enabled"": true, ""n_components"": 1}, ""scaler"": ""standard"", ""sequence_length"": 16, ""sequence_stride"": 1}, ""project"": {""device"": ""cuda"", ""random_seeds"": [999]}, ""run"": {""family"": ""AUTOMATA"", ""scenario"": ""parameter_analysis"", ""seed"": 999, ""split"": ""test""}, ""training"": {""batch_size"": 32, ""early_stopping"": {""enabled"": true, ""patience"": 5}, ""epochs"": 50, ""optimizer"": ""adam""}}",BATADAL,,ATT_FLAG,"[""DATETIME""]",,0.6,0.2,0.2,True,mean,standard,True,1,16,1,True,0.0,0.05,cuda,[999],32,50,True,5,adam,0.1,4,3,4,1,True,levenshtein,True,0.0001,average_log_probability,0.05,AUTOMATA,999,test,parameter_analysis,6,5,BATADAL_dataset04.csv,-999.0,1.0
BATADAL,999,test,6,6,0.21481481481481482,0.19083969465648856,1.0,0.32051282051282054,378,395,377,0.002764480277707791,131,"{""automata"": {""anomaly_threshold"": 0.1, ""decision"": {""fallback_quantile"": 0.05, ""score_field"": ""average_log_probability""}, ""paa"": {""window_size"": 4}, ""probability"": {""epsilon"": 0.0001, ""smoothing"": true}, ""sax"": {""alphabet_size"": 3}, ""sliding_window"": {""size"": 4, ""stride"": 1}, ""unseen_pattern"": {""enabled"": true, ""method"": ""levenshtein""}}, ""dataset"": {""config"": {""anomaly_label_value"": 1, ""drop_columns"": [""DATETIME""], ""normal_label_value"": -999, ""split"": {""test"": 0.2, ""train"": 0.6, ""validation"": 0.2}, ""target_column"": ""ATT_FLAG"", ""train_file"": ""BATADAL_dataset04.csv""}, ""name"": ""BATADAL""}, ""extra"": {""alphabet_size"": 6, ""window_size"": 6}, ""noise"": {""enabled"": true, ""gaussian_mean"": 0.0, ""gaussian_std"": 0.05}, ""preprocessing"": {""missing_data"": {""enabled"": true, ""strategy"": ""mean""}, ""pca"": {""enabled"": true, ""n_components"": 1}, ""scaler"": ""standard"", ""sequence_length"": 16, ""sequence_stride"": 1}, ""project"": {""device"": ""cuda"", ""random_seeds"": [999]}, ""run"": {""family"": ""AUTOMATA"", ""scenario"": ""parameter_analysis"", ""seed"": 999, ""split"": ""test""}, ""training"": {""batch_size"": 32, ""early_stopping"": {""enabled"": true, ""patience"": 5}, ""epochs"": 50, ""optimizer"": ""adam""}}",BATADAL,,ATT_FLAG,"[""DATETIME""]",,0.6,0.2,0.2,True,mean,standard,True,1,16,1,True,0.0,0.05,cuda,[999],32,50,True,5,adam,0.1,4,3,4,1,True,levenshtein,True,0.0001,average_log_probability,0.05,AUTOMATA,999,test,parameter_analysis,6,6,BATADAL_dataset04.csv,-999.0,1.0
